sample_id,sequence_id,frame_id,split,representation,image_path,label_path
2019-09-16-12-52-12_000000,2019-09-16-12-52-12,000000,train,range_angle,images/2019-09-16-12-52-12/000000.png,labels/2019-09-16-12-52-12/000000.txt
2019-09-16-12-52-12_000001,2019-09-16-12-52-12,000001,train,range_angle,images/2019-09-16-12-52-12/000001.png,labels/2019-09-16-12-52-12/000001.txt
2019-09-16-12-52-12_000002,2019-09-16-12-52-12,000002,train,range_angle,images/2019-09-16-12-52-12/000002.png,labels/2019-09-16-12-52-12/000002.txt
2019-09-16-12-52-12_000003,2019-09-16-12-52-12,000003,train,range_angle,images/2019-09-16-12-52-12/000003.png,labels/2019-09-16-12-52-12/000003.txt
2019-09-16-12-52-12_000004,2019-09-16-12-52-12,000004,train,range_angle,images/2019-09-16-12-52-12/000004.png,labels/2019-09-16-12-52-12/000004.txt
2019-09-16-12-52-12_000005,2019-09-16-12-52-12,000005,train,range_angle,images/2019-09-16-12-52-12/000005.png,labels/2019-09-16-12-52-12/000005.txt
2019-09-16-12-52-12_000006,2019-09-16-12-52-12,000006,train,range_angle,images/2019-09-16-12-52-12/000006.png,labels/2019-09-16-12-52-12/000006.txt
2019-09-16-12-52-12_000007,2019-09-16-12-52-12,000007,train,range_angle,images/2019-09-16-12-52-12/000007.png,labels/2019-09-16-12-52-12/000007.txt
2019-09-16-12-52-12_000008,2019-09-16-12-52-12,000008,train,range_angle,images/2019-09-16-12-52-12/000008.png,labels/2019-09-16-12-52-12/000008.txt
2019-09-16-12-52-12_000009,2019-09-16-12-52-12,000009,train,range_angle,images/2019-09-16-12-52-12/000009.png,labels/2019-09-16-12-52-12/000009.txt
2019-09-16-12-52-12_000010,2019-09-16-12-52-12,000010,train,range_angle,images/2019-09-16-12-52-12/000010.png,labels/2019-09-16-12-52-12/000010.txt
2019-09-16-12-52-12_000011,2019-09-16-12-52-12,000011,train,range_angle,images/2019-09-16-12-52-12/000011.png,labels/2019-09-16-12-52-12/000011.txt
2019-09-16-12-52-12_000012,2019-09-16-12-52-12,000012,train,range_angle,images/2019-09-16-12-52-12/000012.png,labels/2019-09-16-12-52-12/000012.txt
2019-09-16-12-52-12_000013,2019-09-16-12-52-12,000013,train,range_angle,images/2019-09-16-12-52-12/000013.png,labels/2019-09-16-12-52-12/000013.txt
2019-09-16-12-52-12_000014,2019-09-16-12-52-12,000014,train,range_angle,images/2019-09-16-12-52-12/000014.png,labels/2019-09-16-12-52-12/000014.txt
2019-09-16-12-52-12_000015,2019-09-16-12-52-12,000015,train,range_angle,images/2019-09-16-12-52-12/000015.png,labels/2019-09-16-12-52-12/000015.txt
2019-09-16-12-52-12_000016,2019-09-16-12-52-12,000016,train,range_angle,images/2019-09-16-12-52-12/000016.png,labels/2019-09-16-12-52-12/000016.txt
2019-09-16-12-52-12_000017,2019-09-16-12-52-12,000017,train,range_angle,images/2019-09-16-12-52-12/000017.png,labels/2019-09-16-12-52-12/000017.txt
2019-09-16-12-52-12_000018,2019-09-16-12-52-12,000018,train,range_angle,images/2019-09-16-12-52-12/000018.png,labels/2019-09-16-12-52-12/000018.txt
2019-09-16-12-52-12_000019,2019-09-16-12-52-12,000019,train,range_angle,images/2019-09-16-12-52-12/000019.png,labels/2019-09-16-12-52-12/000019.txt
2019-09-16-12-52-12_000020,2019-09-16-12-52-12,000020,train,range_angle,images/2019-09-16-12-52-12/000020.png,labels/2019-09-16-12-52-12/000020.txt
2019-09-16-12-52-12_000021,2019-09-16-12-52-12,000021,train,range_angle,images/2019-09-16-12-52-12/000021.png,labels/2019-09-16-12-52-12/000021.txt
2019-09-16-12-52-12_000022,2019-09-16-12-52-12,000022,train,range_angle,images/2019-09-16-12-52-12/000022.png,labels/2019-09-16-12-52-12/000022.txt
2019-09-16-12-52-12_000023,2019-09-16-12-52-12,000023,train,range_angle,images/2019-09-16-12-52-12/000023.png,labels/2019-09-16-12-52-12/000023.txt
2019-09-16-12-52-12_000024,2019-09-16-12-52-12,000024,train,range_angle,images/2019-09-16-12-52-12/000024.png,labels/2019-09-16-12-52-12/000024.txt
2019-09-16-12-52-12_000025,2019-09-16-12-52-12,000025,train,range_angle,images/2019-09-16-12-52-12/000025.png,labels/2019-09-16-12-52-12/000025.txt
2019-09-16-12-52-12_000026,2019-09-16-12-52-12,000026,train,range_angle,images/2019-09-16-12-52-12/000026.png,labels/2019-09-16-12-52-12/000026.txt
2019-09-16-12-52-12_000027,2019-09-16-12-52-12,000027,train,range_angle,images/2019-09-16-12-52-12/000027.png,labels/2019-09-16-12-52-12/000027.txt
2019-09-16-12-52-12_000028,2019-09-16-12-52-12,000028,train,range_angle,images/2019-09-16-12-52-12/000028.png,labels/2019-09-16-12-52-12/000028.txt
2019-09-16-12-52-12_000029,2019-09-16-12-52-12,000029,train,range_angle,images/2019-09-16-12-52-12/000029.png,labels/2019-09-16-12-52-12/000029.txt
2019-09-16-12-52-12_000030,2019-09-16-12-52-12,000030,train,range_angle,images/2019-09-16-12-52-12/000030.png,labels/2019-09-16-12-52-12/000030.txt
2019-09-16-12-52-12_000031,2019-09-16-12-52-12,000031,train,range_angle,images/2019-09-16-12-52-12/000031.png,labels/2019-09-16-12-52-12/000031.txt
2019-09-16-12-52-12_000032,2019-09-16-12-52-12,000032,train,range_angle,images/2019-09-16-12-52-12/000032.png,labels/2019-09-16-12-52-12/000032.txt
2019-09-16-12-52-12_000033,2019-09-16-12-52-12,000033,train,range_angle,images/2019-09-16-12-52-12/000033.png,labels/2019-09-16-12-52-12/000033.txt
2019-09-16-12-52-12_000034,2019-09-16-12-52-12,000034,train,range_angle,images/2019-09-16-12-52-12/000034.png,labels/2019-09-16-12-52-12/000034.txt
2019-09-16-12-52-12_000035,2019-09-16-12-52-12,000035,train,range_angle,images/2019-09-16-12-52-12/000035.png,labels/2019-09-16-12-52-12/000035.txt
2019-09-16-12-52-12_000036,2019-09-16-12-52-12,000036,train,range_angle,images/2019-09-16-12-52-12/000036.png,labels/2019-09-16-12-52-12/000036.txt
2019-09-16-12-52-12_000037,2019-09-16-12-52-12,000037,train,range_angle,images/2019-09-16-12-52-12/000037.png,labels/2019-09-16-12-52-12/000037.txt
2019-09-16-12-52-12_000038,2019-09-16-12-52-12,000038,train,range_angle,images/2019-09-16-12-52-12/000038.png,labels/2019-09-16-12-52-12/000038.txt
2019-09-16-12-52-12_000039,2019-09-16-12-52-12,000039,train,range_angle,images/2019-09-16-12-52-12/000039.png,labels/2019-09-16-12-52-12/000039.txt
2019-09-16-12-52-12_000040,2019-09-16-12-52-12,000040,train,range_angle,images/2019-09-16-12-52-12/000040.png,labels/2019-09-16-12-52-12/000040.txt
2019-09-16-12-52-12_000041,2019-09-16-12-52-12,000041,train,range_angle,images/2019-09-16-12-52-12/000041.png,labels/2019-09-16-12-52-12/000041.txt
2019-09-16-12-52-12_000042,2019-09-16-12-52-12,000042,train,range_angle,images/2019-09-16-12-52-12/000042.png,labels/2019-09-16-12-52-12/000042.txt
2019-09-16-12-52-12_000043,2019-09-16-12-52-12,000043,train,range_angle,images/2019-09-16-12-52-12/000043.png,labels/2019-09-16-12-52-12/000043.txt
2019-09-16-12-52-12_000044,2019-09-16-12-52-12,000044,train,range_angle,images/2019-09-16-12-52-12/000044.png,labels/2019-09-16-12-52-12/000044.txt
2019-09-16-12-52-12_000045,2019-09-16-12-52-12,000045,train,range_angle,images/2019-09-16-12-52-12/000045.png,labels/2019-09-16-12-52-12/000045.txt
2019-09-16-12-52-12_000046,2019-09-16-12-52-12,000046,train,range_angle,images/2019-09-16-12-52-12/000046.png,labels/2019-09-16-12-52-12/000046.txt
2019-09-16-12-52-12_000047,2019-09-16-12-52-12,000047,train,range_angle,images/2019-09-16-12-52-12/000047.png,labels/2019-09-16-12-52-12/000047.txt
2019-09-16-12-52-12_000048,2019-09-16-12-52-12,000048,train,range_angle,images/2019-09-16-12-52-12/000048.png,labels/2019-09-16-12-52-12/000048.txt
2019-09-16-12-52-12_000049,2019-09-16-12-52-12,000049,train,range_angle,images/2019-09-16-12-52-12/000049.png,labels/2019-09-16-12-52-12/000049.txt
2019-09-16-12-52-12_000050,2019-09-16-12-52-12,000050,train,range_angle,images/2019-09-16-12-52-12/000050.png,labels/2019-09-16-12-52-12/000050.txt
2019-09-16-12-52-12_000051,2019-09-16-12-52-12,000051,train,range_angle,images/2019-09-16-12-52-12/000051.png,labels/2019-09-16-12-52-12/000051.txt
2019-09-16-12-52-12_000052,2019-09-16-12-52-12,000052,train,range_angle,images/2019-09-16-12-52-12/000052.png,labels/2019-09-16-12-52-12/000052.txt
2019-09-16-12-52-12_000053,2019-09-16-12-52-12,000053,train,range_angle,images/2019-09-16-12-52-12/000053.png,labels/2019-09-16-12-52-12/000053.txt
2019-09-16-12-52-12_000054,2019-09-16-12-52-12,000054,train,range_angle,images/2019-09-16-12-52-12/000054.png,labels/2019-09-16-12-52-12/000054.txt
2019-09-16-12-52-12_000055,2019-09-16-12-52-12,000055,train,range_angle,images/2019-09-16-12-52-12/000055.png,labels/2019-09-16-12-52-12/000055.txt
2019-09-16-12-52-12_000056,2019-09-16-12-52-12,000056,train,range_angle,images/2019-09-16-12-52-12/000056.png,labels/2019-09-16-12-52-12/000056.txt
2019-09-16-12-52-12_000057,2019-09-16-12-52-12,000057,train,range_angle,images/2019-09-16-12-52-12/000057.png,labels/2019-09-16-12-52-12/000057.txt
2019-09-16-12-52-12_000058,2019-09-16-12-52-12,000058,train,range_angle,images/2019-09-16-12-52-12/000058.png,labels/2019-09-16-12-52-12/000058.txt
2019-09-16-12-52-12_000059,2019-09-16-12-52-12,000059,train,range_angle,images/2019-09-16-12-52-12/000059.png,labels/2019-09-16-12-52-12/000059.txt
2019-09-16-12-52-12_000060,2019-09-16-12-52-12,000060,train,range_angle,images/2019-09-16-12-52-12/000060.png,labels/2019-09-16-12-52-12/000060.txt
2019-09-16-12-52-12_000061,2019-09-16-12-52-12,000061,train,range_angle,images/2019-09-16-12-52-12/000061.png,labels/2019-09-16-12-52-12/000061.txt
2019-09-16-12-52-12_000062,2019-09-16-12-52-12,000062,train,range_angle,images/2019-09-16-12-52-12/000062.png,labels/2019-09-16-12-52-12/000062.txt
2019-09-16-12-52-12_000063,2019-09-16-12-52-12,000063,train,range_angle,images/2019-09-16-12-52-12/000063.png,labels/2019-09-16-12-52-12/000063.txt
2019-09-16-12-52-12_000064,2019-09-16-12-52-12,000064,train,range_angle,images/2019-09-16-12-52-12/000064.png,labels/2019-09-16-12-52-12/000064.txt
2019-09-16-12-52-12_000065,2019-09-16-12-52-12,000065,train,range_angle,images/2019-09-16-12-52-12/000065.png,labels/2019-09-16-12-52-12/000065.txt
2019-09-16-12-52-12_000066,2019-09-16-12-52-12,000066,train,range_angle,images/2019-09-16-12-52-12/000066.png,labels/2019-09-16-12-52-12/000066.txt
2019-09-16-12-52-12_000067,2019-09-16-12-52-12,000067,train,range_angle,images/2019-09-16-12-52-12/000067.png,labels/2019-09-16-12-52-12/000067.txt
2019-09-16-12-52-12_000068,2019-09-16-12-52-12,000068,train,range_angle,images/2019-09-16-12-52-12/000068.png,labels/2019-09-16-12-52-12/000068.txt
2019-09-16-12-52-12_000069,2019-09-16-12-52-12,000069,train,range_angle,images/2019-09-16-12-52-12/000069.png,labels/2019-09-16-12-52-12/000069.txt
2019-09-16-12-52-12_000070,2019-09-16-12-52-12,000070,train,range_angle,images/2019-09-16-12-52-12/000070.png,labels/2019-09-16-12-52-12/000070.txt
2019-09-16-12-52-12_000071,2019-09-16-12-52-12,000071,train,range_angle,images/2019-09-16-12-52-12/000071.png,labels/2019-09-16-12-52-12/000071.txt
2019-09-16-12-52-12_000072,2019-09-16-12-52-12,000072,train,range_angle,images/2019-09-16-12-52-12/000072.png,labels/2019-09-16-12-52-12/000072.txt
2019-09-16-12-52-12_000073,2019-09-16-12-52-12,000073,train,range_angle,images/2019-09-16-12-52-12/000073.png,labels/2019-09-16-12-52-12/000073.txt
2019-09-16-12-52-12_000074,2019-09-16-12-52-12,000074,train,range_angle,images/2019-09-16-12-52-12/000074.png,labels/2019-09-16-12-52-12/000074.txt
2019-09-16-12-52-12_000075,2019-09-16-12-52-12,000075,train,range_angle,images/2019-09-16-12-52-12/000075.png,labels/2019-09-16-12-52-12/000075.txt
2019-09-16-12-52-12_000076,2019-09-16-12-52-12,000076,train,range_angle,images/2019-09-16-12-52-12/000076.png,labels/2019-09-16-12-52-12/000076.txt
2019-09-16-12-52-12_000077,2019-09-16-12-52-12,000077,train,range_angle,images/2019-09-16-12-52-12/000077.png,labels/2019-09-16-12-52-12/000077.txt
2019-09-16-12-52-12_000078,2019-09-16-12-52-12,000078,train,range_angle,images/2019-09-16-12-52-12/000078.png,labels/2019-09-16-12-52-12/000078.txt
2019-09-16-12-52-12_000079,2019-09-16-12-52-12,000079,train,range_angle,images/2019-09-16-12-52-12/000079.png,labels/2019-09-16-12-52-12/000079.txt
2019-09-16-12-52-12_000080,2019-09-16-12-52-12,000080,train,range_angle,images/2019-09-16-12-52-12/000080.png,labels/2019-09-16-12-52-12/000080.txt
2019-09-16-12-52-12_000081,2019-09-16-12-52-12,000081,train,range_angle,images/2019-09-16-12-52-12/000081.png,labels/2019-09-16-12-52-12/000081.txt
2019-09-16-12-52-12_000082,2019-09-16-12-52-12,000082,train,range_angle,images/2019-09-16-12-52-12/000082.png,labels/2019-09-16-12-52-12/000082.txt
2019-09-16-12-52-12_000083,2019-09-16-12-52-12,000083,train,range_angle,images/2019-09-16-12-52-12/000083.png,labels/2019-09-16-12-52-12/000083.txt
2019-09-16-12-52-12_000084,2019-09-16-12-52-12,000084,train,range_angle,images/2019-09-16-12-52-12/000084.png,labels/2019-09-16-12-52-12/000084.txt
2019-09-16-12-52-12_000085,2019-09-16-12-52-12,000085,train,range_angle,images/2019-09-16-12-52-12/000085.png,labels/2019-09-16-12-52-12/000085.txt
2019-09-16-12-52-12_000086,2019-09-16-12-52-12,000086,train,range_angle,images/2019-09-16-12-52-12/000086.png,labels/2019-09-16-12-52-12/000086.txt
2019-09-16-12-52-12_000087,2019-09-16-12-52-12,000087,train,range_angle,images/2019-09-16-12-52-12/000087.png,labels/2019-09-16-12-52-12/000087.txt
2019-09-16-12-52-12_000088,2019-09-16-12-52-12,000088,train,range_angle,images/2019-09-16-12-52-12/000088.png,labels/2019-09-16-12-52-12/000088.txt
2019-09-16-12-52-12_000089,2019-09-16-12-52-12,000089,train,range_angle,images/2019-09-16-12-52-12/000089.png,labels/2019-09-16-12-52-12/000089.txt
2019-09-16-12-52-12_000090,2019-09-16-12-52-12,000090,train,range_angle,images/2019-09-16-12-52-12/000090.png,labels/2019-09-16-12-52-12/000090.txt
2019-09-16-12-52-12_000091,2019-09-16-12-52-12,000091,train,range_angle,images/2019-09-16-12-52-12/000091.png,labels/2019-09-16-12-52-12/000091.txt
2019-09-16-12-52-12_000092,2019-09-16-12-52-12,000092,train,range_angle,images/2019-09-16-12-52-12/000092.png,labels/2019-09-16-12-52-12/000092.txt
2019-09-16-12-52-12_000093,2019-09-16-12-52-12,000093,train,range_angle,images/2019-09-16-12-52-12/000093.png,labels/2019-09-16-12-52-12/000093.txt
2019-09-16-12-52-12_000094,2019-09-16-12-52-12,000094,train,range_angle,images/2019-09-16-12-52-12/000094.png,labels/2019-09-16-12-52-12/000094.txt
2019-09-16-12-52-12_000095,2019-09-16-12-52-12,000095,train,range_angle,images/2019-09-16-12-52-12/000095.png,labels/2019-09-16-12-52-12/000095.txt
2019-09-16-12-52-12_000096,2019-09-16-12-52-12,000096,train,range_angle,images/2019-09-16-12-52-12/000096.png,labels/2019-09-16-12-52-12/000096.txt
2019-09-16-12-52-12_000097,2019-09-16-12-52-12,000097,train,range_angle,images/2019-09-16-12-52-12/000097.png,labels/2019-09-16-12-52-12/000097.txt
2019-09-16-12-52-12_000098,2019-09-16-12-52-12,000098,train,range_angle,images/2019-09-16-12-52-12/000098.png,labels/2019-09-16-12-52-12/000098.txt
2019-09-16-12-52-12_000099,2019-09-16-12-52-12,000099,train,range_angle,images/2019-09-16-12-52-12/000099.png,labels/2019-09-16-12-52-12/000099.txt
2019-09-16-12-52-12_000100,2019-09-16-12-52-12,000100,train,range_angle,images/2019-09-16-12-52-12/000100.png,labels/2019-09-16-12-52-12/000100.txt
2019-09-16-12-52-12_000101,2019-09-16-12-52-12,000101,train,range_angle,images/2019-09-16-12-52-12/000101.png,labels/2019-09-16-12-52-12/000101.txt
2019-09-16-12-52-12_000102,2019-09-16-12-52-12,000102,train,range_angle,images/2019-09-16-12-52-12/000102.png,labels/2019-09-16-12-52-12/000102.txt
2019-09-16-12-52-12_000103,2019-09-16-12-52-12,000103,train,range_angle,images/2019-09-16-12-52-12/000103.png,labels/2019-09-16-12-52-12/000103.txt
2019-09-16-12-52-12_000104,2019-09-16-12-52-12,000104,train,range_angle,images/2019-09-16-12-52-12/000104.png,labels/2019-09-16-12-52-12/000104.txt
2019-09-16-12-52-12_000105,2019-09-16-12-52-12,000105,train,range_angle,images/2019-09-16-12-52-12/000105.png,labels/2019-09-16-12-52-12/000105.txt
2019-09-16-12-52-12_000106,2019-09-16-12-52-12,000106,train,range_angle,images/2019-09-16-12-52-12/000106.png,labels/2019-09-16-12-52-12/000106.txt
2019-09-16-12-52-12_000107,2019-09-16-12-52-12,000107,train,range_angle,images/2019-09-16-12-52-12/000107.png,labels/2019-09-16-12-52-12/000107.txt
2019-09-16-12-52-12_000108,2019-09-16-12-52-12,000108,train,range_angle,images/2019-09-16-12-52-12/000108.png,labels/2019-09-16-12-52-12/000108.txt
2019-09-16-12-52-12_000109,2019-09-16-12-52-12,000109,train,range_angle,images/2019-09-16-12-52-12/000109.png,labels/2019-09-16-12-52-12/000109.txt
2019-09-16-12-52-12_000110,2019-09-16-12-52-12,000110,train,range_angle,images/2019-09-16-12-52-12/000110.png,labels/2019-09-16-12-52-12/000110.txt
2019-09-16-12-52-12_000111,2019-09-16-12-52-12,000111,train,range_angle,images/2019-09-16-12-52-12/000111.png,labels/2019-09-16-12-52-12/000111.txt
2019-09-16-12-52-12_000112,2019-09-16-12-52-12,000112,train,range_angle,images/2019-09-16-12-52-12/000112.png,labels/2019-09-16-12-52-12/000112.txt
2019-09-16-12-52-12_000113,2019-09-16-12-52-12,000113,train,range_angle,images/2019-09-16-12-52-12/000113.png,labels/2019-09-16-12-52-12/000113.txt
2019-09-16-12-52-12_000114,2019-09-16-12-52-12,000114,train,range_angle,images/2019-09-16-12-52-12/000114.png,labels/2019-09-16-12-52-12/000114.txt
2019-09-16-12-52-12_000115,2019-09-16-12-52-12,000115,train,range_angle,images/2019-09-16-12-52-12/000115.png,labels/2019-09-16-12-52-12/000115.txt
2019-09-16-12-52-12_000116,2019-09-16-12-52-12,000116,train,range_angle,images/2019-09-16-12-52-12/000116.png,labels/2019-09-16-12-52-12/000116.txt
2019-09-16-12-52-12_000117,2019-09-16-12-52-12,000117,train,range_angle,images/2019-09-16-12-52-12/000117.png,labels/2019-09-16-12-52-12/000117.txt
2019-09-16-12-52-12_000118,2019-09-16-12-52-12,000118,train,range_angle,images/2019-09-16-12-52-12/000118.png,labels/2019-09-16-12-52-12/000118.txt
2019-09-16-12-52-12_000119,2019-09-16-12-52-12,000119,train,range_angle,images/2019-09-16-12-52-12/000119.png,labels/2019-09-16-12-52-12/000119.txt
2019-09-16-12-52-12_000120,2019-09-16-12-52-12,000120,train,range_angle,images/2019-09-16-12-52-12/000120.png,labels/2019-09-16-12-52-12/000120.txt
2019-09-16-12-52-12_000121,2019-09-16-12-52-12,000121,train,range_angle,images/2019-09-16-12-52-12/000121.png,labels/2019-09-16-12-52-12/000121.txt
2019-09-16-12-52-12_000122,2019-09-16-12-52-12,000122,train,range_angle,images/2019-09-16-12-52-12/000122.png,labels/2019-09-16-12-52-12/000122.txt
2019-09-16-12-52-12_000123,2019-09-16-12-52-12,000123,train,range_angle,images/2019-09-16-12-52-12/000123.png,labels/2019-09-16-12-52-12/000123.txt
2019-09-16-12-52-12_000124,2019-09-16-12-52-12,000124,train,range_angle,images/2019-09-16-12-52-12/000124.png,labels/2019-09-16-12-52-12/000124.txt
2019-09-16-12-52-12_000125,2019-09-16-12-52-12,000125,train,range_angle,images/2019-09-16-12-52-12/000125.png,labels/2019-09-16-12-52-12/000125.txt
2019-09-16-12-52-12_000126,2019-09-16-12-52-12,000126,train,range_angle,images/2019-09-16-12-52-12/000126.png,labels/2019-09-16-12-52-12/000126.txt
2019-09-16-12-52-12_000127,2019-09-16-12-52-12,000127,train,range_angle,images/2019-09-16-12-52-12/000127.png,labels/2019-09-16-12-52-12/000127.txt
2019-09-16-12-52-12_000128,2019-09-16-12-52-12,000128,train,range_angle,images/2019-09-16-12-52-12/000128.png,labels/2019-09-16-12-52-12/000128.txt
2019-09-16-12-52-12_000129,2019-09-16-12-52-12,000129,train,range_angle,images/2019-09-16-12-52-12/000129.png,labels/2019-09-16-12-52-12/000129.txt
2019-09-16-12-52-12_000130,2019-09-16-12-52-12,000130,train,range_angle,images/2019-09-16-12-52-12/000130.png,labels/2019-09-16-12-52-12/000130.txt
2019-09-16-12-52-12_000131,2019-09-16-12-52-12,000131,train,range_angle,images/2019-09-16-12-52-12/000131.png,labels/2019-09-16-12-52-12/000131.txt
2019-09-16-12-52-12_000132,2019-09-16-12-52-12,000132,train,range_angle,images/2019-09-16-12-52-12/000132.png,labels/2019-09-16-12-52-12/000132.txt
2019-09-16-12-52-12_000133,2019-09-16-12-52-12,000133,train,range_angle,images/2019-09-16-12-52-12/000133.png,labels/2019-09-16-12-52-12/000133.txt
2019-09-16-12-52-12_000134,2019-09-16-12-52-12,000134,train,range_angle,images/2019-09-16-12-52-12/000134.png,labels/2019-09-16-12-52-12/000134.txt
2019-09-16-12-52-12_000135,2019-09-16-12-52-12,000135,train,range_angle,images/2019-09-16-12-52-12/000135.png,labels/2019-09-16-12-52-12/000135.txt
2019-09-16-12-52-12_000136,2019-09-16-12-52-12,000136,train,range_angle,images/2019-09-16-12-52-12/000136.png,labels/2019-09-16-12-52-12/000136.txt
2019-09-16-12-52-12_000137,2019-09-16-12-52-12,000137,train,range_angle,images/2019-09-16-12-52-12/000137.png,labels/2019-09-16-12-52-12/000137.txt
2019-09-16-12-52-12_000138,2019-09-16-12-52-12,000138,train,range_angle,images/2019-09-16-12-52-12/000138.png,labels/2019-09-16-12-52-12/000138.txt
2019-09-16-12-52-12_000139,2019-09-16-12-52-12,000139,train,range_angle,images/2019-09-16-12-52-12/000139.png,labels/2019-09-16-12-52-12/000139.txt
2019-09-16-12-52-12_000140,2019-09-16-12-52-12,000140,train,range_angle,images/2019-09-16-12-52-12/000140.png,labels/2019-09-16-12-52-12/000140.txt
2019-09-16-12-52-12_000141,2019-09-16-12-52-12,000141,train,range_angle,images/2019-09-16-12-52-12/000141.png,labels/2019-09-16-12-52-12/000141.txt
2019-09-16-12-52-12_000142,2019-09-16-12-52-12,000142,train,range_angle,images/2019-09-16-12-52-12/000142.png,labels/2019-09-16-12-52-12/000142.txt
2019-09-16-12-52-12_000143,2019-09-16-12-52-12,000143,train,range_angle,images/2019-09-16-12-52-12/000143.png,labels/2019-09-16-12-52-12/000143.txt
2019-09-16-12-52-12_000144,2019-09-16-12-52-12,000144,train,range_angle,images/2019-09-16-12-52-12/000144.png,labels/2019-09-16-12-52-12/000144.txt
2019-09-16-12-52-12_000145,2019-09-16-12-52-12,000145,train,range_angle,images/2019-09-16-12-52-12/000145.png,labels/2019-09-16-12-52-12/000145.txt
2019-09-16-12-52-12_000146,2019-09-16-12-52-12,000146,train,range_angle,images/2019-09-16-12-52-12/000146.png,labels/2019-09-16-12-52-12/000146.txt
2019-09-16-12-52-12_000147,2019-09-16-12-52-12,000147,train,range_angle,images/2019-09-16-12-52-12/000147.png,labels/2019-09-16-12-52-12/000147.txt
2019-09-16-12-52-12_000148,2019-09-16-12-52-12,000148,train,range_angle,images/2019-09-16-12-52-12/000148.png,labels/2019-09-16-12-52-12/000148.txt
2019-09-16-12-52-12_000149,2019-09-16-12-52-12,000149,train,range_angle,images/2019-09-16-12-52-12/000149.png,labels/2019-09-16-12-52-12/000149.txt
2019-09-16-12-52-12_000150,2019-09-16-12-52-12,000150,train,range_angle,images/2019-09-16-12-52-12/000150.png,labels/2019-09-16-12-52-12/000150.txt
2019-09-16-12-52-12_000151,2019-09-16-12-52-12,000151,train,range_angle,images/2019-09-16-12-52-12/000151.png,labels/2019-09-16-12-52-12/000151.txt
2019-09-16-12-52-12_000152,2019-09-16-12-52-12,000152,train,range_angle,images/2019-09-16-12-52-12/000152.png,labels/2019-09-16-12-52-12/000152.txt
2019-09-16-12-52-12_000153,2019-09-16-12-52-12,000153,train,range_angle,images/2019-09-16-12-52-12/000153.png,labels/2019-09-16-12-52-12/000153.txt
2019-09-16-12-52-12_000154,2019-09-16-12-52-12,000154,train,range_angle,images/2019-09-16-12-52-12/000154.png,labels/2019-09-16-12-52-12/000154.txt
2019-09-16-12-52-12_000155,2019-09-16-12-52-12,000155,train,range_angle,images/2019-09-16-12-52-12/000155.png,labels/2019-09-16-12-52-12/000155.txt
2019-09-16-12-52-12_000156,2019-09-16-12-52-12,000156,train,range_angle,images/2019-09-16-12-52-12/000156.png,labels/2019-09-16-12-52-12/000156.txt
2019-09-16-12-52-12_000157,2019-09-16-12-52-12,000157,train,range_angle,images/2019-09-16-12-52-12/000157.png,labels/2019-09-16-12-52-12/000157.txt
2019-09-16-12-52-12_000158,2019-09-16-12-52-12,000158,train,range_angle,images/2019-09-16-12-52-12/000158.png,labels/2019-09-16-12-52-12/000158.txt
2019-09-16-12-52-12_000159,2019-09-16-12-52-12,000159,train,range_angle,images/2019-09-16-12-52-12/000159.png,labels/2019-09-16-12-52-12/000159.txt
2019-09-16-12-52-12_000160,2019-09-16-12-52-12,000160,train,range_angle,images/2019-09-16-12-52-12/000160.png,labels/2019-09-16-12-52-12/000160.txt
2019-09-16-12-52-12_000161,2019-09-16-12-52-12,000161,train,range_angle,images/2019-09-16-12-52-12/000161.png,labels/2019-09-16-12-52-12/000161.txt
2019-09-16-12-52-12_000162,2019-09-16-12-52-12,000162,train,range_angle,images/2019-09-16-12-52-12/000162.png,labels/2019-09-16-12-52-12/000162.txt
2019-09-16-12-52-12_000163,2019-09-16-12-52-12,000163,train,range_angle,images/2019-09-16-12-52-12/000163.png,labels/2019-09-16-12-52-12/000163.txt
2019-09-16-12-52-12_000164,2019-09-16-12-52-12,000164,train,range_angle,images/2019-09-16-12-52-12/000164.png,labels/2019-09-16-12-52-12/000164.txt
2019-09-16-12-52-12_000165,2019-09-16-12-52-12,000165,train,range_angle,images/2019-09-16-12-52-12/000165.png,labels/2019-09-16-12-52-12/000165.txt
2019-09-16-12-52-12_000166,2019-09-16-12-52-12,000166,train,range_angle,images/2019-09-16-12-52-12/000166.png,labels/2019-09-16-12-52-12/000166.txt
2019-09-16-12-52-12_000167,2019-09-16-12-52-12,000167,train,range_angle,images/2019-09-16-12-52-12/000167.png,labels/2019-09-16-12-52-12/000167.txt
2019-09-16-12-52-12_000168,2019-09-16-12-52-12,000168,train,range_angle,images/2019-09-16-12-52-12/000168.png,labels/2019-09-16-12-52-12/000168.txt
2019-09-16-12-52-12_000169,2019-09-16-12-52-12,000169,train,range_angle,images/2019-09-16-12-52-12/000169.png,labels/2019-09-16-12-52-12/000169.txt
2019-09-16-12-52-12_000170,2019-09-16-12-52-12,000170,train,range_angle,images/2019-09-16-12-52-12/000170.png,labels/2019-09-16-12-52-12/000170.txt
2019-09-16-12-52-12_000171,2019-09-16-12-52-12,000171,train,range_angle,images/2019-09-16-12-52-12/000171.png,labels/2019-09-16-12-52-12/000171.txt
2019-09-16-12-52-12_000172,2019-09-16-12-52-12,000172,train,range_angle,images/2019-09-16-12-52-12/000172.png,labels/2019-09-16-12-52-12/000172.txt
2019-09-16-12-52-12_000173,2019-09-16-12-52-12,000173,train,range_angle,images/2019-09-16-12-52-12/000173.png,labels/2019-09-16-12-52-12/000173.txt
2019-09-16-12-52-12_000174,2019-09-16-12-52-12,000174,train,range_angle,images/2019-09-16-12-52-12/000174.png,labels/2019-09-16-12-52-12/000174.txt
2019-09-16-12-52-12_000175,2019-09-16-12-52-12,000175,train,range_angle,images/2019-09-16-12-52-12/000175.png,labels/2019-09-16-12-52-12/000175.txt
2019-09-16-12-52-12_000176,2019-09-16-12-52-12,000176,train,range_angle,images/2019-09-16-12-52-12/000176.png,labels/2019-09-16-12-52-12/000176.txt
2019-09-16-12-52-12_000177,2019-09-16-12-52-12,000177,train,range_angle,images/2019-09-16-12-52-12/000177.png,labels/2019-09-16-12-52-12/000177.txt
2019-09-16-12-52-12_000178,2019-09-16-12-52-12,000178,train,range_angle,images/2019-09-16-12-52-12/000178.png,labels/2019-09-16-12-52-12/000178.txt
2019-09-16-12-52-12_000179,2019-09-16-12-52-12,000179,train,range_angle,images/2019-09-16-12-52-12/000179.png,labels/2019-09-16-12-52-12/000179.txt
2019-09-16-12-52-12_000180,2019-09-16-12-52-12,000180,train,range_angle,images/2019-09-16-12-52-12/000180.png,labels/2019-09-16-12-52-12/000180.txt
2019-09-16-12-52-12_000181,2019-09-16-12-52-12,000181,train,range_angle,images/2019-09-16-12-52-12/000181.png,labels/2019-09-16-12-52-12/000181.txt
2019-09-16-12-52-12_000182,2019-09-16-12-52-12,000182,train,range_angle,images/2019-09-16-12-52-12/000182.png,labels/2019-09-16-12-52-12/000182.txt
2019-09-16-12-52-12_000183,2019-09-16-12-52-12,000183,train,range_angle,images/2019-09-16-12-52-12/000183.png,labels/2019-09-16-12-52-12/000183.txt
2019-09-16-12-52-12_000184,2019-09-16-12-52-12,000184,train,range_angle,images/2019-09-16-12-52-12/000184.png,labels/2019-09-16-12-52-12/000184.txt
2019-09-16-12-52-12_000185,2019-09-16-12-52-12,000185,train,range_angle,images/2019-09-16-12-52-12/000185.png,labels/2019-09-16-12-52-12/000185.txt
2019-09-16-12-52-12_000186,2019-09-16-12-52-12,000186,train,range_angle,images/2019-09-16-12-52-12/000186.png,labels/2019-09-16-12-52-12/000186.txt
2019-09-16-12-52-12_000187,2019-09-16-12-52-12,000187,train,range_angle,images/2019-09-16-12-52-12/000187.png,labels/2019-09-16-12-52-12/000187.txt
2019-09-16-12-52-12_000188,2019-09-16-12-52-12,000188,train,range_angle,images/2019-09-16-12-52-12/000188.png,labels/2019-09-16-12-52-12/000188.txt
2019-09-16-12-52-12_000189,2019-09-16-12-52-12,000189,train,range_angle,images/2019-09-16-12-52-12/000189.png,labels/2019-09-16-12-52-12/000189.txt
2019-09-16-12-52-12_000190,2019-09-16-12-52-12,000190,train,range_angle,images/2019-09-16-12-52-12/000190.png,labels/2019-09-16-12-52-12/000190.txt
2019-09-16-12-52-12_000191,2019-09-16-12-52-12,000191,train,range_angle,images/2019-09-16-12-52-12/000191.png,labels/2019-09-16-12-52-12/000191.txt
2019-09-16-12-52-12_000192,2019-09-16-12-52-12,000192,train,range_angle,images/2019-09-16-12-52-12/000192.png,labels/2019-09-16-12-52-12/000192.txt
2019-09-16-12-52-12_000193,2019-09-16-12-52-12,000193,train,range_angle,images/2019-09-16-12-52-12/000193.png,labels/2019-09-16-12-52-12/000193.txt
2019-09-16-12-52-12_000194,2019-09-16-12-52-12,000194,train,range_angle,images/2019-09-16-12-52-12/000194.png,labels/2019-09-16-12-52-12/000194.txt
2019-09-16-12-52-12_000195,2019-09-16-12-52-12,000195,train,range_angle,images/2019-09-16-12-52-12/000195.png,labels/2019-09-16-12-52-12/000195.txt
2019-09-16-12-52-12_000196,2019-09-16-12-52-12,000196,train,range_angle,images/2019-09-16-12-52-12/000196.png,labels/2019-09-16-12-52-12/000196.txt
2019-09-16-12-52-12_000197,2019-09-16-12-52-12,000197,train,range_angle,images/2019-09-16-12-52-12/000197.png,labels/2019-09-16-12-52-12/000197.txt
2019-09-16-12-52-12_000198,2019-09-16-12-52-12,000198,train,range_angle,images/2019-09-16-12-52-12/000198.png,labels/2019-09-16-12-52-12/000198.txt
2019-09-16-12-52-12_000199,2019-09-16-12-52-12,000199,train,range_angle,images/2019-09-16-12-52-12/000199.png,labels/2019-09-16-12-52-12/000199.txt
2019-09-16-12-52-12_000200,2019-09-16-12-52-12,000200,train,range_angle,images/2019-09-16-12-52-12/000200.png,labels/2019-09-16-12-52-12/000200.txt
2019-09-16-12-52-12_000201,2019-09-16-12-52-12,000201,train,range_angle,images/2019-09-16-12-52-12/000201.png,labels/2019-09-16-12-52-12/000201.txt
2019-09-16-12-52-12_000202,2019-09-16-12-52-12,000202,train,range_angle,images/2019-09-16-12-52-12/000202.png,labels/2019-09-16-12-52-12/000202.txt
2019-09-16-12-52-12_000203,2019-09-16-12-52-12,000203,train,range_angle,images/2019-09-16-12-52-12/000203.png,labels/2019-09-16-12-52-12/000203.txt
2019-09-16-12-52-12_000204,2019-09-16-12-52-12,000204,train,range_angle,images/2019-09-16-12-52-12/000204.png,labels/2019-09-16-12-52-12/000204.txt
2019-09-16-12-52-12_000205,2019-09-16-12-52-12,000205,train,range_angle,images/2019-09-16-12-52-12/000205.png,labels/2019-09-16-12-52-12/000205.txt
2019-09-16-12-52-12_000206,2019-09-16-12-52-12,000206,train,range_angle,images/2019-09-16-12-52-12/000206.png,labels/2019-09-16-12-52-12/000206.txt
2019-09-16-12-52-12_000207,2019-09-16-12-52-12,000207,train,range_angle,images/2019-09-16-12-52-12/000207.png,labels/2019-09-16-12-52-12/000207.txt
2019-09-16-12-52-12_000208,2019-09-16-12-52-12,000208,train,range_angle,images/2019-09-16-12-52-12/000208.png,labels/2019-09-16-12-52-12/000208.txt
2019-09-16-12-52-12_000209,2019-09-16-12-52-12,000209,train,range_angle,images/2019-09-16-12-52-12/000209.png,labels/2019-09-16-12-52-12/000209.txt
2019-09-16-12-52-12_000210,2019-09-16-12-52-12,000210,train,range_angle,images/2019-09-16-12-52-12/000210.png,labels/2019-09-16-12-52-12/000210.txt
2019-09-16-12-52-12_000211,2019-09-16-12-52-12,000211,train,range_angle,images/2019-09-16-12-52-12/000211.png,labels/2019-09-16-12-52-12/000211.txt
2019-09-16-12-52-12_000212,2019-09-16-12-52-12,000212,train,range_angle,images/2019-09-16-12-52-12/000212.png,labels/2019-09-16-12-52-12/000212.txt
2019-09-16-12-52-12_000213,2019-09-16-12-52-12,000213,train,range_angle,images/2019-09-16-12-52-12/000213.png,labels/2019-09-16-12-52-12/000213.txt
2019-09-16-12-52-12_000214,2019-09-16-12-52-12,000214,train,range_angle,images/2019-09-16-12-52-12/000214.png,labels/2019-09-16-12-52-12/000214.txt
2019-09-16-12-52-12_000215,2019-09-16-12-52-12,000215,train,range_angle,images/2019-09-16-12-52-12/000215.png,labels/2019-09-16-12-52-12/000215.txt
2019-09-16-12-52-12_000216,2019-09-16-12-52-12,000216,train,range_angle,images/2019-09-16-12-52-12/000216.png,labels/2019-09-16-12-52-12/000216.txt
2019-09-16-12-52-12_000217,2019-09-16-12-52-12,000217,train,range_angle,images/2019-09-16-12-52-12/000217.png,labels/2019-09-16-12-52-12/000217.txt
2019-09-16-12-52-12_000218,2019-09-16-12-52-12,000218,train,range_angle,images/2019-09-16-12-52-12/000218.png,labels/2019-09-16-12-52-12/000218.txt
2019-09-16-12-52-12_000219,2019-09-16-12-52-12,000219,train,range_angle,images/2019-09-16-12-52-12/000219.png,labels/2019-09-16-12-52-12/000219.txt
2019-09-16-12-52-12_000220,2019-09-16-12-52-12,000220,train,range_angle,images/2019-09-16-12-52-12/000220.png,labels/2019-09-16-12-52-12/000220.txt
2019-09-16-12-52-12_000221,2019-09-16-12-52-12,000221,train,range_angle,images/2019-09-16-12-52-12/000221.png,labels/2019-09-16-12-52-12/000221.txt
2019-09-16-12-52-12_000222,2019-09-16-12-52-12,000222,train,range_angle,images/2019-09-16-12-52-12/000222.png,labels/2019-09-16-12-52-12/000222.txt
2019-09-16-12-52-12_000223,2019-09-16-12-52-12,000223,train,range_angle,images/2019-09-16-12-52-12/000223.png,labels/2019-09-16-12-52-12/000223.txt
2019-09-16-12-52-12_000224,2019-09-16-12-52-12,000224,train,range_angle,images/2019-09-16-12-52-12/000224.png,labels/2019-09-16-12-52-12/000224.txt
2019-09-16-12-52-12_000225,2019-09-16-12-52-12,000225,train,range_angle,images/2019-09-16-12-52-12/000225.png,labels/2019-09-16-12-52-12/000225.txt
2019-09-16-12-52-12_000226,2019-09-16-12-52-12,000226,train,range_angle,images/2019-09-16-12-52-12/000226.png,labels/2019-09-16-12-52-12/000226.txt
2019-09-16-12-52-12_000227,2019-09-16-12-52-12,000227,train,range_angle,images/2019-09-16-12-52-12/000227.png,labels/2019-09-16-12-52-12/000227.txt
2019-09-16-12-52-12_000228,2019-09-16-12-52-12,000228,train,range_angle,images/2019-09-16-12-52-12/000228.png,labels/2019-09-16-12-52-12/000228.txt
2019-09-16-12-52-12_000229,2019-09-16-12-52-12,000229,train,range_angle,images/2019-09-16-12-52-12/000229.png,labels/2019-09-16-12-52-12/000229.txt
2019-09-16-12-52-12_000230,2019-09-16-12-52-12,000230,train,range_angle,images/2019-09-16-12-52-12/000230.png,labels/2019-09-16-12-52-12/000230.txt
2019-09-16-12-52-12_000231,2019-09-16-12-52-12,000231,train,range_angle,images/2019-09-16-12-52-12/000231.png,labels/2019-09-16-12-52-12/000231.txt
2019-09-16-12-52-12_000232,2019-09-16-12-52-12,000232,train,range_angle,images/2019-09-16-12-52-12/000232.png,labels/2019-09-16-12-52-12/000232.txt
2019-09-16-12-52-12_000233,2019-09-16-12-52-12,000233,train,range_angle,images/2019-09-16-12-52-12/000233.png,labels/2019-09-16-12-52-12/000233.txt
2019-09-16-12-52-12_000234,2019-09-16-12-52-12,000234,train,range_angle,images/2019-09-16-12-52-12/000234.png,labels/2019-09-16-12-52-12/000234.txt
2019-09-16-12-52-12_000235,2019-09-16-12-52-12,000235,train,range_angle,images/2019-09-16-12-52-12/000235.png,labels/2019-09-16-12-52-12/000235.txt
2019-09-16-12-52-12_000236,2019-09-16-12-52-12,000236,train,range_angle,images/2019-09-16-12-52-12/000236.png,labels/2019-09-16-12-52-12/000236.txt
2019-09-16-12-52-12_000237,2019-09-16-12-52-12,000237,train,range_angle,images/2019-09-16-12-52-12/000237.png,labels/2019-09-16-12-52-12/000237.txt
2019-09-16-12-52-12_000238,2019-09-16-12-52-12,000238,train,range_angle,images/2019-09-16-12-52-12/000238.png,labels/2019-09-16-12-52-12/000238.txt
2019-09-16-12-52-12_000239,2019-09-16-12-52-12,000239,train,range_angle,images/2019-09-16-12-52-12/000239.png,labels/2019-09-16-12-52-12/000239.txt
2019-09-16-12-52-12_000240,2019-09-16-12-52-12,000240,train,range_angle,images/2019-09-16-12-52-12/000240.png,labels/2019-09-16-12-52-12/000240.txt
2019-09-16-12-52-12_000241,2019-09-16-12-52-12,000241,train,range_angle,images/2019-09-16-12-52-12/000241.png,labels/2019-09-16-12-52-12/000241.txt
2019-09-16-12-52-12_000242,2019-09-16-12-52-12,000242,train,range_angle,images/2019-09-16-12-52-12/000242.png,labels/2019-09-16-12-52-12/000242.txt
2019-09-16-12-52-12_000243,2019-09-16-12-52-12,000243,train,range_angle,images/2019-09-16-12-52-12/000243.png,labels/2019-09-16-12-52-12/000243.txt
2019-09-16-12-52-12_000244,2019-09-16-12-52-12,000244,train,range_angle,images/2019-09-16-12-52-12/000244.png,labels/2019-09-16-12-52-12/000244.txt
2019-09-16-12-52-12_000245,2019-09-16-12-52-12,000245,train,range_angle,images/2019-09-16-12-52-12/000245.png,labels/2019-09-16-12-52-12/000245.txt
2019-09-16-12-52-12_000246,2019-09-16-12-52-12,000246,train,range_angle,images/2019-09-16-12-52-12/000246.png,labels/2019-09-16-12-52-12/000246.txt
2019-09-16-12-52-12_000247,2019-09-16-12-52-12,000247,train,range_angle,images/2019-09-16-12-52-12/000247.png,labels/2019-09-16-12-52-12/000247.txt
2019-09-16-12-52-12_000248,2019-09-16-12-52-12,000248,train,range_angle,images/2019-09-16-12-52-12/000248.png,labels/2019-09-16-12-52-12/000248.txt
2019-09-16-12-52-12_000249,2019-09-16-12-52-12,000249,train,range_angle,images/2019-09-16-12-52-12/000249.png,labels/2019-09-16-12-52-12/000249.txt
2019-09-16-12-52-12_000250,2019-09-16-12-52-12,000250,train,range_angle,images/2019-09-16-12-52-12/000250.png,labels/2019-09-16-12-52-12/000250.txt
2019-09-16-12-52-12_000251,2019-09-16-12-52-12,000251,train,range_angle,images/2019-09-16-12-52-12/000251.png,labels/2019-09-16-12-52-12/000251.txt
2019-09-16-12-52-12_000252,2019-09-16-12-52-12,000252,train,range_angle,images/2019-09-16-12-52-12/000252.png,labels/2019-09-16-12-52-12/000252.txt
2019-09-16-12-52-12_000253,2019-09-16-12-52-12,000253,train,range_angle,images/2019-09-16-12-52-12/000253.png,labels/2019-09-16-12-52-12/000253.txt
2019-09-16-12-52-12_000254,2019-09-16-12-52-12,000254,train,range_angle,images/2019-09-16-12-52-12/000254.png,labels/2019-09-16-12-52-12/000254.txt
2019-09-16-12-52-12_000255,2019-09-16-12-52-12,000255,train,range_angle,images/2019-09-16-12-52-12/000255.png,labels/2019-09-16-12-52-12/000255.txt
2019-09-16-12-52-12_000256,2019-09-16-12-52-12,000256,train,range_angle,images/2019-09-16-12-52-12/000256.png,labels/2019-09-16-12-52-12/000256.txt
2019-09-16-12-52-12_000257,2019-09-16-12-52-12,000257,train,range_angle,images/2019-09-16-12-52-12/000257.png,labels/2019-09-16-12-52-12/000257.txt
2019-09-16-12-52-12_000258,2019-09-16-12-52-12,000258,train,range_angle,images/2019-09-16-12-52-12/000258.png,labels/2019-09-16-12-52-12/000258.txt
2019-09-16-12-52-12_000259,2019-09-16-12-52-12,000259,train,range_angle,images/2019-09-16-12-52-12/000259.png,labels/2019-09-16-12-52-12/000259.txt
2019-09-16-12-52-12_000260,2019-09-16-12-52-12,000260,train,range_angle,images/2019-09-16-12-52-12/000260.png,labels/2019-09-16-12-52-12/000260.txt
2019-09-16-12-52-12_000261,2019-09-16-12-52-12,000261,train,range_angle,images/2019-09-16-12-52-12/000261.png,labels/2019-09-16-12-52-12/000261.txt
2019-09-16-12-52-12_000262,2019-09-16-12-52-12,000262,train,range_angle,images/2019-09-16-12-52-12/000262.png,labels/2019-09-16-12-52-12/000262.txt
2019-09-16-12-52-12_000263,2019-09-16-12-52-12,000263,train,range_angle,images/2019-09-16-12-52-12/000263.png,labels/2019-09-16-12-52-12/000263.txt
2019-09-16-12-52-12_000264,2019-09-16-12-52-12,000264,train,range_angle,images/2019-09-16-12-52-12/000264.png,labels/2019-09-16-12-52-12/000264.txt
2019-09-16-12-52-12_000265,2019-09-16-12-52-12,000265,train,range_angle,images/2019-09-16-12-52-12/000265.png,labels/2019-09-16-12-52-12/000265.txt
2019-09-16-12-52-12_000266,2019-09-16-12-52-12,000266,train,range_angle,images/2019-09-16-12-52-12/000266.png,labels/2019-09-16-12-52-12/000266.txt
2019-09-16-12-52-12_000267,2019-09-16-12-52-12,000267,train,range_angle,images/2019-09-16-12-52-12/000267.png,labels/2019-09-16-12-52-12/000267.txt
2019-09-16-12-52-12_000268,2019-09-16-12-52-12,000268,train,range_angle,images/2019-09-16-12-52-12/000268.png,labels/2019-09-16-12-52-12/000268.txt
2019-09-16-12-52-12_000269,2019-09-16-12-52-12,000269,train,range_angle,images/2019-09-16-12-52-12/000269.png,labels/2019-09-16-12-52-12/000269.txt
2019-09-16-12-52-12_000270,2019-09-16-12-52-12,000270,train,range_angle,images/2019-09-16-12-52-12/000270.png,labels/2019-09-16-12-52-12/000270.txt
2019-09-16-12-52-12_000271,2019-09-16-12-52-12,000271,train,range_angle,images/2019-09-16-12-52-12/000271.png,labels/2019-09-16-12-52-12/000271.txt
2019-09-16-12-52-12_000272,2019-09-16-12-52-12,000272,train,range_angle,images/2019-09-16-12-52-12/000272.png,labels/2019-09-16-12-52-12/000272.txt
2019-09-16-12-52-12_000273,2019-09-16-12-52-12,000273,train,range_angle,images/2019-09-16-12-52-12/000273.png,labels/2019-09-16-12-52-12/000273.txt
2019-09-16-12-52-12_000274,2019-09-16-12-52-12,000274,train,range_angle,images/2019-09-16-12-52-12/000274.png,labels/2019-09-16-12-52-12/000274.txt
2019-09-16-12-52-12_000275,2019-09-16-12-52-12,000275,train,range_angle,images/2019-09-16-12-52-12/000275.png,labels/2019-09-16-12-52-12/000275.txt
2019-09-16-12-52-12_000276,2019-09-16-12-52-12,000276,train,range_angle,images/2019-09-16-12-52-12/000276.png,labels/2019-09-16-12-52-12/000276.txt
2019-09-16-12-52-12_000277,2019-09-16-12-52-12,000277,train,range_angle,images/2019-09-16-12-52-12/000277.png,labels/2019-09-16-12-52-12/000277.txt
2019-09-16-12-52-12_000278,2019-09-16-12-52-12,000278,train,range_angle,images/2019-09-16-12-52-12/000278.png,labels/2019-09-16-12-52-12/000278.txt
2019-09-16-12-52-12_000279,2019-09-16-12-52-12,000279,train,range_angle,images/2019-09-16-12-52-12/000279.png,labels/2019-09-16-12-52-12/000279.txt
2019-09-16-12-52-12_000280,2019-09-16-12-52-12,000280,train,range_angle,images/2019-09-16-12-52-12/000280.png,labels/2019-09-16-12-52-12/000280.txt
2019-09-16-12-52-12_000281,2019-09-16-12-52-12,000281,train,range_angle,images/2019-09-16-12-52-12/000281.png,labels/2019-09-16-12-52-12/000281.txt
2019-09-16-12-52-12_000282,2019-09-16-12-52-12,000282,train,range_angle,images/2019-09-16-12-52-12/000282.png,labels/2019-09-16-12-52-12/000282.txt
2019-09-16-12-52-12_000283,2019-09-16-12-52-12,000283,train,range_angle,images/2019-09-16-12-52-12/000283.png,labels/2019-09-16-12-52-12/000283.txt
2019-09-16-12-52-12_000284,2019-09-16-12-52-12,000284,train,range_angle,images/2019-09-16-12-52-12/000284.png,labels/2019-09-16-12-52-12/000284.txt
2019-09-16-12-52-12_000285,2019-09-16-12-52-12,000285,train,range_angle,images/2019-09-16-12-52-12/000285.png,labels/2019-09-16-12-52-12/000285.txt
2019-09-16-12-52-12_000286,2019-09-16-12-52-12,000286,train,range_angle,images/2019-09-16-12-52-12/000286.png,labels/2019-09-16-12-52-12/000286.txt
2019-09-16-12-52-12_000287,2019-09-16-12-52-12,000287,train,range_angle,images/2019-09-16-12-52-12/000287.png,labels/2019-09-16-12-52-12/000287.txt
2019-09-16-12-52-12_000288,2019-09-16-12-52-12,000288,train,range_angle,images/2019-09-16-12-52-12/000288.png,labels/2019-09-16-12-52-12/000288.txt
2019-09-16-12-52-12_000289,2019-09-16-12-52-12,000289,train,range_angle,images/2019-09-16-12-52-12/000289.png,labels/2019-09-16-12-52-12/000289.txt
2019-09-16-12-52-12_000290,2019-09-16-12-52-12,000290,train,range_angle,images/2019-09-16-12-52-12/000290.png,labels/2019-09-16-12-52-12/000290.txt
2019-09-16-12-52-12_000291,2019-09-16-12-52-12,000291,train,range_angle,images/2019-09-16-12-52-12/000291.png,labels/2019-09-16-12-52-12/000291.txt
2019-09-16-12-52-12_000292,2019-09-16-12-52-12,000292,train,range_angle,images/2019-09-16-12-52-12/000292.png,labels/2019-09-16-12-52-12/000292.txt
2019-09-16-12-52-12_000293,2019-09-16-12-52-12,000293,train,range_angle,images/2019-09-16-12-52-12/000293.png,labels/2019-09-16-12-52-12/000293.txt
2019-09-16-12-52-12_000294,2019-09-16-12-52-12,000294,train,range_angle,images/2019-09-16-12-52-12/000294.png,labels/2019-09-16-12-52-12/000294.txt
2019-09-16-12-52-12_000295,2019-09-16-12-52-12,000295,train,range_angle,images/2019-09-16-12-52-12/000295.png,labels/2019-09-16-12-52-12/000295.txt
2019-09-16-12-52-12_000296,2019-09-16-12-52-12,000296,train,range_angle,images/2019-09-16-12-52-12/000296.png,labels/2019-09-16-12-52-12/000296.txt
2019-09-16-12-52-12_000297,2019-09-16-12-52-12,000297,train,range_angle,images/2019-09-16-12-52-12/000297.png,labels/2019-09-16-12-52-12/000297.txt
2019-09-16-12-52-12_000298,2019-09-16-12-52-12,000298,train,range_angle,images/2019-09-16-12-52-12/000298.png,labels/2019-09-16-12-52-12/000298.txt
2019-09-16-12-52-12_000299,2019-09-16-12-52-12,000299,train,range_angle,images/2019-09-16-12-52-12/000299.png,labels/2019-09-16-12-52-12/000299.txt
2019-09-16-12-52-12_000300,2019-09-16-12-52-12,000300,train,range_angle,images/2019-09-16-12-52-12/000300.png,labels/2019-09-16-12-52-12/000300.txt
2019-09-16-12-52-12_000301,2019-09-16-12-52-12,000301,train,range_angle,images/2019-09-16-12-52-12/000301.png,labels/2019-09-16-12-52-12/000301.txt
2019-09-16-12-52-12_000302,2019-09-16-12-52-12,000302,train,range_angle,images/2019-09-16-12-52-12/000302.png,labels/2019-09-16-12-52-12/000302.txt
2019-09-16-12-52-12_000303,2019-09-16-12-52-12,000303,train,range_angle,images/2019-09-16-12-52-12/000303.png,labels/2019-09-16-12-52-12/000303.txt
2019-09-16-12-52-12_000304,2019-09-16-12-52-12,000304,train,range_angle,images/2019-09-16-12-52-12/000304.png,labels/2019-09-16-12-52-12/000304.txt
2019-09-16-12-52-12_000305,2019-09-16-12-52-12,000305,train,range_angle,images/2019-09-16-12-52-12/000305.png,labels/2019-09-16-12-52-12/000305.txt
2019-09-16-12-52-12_000306,2019-09-16-12-52-12,000306,train,range_angle,images/2019-09-16-12-52-12/000306.png,labels/2019-09-16-12-52-12/000306.txt
2019-09-16-12-52-12_000307,2019-09-16-12-52-12,000307,train,range_angle,images/2019-09-16-12-52-12/000307.png,labels/2019-09-16-12-52-12/000307.txt
2019-09-16-12-52-12_000308,2019-09-16-12-52-12,000308,train,range_angle,images/2019-09-16-12-52-12/000308.png,labels/2019-09-16-12-52-12/000308.txt
2019-09-16-12-52-12_000309,2019-09-16-12-52-12,000309,train,range_angle,images/2019-09-16-12-52-12/000309.png,labels/2019-09-16-12-52-12/000309.txt
2019-09-16-12-52-12_000310,2019-09-16-12-52-12,000310,train,range_angle,images/2019-09-16-12-52-12/000310.png,labels/2019-09-16-12-52-12/000310.txt
2019-09-16-12-52-12_000311,2019-09-16-12-52-12,000311,train,range_angle,images/2019-09-16-12-52-12/000311.png,labels/2019-09-16-12-52-12/000311.txt
2019-09-16-12-52-12_000312,2019-09-16-12-52-12,000312,train,range_angle,images/2019-09-16-12-52-12/000312.png,labels/2019-09-16-12-52-12/000312.txt
2019-09-16-12-52-12_000313,2019-09-16-12-52-12,000313,train,range_angle,images/2019-09-16-12-52-12/000313.png,labels/2019-09-16-12-52-12/000313.txt
2019-09-16-12-52-12_000314,2019-09-16-12-52-12,000314,train,range_angle,images/2019-09-16-12-52-12/000314.png,labels/2019-09-16-12-52-12/000314.txt
2019-09-16-12-52-12_000315,2019-09-16-12-52-12,000315,train,range_angle,images/2019-09-16-12-52-12/000315.png,labels/2019-09-16-12-52-12/000315.txt
2019-09-16-12-52-12_000316,2019-09-16-12-52-12,000316,train,range_angle,images/2019-09-16-12-52-12/000316.png,labels/2019-09-16-12-52-12/000316.txt
2019-09-16-12-52-12_000317,2019-09-16-12-52-12,000317,train,range_angle,images/2019-09-16-12-52-12/000317.png,labels/2019-09-16-12-52-12/000317.txt
2019-09-16-12-52-12_000318,2019-09-16-12-52-12,000318,train,range_angle,images/2019-09-16-12-52-12/000318.png,labels/2019-09-16-12-52-12/000318.txt
2019-09-16-12-52-12_000319,2019-09-16-12-52-12,000319,train,range_angle,images/2019-09-16-12-52-12/000319.png,labels/2019-09-16-12-52-12/000319.txt
2019-09-16-12-52-12_000320,2019-09-16-12-52-12,000320,train,range_angle,images/2019-09-16-12-52-12/000320.png,labels/2019-09-16-12-52-12/000320.txt
2019-09-16-12-52-12_000321,2019-09-16-12-52-12,000321,train,range_angle,images/2019-09-16-12-52-12/000321.png,labels/2019-09-16-12-52-12/000321.txt
2019-09-16-12-52-12_000322,2019-09-16-12-52-12,000322,train,range_angle,images/2019-09-16-12-52-12/000322.png,labels/2019-09-16-12-52-12/000322.txt
2019-09-16-12-52-12_000323,2019-09-16-12-52-12,000323,train,range_angle,images/2019-09-16-12-52-12/000323.png,labels/2019-09-16-12-52-12/000323.txt
2019-09-16-12-52-12_000324,2019-09-16-12-52-12,000324,train,range_angle,images/2019-09-16-12-52-12/000324.png,labels/2019-09-16-12-52-12/000324.txt
2019-09-16-12-52-12_000325,2019-09-16-12-52-12,000325,train,range_angle,images/2019-09-16-12-52-12/000325.png,labels/2019-09-16-12-52-12/000325.txt
2019-09-16-12-52-12_000326,2019-09-16-12-52-12,000326,train,range_angle,images/2019-09-16-12-52-12/000326.png,labels/2019-09-16-12-52-12/000326.txt
2019-09-16-12-52-12_000327,2019-09-16-12-52-12,000327,train,range_angle,images/2019-09-16-12-52-12/000327.png,labels/2019-09-16-12-52-12/000327.txt
2019-09-16-12-52-12_000328,2019-09-16-12-52-12,000328,train,range_angle,images/2019-09-16-12-52-12/000328.png,labels/2019-09-16-12-52-12/000328.txt
2019-09-16-12-52-12_000329,2019-09-16-12-52-12,000329,train,range_angle,images/2019-09-16-12-52-12/000329.png,labels/2019-09-16-12-52-12/000329.txt
2019-09-16-12-52-12_000330,2019-09-16-12-52-12,000330,train,range_angle,images/2019-09-16-12-52-12/000330.png,labels/2019-09-16-12-52-12/000330.txt
2019-09-16-12-52-12_000331,2019-09-16-12-52-12,000331,train,range_angle,images/2019-09-16-12-52-12/000331.png,labels/2019-09-16-12-52-12/000331.txt
2019-09-16-12-52-12_000332,2019-09-16-12-52-12,000332,train,range_angle,images/2019-09-16-12-52-12/000332.png,labels/2019-09-16-12-52-12/000332.txt
2019-09-16-12-52-12_000333,2019-09-16-12-52-12,000333,train,range_angle,images/2019-09-16-12-52-12/000333.png,labels/2019-09-16-12-52-12/000333.txt
2019-09-16-12-52-12_000334,2019-09-16-12-52-12,000334,train,range_angle,images/2019-09-16-12-52-12/000334.png,labels/2019-09-16-12-52-12/000334.txt
2019-09-16-12-52-12_000335,2019-09-16-12-52-12,000335,train,range_angle,images/2019-09-16-12-52-12/000335.png,labels/2019-09-16-12-52-12/000335.txt
2019-09-16-12-52-12_000336,2019-09-16-12-52-12,000336,train,range_angle,images/2019-09-16-12-52-12/000336.png,labels/2019-09-16-12-52-12/000336.txt
2019-09-16-12-52-12_000337,2019-09-16-12-52-12,000337,train,range_angle,images/2019-09-16-12-52-12/000337.png,labels/2019-09-16-12-52-12/000337.txt
2019-09-16-12-52-12_000338,2019-09-16-12-52-12,000338,train,range_angle,images/2019-09-16-12-52-12/000338.png,labels/2019-09-16-12-52-12/000338.txt
2019-09-16-12-52-12_000339,2019-09-16-12-52-12,000339,train,range_angle,images/2019-09-16-12-52-12/000339.png,labels/2019-09-16-12-52-12/000339.txt
2019-09-16-12-52-12_000340,2019-09-16-12-52-12,000340,train,range_angle,images/2019-09-16-12-52-12/000340.png,labels/2019-09-16-12-52-12/000340.txt
2019-09-16-12-52-12_000341,2019-09-16-12-52-12,000341,train,range_angle,images/2019-09-16-12-52-12/000341.png,labels/2019-09-16-12-52-12/000341.txt
2019-09-16-12-52-12_000342,2019-09-16-12-52-12,000342,train,range_angle,images/2019-09-16-12-52-12/000342.png,labels/2019-09-16-12-52-12/000342.txt
2019-09-16-12-52-12_000343,2019-09-16-12-52-12,000343,train,range_angle,images/2019-09-16-12-52-12/000343.png,labels/2019-09-16-12-52-12/000343.txt
2019-09-16-12-52-12_000344,2019-09-16-12-52-12,000344,train,range_angle,images/2019-09-16-12-52-12/000344.png,labels/2019-09-16-12-52-12/000344.txt
2019-09-16-12-52-12_000345,2019-09-16-12-52-12,000345,train,range_angle,images/2019-09-16-12-52-12/000345.png,labels/2019-09-16-12-52-12/000345.txt
2019-09-16-12-52-12_000346,2019-09-16-12-52-12,000346,train,range_angle,images/2019-09-16-12-52-12/000346.png,labels/2019-09-16-12-52-12/000346.txt
2019-09-16-12-52-12_000347,2019-09-16-12-52-12,000347,train,range_angle,images/2019-09-16-12-52-12/000347.png,labels/2019-09-16-12-52-12/000347.txt
2019-09-16-12-52-12_000348,2019-09-16-12-52-12,000348,train,range_angle,images/2019-09-16-12-52-12/000348.png,labels/2019-09-16-12-52-12/000348.txt
2019-09-16-12-52-12_000349,2019-09-16-12-52-12,000349,train,range_angle,images/2019-09-16-12-52-12/000349.png,labels/2019-09-16-12-52-12/000349.txt
2019-09-16-12-52-12_000350,2019-09-16-12-52-12,000350,train,range_angle,images/2019-09-16-12-52-12/000350.png,labels/2019-09-16-12-52-12/000350.txt
2019-09-16-12-52-12_000351,2019-09-16-12-52-12,000351,train,range_angle,images/2019-09-16-12-52-12/000351.png,labels/2019-09-16-12-52-12/000351.txt
2019-09-16-12-52-12_000352,2019-09-16-12-52-12,000352,train,range_angle,images/2019-09-16-12-52-12/000352.png,labels/2019-09-16-12-52-12/000352.txt
2019-09-16-12-52-12_000353,2019-09-16-12-52-12,000353,train,range_angle,images/2019-09-16-12-52-12/000353.png,labels/2019-09-16-12-52-12/000353.txt
2019-09-16-12-52-12_000354,2019-09-16-12-52-12,000354,train,range_angle,images/2019-09-16-12-52-12/000354.png,labels/2019-09-16-12-52-12/000354.txt
2019-09-16-12-52-12_000355,2019-09-16-12-52-12,000355,train,range_angle,images/2019-09-16-12-52-12/000355.png,labels/2019-09-16-12-52-12/000355.txt
2019-09-16-12-52-12_000356,2019-09-16-12-52-12,000356,train,range_angle,images/2019-09-16-12-52-12/000356.png,labels/2019-09-16-12-52-12/000356.txt
2019-09-16-12-52-12_000357,2019-09-16-12-52-12,000357,train,range_angle,images/2019-09-16-12-52-12/000357.png,labels/2019-09-16-12-52-12/000357.txt
2019-09-16-12-52-12_000358,2019-09-16-12-52-12,000358,train,range_angle,images/2019-09-16-12-52-12/000358.png,labels/2019-09-16-12-52-12/000358.txt
2019-09-16-12-52-12_000359,2019-09-16-12-52-12,000359,train,range_angle,images/2019-09-16-12-52-12/000359.png,labels/2019-09-16-12-52-12/000359.txt
2019-09-16-12-52-12_000360,2019-09-16-12-52-12,000360,train,range_angle,images/2019-09-16-12-52-12/000360.png,labels/2019-09-16-12-52-12/000360.txt
2019-09-16-12-52-12_000361,2019-09-16-12-52-12,000361,train,range_angle,images/2019-09-16-12-52-12/000361.png,labels/2019-09-16-12-52-12/000361.txt
2019-09-16-12-52-12_000362,2019-09-16-12-52-12,000362,train,range_angle,images/2019-09-16-12-52-12/000362.png,labels/2019-09-16-12-52-12/000362.txt
2019-09-16-12-52-12_000363,2019-09-16-12-52-12,000363,train,range_angle,images/2019-09-16-12-52-12/000363.png,labels/2019-09-16-12-52-12/000363.txt
2019-09-16-12-52-12_000364,2019-09-16-12-52-12,000364,train,range_angle,images/2019-09-16-12-52-12/000364.png,labels/2019-09-16-12-52-12/000364.txt
2019-09-16-12-52-12_000365,2019-09-16-12-52-12,000365,train,range_angle,images/2019-09-16-12-52-12/000365.png,labels/2019-09-16-12-52-12/000365.txt
2019-09-16-12-52-12_000366,2019-09-16-12-52-12,000366,train,range_angle,images/2019-09-16-12-52-12/000366.png,labels/2019-09-16-12-52-12/000366.txt
2019-09-16-12-52-12_000367,2019-09-16-12-52-12,000367,train,range_angle,images/2019-09-16-12-52-12/000367.png,labels/2019-09-16-12-52-12/000367.txt
2019-09-16-12-52-12_000368,2019-09-16-12-52-12,000368,train,range_angle,images/2019-09-16-12-52-12/000368.png,labels/2019-09-16-12-52-12/000368.txt
2019-09-16-12-52-12_000369,2019-09-16-12-52-12,000369,train,range_angle,images/2019-09-16-12-52-12/000369.png,labels/2019-09-16-12-52-12/000369.txt
2019-09-16-12-52-12_000370,2019-09-16-12-52-12,000370,train,range_angle,images/2019-09-16-12-52-12/000370.png,labels/2019-09-16-12-52-12/000370.txt
2019-09-16-12-52-12_000371,2019-09-16-12-52-12,000371,train,range_angle,images/2019-09-16-12-52-12/000371.png,labels/2019-09-16-12-52-12/000371.txt
2019-09-16-12-52-12_000372,2019-09-16-12-52-12,000372,train,range_angle,images/2019-09-16-12-52-12/000372.png,labels/2019-09-16-12-52-12/000372.txt
2019-09-16-12-52-12_000373,2019-09-16-12-52-12,000373,train,range_angle,images/2019-09-16-12-52-12/000373.png,labels/2019-09-16-12-52-12/000373.txt
2019-09-16-12-52-12_000374,2019-09-16-12-52-12,000374,train,range_angle,images/2019-09-16-12-52-12/000374.png,labels/2019-09-16-12-52-12/000374.txt
2019-09-16-12-52-12_000375,2019-09-16-12-52-12,000375,train,range_angle,images/2019-09-16-12-52-12/000375.png,labels/2019-09-16-12-52-12/000375.txt
2019-09-16-12-52-12_000376,2019-09-16-12-52-12,000376,train,range_angle,images/2019-09-16-12-52-12/000376.png,labels/2019-09-16-12-52-12/000376.txt
2019-09-16-12-52-12_000377,2019-09-16-12-52-12,000377,train,range_angle,images/2019-09-16-12-52-12/000377.png,labels/2019-09-16-12-52-12/000377.txt
2019-09-16-12-52-12_000378,2019-09-16-12-52-12,000378,train,range_angle,images/2019-09-16-12-52-12/000378.png,labels/2019-09-16-12-52-12/000378.txt
2019-09-16-12-52-12_000379,2019-09-16-12-52-12,000379,train,range_angle,images/2019-09-16-12-52-12/000379.png,labels/2019-09-16-12-52-12/000379.txt
2019-09-16-12-52-12_000380,2019-09-16-12-52-12,000380,train,range_angle,images/2019-09-16-12-52-12/000380.png,labels/2019-09-16-12-52-12/000380.txt
2019-09-16-12-52-12_000381,2019-09-16-12-52-12,000381,train,range_angle,images/2019-09-16-12-52-12/000381.png,labels/2019-09-16-12-52-12/000381.txt
2019-09-16-12-52-12_000382,2019-09-16-12-52-12,000382,train,range_angle,images/2019-09-16-12-52-12/000382.png,labels/2019-09-16-12-52-12/000382.txt
2019-09-16-12-52-12_000383,2019-09-16-12-52-12,000383,train,range_angle,images/2019-09-16-12-52-12/000383.png,labels/2019-09-16-12-52-12/000383.txt
2019-09-16-12-52-12_000384,2019-09-16-12-52-12,000384,train,range_angle,images/2019-09-16-12-52-12/000384.png,labels/2019-09-16-12-52-12/000384.txt
2019-09-16-12-52-12_000385,2019-09-16-12-52-12,000385,train,range_angle,images/2019-09-16-12-52-12/000385.png,labels/2019-09-16-12-52-12/000385.txt
2019-09-16-12-52-12_000386,2019-09-16-12-52-12,000386,train,range_angle,images/2019-09-16-12-52-12/000386.png,labels/2019-09-16-12-52-12/000386.txt
2019-09-16-12-52-12_000387,2019-09-16-12-52-12,000387,train,range_angle,images/2019-09-16-12-52-12/000387.png,labels/2019-09-16-12-52-12/000387.txt
2019-09-16-12-52-12_000388,2019-09-16-12-52-12,000388,train,range_angle,images/2019-09-16-12-52-12/000388.png,labels/2019-09-16-12-52-12/000388.txt
2019-09-16-12-52-12_000389,2019-09-16-12-52-12,000389,train,range_angle,images/2019-09-16-12-52-12/000389.png,labels/2019-09-16-12-52-12/000389.txt
2019-09-16-12-52-12_000390,2019-09-16-12-52-12,000390,train,range_angle,images/2019-09-16-12-52-12/000390.png,labels/2019-09-16-12-52-12/000390.txt
2019-09-16-12-52-12_000391,2019-09-16-12-52-12,000391,train,range_angle,images/2019-09-16-12-52-12/000391.png,labels/2019-09-16-12-52-12/000391.txt
2019-09-16-12-52-12_000392,2019-09-16-12-52-12,000392,train,range_angle,images/2019-09-16-12-52-12/000392.png,labels/2019-09-16-12-52-12/000392.txt
2019-09-16-12-52-12_000393,2019-09-16-12-52-12,000393,train,range_angle,images/2019-09-16-12-52-12/000393.png,labels/2019-09-16-12-52-12/000393.txt
2019-09-16-12-52-12_000394,2019-09-16-12-52-12,000394,train,range_angle,images/2019-09-16-12-52-12/000394.png,labels/2019-09-16-12-52-12/000394.txt
2019-09-16-12-52-12_000395,2019-09-16-12-52-12,000395,train,range_angle,images/2019-09-16-12-52-12/000395.png,labels/2019-09-16-12-52-12/000395.txt
2019-09-16-12-52-12_000396,2019-09-16-12-52-12,000396,train,range_angle,images/2019-09-16-12-52-12/000396.png,labels/2019-09-16-12-52-12/000396.txt
2019-09-16-12-52-12_000397,2019-09-16-12-52-12,000397,train,range_angle,images/2019-09-16-12-52-12/000397.png,labels/2019-09-16-12-52-12/000397.txt
2019-09-16-12-52-12_000398,2019-09-16-12-52-12,000398,train,range_angle,images/2019-09-16-12-52-12/000398.png,labels/2019-09-16-12-52-12/000398.txt
2019-09-16-12-52-12_000399,2019-09-16-12-52-12,000399,train,range_angle,images/2019-09-16-12-52-12/000399.png,labels/2019-09-16-12-52-12/000399.txt
2019-09-16-12-52-12_000400,2019-09-16-12-52-12,000400,train,range_angle,images/2019-09-16-12-52-12/000400.png,labels/2019-09-16-12-52-12/000400.txt
2019-09-16-12-52-12_000401,2019-09-16-12-52-12,000401,train,range_angle,images/2019-09-16-12-52-12/000401.png,labels/2019-09-16-12-52-12/000401.txt
2019-09-16-12-52-12_000402,2019-09-16-12-52-12,000402,train,range_angle,images/2019-09-16-12-52-12/000402.png,labels/2019-09-16-12-52-12/000402.txt
2019-09-16-12-52-12_000403,2019-09-16-12-52-12,000403,train,range_angle,images/2019-09-16-12-52-12/000403.png,labels/2019-09-16-12-52-12/000403.txt
2019-09-16-12-52-12_000404,2019-09-16-12-52-12,000404,train,range_angle,images/2019-09-16-12-52-12/000404.png,labels/2019-09-16-12-52-12/000404.txt
2019-09-16-12-52-12_000405,2019-09-16-12-52-12,000405,train,range_angle,images/2019-09-16-12-52-12/000405.png,labels/2019-09-16-12-52-12/000405.txt
2019-09-16-12-52-12_000406,2019-09-16-12-52-12,000406,train,range_angle,images/2019-09-16-12-52-12/000406.png,labels/2019-09-16-12-52-12/000406.txt
2019-09-16-12-52-12_000407,2019-09-16-12-52-12,000407,train,range_angle,images/2019-09-16-12-52-12/000407.png,labels/2019-09-16-12-52-12/000407.txt
2019-09-16-12-52-12_000408,2019-09-16-12-52-12,000408,train,range_angle,images/2019-09-16-12-52-12/000408.png,labels/2019-09-16-12-52-12/000408.txt
2019-09-16-12-52-12_000409,2019-09-16-12-52-12,000409,train,range_angle,images/2019-09-16-12-52-12/000409.png,labels/2019-09-16-12-52-12/000409.txt
2019-09-16-12-52-12_000410,2019-09-16-12-52-12,000410,train,range_angle,images/2019-09-16-12-52-12/000410.png,labels/2019-09-16-12-52-12/000410.txt
2019-09-16-12-52-12_000411,2019-09-16-12-52-12,000411,train,range_angle,images/2019-09-16-12-52-12/000411.png,labels/2019-09-16-12-52-12/000411.txt
2019-09-16-12-52-12_000412,2019-09-16-12-52-12,000412,train,range_angle,images/2019-09-16-12-52-12/000412.png,labels/2019-09-16-12-52-12/000412.txt
2019-09-16-12-52-12_000413,2019-09-16-12-52-12,000413,train,range_angle,images/2019-09-16-12-52-12/000413.png,labels/2019-09-16-12-52-12/000413.txt
2019-09-16-12-52-12_000414,2019-09-16-12-52-12,000414,train,range_angle,images/2019-09-16-12-52-12/000414.png,labels/2019-09-16-12-52-12/000414.txt
2019-09-16-12-52-12_000415,2019-09-16-12-52-12,000415,train,range_angle,images/2019-09-16-12-52-12/000415.png,labels/2019-09-16-12-52-12/000415.txt
2019-09-16-12-52-12_000416,2019-09-16-12-52-12,000416,train,range_angle,images/2019-09-16-12-52-12/000416.png,labels/2019-09-16-12-52-12/000416.txt
2019-09-16-12-52-12_000417,2019-09-16-12-52-12,000417,train,range_angle,images/2019-09-16-12-52-12/000417.png,labels/2019-09-16-12-52-12/000417.txt
2019-09-16-12-52-12_000418,2019-09-16-12-52-12,000418,train,range_angle,images/2019-09-16-12-52-12/000418.png,labels/2019-09-16-12-52-12/000418.txt
2019-09-16-12-52-12_000419,2019-09-16-12-52-12,000419,train,range_angle,images/2019-09-16-12-52-12/000419.png,labels/2019-09-16-12-52-12/000419.txt
2019-09-16-12-52-12_000420,2019-09-16-12-52-12,000420,train,range_angle,images/2019-09-16-12-52-12/000420.png,labels/2019-09-16-12-52-12/000420.txt
2019-09-16-12-52-12_000421,2019-09-16-12-52-12,000421,train,range_angle,images/2019-09-16-12-52-12/000421.png,labels/2019-09-16-12-52-12/000421.txt
2019-09-16-12-52-12_000422,2019-09-16-12-52-12,000422,train,range_angle,images/2019-09-16-12-52-12/000422.png,labels/2019-09-16-12-52-12/000422.txt
2019-09-16-12-52-12_000423,2019-09-16-12-52-12,000423,train,range_angle,images/2019-09-16-12-52-12/000423.png,labels/2019-09-16-12-52-12/000423.txt
2019-09-16-12-52-12_000424,2019-09-16-12-52-12,000424,train,range_angle,images/2019-09-16-12-52-12/000424.png,labels/2019-09-16-12-52-12/000424.txt
2019-09-16-12-52-12_000425,2019-09-16-12-52-12,000425,train,range_angle,images/2019-09-16-12-52-12/000425.png,labels/2019-09-16-12-52-12/000425.txt
2019-09-16-12-52-12_000426,2019-09-16-12-52-12,000426,train,range_angle,images/2019-09-16-12-52-12/000426.png,labels/2019-09-16-12-52-12/000426.txt
2019-09-16-12-52-12_000427,2019-09-16-12-52-12,000427,train,range_angle,images/2019-09-16-12-52-12/000427.png,labels/2019-09-16-12-52-12/000427.txt
2019-09-16-12-52-12_000428,2019-09-16-12-52-12,000428,train,range_angle,images/2019-09-16-12-52-12/000428.png,labels/2019-09-16-12-52-12/000428.txt
2019-09-16-12-52-12_000429,2019-09-16-12-52-12,000429,train,range_angle,images/2019-09-16-12-52-12/000429.png,labels/2019-09-16-12-52-12/000429.txt
2019-09-16-12-52-12_000430,2019-09-16-12-52-12,000430,train,range_angle,images/2019-09-16-12-52-12/000430.png,labels/2019-09-16-12-52-12/000430.txt
2019-09-16-12-52-12_000431,2019-09-16-12-52-12,000431,train,range_angle,images/2019-09-16-12-52-12/000431.png,labels/2019-09-16-12-52-12/000431.txt
2019-09-16-12-52-12_000432,2019-09-16-12-52-12,000432,train,range_angle,images/2019-09-16-12-52-12/000432.png,labels/2019-09-16-12-52-12/000432.txt
2019-09-16-12-52-12_000433,2019-09-16-12-52-12,000433,train,range_angle,images/2019-09-16-12-52-12/000433.png,labels/2019-09-16-12-52-12/000433.txt
2019-09-16-12-52-12_000434,2019-09-16-12-52-12,000434,train,range_angle,images/2019-09-16-12-52-12/000434.png,labels/2019-09-16-12-52-12/000434.txt
2019-09-16-12-52-12_000435,2019-09-16-12-52-12,000435,train,range_angle,images/2019-09-16-12-52-12/000435.png,labels/2019-09-16-12-52-12/000435.txt
2019-09-16-12-52-12_000436,2019-09-16-12-52-12,000436,train,range_angle,images/2019-09-16-12-52-12/000436.png,labels/2019-09-16-12-52-12/000436.txt
2019-09-16-12-52-12_000437,2019-09-16-12-52-12,000437,train,range_angle,images/2019-09-16-12-52-12/000437.png,labels/2019-09-16-12-52-12/000437.txt
2019-09-16-12-52-12_000438,2019-09-16-12-52-12,000438,train,range_angle,images/2019-09-16-12-52-12/000438.png,labels/2019-09-16-12-52-12/000438.txt
2019-09-16-12-52-12_000439,2019-09-16-12-52-12,000439,train,range_angle,images/2019-09-16-12-52-12/000439.png,labels/2019-09-16-12-52-12/000439.txt
2019-09-16-12-52-12_000440,2019-09-16-12-52-12,000440,train,range_angle,images/2019-09-16-12-52-12/000440.png,labels/2019-09-16-12-52-12/000440.txt
2019-09-16-12-52-12_000441,2019-09-16-12-52-12,000441,train,range_angle,images/2019-09-16-12-52-12/000441.png,labels/2019-09-16-12-52-12/000441.txt
2019-09-16-12-52-12_000442,2019-09-16-12-52-12,000442,train,range_angle,images/2019-09-16-12-52-12/000442.png,labels/2019-09-16-12-52-12/000442.txt
2019-09-16-12-52-12_000443,2019-09-16-12-52-12,000443,train,range_angle,images/2019-09-16-12-52-12/000443.png,labels/2019-09-16-12-52-12/000443.txt
2019-09-16-12-52-12_000444,2019-09-16-12-52-12,000444,train,range_angle,images/2019-09-16-12-52-12/000444.png,labels/2019-09-16-12-52-12/000444.txt
2019-09-16-12-52-12_000445,2019-09-16-12-52-12,000445,train,range_angle,images/2019-09-16-12-52-12/000445.png,labels/2019-09-16-12-52-12/000445.txt
2019-09-16-12-52-12_000446,2019-09-16-12-52-12,000446,train,range_angle,images/2019-09-16-12-52-12/000446.png,labels/2019-09-16-12-52-12/000446.txt
2019-09-16-12-52-12_000447,2019-09-16-12-52-12,000447,train,range_angle,images/2019-09-16-12-52-12/000447.png,labels/2019-09-16-12-52-12/000447.txt
2019-09-16-12-52-12_000448,2019-09-16-12-52-12,000448,train,range_angle,images/2019-09-16-12-52-12/000448.png,labels/2019-09-16-12-52-12/000448.txt
2019-09-16-12-52-12_000449,2019-09-16-12-52-12,000449,train,range_angle,images/2019-09-16-12-52-12/000449.png,labels/2019-09-16-12-52-12/000449.txt
2019-09-16-12-52-12_000450,2019-09-16-12-52-12,000450,train,range_angle,images/2019-09-16-12-52-12/000450.png,labels/2019-09-16-12-52-12/000450.txt
2019-09-16-12-52-12_000451,2019-09-16-12-52-12,000451,train,range_angle,images/2019-09-16-12-52-12/000451.png,labels/2019-09-16-12-52-12/000451.txt
2019-09-16-12-52-12_000452,2019-09-16-12-52-12,000452,train,range_angle,images/2019-09-16-12-52-12/000452.png,labels/2019-09-16-12-52-12/000452.txt
2019-09-16-12-52-12_000453,2019-09-16-12-52-12,000453,train,range_angle,images/2019-09-16-12-52-12/000453.png,labels/2019-09-16-12-52-12/000453.txt
2019-09-16-12-52-12_000454,2019-09-16-12-52-12,000454,train,range_angle,images/2019-09-16-12-52-12/000454.png,labels/2019-09-16-12-52-12/000454.txt
2019-09-16-12-52-12_000455,2019-09-16-12-52-12,000455,train,range_angle,images/2019-09-16-12-52-12/000455.png,labels/2019-09-16-12-52-12/000455.txt
2019-09-16-12-52-12_000456,2019-09-16-12-52-12,000456,train,range_angle,images/2019-09-16-12-52-12/000456.png,labels/2019-09-16-12-52-12/000456.txt
2019-09-16-12-52-12_000457,2019-09-16-12-52-12,000457,train,range_angle,images/2019-09-16-12-52-12/000457.png,labels/2019-09-16-12-52-12/000457.txt
2019-09-16-12-52-12_000458,2019-09-16-12-52-12,000458,train,range_angle,images/2019-09-16-12-52-12/000458.png,labels/2019-09-16-12-52-12/000458.txt
2019-09-16-12-52-12_000459,2019-09-16-12-52-12,000459,train,range_angle,images/2019-09-16-12-52-12/000459.png,labels/2019-09-16-12-52-12/000459.txt
2019-09-16-12-52-12_000460,2019-09-16-12-52-12,000460,train,range_angle,images/2019-09-16-12-52-12/000460.png,labels/2019-09-16-12-52-12/000460.txt
2019-09-16-12-52-12_000461,2019-09-16-12-52-12,000461,train,range_angle,images/2019-09-16-12-52-12/000461.png,labels/2019-09-16-12-52-12/000461.txt
2019-09-16-12-52-12_000462,2019-09-16-12-52-12,000462,train,range_angle,images/2019-09-16-12-52-12/000462.png,labels/2019-09-16-12-52-12/000462.txt
2019-09-16-12-52-12_000463,2019-09-16-12-52-12,000463,train,range_angle,images/2019-09-16-12-52-12/000463.png,labels/2019-09-16-12-52-12/000463.txt
2019-09-16-12-52-12_000464,2019-09-16-12-52-12,000464,train,range_angle,images/2019-09-16-12-52-12/000464.png,labels/2019-09-16-12-52-12/000464.txt
2019-09-16-12-52-12_000465,2019-09-16-12-52-12,000465,train,range_angle,images/2019-09-16-12-52-12/000465.png,labels/2019-09-16-12-52-12/000465.txt
2019-09-16-12-52-12_000466,2019-09-16-12-52-12,000466,train,range_angle,images/2019-09-16-12-52-12/000466.png,labels/2019-09-16-12-52-12/000466.txt
2019-09-16-12-52-12_000467,2019-09-16-12-52-12,000467,train,range_angle,images/2019-09-16-12-52-12/000467.png,labels/2019-09-16-12-52-12/000467.txt
2019-09-16-12-52-12_000468,2019-09-16-12-52-12,000468,train,range_angle,images/2019-09-16-12-52-12/000468.png,labels/2019-09-16-12-52-12/000468.txt
2019-09-16-12-52-12_000469,2019-09-16-12-52-12,000469,train,range_angle,images/2019-09-16-12-52-12/000469.png,labels/2019-09-16-12-52-12/000469.txt
2019-09-16-12-52-12_000470,2019-09-16-12-52-12,000470,train,range_angle,images/2019-09-16-12-52-12/000470.png,labels/2019-09-16-12-52-12/000470.txt
2019-09-16-12-52-12_000471,2019-09-16-12-52-12,000471,train,range_angle,images/2019-09-16-12-52-12/000471.png,labels/2019-09-16-12-52-12/000471.txt
2019-09-16-12-52-12_000472,2019-09-16-12-52-12,000472,train,range_angle,images/2019-09-16-12-52-12/000472.png,labels/2019-09-16-12-52-12/000472.txt
2019-09-16-12-52-12_000473,2019-09-16-12-52-12,000473,train,range_angle,images/2019-09-16-12-52-12/000473.png,labels/2019-09-16-12-52-12/000473.txt
2019-09-16-12-52-12_000474,2019-09-16-12-52-12,000474,train,range_angle,images/2019-09-16-12-52-12/000474.png,labels/2019-09-16-12-52-12/000474.txt
2019-09-16-12-52-12_000475,2019-09-16-12-52-12,000475,train,range_angle,images/2019-09-16-12-52-12/000475.png,labels/2019-09-16-12-52-12/000475.txt
2019-09-16-12-52-12_000476,2019-09-16-12-52-12,000476,train,range_angle,images/2019-09-16-12-52-12/000476.png,labels/2019-09-16-12-52-12/000476.txt
2019-09-16-12-52-12_000477,2019-09-16-12-52-12,000477,train,range_angle,images/2019-09-16-12-52-12/000477.png,labels/2019-09-16-12-52-12/000477.txt
2019-09-16-12-52-12_000478,2019-09-16-12-52-12,000478,train,range_angle,images/2019-09-16-12-52-12/000478.png,labels/2019-09-16-12-52-12/000478.txt
2019-09-16-12-52-12_000479,2019-09-16-12-52-12,000479,train,range_angle,images/2019-09-16-12-52-12/000479.png,labels/2019-09-16-12-52-12/000479.txt
2019-09-16-12-52-12_000480,2019-09-16-12-52-12,000480,train,range_angle,images/2019-09-16-12-52-12/000480.png,labels/2019-09-16-12-52-12/000480.txt
2019-09-16-12-52-12_000481,2019-09-16-12-52-12,000481,train,range_angle,images/2019-09-16-12-52-12/000481.png,labels/2019-09-16-12-52-12/000481.txt
2019-09-16-12-52-12_000482,2019-09-16-12-52-12,000482,train,range_angle,images/2019-09-16-12-52-12/000482.png,labels/2019-09-16-12-52-12/000482.txt
2019-09-16-12-52-12_000483,2019-09-16-12-52-12,000483,train,range_angle,images/2019-09-16-12-52-12/000483.png,labels/2019-09-16-12-52-12/000483.txt
2019-09-16-12-52-12_000484,2019-09-16-12-52-12,000484,train,range_angle,images/2019-09-16-12-52-12/000484.png,labels/2019-09-16-12-52-12/000484.txt
2019-09-16-12-52-12_000485,2019-09-16-12-52-12,000485,train,range_angle,images/2019-09-16-12-52-12/000485.png,labels/2019-09-16-12-52-12/000485.txt
2019-09-16-12-52-12_000486,2019-09-16-12-52-12,000486,train,range_angle,images/2019-09-16-12-52-12/000486.png,labels/2019-09-16-12-52-12/000486.txt
2019-09-16-12-52-12_000487,2019-09-16-12-52-12,000487,train,range_angle,images/2019-09-16-12-52-12/000487.png,labels/2019-09-16-12-52-12/000487.txt
2019-09-16-12-52-12_000488,2019-09-16-12-52-12,000488,train,range_angle,images/2019-09-16-12-52-12/000488.png,labels/2019-09-16-12-52-12/000488.txt
2019-09-16-12-52-12_000489,2019-09-16-12-52-12,000489,train,range_angle,images/2019-09-16-12-52-12/000489.png,labels/2019-09-16-12-52-12/000489.txt
2019-09-16-12-52-12_000490,2019-09-16-12-52-12,000490,train,range_angle,images/2019-09-16-12-52-12/000490.png,labels/2019-09-16-12-52-12/000490.txt
2019-09-16-12-52-12_000491,2019-09-16-12-52-12,000491,train,range_angle,images/2019-09-16-12-52-12/000491.png,labels/2019-09-16-12-52-12/000491.txt
2019-09-16-12-52-12_000492,2019-09-16-12-52-12,000492,train,range_angle,images/2019-09-16-12-52-12/000492.png,labels/2019-09-16-12-52-12/000492.txt
2019-09-16-12-52-12_000493,2019-09-16-12-52-12,000493,train,range_angle,images/2019-09-16-12-52-12/000493.png,labels/2019-09-16-12-52-12/000493.txt
2019-09-16-12-52-12_000494,2019-09-16-12-52-12,000494,train,range_angle,images/2019-09-16-12-52-12/000494.png,labels/2019-09-16-12-52-12/000494.txt
2019-09-16-12-52-12_000495,2019-09-16-12-52-12,000495,train,range_angle,images/2019-09-16-12-52-12/000495.png,labels/2019-09-16-12-52-12/000495.txt
2019-09-16-12-52-12_000496,2019-09-16-12-52-12,000496,train,range_angle,images/2019-09-16-12-52-12/000496.png,labels/2019-09-16-12-52-12/000496.txt
2019-09-16-12-52-12_000497,2019-09-16-12-52-12,000497,train,range_angle,images/2019-09-16-12-52-12/000497.png,labels/2019-09-16-12-52-12/000497.txt
2019-09-16-12-52-12_000498,2019-09-16-12-52-12,000498,train,range_angle,images/2019-09-16-12-52-12/000498.png,labels/2019-09-16-12-52-12/000498.txt
2019-09-16-12-52-12_000499,2019-09-16-12-52-12,000499,train,range_angle,images/2019-09-16-12-52-12/000499.png,labels/2019-09-16-12-52-12/000499.txt
2019-09-16-12-52-12_000500,2019-09-16-12-52-12,000500,train,range_angle,images/2019-09-16-12-52-12/000500.png,labels/2019-09-16-12-52-12/000500.txt
2019-09-16-12-52-12_000501,2019-09-16-12-52-12,000501,train,range_angle,images/2019-09-16-12-52-12/000501.png,labels/2019-09-16-12-52-12/000501.txt
2019-09-16-12-52-12_000502,2019-09-16-12-52-12,000502,train,range_angle,images/2019-09-16-12-52-12/000502.png,labels/2019-09-16-12-52-12/000502.txt
2019-09-16-12-52-12_000503,2019-09-16-12-52-12,000503,train,range_angle,images/2019-09-16-12-52-12/000503.png,labels/2019-09-16-12-52-12/000503.txt
2019-09-16-12-52-12_000504,2019-09-16-12-52-12,000504,train,range_angle,images/2019-09-16-12-52-12/000504.png,labels/2019-09-16-12-52-12/000504.txt
2019-09-16-12-52-12_000505,2019-09-16-12-52-12,000505,train,range_angle,images/2019-09-16-12-52-12/000505.png,labels/2019-09-16-12-52-12/000505.txt
2019-09-16-12-52-12_000506,2019-09-16-12-52-12,000506,train,range_angle,images/2019-09-16-12-52-12/000506.png,labels/2019-09-16-12-52-12/000506.txt
2019-09-16-12-52-12_000507,2019-09-16-12-52-12,000507,train,range_angle,images/2019-09-16-12-52-12/000507.png,labels/2019-09-16-12-52-12/000507.txt
2019-09-16-12-52-12_000508,2019-09-16-12-52-12,000508,train,range_angle,images/2019-09-16-12-52-12/000508.png,labels/2019-09-16-12-52-12/000508.txt
2019-09-16-12-52-12_000509,2019-09-16-12-52-12,000509,train,range_angle,images/2019-09-16-12-52-12/000509.png,labels/2019-09-16-12-52-12/000509.txt
2019-09-16-12-52-12_000510,2019-09-16-12-52-12,000510,train,range_angle,images/2019-09-16-12-52-12/000510.png,labels/2019-09-16-12-52-12/000510.txt
2019-09-16-12-52-12_000511,2019-09-16-12-52-12,000511,train,range_angle,images/2019-09-16-12-52-12/000511.png,labels/2019-09-16-12-52-12/000511.txt
2019-09-16-12-52-12_000512,2019-09-16-12-52-12,000512,train,range_angle,images/2019-09-16-12-52-12/000512.png,labels/2019-09-16-12-52-12/000512.txt
2019-09-16-12-52-12_000513,2019-09-16-12-52-12,000513,train,range_angle,images/2019-09-16-12-52-12/000513.png,labels/2019-09-16-12-52-12/000513.txt
2019-09-16-12-52-12_000514,2019-09-16-12-52-12,000514,train,range_angle,images/2019-09-16-12-52-12/000514.png,labels/2019-09-16-12-52-12/000514.txt
2019-09-16-12-52-12_000515,2019-09-16-12-52-12,000515,train,range_angle,images/2019-09-16-12-52-12/000515.png,labels/2019-09-16-12-52-12/000515.txt
2019-09-16-12-52-12_000516,2019-09-16-12-52-12,000516,train,range_angle,images/2019-09-16-12-52-12/000516.png,labels/2019-09-16-12-52-12/000516.txt
2019-09-16-12-52-12_000517,2019-09-16-12-52-12,000517,train,range_angle,images/2019-09-16-12-52-12/000517.png,labels/2019-09-16-12-52-12/000517.txt
2019-09-16-12-52-12_000518,2019-09-16-12-52-12,000518,train,range_angle,images/2019-09-16-12-52-12/000518.png,labels/2019-09-16-12-52-12/000518.txt
2019-09-16-12-52-12_000519,2019-09-16-12-52-12,000519,train,range_angle,images/2019-09-16-12-52-12/000519.png,labels/2019-09-16-12-52-12/000519.txt
2019-09-16-12-52-12_000520,2019-09-16-12-52-12,000520,train,range_angle,images/2019-09-16-12-52-12/000520.png,labels/2019-09-16-12-52-12/000520.txt
2019-09-16-12-52-12_000521,2019-09-16-12-52-12,000521,train,range_angle,images/2019-09-16-12-52-12/000521.png,labels/2019-09-16-12-52-12/000521.txt
2019-09-16-12-52-12_000522,2019-09-16-12-52-12,000522,train,range_angle,images/2019-09-16-12-52-12/000522.png,labels/2019-09-16-12-52-12/000522.txt
2019-09-16-12-52-12_000523,2019-09-16-12-52-12,000523,train,range_angle,images/2019-09-16-12-52-12/000523.png,labels/2019-09-16-12-52-12/000523.txt
2019-09-16-12-52-12_000524,2019-09-16-12-52-12,000524,train,range_angle,images/2019-09-16-12-52-12/000524.png,labels/2019-09-16-12-52-12/000524.txt
2019-09-16-12-52-12_000525,2019-09-16-12-52-12,000525,train,range_angle,images/2019-09-16-12-52-12/000525.png,labels/2019-09-16-12-52-12/000525.txt
2019-09-16-12-52-12_000526,2019-09-16-12-52-12,000526,train,range_angle,images/2019-09-16-12-52-12/000526.png,labels/2019-09-16-12-52-12/000526.txt
2019-09-16-12-52-12_000527,2019-09-16-12-52-12,000527,train,range_angle,images/2019-09-16-12-52-12/000527.png,labels/2019-09-16-12-52-12/000527.txt
2019-09-16-12-52-12_000528,2019-09-16-12-52-12,000528,train,range_angle,images/2019-09-16-12-52-12/000528.png,labels/2019-09-16-12-52-12/000528.txt
2019-09-16-12-52-12_000529,2019-09-16-12-52-12,000529,train,range_angle,images/2019-09-16-12-52-12/000529.png,labels/2019-09-16-12-52-12/000529.txt
2019-09-16-12-52-12_000530,2019-09-16-12-52-12,000530,train,range_angle,images/2019-09-16-12-52-12/000530.png,labels/2019-09-16-12-52-12/000530.txt
2019-09-16-12-52-12_000531,2019-09-16-12-52-12,000531,train,range_angle,images/2019-09-16-12-52-12/000531.png,labels/2019-09-16-12-52-12/000531.txt
2019-09-16-12-52-12_000532,2019-09-16-12-52-12,000532,train,range_angle,images/2019-09-16-12-52-12/000532.png,labels/2019-09-16-12-52-12/000532.txt
2019-09-16-12-52-12_000533,2019-09-16-12-52-12,000533,train,range_angle,images/2019-09-16-12-52-12/000533.png,labels/2019-09-16-12-52-12/000533.txt
2019-09-16-12-52-12_000534,2019-09-16-12-52-12,000534,train,range_angle,images/2019-09-16-12-52-12/000534.png,labels/2019-09-16-12-52-12/000534.txt
2019-09-16-12-52-12_000535,2019-09-16-12-52-12,000535,train,range_angle,images/2019-09-16-12-52-12/000535.png,labels/2019-09-16-12-52-12/000535.txt
2019-09-16-12-52-12_000536,2019-09-16-12-52-12,000536,train,range_angle,images/2019-09-16-12-52-12/000536.png,labels/2019-09-16-12-52-12/000536.txt
2019-09-16-12-52-12_000537,2019-09-16-12-52-12,000537,train,range_angle,images/2019-09-16-12-52-12/000537.png,labels/2019-09-16-12-52-12/000537.txt
2019-09-16-12-52-12_000538,2019-09-16-12-52-12,000538,train,range_angle,images/2019-09-16-12-52-12/000538.png,labels/2019-09-16-12-52-12/000538.txt
2019-09-16-12-52-12_000539,2019-09-16-12-52-12,000539,train,range_angle,images/2019-09-16-12-52-12/000539.png,labels/2019-09-16-12-52-12/000539.txt
2019-09-16-12-52-12_000540,2019-09-16-12-52-12,000540,train,range_angle,images/2019-09-16-12-52-12/000540.png,labels/2019-09-16-12-52-12/000540.txt
2019-09-16-12-52-12_000541,2019-09-16-12-52-12,000541,train,range_angle,images/2019-09-16-12-52-12/000541.png,labels/2019-09-16-12-52-12/000541.txt
2019-09-16-12-52-12_000542,2019-09-16-12-52-12,000542,train,range_angle,images/2019-09-16-12-52-12/000542.png,labels/2019-09-16-12-52-12/000542.txt
2019-09-16-12-52-12_000543,2019-09-16-12-52-12,000543,train,range_angle,images/2019-09-16-12-52-12/000543.png,labels/2019-09-16-12-52-12/000543.txt
2019-09-16-12-52-12_000544,2019-09-16-12-52-12,000544,train,range_angle,images/2019-09-16-12-52-12/000544.png,labels/2019-09-16-12-52-12/000544.txt
2019-09-16-12-52-12_000545,2019-09-16-12-52-12,000545,train,range_angle,images/2019-09-16-12-52-12/000545.png,labels/2019-09-16-12-52-12/000545.txt
2019-09-16-12-52-12_000546,2019-09-16-12-52-12,000546,train,range_angle,images/2019-09-16-12-52-12/000546.png,labels/2019-09-16-12-52-12/000546.txt
2019-09-16-12-52-12_000547,2019-09-16-12-52-12,000547,train,range_angle,images/2019-09-16-12-52-12/000547.png,labels/2019-09-16-12-52-12/000547.txt
2019-09-16-12-52-12_000548,2019-09-16-12-52-12,000548,train,range_angle,images/2019-09-16-12-52-12/000548.png,labels/2019-09-16-12-52-12/000548.txt
2019-09-16-12-52-12_000549,2019-09-16-12-52-12,000549,train,range_angle,images/2019-09-16-12-52-12/000549.png,labels/2019-09-16-12-52-12/000549.txt
2019-09-16-12-52-12_000550,2019-09-16-12-52-12,000550,train,range_angle,images/2019-09-16-12-52-12/000550.png,labels/2019-09-16-12-52-12/000550.txt
2019-09-16-12-52-12_000551,2019-09-16-12-52-12,000551,train,range_angle,images/2019-09-16-12-52-12/000551.png,labels/2019-09-16-12-52-12/000551.txt
2019-09-16-12-52-12_000552,2019-09-16-12-52-12,000552,train,range_angle,images/2019-09-16-12-52-12/000552.png,labels/2019-09-16-12-52-12/000552.txt
2019-09-16-12-52-12_000553,2019-09-16-12-52-12,000553,train,range_angle,images/2019-09-16-12-52-12/000553.png,labels/2019-09-16-12-52-12/000553.txt
2019-09-16-12-52-12_000554,2019-09-16-12-52-12,000554,train,range_angle,images/2019-09-16-12-52-12/000554.png,labels/2019-09-16-12-52-12/000554.txt
2019-09-16-12-52-12_000555,2019-09-16-12-52-12,000555,train,range_angle,images/2019-09-16-12-52-12/000555.png,labels/2019-09-16-12-52-12/000555.txt
2019-09-16-12-52-12_000556,2019-09-16-12-52-12,000556,train,range_angle,images/2019-09-16-12-52-12/000556.png,labels/2019-09-16-12-52-12/000556.txt
2019-09-16-12-52-12_000557,2019-09-16-12-52-12,000557,train,range_angle,images/2019-09-16-12-52-12/000557.png,labels/2019-09-16-12-52-12/000557.txt
2019-09-16-12-52-12_000558,2019-09-16-12-52-12,000558,train,range_angle,images/2019-09-16-12-52-12/000558.png,labels/2019-09-16-12-52-12/000558.txt
2019-09-16-12-52-12_000559,2019-09-16-12-52-12,000559,train,range_angle,images/2019-09-16-12-52-12/000559.png,labels/2019-09-16-12-52-12/000559.txt
2019-09-16-12-52-12_000560,2019-09-16-12-52-12,000560,train,range_angle,images/2019-09-16-12-52-12/000560.png,labels/2019-09-16-12-52-12/000560.txt
2019-09-16-12-52-12_000561,2019-09-16-12-52-12,000561,train,range_angle,images/2019-09-16-12-52-12/000561.png,labels/2019-09-16-12-52-12/000561.txt
2019-09-16-12-52-12_000562,2019-09-16-12-52-12,000562,train,range_angle,images/2019-09-16-12-52-12/000562.png,labels/2019-09-16-12-52-12/000562.txt
2019-09-16-12-52-12_000563,2019-09-16-12-52-12,000563,train,range_angle,images/2019-09-16-12-52-12/000563.png,labels/2019-09-16-12-52-12/000563.txt
2019-09-16-12-52-12_000564,2019-09-16-12-52-12,000564,train,range_angle,images/2019-09-16-12-52-12/000564.png,labels/2019-09-16-12-52-12/000564.txt
2019-09-16-12-52-12_000565,2019-09-16-12-52-12,000565,train,range_angle,images/2019-09-16-12-52-12/000565.png,labels/2019-09-16-12-52-12/000565.txt
2019-09-16-12-52-12_000566,2019-09-16-12-52-12,000566,train,range_angle,images/2019-09-16-12-52-12/000566.png,labels/2019-09-16-12-52-12/000566.txt
2019-09-16-12-52-12_000567,2019-09-16-12-52-12,000567,train,range_angle,images/2019-09-16-12-52-12/000567.png,labels/2019-09-16-12-52-12/000567.txt
2019-09-16-12-52-12_000568,2019-09-16-12-52-12,000568,train,range_angle,images/2019-09-16-12-52-12/000568.png,labels/2019-09-16-12-52-12/000568.txt
2019-09-16-12-52-12_000569,2019-09-16-12-52-12,000569,train,range_angle,images/2019-09-16-12-52-12/000569.png,labels/2019-09-16-12-52-12/000569.txt
2019-09-16-12-52-12_000570,2019-09-16-12-52-12,000570,train,range_angle,images/2019-09-16-12-52-12/000570.png,labels/2019-09-16-12-52-12/000570.txt
2019-09-16-12-52-12_000571,2019-09-16-12-52-12,000571,train,range_angle,images/2019-09-16-12-52-12/000571.png,labels/2019-09-16-12-52-12/000571.txt
2019-09-16-12-52-12_000572,2019-09-16-12-52-12,000572,train,range_angle,images/2019-09-16-12-52-12/000572.png,labels/2019-09-16-12-52-12/000572.txt
2019-09-16-12-52-12_000573,2019-09-16-12-52-12,000573,train,range_angle,images/2019-09-16-12-52-12/000573.png,labels/2019-09-16-12-52-12/000573.txt
2019-09-16-12-52-12_000574,2019-09-16-12-52-12,000574,train,range_angle,images/2019-09-16-12-52-12/000574.png,labels/2019-09-16-12-52-12/000574.txt
2019-09-16-12-52-12_000575,2019-09-16-12-52-12,000575,train,range_angle,images/2019-09-16-12-52-12/000575.png,labels/2019-09-16-12-52-12/000575.txt
2019-09-16-12-52-12_000576,2019-09-16-12-52-12,000576,train,range_angle,images/2019-09-16-12-52-12/000576.png,labels/2019-09-16-12-52-12/000576.txt
2019-09-16-12-52-12_000577,2019-09-16-12-52-12,000577,train,range_angle,images/2019-09-16-12-52-12/000577.png,labels/2019-09-16-12-52-12/000577.txt
2019-09-16-12-52-12_000578,2019-09-16-12-52-12,000578,train,range_angle,images/2019-09-16-12-52-12/000578.png,labels/2019-09-16-12-52-12/000578.txt
2019-09-16-12-52-12_000579,2019-09-16-12-52-12,000579,train,range_angle,images/2019-09-16-12-52-12/000579.png,labels/2019-09-16-12-52-12/000579.txt
2019-09-16-12-52-12_000580,2019-09-16-12-52-12,000580,train,range_angle,images/2019-09-16-12-52-12/000580.png,labels/2019-09-16-12-52-12/000580.txt
2019-09-16-12-52-12_000581,2019-09-16-12-52-12,000581,train,range_angle,images/2019-09-16-12-52-12/000581.png,labels/2019-09-16-12-52-12/000581.txt
2019-09-16-12-52-12_000582,2019-09-16-12-52-12,000582,train,range_angle,images/2019-09-16-12-52-12/000582.png,labels/2019-09-16-12-52-12/000582.txt
2019-09-16-12-52-12_000583,2019-09-16-12-52-12,000583,train,range_angle,images/2019-09-16-12-52-12/000583.png,labels/2019-09-16-12-52-12/000583.txt
2019-09-16-12-52-12_000584,2019-09-16-12-52-12,000584,train,range_angle,images/2019-09-16-12-52-12/000584.png,labels/2019-09-16-12-52-12/000584.txt
2019-09-16-12-52-12_000585,2019-09-16-12-52-12,000585,train,range_angle,images/2019-09-16-12-52-12/000585.png,labels/2019-09-16-12-52-12/000585.txt
2019-09-16-12-52-12_000586,2019-09-16-12-52-12,000586,train,range_angle,images/2019-09-16-12-52-12/000586.png,labels/2019-09-16-12-52-12/000586.txt
2019-09-16-12-52-12_000587,2019-09-16-12-52-12,000587,train,range_angle,images/2019-09-16-12-52-12/000587.png,labels/2019-09-16-12-52-12/000587.txt
2019-09-16-12-52-12_000588,2019-09-16-12-52-12,000588,train,range_angle,images/2019-09-16-12-52-12/000588.png,labels/2019-09-16-12-52-12/000588.txt
2019-09-16-12-52-12_000589,2019-09-16-12-52-12,000589,train,range_angle,images/2019-09-16-12-52-12/000589.png,labels/2019-09-16-12-52-12/000589.txt
2019-09-16-12-52-12_000590,2019-09-16-12-52-12,000590,train,range_angle,images/2019-09-16-12-52-12/000590.png,labels/2019-09-16-12-52-12/000590.txt
2019-09-16-12-52-12_000591,2019-09-16-12-52-12,000591,train,range_angle,images/2019-09-16-12-52-12/000591.png,labels/2019-09-16-12-52-12/000591.txt
2019-09-16-12-52-12_000592,2019-09-16-12-52-12,000592,train,range_angle,images/2019-09-16-12-52-12/000592.png,labels/2019-09-16-12-52-12/000592.txt
2019-09-16-12-52-12_000593,2019-09-16-12-52-12,000593,train,range_angle,images/2019-09-16-12-52-12/000593.png,labels/2019-09-16-12-52-12/000593.txt
2019-09-16-12-52-12_000594,2019-09-16-12-52-12,000594,train,range_angle,images/2019-09-16-12-52-12/000594.png,labels/2019-09-16-12-52-12/000594.txt
2019-09-16-12-52-12_000595,2019-09-16-12-52-12,000595,train,range_angle,images/2019-09-16-12-52-12/000595.png,labels/2019-09-16-12-52-12/000595.txt
2019-09-16-12-52-12_000596,2019-09-16-12-52-12,000596,train,range_angle,images/2019-09-16-12-52-12/000596.png,labels/2019-09-16-12-52-12/000596.txt
2019-09-16-12-52-12_000597,2019-09-16-12-52-12,000597,train,range_angle,images/2019-09-16-12-52-12/000597.png,labels/2019-09-16-12-52-12/000597.txt
2019-09-16-12-52-12_000598,2019-09-16-12-52-12,000598,train,range_angle,images/2019-09-16-12-52-12/000598.png,labels/2019-09-16-12-52-12/000598.txt
2019-09-16-12-52-12_000599,2019-09-16-12-52-12,000599,train,range_angle,images/2019-09-16-12-52-12/000599.png,labels/2019-09-16-12-52-12/000599.txt
2019-09-16-12-52-12_000600,2019-09-16-12-52-12,000600,train,range_angle,images/2019-09-16-12-52-12/000600.png,labels/2019-09-16-12-52-12/000600.txt
2019-09-16-12-52-12_000601,2019-09-16-12-52-12,000601,train,range_angle,images/2019-09-16-12-52-12/000601.png,labels/2019-09-16-12-52-12/000601.txt
2019-09-16-12-52-12_000602,2019-09-16-12-52-12,000602,train,range_angle,images/2019-09-16-12-52-12/000602.png,labels/2019-09-16-12-52-12/000602.txt
2019-09-16-12-52-12_000603,2019-09-16-12-52-12,000603,train,range_angle,images/2019-09-16-12-52-12/000603.png,labels/2019-09-16-12-52-12/000603.txt
2019-09-16-12-52-12_000604,2019-09-16-12-52-12,000604,train,range_angle,images/2019-09-16-12-52-12/000604.png,labels/2019-09-16-12-52-12/000604.txt
2019-09-16-12-52-12_000605,2019-09-16-12-52-12,000605,train,range_angle,images/2019-09-16-12-52-12/000605.png,labels/2019-09-16-12-52-12/000605.txt
2019-09-16-12-52-12_000606,2019-09-16-12-52-12,000606,train,range_angle,images/2019-09-16-12-52-12/000606.png,labels/2019-09-16-12-52-12/000606.txt
2019-09-16-12-52-12_000607,2019-09-16-12-52-12,000607,train,range_angle,images/2019-09-16-12-52-12/000607.png,labels/2019-09-16-12-52-12/000607.txt
2019-09-16-12-52-12_000608,2019-09-16-12-52-12,000608,train,range_angle,images/2019-09-16-12-52-12/000608.png,labels/2019-09-16-12-52-12/000608.txt
2019-09-16-12-52-12_000609,2019-09-16-12-52-12,000609,train,range_angle,images/2019-09-16-12-52-12/000609.png,labels/2019-09-16-12-52-12/000609.txt
2019-09-16-12-52-12_000610,2019-09-16-12-52-12,000610,train,range_angle,images/2019-09-16-12-52-12/000610.png,labels/2019-09-16-12-52-12/000610.txt
2019-09-16-12-52-12_000611,2019-09-16-12-52-12,000611,train,range_angle,images/2019-09-16-12-52-12/000611.png,labels/2019-09-16-12-52-12/000611.txt
2019-09-16-12-52-12_000612,2019-09-16-12-52-12,000612,train,range_angle,images/2019-09-16-12-52-12/000612.png,labels/2019-09-16-12-52-12/000612.txt
2019-09-16-12-52-12_000613,2019-09-16-12-52-12,000613,train,range_angle,images/2019-09-16-12-52-12/000613.png,labels/2019-09-16-12-52-12/000613.txt
2019-09-16-12-52-12_000614,2019-09-16-12-52-12,000614,train,range_angle,images/2019-09-16-12-52-12/000614.png,labels/2019-09-16-12-52-12/000614.txt
2019-09-16-12-52-12_000615,2019-09-16-12-52-12,000615,train,range_angle,images/2019-09-16-12-52-12/000615.png,labels/2019-09-16-12-52-12/000615.txt
2019-09-16-12-52-12_000616,2019-09-16-12-52-12,000616,train,range_angle,images/2019-09-16-12-52-12/000616.png,labels/2019-09-16-12-52-12/000616.txt
2019-09-16-12-52-12_000617,2019-09-16-12-52-12,000617,train,range_angle,images/2019-09-16-12-52-12/000617.png,labels/2019-09-16-12-52-12/000617.txt
2019-09-16-12-52-12_000618,2019-09-16-12-52-12,000618,train,range_angle,images/2019-09-16-12-52-12/000618.png,labels/2019-09-16-12-52-12/000618.txt
2019-09-16-12-52-12_000619,2019-09-16-12-52-12,000619,train,range_angle,images/2019-09-16-12-52-12/000619.png,labels/2019-09-16-12-52-12/000619.txt
2019-09-16-12-52-12_000620,2019-09-16-12-52-12,000620,train,range_angle,images/2019-09-16-12-52-12/000620.png,labels/2019-09-16-12-52-12/000620.txt
2019-09-16-12-52-12_000621,2019-09-16-12-52-12,000621,train,range_angle,images/2019-09-16-12-52-12/000621.png,labels/2019-09-16-12-52-12/000621.txt
2019-09-16-12-52-12_000622,2019-09-16-12-52-12,000622,train,range_angle,images/2019-09-16-12-52-12/000622.png,labels/2019-09-16-12-52-12/000622.txt
2019-09-16-12-52-12_000623,2019-09-16-12-52-12,000623,train,range_angle,images/2019-09-16-12-52-12/000623.png,labels/2019-09-16-12-52-12/000623.txt
2019-09-16-12-52-12_000624,2019-09-16-12-52-12,000624,train,range_angle,images/2019-09-16-12-52-12/000624.png,labels/2019-09-16-12-52-12/000624.txt
2019-09-16-12-52-12_000625,2019-09-16-12-52-12,000625,train,range_angle,images/2019-09-16-12-52-12/000625.png,labels/2019-09-16-12-52-12/000625.txt
2019-09-16-12-52-12_000626,2019-09-16-12-52-12,000626,train,range_angle,images/2019-09-16-12-52-12/000626.png,labels/2019-09-16-12-52-12/000626.txt
2019-09-16-12-52-12_000627,2019-09-16-12-52-12,000627,train,range_angle,images/2019-09-16-12-52-12/000627.png,labels/2019-09-16-12-52-12/000627.txt
2019-09-16-12-52-12_000628,2019-09-16-12-52-12,000628,train,range_angle,images/2019-09-16-12-52-12/000628.png,labels/2019-09-16-12-52-12/000628.txt
2019-09-16-12-52-12_000629,2019-09-16-12-52-12,000629,train,range_angle,images/2019-09-16-12-52-12/000629.png,labels/2019-09-16-12-52-12/000629.txt
2019-09-16-12-52-12_000630,2019-09-16-12-52-12,000630,train,range_angle,images/2019-09-16-12-52-12/000630.png,labels/2019-09-16-12-52-12/000630.txt
2019-09-16-12-52-12_000631,2019-09-16-12-52-12,000631,train,range_angle,images/2019-09-16-12-52-12/000631.png,labels/2019-09-16-12-52-12/000631.txt
2019-09-16-12-52-12_000632,2019-09-16-12-52-12,000632,train,range_angle,images/2019-09-16-12-52-12/000632.png,labels/2019-09-16-12-52-12/000632.txt
2019-09-16-12-52-12_000633,2019-09-16-12-52-12,000633,train,range_angle,images/2019-09-16-12-52-12/000633.png,labels/2019-09-16-12-52-12/000633.txt
2019-09-16-12-52-12_000634,2019-09-16-12-52-12,000634,train,range_angle,images/2019-09-16-12-52-12/000634.png,labels/2019-09-16-12-52-12/000634.txt
2019-09-16-12-52-12_000635,2019-09-16-12-52-12,000635,train,range_angle,images/2019-09-16-12-52-12/000635.png,labels/2019-09-16-12-52-12/000635.txt
2019-09-16-12-52-12_000636,2019-09-16-12-52-12,000636,train,range_angle,images/2019-09-16-12-52-12/000636.png,labels/2019-09-16-12-52-12/000636.txt
2019-09-16-12-52-12_000637,2019-09-16-12-52-12,000637,train,range_angle,images/2019-09-16-12-52-12/000637.png,labels/2019-09-16-12-52-12/000637.txt
2019-09-16-12-52-12_000638,2019-09-16-12-52-12,000638,train,range_angle,images/2019-09-16-12-52-12/000638.png,labels/2019-09-16-12-52-12/000638.txt
2019-09-16-12-52-12_000639,2019-09-16-12-52-12,000639,train,range_angle,images/2019-09-16-12-52-12/000639.png,labels/2019-09-16-12-52-12/000639.txt
2019-09-16-12-52-12_000640,2019-09-16-12-52-12,000640,train,range_angle,images/2019-09-16-12-52-12/000640.png,labels/2019-09-16-12-52-12/000640.txt
2019-09-16-12-52-12_000641,2019-09-16-12-52-12,000641,train,range_angle,images/2019-09-16-12-52-12/000641.png,labels/2019-09-16-12-52-12/000641.txt
2019-09-16-12-52-12_000642,2019-09-16-12-52-12,000642,train,range_angle,images/2019-09-16-12-52-12/000642.png,labels/2019-09-16-12-52-12/000642.txt
2019-09-16-12-52-12_000643,2019-09-16-12-52-12,000643,train,range_angle,images/2019-09-16-12-52-12/000643.png,labels/2019-09-16-12-52-12/000643.txt
2019-09-16-12-52-12_000644,2019-09-16-12-52-12,000644,train,range_angle,images/2019-09-16-12-52-12/000644.png,labels/2019-09-16-12-52-12/000644.txt
2019-09-16-12-52-12_000645,2019-09-16-12-52-12,000645,train,range_angle,images/2019-09-16-12-52-12/000645.png,labels/2019-09-16-12-52-12/000645.txt
2019-09-16-12-52-12_000646,2019-09-16-12-52-12,000646,train,range_angle,images/2019-09-16-12-52-12/000646.png,labels/2019-09-16-12-52-12/000646.txt
2019-09-16-12-52-12_000647,2019-09-16-12-52-12,000647,train,range_angle,images/2019-09-16-12-52-12/000647.png,labels/2019-09-16-12-52-12/000647.txt
2019-09-16-12-52-12_000648,2019-09-16-12-52-12,000648,train,range_angle,images/2019-09-16-12-52-12/000648.png,labels/2019-09-16-12-52-12/000648.txt
2019-09-16-12-52-12_000649,2019-09-16-12-52-12,000649,train,range_angle,images/2019-09-16-12-52-12/000649.png,labels/2019-09-16-12-52-12/000649.txt
2019-09-16-12-52-12_000650,2019-09-16-12-52-12,000650,train,range_angle,images/2019-09-16-12-52-12/000650.png,labels/2019-09-16-12-52-12/000650.txt
2019-09-16-12-52-12_000651,2019-09-16-12-52-12,000651,train,range_angle,images/2019-09-16-12-52-12/000651.png,labels/2019-09-16-12-52-12/000651.txt
2019-09-16-12-52-12_000652,2019-09-16-12-52-12,000652,train,range_angle,images/2019-09-16-12-52-12/000652.png,labels/2019-09-16-12-52-12/000652.txt
2019-09-16-12-52-12_000653,2019-09-16-12-52-12,000653,train,range_angle,images/2019-09-16-12-52-12/000653.png,labels/2019-09-16-12-52-12/000653.txt
2019-09-16-12-52-12_000654,2019-09-16-12-52-12,000654,train,range_angle,images/2019-09-16-12-52-12/000654.png,labels/2019-09-16-12-52-12/000654.txt
2019-09-16-12-52-12_000655,2019-09-16-12-52-12,000655,train,range_angle,images/2019-09-16-12-52-12/000655.png,labels/2019-09-16-12-52-12/000655.txt
2019-09-16-12-52-12_000656,2019-09-16-12-52-12,000656,train,range_angle,images/2019-09-16-12-52-12/000656.png,labels/2019-09-16-12-52-12/000656.txt
2019-09-16-12-52-12_000657,2019-09-16-12-52-12,000657,train,range_angle,images/2019-09-16-12-52-12/000657.png,labels/2019-09-16-12-52-12/000657.txt
2019-09-16-12-52-12_000658,2019-09-16-12-52-12,000658,train,range_angle,images/2019-09-16-12-52-12/000658.png,labels/2019-09-16-12-52-12/000658.txt
2019-09-16-12-52-12_000659,2019-09-16-12-52-12,000659,train,range_angle,images/2019-09-16-12-52-12/000659.png,labels/2019-09-16-12-52-12/000659.txt
2019-09-16-12-52-12_000660,2019-09-16-12-52-12,000660,train,range_angle,images/2019-09-16-12-52-12/000660.png,labels/2019-09-16-12-52-12/000660.txt
2019-09-16-12-52-12_000661,2019-09-16-12-52-12,000661,train,range_angle,images/2019-09-16-12-52-12/000661.png,labels/2019-09-16-12-52-12/000661.txt
2019-09-16-12-52-12_000662,2019-09-16-12-52-12,000662,train,range_angle,images/2019-09-16-12-52-12/000662.png,labels/2019-09-16-12-52-12/000662.txt
2019-09-16-12-52-12_000663,2019-09-16-12-52-12,000663,train,range_angle,images/2019-09-16-12-52-12/000663.png,labels/2019-09-16-12-52-12/000663.txt
2019-09-16-12-52-12_000664,2019-09-16-12-52-12,000664,train,range_angle,images/2019-09-16-12-52-12/000664.png,labels/2019-09-16-12-52-12/000664.txt
2019-09-16-12-52-12_000665,2019-09-16-12-52-12,000665,train,range_angle,images/2019-09-16-12-52-12/000665.png,labels/2019-09-16-12-52-12/000665.txt
2019-09-16-12-52-12_000666,2019-09-16-12-52-12,000666,train,range_angle,images/2019-09-16-12-52-12/000666.png,labels/2019-09-16-12-52-12/000666.txt
2019-09-16-12-52-12_000667,2019-09-16-12-52-12,000667,train,range_angle,images/2019-09-16-12-52-12/000667.png,labels/2019-09-16-12-52-12/000667.txt
2019-09-16-12-52-12_000668,2019-09-16-12-52-12,000668,train,range_angle,images/2019-09-16-12-52-12/000668.png,labels/2019-09-16-12-52-12/000668.txt
2019-09-16-12-52-12_000669,2019-09-16-12-52-12,000669,train,range_angle,images/2019-09-16-12-52-12/000669.png,labels/2019-09-16-12-52-12/000669.txt
2019-09-16-12-52-12_000670,2019-09-16-12-52-12,000670,train,range_angle,images/2019-09-16-12-52-12/000670.png,labels/2019-09-16-12-52-12/000670.txt
2019-09-16-12-52-12_000671,2019-09-16-12-52-12,000671,train,range_angle,images/2019-09-16-12-52-12/000671.png,labels/2019-09-16-12-52-12/000671.txt
2019-09-16-12-52-12_000672,2019-09-16-12-52-12,000672,train,range_angle,images/2019-09-16-12-52-12/000672.png,labels/2019-09-16-12-52-12/000672.txt
2019-09-16-12-52-12_000673,2019-09-16-12-52-12,000673,train,range_angle,images/2019-09-16-12-52-12/000673.png,labels/2019-09-16-12-52-12/000673.txt
2019-09-16-12-52-12_000674,2019-09-16-12-52-12,000674,train,range_angle,images/2019-09-16-12-52-12/000674.png,labels/2019-09-16-12-52-12/000674.txt
2019-09-16-12-52-12_000675,2019-09-16-12-52-12,000675,train,range_angle,images/2019-09-16-12-52-12/000675.png,labels/2019-09-16-12-52-12/000675.txt
2019-09-16-12-52-12_000676,2019-09-16-12-52-12,000676,train,range_angle,images/2019-09-16-12-52-12/000676.png,labels/2019-09-16-12-52-12/000676.txt
2019-09-16-12-52-12_000677,2019-09-16-12-52-12,000677,train,range_angle,images/2019-09-16-12-52-12/000677.png,labels/2019-09-16-12-52-12/000677.txt
2019-09-16-12-52-12_000678,2019-09-16-12-52-12,000678,train,range_angle,images/2019-09-16-12-52-12/000678.png,labels/2019-09-16-12-52-12/000678.txt
2019-09-16-12-52-12_000679,2019-09-16-12-52-12,000679,train,range_angle,images/2019-09-16-12-52-12/000679.png,labels/2019-09-16-12-52-12/000679.txt
2019-09-16-12-52-12_000680,2019-09-16-12-52-12,000680,train,range_angle,images/2019-09-16-12-52-12/000680.png,labels/2019-09-16-12-52-12/000680.txt
2019-09-16-12-52-12_000681,2019-09-16-12-52-12,000681,train,range_angle,images/2019-09-16-12-52-12/000681.png,labels/2019-09-16-12-52-12/000681.txt
2019-09-16-12-52-12_000682,2019-09-16-12-52-12,000682,train,range_angle,images/2019-09-16-12-52-12/000682.png,labels/2019-09-16-12-52-12/000682.txt
2019-09-16-12-52-12_000683,2019-09-16-12-52-12,000683,train,range_angle,images/2019-09-16-12-52-12/000683.png,labels/2019-09-16-12-52-12/000683.txt
2019-09-16-12-52-12_000684,2019-09-16-12-52-12,000684,train,range_angle,images/2019-09-16-12-52-12/000684.png,labels/2019-09-16-12-52-12/000684.txt
2019-09-16-12-52-12_000685,2019-09-16-12-52-12,000685,train,range_angle,images/2019-09-16-12-52-12/000685.png,labels/2019-09-16-12-52-12/000685.txt
2019-09-16-12-52-12_000686,2019-09-16-12-52-12,000686,train,range_angle,images/2019-09-16-12-52-12/000686.png,labels/2019-09-16-12-52-12/000686.txt
2019-09-16-12-52-12_000687,2019-09-16-12-52-12,000687,train,range_angle,images/2019-09-16-12-52-12/000687.png,labels/2019-09-16-12-52-12/000687.txt
2019-09-16-12-52-12_000688,2019-09-16-12-52-12,000688,train,range_angle,images/2019-09-16-12-52-12/000688.png,labels/2019-09-16-12-52-12/000688.txt
2019-09-16-12-52-12_000689,2019-09-16-12-52-12,000689,train,range_angle,images/2019-09-16-12-52-12/000689.png,labels/2019-09-16-12-52-12/000689.txt
2019-09-16-12-52-12_000690,2019-09-16-12-52-12,000690,train,range_angle,images/2019-09-16-12-52-12/000690.png,labels/2019-09-16-12-52-12/000690.txt
2019-09-16-12-52-12_000691,2019-09-16-12-52-12,000691,train,range_angle,images/2019-09-16-12-52-12/000691.png,labels/2019-09-16-12-52-12/000691.txt
2019-09-16-12-52-12_000692,2019-09-16-12-52-12,000692,train,range_angle,images/2019-09-16-12-52-12/000692.png,labels/2019-09-16-12-52-12/000692.txt
2019-09-16-12-52-12_000693,2019-09-16-12-52-12,000693,train,range_angle,images/2019-09-16-12-52-12/000693.png,labels/2019-09-16-12-52-12/000693.txt
2019-09-16-12-52-12_000694,2019-09-16-12-52-12,000694,train,range_angle,images/2019-09-16-12-52-12/000694.png,labels/2019-09-16-12-52-12/000694.txt
2019-09-16-12-52-12_000695,2019-09-16-12-52-12,000695,train,range_angle,images/2019-09-16-12-52-12/000695.png,labels/2019-09-16-12-52-12/000695.txt
2019-09-16-12-52-12_000696,2019-09-16-12-52-12,000696,train,range_angle,images/2019-09-16-12-52-12/000696.png,labels/2019-09-16-12-52-12/000696.txt
2019-09-16-12-52-12_000697,2019-09-16-12-52-12,000697,train,range_angle,images/2019-09-16-12-52-12/000697.png,labels/2019-09-16-12-52-12/000697.txt
2019-09-16-12-52-12_000698,2019-09-16-12-52-12,000698,train,range_angle,images/2019-09-16-12-52-12/000698.png,labels/2019-09-16-12-52-12/000698.txt
2019-09-16-12-52-12_000699,2019-09-16-12-52-12,000699,train,range_angle,images/2019-09-16-12-52-12/000699.png,labels/2019-09-16-12-52-12/000699.txt
2019-09-16-12-52-12_000700,2019-09-16-12-52-12,000700,train,range_angle,images/2019-09-16-12-52-12/000700.png,labels/2019-09-16-12-52-12/000700.txt
2019-09-16-12-52-12_000701,2019-09-16-12-52-12,000701,train,range_angle,images/2019-09-16-12-52-12/000701.png,labels/2019-09-16-12-52-12/000701.txt
2019-09-16-12-52-12_000702,2019-09-16-12-52-12,000702,train,range_angle,images/2019-09-16-12-52-12/000702.png,labels/2019-09-16-12-52-12/000702.txt
2019-09-16-12-52-12_000703,2019-09-16-12-52-12,000703,train,range_angle,images/2019-09-16-12-52-12/000703.png,labels/2019-09-16-12-52-12/000703.txt
2019-09-16-12-52-12_000704,2019-09-16-12-52-12,000704,train,range_angle,images/2019-09-16-12-52-12/000704.png,labels/2019-09-16-12-52-12/000704.txt
2019-09-16-12-52-12_000705,2019-09-16-12-52-12,000705,train,range_angle,images/2019-09-16-12-52-12/000705.png,labels/2019-09-16-12-52-12/000705.txt
2019-09-16-12-52-12_000706,2019-09-16-12-52-12,000706,train,range_angle,images/2019-09-16-12-52-12/000706.png,labels/2019-09-16-12-52-12/000706.txt
2019-09-16-12-52-12_000707,2019-09-16-12-52-12,000707,train,range_angle,images/2019-09-16-12-52-12/000707.png,labels/2019-09-16-12-52-12/000707.txt
2019-09-16-12-52-12_000708,2019-09-16-12-52-12,000708,train,range_angle,images/2019-09-16-12-52-12/000708.png,labels/2019-09-16-12-52-12/000708.txt
2019-09-16-12-52-12_000709,2019-09-16-12-52-12,000709,train,range_angle,images/2019-09-16-12-52-12/000709.png,labels/2019-09-16-12-52-12/000709.txt
2019-09-16-12-52-12_000710,2019-09-16-12-52-12,000710,train,range_angle,images/2019-09-16-12-52-12/000710.png,labels/2019-09-16-12-52-12/000710.txt
2019-09-16-12-52-12_000711,2019-09-16-12-52-12,000711,train,range_angle,images/2019-09-16-12-52-12/000711.png,labels/2019-09-16-12-52-12/000711.txt
2019-09-16-12-52-12_000712,2019-09-16-12-52-12,000712,train,range_angle,images/2019-09-16-12-52-12/000712.png,labels/2019-09-16-12-52-12/000712.txt
2019-09-16-12-52-12_000713,2019-09-16-12-52-12,000713,train,range_angle,images/2019-09-16-12-52-12/000713.png,labels/2019-09-16-12-52-12/000713.txt
2019-09-16-12-52-12_000714,2019-09-16-12-52-12,000714,train,range_angle,images/2019-09-16-12-52-12/000714.png,labels/2019-09-16-12-52-12/000714.txt
2019-09-16-12-52-12_000715,2019-09-16-12-52-12,000715,train,range_angle,images/2019-09-16-12-52-12/000715.png,labels/2019-09-16-12-52-12/000715.txt
2019-09-16-12-52-12_000716,2019-09-16-12-52-12,000716,train,range_angle,images/2019-09-16-12-52-12/000716.png,labels/2019-09-16-12-52-12/000716.txt
2019-09-16-12-52-12_000717,2019-09-16-12-52-12,000717,train,range_angle,images/2019-09-16-12-52-12/000717.png,labels/2019-09-16-12-52-12/000717.txt
2019-09-16-12-52-12_000718,2019-09-16-12-52-12,000718,train,range_angle,images/2019-09-16-12-52-12/000718.png,labels/2019-09-16-12-52-12/000718.txt
2019-09-16-12-52-12_000719,2019-09-16-12-52-12,000719,train,range_angle,images/2019-09-16-12-52-12/000719.png,labels/2019-09-16-12-52-12/000719.txt
2019-09-16-12-52-12_000720,2019-09-16-12-52-12,000720,train,range_angle,images/2019-09-16-12-52-12/000720.png,labels/2019-09-16-12-52-12/000720.txt
2019-09-16-12-52-12_000721,2019-09-16-12-52-12,000721,train,range_angle,images/2019-09-16-12-52-12/000721.png,labels/2019-09-16-12-52-12/000721.txt
2019-09-16-12-52-12_000722,2019-09-16-12-52-12,000722,train,range_angle,images/2019-09-16-12-52-12/000722.png,labels/2019-09-16-12-52-12/000722.txt
2019-09-16-12-52-12_000723,2019-09-16-12-52-12,000723,train,range_angle,images/2019-09-16-12-52-12/000723.png,labels/2019-09-16-12-52-12/000723.txt
2019-09-16-12-52-12_000724,2019-09-16-12-52-12,000724,train,range_angle,images/2019-09-16-12-52-12/000724.png,labels/2019-09-16-12-52-12/000724.txt
2019-09-16-12-52-12_000725,2019-09-16-12-52-12,000725,train,range_angle,images/2019-09-16-12-52-12/000725.png,labels/2019-09-16-12-52-12/000725.txt
2019-09-16-12-52-12_000726,2019-09-16-12-52-12,000726,train,range_angle,images/2019-09-16-12-52-12/000726.png,labels/2019-09-16-12-52-12/000726.txt
2019-09-16-12-52-12_000727,2019-09-16-12-52-12,000727,train,range_angle,images/2019-09-16-12-52-12/000727.png,labels/2019-09-16-12-52-12/000727.txt
2019-09-16-12-52-12_000728,2019-09-16-12-52-12,000728,train,range_angle,images/2019-09-16-12-52-12/000728.png,labels/2019-09-16-12-52-12/000728.txt
2019-09-16-12-52-12_000729,2019-09-16-12-52-12,000729,train,range_angle,images/2019-09-16-12-52-12/000729.png,labels/2019-09-16-12-52-12/000729.txt
2019-09-16-12-52-12_000730,2019-09-16-12-52-12,000730,train,range_angle,images/2019-09-16-12-52-12/000730.png,labels/2019-09-16-12-52-12/000730.txt
2019-09-16-12-52-12_000731,2019-09-16-12-52-12,000731,train,range_angle,images/2019-09-16-12-52-12/000731.png,labels/2019-09-16-12-52-12/000731.txt
2019-09-16-12-52-12_000732,2019-09-16-12-52-12,000732,train,range_angle,images/2019-09-16-12-52-12/000732.png,labels/2019-09-16-12-52-12/000732.txt
2019-09-16-12-52-12_000733,2019-09-16-12-52-12,000733,train,range_angle,images/2019-09-16-12-52-12/000733.png,labels/2019-09-16-12-52-12/000733.txt
2019-09-16-12-52-12_000734,2019-09-16-12-52-12,000734,train,range_angle,images/2019-09-16-12-52-12/000734.png,labels/2019-09-16-12-52-12/000734.txt
2019-09-16-12-52-12_000735,2019-09-16-12-52-12,000735,train,range_angle,images/2019-09-16-12-52-12/000735.png,labels/2019-09-16-12-52-12/000735.txt
2019-09-16-12-52-12_000736,2019-09-16-12-52-12,000736,train,range_angle,images/2019-09-16-12-52-12/000736.png,labels/2019-09-16-12-52-12/000736.txt
2019-09-16-12-52-12_000737,2019-09-16-12-52-12,000737,train,range_angle,images/2019-09-16-12-52-12/000737.png,labels/2019-09-16-12-52-12/000737.txt
2019-09-16-12-52-12_000738,2019-09-16-12-52-12,000738,train,range_angle,images/2019-09-16-12-52-12/000738.png,labels/2019-09-16-12-52-12/000738.txt
2019-09-16-12-52-12_000739,2019-09-16-12-52-12,000739,train,range_angle,images/2019-09-16-12-52-12/000739.png,labels/2019-09-16-12-52-12/000739.txt
2019-09-16-12-52-12_000740,2019-09-16-12-52-12,000740,train,range_angle,images/2019-09-16-12-52-12/000740.png,labels/2019-09-16-12-52-12/000740.txt
2019-09-16-12-52-12_000741,2019-09-16-12-52-12,000741,train,range_angle,images/2019-09-16-12-52-12/000741.png,labels/2019-09-16-12-52-12/000741.txt
2019-09-16-12-52-12_000742,2019-09-16-12-52-12,000742,train,range_angle,images/2019-09-16-12-52-12/000742.png,labels/2019-09-16-12-52-12/000742.txt
2019-09-16-12-52-12_000743,2019-09-16-12-52-12,000743,train,range_angle,images/2019-09-16-12-52-12/000743.png,labels/2019-09-16-12-52-12/000743.txt
2019-09-16-12-52-12_000744,2019-09-16-12-52-12,000744,train,range_angle,images/2019-09-16-12-52-12/000744.png,labels/2019-09-16-12-52-12/000744.txt
2019-09-16-12-52-12_000745,2019-09-16-12-52-12,000745,train,range_angle,images/2019-09-16-12-52-12/000745.png,labels/2019-09-16-12-52-12/000745.txt
2019-09-16-12-52-12_000746,2019-09-16-12-52-12,000746,train,range_angle,images/2019-09-16-12-52-12/000746.png,labels/2019-09-16-12-52-12/000746.txt
2019-09-16-12-52-12_000747,2019-09-16-12-52-12,000747,train,range_angle,images/2019-09-16-12-52-12/000747.png,labels/2019-09-16-12-52-12/000747.txt
2019-09-16-12-52-12_000748,2019-09-16-12-52-12,000748,train,range_angle,images/2019-09-16-12-52-12/000748.png,labels/2019-09-16-12-52-12/000748.txt
2019-09-16-12-52-12_000749,2019-09-16-12-52-12,000749,train,range_angle,images/2019-09-16-12-52-12/000749.png,labels/2019-09-16-12-52-12/000749.txt
2019-09-16-12-52-12_000750,2019-09-16-12-52-12,000750,train,range_angle,images/2019-09-16-12-52-12/000750.png,labels/2019-09-16-12-52-12/000750.txt
2019-09-16-12-52-12_000751,2019-09-16-12-52-12,000751,train,range_angle,images/2019-09-16-12-52-12/000751.png,labels/2019-09-16-12-52-12/000751.txt
2019-09-16-12-52-12_000752,2019-09-16-12-52-12,000752,train,range_angle,images/2019-09-16-12-52-12/000752.png,labels/2019-09-16-12-52-12/000752.txt
2019-09-16-12-52-12_000753,2019-09-16-12-52-12,000753,train,range_angle,images/2019-09-16-12-52-12/000753.png,labels/2019-09-16-12-52-12/000753.txt
2019-09-16-12-52-12_000754,2019-09-16-12-52-12,000754,train,range_angle,images/2019-09-16-12-52-12/000754.png,labels/2019-09-16-12-52-12/000754.txt
2019-09-16-12-52-12_000755,2019-09-16-12-52-12,000755,train,range_angle,images/2019-09-16-12-52-12/000755.png,labels/2019-09-16-12-52-12/000755.txt
2019-09-16-12-52-12_000756,2019-09-16-12-52-12,000756,train,range_angle,images/2019-09-16-12-52-12/000756.png,labels/2019-09-16-12-52-12/000756.txt
2019-09-16-12-52-12_000757,2019-09-16-12-52-12,000757,train,range_angle,images/2019-09-16-12-52-12/000757.png,labels/2019-09-16-12-52-12/000757.txt
2019-09-16-12-52-12_000758,2019-09-16-12-52-12,000758,train,range_angle,images/2019-09-16-12-52-12/000758.png,labels/2019-09-16-12-52-12/000758.txt
2019-09-16-12-52-12_000759,2019-09-16-12-52-12,000759,train,range_angle,images/2019-09-16-12-52-12/000759.png,labels/2019-09-16-12-52-12/000759.txt
2019-09-16-12-52-12_000760,2019-09-16-12-52-12,000760,train,range_angle,images/2019-09-16-12-52-12/000760.png,labels/2019-09-16-12-52-12/000760.txt
2019-09-16-12-52-12_000761,2019-09-16-12-52-12,000761,train,range_angle,images/2019-09-16-12-52-12/000761.png,labels/2019-09-16-12-52-12/000761.txt
2019-09-16-12-52-12_000762,2019-09-16-12-52-12,000762,train,range_angle,images/2019-09-16-12-52-12/000762.png,labels/2019-09-16-12-52-12/000762.txt
2019-09-16-12-52-12_000763,2019-09-16-12-52-12,000763,train,range_angle,images/2019-09-16-12-52-12/000763.png,labels/2019-09-16-12-52-12/000763.txt
2019-09-16-12-52-12_000764,2019-09-16-12-52-12,000764,train,range_angle,images/2019-09-16-12-52-12/000764.png,labels/2019-09-16-12-52-12/000764.txt
2019-09-16-12-52-12_000765,2019-09-16-12-52-12,000765,train,range_angle,images/2019-09-16-12-52-12/000765.png,labels/2019-09-16-12-52-12/000765.txt
2019-09-16-12-52-12_000766,2019-09-16-12-52-12,000766,train,range_angle,images/2019-09-16-12-52-12/000766.png,labels/2019-09-16-12-52-12/000766.txt
2019-09-16-12-52-12_000767,2019-09-16-12-52-12,000767,train,range_angle,images/2019-09-16-12-52-12/000767.png,labels/2019-09-16-12-52-12/000767.txt
2019-09-16-12-52-12_000768,2019-09-16-12-52-12,000768,train,range_angle,images/2019-09-16-12-52-12/000768.png,labels/2019-09-16-12-52-12/000768.txt
2019-09-16-12-52-12_000769,2019-09-16-12-52-12,000769,train,range_angle,images/2019-09-16-12-52-12/000769.png,labels/2019-09-16-12-52-12/000769.txt
2019-09-16-12-52-12_000770,2019-09-16-12-52-12,000770,train,range_angle,images/2019-09-16-12-52-12/000770.png,labels/2019-09-16-12-52-12/000770.txt
2019-09-16-12-52-12_000771,2019-09-16-12-52-12,000771,train,range_angle,images/2019-09-16-12-52-12/000771.png,labels/2019-09-16-12-52-12/000771.txt
2019-09-16-12-52-12_000772,2019-09-16-12-52-12,000772,train,range_angle,images/2019-09-16-12-52-12/000772.png,labels/2019-09-16-12-52-12/000772.txt
2019-09-16-12-52-12_000773,2019-09-16-12-52-12,000773,train,range_angle,images/2019-09-16-12-52-12/000773.png,labels/2019-09-16-12-52-12/000773.txt
2019-09-16-12-52-12_000774,2019-09-16-12-52-12,000774,train,range_angle,images/2019-09-16-12-52-12/000774.png,labels/2019-09-16-12-52-12/000774.txt
2019-09-16-12-52-12_000775,2019-09-16-12-52-12,000775,train,range_angle,images/2019-09-16-12-52-12/000775.png,labels/2019-09-16-12-52-12/000775.txt
2019-09-16-12-52-12_000776,2019-09-16-12-52-12,000776,train,range_angle,images/2019-09-16-12-52-12/000776.png,labels/2019-09-16-12-52-12/000776.txt
2019-09-16-12-52-12_000777,2019-09-16-12-52-12,000777,train,range_angle,images/2019-09-16-12-52-12/000777.png,labels/2019-09-16-12-52-12/000777.txt
2019-09-16-12-52-12_000778,2019-09-16-12-52-12,000778,train,range_angle,images/2019-09-16-12-52-12/000778.png,labels/2019-09-16-12-52-12/000778.txt
2019-09-16-12-52-12_000779,2019-09-16-12-52-12,000779,train,range_angle,images/2019-09-16-12-52-12/000779.png,labels/2019-09-16-12-52-12/000779.txt
2019-09-16-12-52-12_000780,2019-09-16-12-52-12,000780,train,range_angle,images/2019-09-16-12-52-12/000780.png,labels/2019-09-16-12-52-12/000780.txt
2019-09-16-12-52-12_000781,2019-09-16-12-52-12,000781,train,range_angle,images/2019-09-16-12-52-12/000781.png,labels/2019-09-16-12-52-12/000781.txt
2019-09-16-12-52-12_000782,2019-09-16-12-52-12,000782,train,range_angle,images/2019-09-16-12-52-12/000782.png,labels/2019-09-16-12-52-12/000782.txt
2019-09-16-12-52-12_000783,2019-09-16-12-52-12,000783,train,range_angle,images/2019-09-16-12-52-12/000783.png,labels/2019-09-16-12-52-12/000783.txt
2019-09-16-12-52-12_000784,2019-09-16-12-52-12,000784,train,range_angle,images/2019-09-16-12-52-12/000784.png,labels/2019-09-16-12-52-12/000784.txt
2019-09-16-12-52-12_000785,2019-09-16-12-52-12,000785,train,range_angle,images/2019-09-16-12-52-12/000785.png,labels/2019-09-16-12-52-12/000785.txt
2019-09-16-12-52-12_000786,2019-09-16-12-52-12,000786,train,range_angle,images/2019-09-16-12-52-12/000786.png,labels/2019-09-16-12-52-12/000786.txt
2019-09-16-12-52-12_000787,2019-09-16-12-52-12,000787,train,range_angle,images/2019-09-16-12-52-12/000787.png,labels/2019-09-16-12-52-12/000787.txt
2019-09-16-12-52-12_000788,2019-09-16-12-52-12,000788,train,range_angle,images/2019-09-16-12-52-12/000788.png,labels/2019-09-16-12-52-12/000788.txt
2019-09-16-12-52-12_000789,2019-09-16-12-52-12,000789,train,range_angle,images/2019-09-16-12-52-12/000789.png,labels/2019-09-16-12-52-12/000789.txt
2019-09-16-12-52-12_000790,2019-09-16-12-52-12,000790,train,range_angle,images/2019-09-16-12-52-12/000790.png,labels/2019-09-16-12-52-12/000790.txt
2019-09-16-12-52-12_000791,2019-09-16-12-52-12,000791,train,range_angle,images/2019-09-16-12-52-12/000791.png,labels/2019-09-16-12-52-12/000791.txt
2019-09-16-12-52-12_000792,2019-09-16-12-52-12,000792,train,range_angle,images/2019-09-16-12-52-12/000792.png,labels/2019-09-16-12-52-12/000792.txt
2019-09-16-12-52-12_000793,2019-09-16-12-52-12,000793,train,range_angle,images/2019-09-16-12-52-12/000793.png,labels/2019-09-16-12-52-12/000793.txt
2019-09-16-12-52-12_000794,2019-09-16-12-52-12,000794,train,range_angle,images/2019-09-16-12-52-12/000794.png,labels/2019-09-16-12-52-12/000794.txt
2019-09-16-12-52-12_000795,2019-09-16-12-52-12,000795,train,range_angle,images/2019-09-16-12-52-12/000795.png,labels/2019-09-16-12-52-12/000795.txt
2019-09-16-12-52-12_000796,2019-09-16-12-52-12,000796,train,range_angle,images/2019-09-16-12-52-12/000796.png,labels/2019-09-16-12-52-12/000796.txt
2019-09-16-12-52-12_000797,2019-09-16-12-52-12,000797,train,range_angle,images/2019-09-16-12-52-12/000797.png,labels/2019-09-16-12-52-12/000797.txt
2019-09-16-12-52-12_000798,2019-09-16-12-52-12,000798,train,range_angle,images/2019-09-16-12-52-12/000798.png,labels/2019-09-16-12-52-12/000798.txt
2019-09-16-12-52-12_000799,2019-09-16-12-52-12,000799,train,range_angle,images/2019-09-16-12-52-12/000799.png,labels/2019-09-16-12-52-12/000799.txt
2019-09-16-12-52-12_000800,2019-09-16-12-52-12,000800,train,range_angle,images/2019-09-16-12-52-12/000800.png,labels/2019-09-16-12-52-12/000800.txt
2019-09-16-12-52-12_000801,2019-09-16-12-52-12,000801,train,range_angle,images/2019-09-16-12-52-12/000801.png,labels/2019-09-16-12-52-12/000801.txt
2019-09-16-12-52-12_000802,2019-09-16-12-52-12,000802,train,range_angle,images/2019-09-16-12-52-12/000802.png,labels/2019-09-16-12-52-12/000802.txt
2019-09-16-12-52-12_000803,2019-09-16-12-52-12,000803,train,range_angle,images/2019-09-16-12-52-12/000803.png,labels/2019-09-16-12-52-12/000803.txt
2019-09-16-12-52-12_000804,2019-09-16-12-52-12,000804,train,range_angle,images/2019-09-16-12-52-12/000804.png,labels/2019-09-16-12-52-12/000804.txt
2019-09-16-12-52-12_000805,2019-09-16-12-52-12,000805,train,range_angle,images/2019-09-16-12-52-12/000805.png,labels/2019-09-16-12-52-12/000805.txt
2019-09-16-12-52-12_000806,2019-09-16-12-52-12,000806,train,range_angle,images/2019-09-16-12-52-12/000806.png,labels/2019-09-16-12-52-12/000806.txt
2019-09-16-12-52-12_000807,2019-09-16-12-52-12,000807,train,range_angle,images/2019-09-16-12-52-12/000807.png,labels/2019-09-16-12-52-12/000807.txt
2019-09-16-12-52-12_000808,2019-09-16-12-52-12,000808,train,range_angle,images/2019-09-16-12-52-12/000808.png,labels/2019-09-16-12-52-12/000808.txt
2019-09-16-12-52-12_000809,2019-09-16-12-52-12,000809,train,range_angle,images/2019-09-16-12-52-12/000809.png,labels/2019-09-16-12-52-12/000809.txt
2019-09-16-12-52-12_000810,2019-09-16-12-52-12,000810,train,range_angle,images/2019-09-16-12-52-12/000810.png,labels/2019-09-16-12-52-12/000810.txt
2019-09-16-12-52-12_000811,2019-09-16-12-52-12,000811,train,range_angle,images/2019-09-16-12-52-12/000811.png,labels/2019-09-16-12-52-12/000811.txt
2019-09-16-12-52-12_000812,2019-09-16-12-52-12,000812,train,range_angle,images/2019-09-16-12-52-12/000812.png,labels/2019-09-16-12-52-12/000812.txt
2019-09-16-12-52-12_000813,2019-09-16-12-52-12,000813,train,range_angle,images/2019-09-16-12-52-12/000813.png,labels/2019-09-16-12-52-12/000813.txt
2019-09-16-12-52-12_000814,2019-09-16-12-52-12,000814,train,range_angle,images/2019-09-16-12-52-12/000814.png,labels/2019-09-16-12-52-12/000814.txt
2019-09-16-12-52-12_000815,2019-09-16-12-52-12,000815,train,range_angle,images/2019-09-16-12-52-12/000815.png,labels/2019-09-16-12-52-12/000815.txt
2019-09-16-12-52-12_000816,2019-09-16-12-52-12,000816,train,range_angle,images/2019-09-16-12-52-12/000816.png,labels/2019-09-16-12-52-12/000816.txt
2019-09-16-12-52-12_000817,2019-09-16-12-52-12,000817,train,range_angle,images/2019-09-16-12-52-12/000817.png,labels/2019-09-16-12-52-12/000817.txt
2019-09-16-12-52-12_000818,2019-09-16-12-52-12,000818,train,range_angle,images/2019-09-16-12-52-12/000818.png,labels/2019-09-16-12-52-12/000818.txt
2019-09-16-12-52-12_000819,2019-09-16-12-52-12,000819,train,range_angle,images/2019-09-16-12-52-12/000819.png,labels/2019-09-16-12-52-12/000819.txt
2019-09-16-12-52-12_000820,2019-09-16-12-52-12,000820,train,range_angle,images/2019-09-16-12-52-12/000820.png,labels/2019-09-16-12-52-12/000820.txt
2019-09-16-12-52-12_000821,2019-09-16-12-52-12,000821,train,range_angle,images/2019-09-16-12-52-12/000821.png,labels/2019-09-16-12-52-12/000821.txt
2019-09-16-12-52-12_000822,2019-09-16-12-52-12,000822,train,range_angle,images/2019-09-16-12-52-12/000822.png,labels/2019-09-16-12-52-12/000822.txt
2019-09-16-12-52-12_000823,2019-09-16-12-52-12,000823,train,range_angle,images/2019-09-16-12-52-12/000823.png,labels/2019-09-16-12-52-12/000823.txt
2019-09-16-12-52-12_000824,2019-09-16-12-52-12,000824,train,range_angle,images/2019-09-16-12-52-12/000824.png,labels/2019-09-16-12-52-12/000824.txt
2019-09-16-12-52-12_000825,2019-09-16-12-52-12,000825,train,range_angle,images/2019-09-16-12-52-12/000825.png,labels/2019-09-16-12-52-12/000825.txt
2019-09-16-12-52-12_000826,2019-09-16-12-52-12,000826,train,range_angle,images/2019-09-16-12-52-12/000826.png,labels/2019-09-16-12-52-12/000826.txt
2019-09-16-12-52-12_000827,2019-09-16-12-52-12,000827,train,range_angle,images/2019-09-16-12-52-12/000827.png,labels/2019-09-16-12-52-12/000827.txt
2019-09-16-12-52-12_000828,2019-09-16-12-52-12,000828,train,range_angle,images/2019-09-16-12-52-12/000828.png,labels/2019-09-16-12-52-12/000828.txt
2019-09-16-12-52-12_000829,2019-09-16-12-52-12,000829,train,range_angle,images/2019-09-16-12-52-12/000829.png,labels/2019-09-16-12-52-12/000829.txt
2019-09-16-12-52-12_000830,2019-09-16-12-52-12,000830,train,range_angle,images/2019-09-16-12-52-12/000830.png,labels/2019-09-16-12-52-12/000830.txt
2019-09-16-12-52-12_000831,2019-09-16-12-52-12,000831,train,range_angle,images/2019-09-16-12-52-12/000831.png,labels/2019-09-16-12-52-12/000831.txt
2019-09-16-12-52-12_000832,2019-09-16-12-52-12,000832,train,range_angle,images/2019-09-16-12-52-12/000832.png,labels/2019-09-16-12-52-12/000832.txt
2019-09-16-12-52-12_000833,2019-09-16-12-52-12,000833,train,range_angle,images/2019-09-16-12-52-12/000833.png,labels/2019-09-16-12-52-12/000833.txt
2019-09-16-12-52-12_000834,2019-09-16-12-52-12,000834,train,range_angle,images/2019-09-16-12-52-12/000834.png,labels/2019-09-16-12-52-12/000834.txt
2019-09-16-12-52-12_000835,2019-09-16-12-52-12,000835,train,range_angle,images/2019-09-16-12-52-12/000835.png,labels/2019-09-16-12-52-12/000835.txt
2019-09-16-12-52-12_000836,2019-09-16-12-52-12,000836,train,range_angle,images/2019-09-16-12-52-12/000836.png,labels/2019-09-16-12-52-12/000836.txt
2019-09-16-12-52-12_000837,2019-09-16-12-52-12,000837,train,range_angle,images/2019-09-16-12-52-12/000837.png,labels/2019-09-16-12-52-12/000837.txt
2019-09-16-12-52-12_000838,2019-09-16-12-52-12,000838,train,range_angle,images/2019-09-16-12-52-12/000838.png,labels/2019-09-16-12-52-12/000838.txt
2019-09-16-12-52-12_000839,2019-09-16-12-52-12,000839,train,range_angle,images/2019-09-16-12-52-12/000839.png,labels/2019-09-16-12-52-12/000839.txt
2019-09-16-12-52-12_000840,2019-09-16-12-52-12,000840,train,range_angle,images/2019-09-16-12-52-12/000840.png,labels/2019-09-16-12-52-12/000840.txt
2019-09-16-12-52-12_000841,2019-09-16-12-52-12,000841,train,range_angle,images/2019-09-16-12-52-12/000841.png,labels/2019-09-16-12-52-12/000841.txt
2019-09-16-12-52-12_000842,2019-09-16-12-52-12,000842,train,range_angle,images/2019-09-16-12-52-12/000842.png,labels/2019-09-16-12-52-12/000842.txt
2019-09-16-12-52-12_000843,2019-09-16-12-52-12,000843,train,range_angle,images/2019-09-16-12-52-12/000843.png,labels/2019-09-16-12-52-12/000843.txt
2019-09-16-12-52-12_000844,2019-09-16-12-52-12,000844,train,range_angle,images/2019-09-16-12-52-12/000844.png,labels/2019-09-16-12-52-12/000844.txt
2019-09-16-12-52-12_000845,2019-09-16-12-52-12,000845,train,range_angle,images/2019-09-16-12-52-12/000845.png,labels/2019-09-16-12-52-12/000845.txt
2019-09-16-12-52-12_000846,2019-09-16-12-52-12,000846,train,range_angle,images/2019-09-16-12-52-12/000846.png,labels/2019-09-16-12-52-12/000846.txt
2019-09-16-12-52-12_000847,2019-09-16-12-52-12,000847,train,range_angle,images/2019-09-16-12-52-12/000847.png,labels/2019-09-16-12-52-12/000847.txt
2019-09-16-12-52-12_000848,2019-09-16-12-52-12,000848,train,range_angle,images/2019-09-16-12-52-12/000848.png,labels/2019-09-16-12-52-12/000848.txt
2019-09-16-12-52-12_000849,2019-09-16-12-52-12,000849,train,range_angle,images/2019-09-16-12-52-12/000849.png,labels/2019-09-16-12-52-12/000849.txt
2019-09-16-12-52-12_000850,2019-09-16-12-52-12,000850,train,range_angle,images/2019-09-16-12-52-12/000850.png,labels/2019-09-16-12-52-12/000850.txt
2019-09-16-12-52-12_000851,2019-09-16-12-52-12,000851,train,range_angle,images/2019-09-16-12-52-12/000851.png,labels/2019-09-16-12-52-12/000851.txt
2019-09-16-12-52-12_000852,2019-09-16-12-52-12,000852,train,range_angle,images/2019-09-16-12-52-12/000852.png,labels/2019-09-16-12-52-12/000852.txt
2019-09-16-12-52-12_000853,2019-09-16-12-52-12,000853,train,range_angle,images/2019-09-16-12-52-12/000853.png,labels/2019-09-16-12-52-12/000853.txt
2019-09-16-12-52-12_000854,2019-09-16-12-52-12,000854,train,range_angle,images/2019-09-16-12-52-12/000854.png,labels/2019-09-16-12-52-12/000854.txt
2019-09-16-12-52-12_000855,2019-09-16-12-52-12,000855,train,range_angle,images/2019-09-16-12-52-12/000855.png,labels/2019-09-16-12-52-12/000855.txt
2019-09-16-12-52-12_000856,2019-09-16-12-52-12,000856,train,range_angle,images/2019-09-16-12-52-12/000856.png,labels/2019-09-16-12-52-12/000856.txt
2019-09-16-12-52-12_000857,2019-09-16-12-52-12,000857,train,range_angle,images/2019-09-16-12-52-12/000857.png,labels/2019-09-16-12-52-12/000857.txt
2019-09-16-12-52-12_000858,2019-09-16-12-52-12,000858,train,range_angle,images/2019-09-16-12-52-12/000858.png,labels/2019-09-16-12-52-12/000858.txt
2019-09-16-12-52-12_000859,2019-09-16-12-52-12,000859,train,range_angle,images/2019-09-16-12-52-12/000859.png,labels/2019-09-16-12-52-12/000859.txt
2019-09-16-12-52-12_000860,2019-09-16-12-52-12,000860,train,range_angle,images/2019-09-16-12-52-12/000860.png,labels/2019-09-16-12-52-12/000860.txt
2019-09-16-12-52-12_000861,2019-09-16-12-52-12,000861,train,range_angle,images/2019-09-16-12-52-12/000861.png,labels/2019-09-16-12-52-12/000861.txt
2019-09-16-12-52-12_000862,2019-09-16-12-52-12,000862,train,range_angle,images/2019-09-16-12-52-12/000862.png,labels/2019-09-16-12-52-12/000862.txt
2019-09-16-12-52-12_000863,2019-09-16-12-52-12,000863,train,range_angle,images/2019-09-16-12-52-12/000863.png,labels/2019-09-16-12-52-12/000863.txt
2019-09-16-12-52-12_000864,2019-09-16-12-52-12,000864,train,range_angle,images/2019-09-16-12-52-12/000864.png,labels/2019-09-16-12-52-12/000864.txt
2019-09-16-12-52-12_000865,2019-09-16-12-52-12,000865,train,range_angle,images/2019-09-16-12-52-12/000865.png,labels/2019-09-16-12-52-12/000865.txt
2019-09-16-12-52-12_000866,2019-09-16-12-52-12,000866,train,range_angle,images/2019-09-16-12-52-12/000866.png,labels/2019-09-16-12-52-12/000866.txt
2019-09-16-12-52-12_000867,2019-09-16-12-52-12,000867,train,range_angle,images/2019-09-16-12-52-12/000867.png,labels/2019-09-16-12-52-12/000867.txt
2019-09-16-12-52-12_000868,2019-09-16-12-52-12,000868,train,range_angle,images/2019-09-16-12-52-12/000868.png,labels/2019-09-16-12-52-12/000868.txt
2019-09-16-12-52-12_000869,2019-09-16-12-52-12,000869,train,range_angle,images/2019-09-16-12-52-12/000869.png,labels/2019-09-16-12-52-12/000869.txt
2019-09-16-12-52-12_000870,2019-09-16-12-52-12,000870,train,range_angle,images/2019-09-16-12-52-12/000870.png,labels/2019-09-16-12-52-12/000870.txt
2019-09-16-12-52-12_000871,2019-09-16-12-52-12,000871,train,range_angle,images/2019-09-16-12-52-12/000871.png,labels/2019-09-16-12-52-12/000871.txt
2019-09-16-12-52-12_000872,2019-09-16-12-52-12,000872,train,range_angle,images/2019-09-16-12-52-12/000872.png,labels/2019-09-16-12-52-12/000872.txt
2019-09-16-12-52-12_000873,2019-09-16-12-52-12,000873,train,range_angle,images/2019-09-16-12-52-12/000873.png,labels/2019-09-16-12-52-12/000873.txt
2019-09-16-12-52-12_000874,2019-09-16-12-52-12,000874,train,range_angle,images/2019-09-16-12-52-12/000874.png,labels/2019-09-16-12-52-12/000874.txt
2019-09-16-12-52-12_000875,2019-09-16-12-52-12,000875,train,range_angle,images/2019-09-16-12-52-12/000875.png,labels/2019-09-16-12-52-12/000875.txt
2019-09-16-12-52-12_000876,2019-09-16-12-52-12,000876,train,range_angle,images/2019-09-16-12-52-12/000876.png,labels/2019-09-16-12-52-12/000876.txt
2019-09-16-12-52-12_000877,2019-09-16-12-52-12,000877,train,range_angle,images/2019-09-16-12-52-12/000877.png,labels/2019-09-16-12-52-12/000877.txt
2019-09-16-12-52-12_000878,2019-09-16-12-52-12,000878,train,range_angle,images/2019-09-16-12-52-12/000878.png,labels/2019-09-16-12-52-12/000878.txt
2019-09-16-12-52-12_000879,2019-09-16-12-52-12,000879,train,range_angle,images/2019-09-16-12-52-12/000879.png,labels/2019-09-16-12-52-12/000879.txt
2019-09-16-12-52-12_000880,2019-09-16-12-52-12,000880,train,range_angle,images/2019-09-16-12-52-12/000880.png,labels/2019-09-16-12-52-12/000880.txt
2019-09-16-12-52-12_000881,2019-09-16-12-52-12,000881,train,range_angle,images/2019-09-16-12-52-12/000881.png,labels/2019-09-16-12-52-12/000881.txt
2019-09-16-12-52-12_000882,2019-09-16-12-52-12,000882,train,range_angle,images/2019-09-16-12-52-12/000882.png,labels/2019-09-16-12-52-12/000882.txt
2019-09-16-12-52-12_000883,2019-09-16-12-52-12,000883,train,range_angle,images/2019-09-16-12-52-12/000883.png,labels/2019-09-16-12-52-12/000883.txt
2019-09-16-12-52-12_000884,2019-09-16-12-52-12,000884,train,range_angle,images/2019-09-16-12-52-12/000884.png,labels/2019-09-16-12-52-12/000884.txt
2019-09-16-12-52-12_000885,2019-09-16-12-52-12,000885,train,range_angle,images/2019-09-16-12-52-12/000885.png,labels/2019-09-16-12-52-12/000885.txt
2019-09-16-12-52-12_000886,2019-09-16-12-52-12,000886,train,range_angle,images/2019-09-16-12-52-12/000886.png,labels/2019-09-16-12-52-12/000886.txt
2019-09-16-12-52-12_000887,2019-09-16-12-52-12,000887,train,range_angle,images/2019-09-16-12-52-12/000887.png,labels/2019-09-16-12-52-12/000887.txt
2019-09-16-12-52-12_000888,2019-09-16-12-52-12,000888,train,range_angle,images/2019-09-16-12-52-12/000888.png,labels/2019-09-16-12-52-12/000888.txt
2019-09-16-12-52-12_000889,2019-09-16-12-52-12,000889,train,range_angle,images/2019-09-16-12-52-12/000889.png,labels/2019-09-16-12-52-12/000889.txt
2019-09-16-12-52-12_000890,2019-09-16-12-52-12,000890,train,range_angle,images/2019-09-16-12-52-12/000890.png,labels/2019-09-16-12-52-12/000890.txt
2019-09-16-12-52-12_000891,2019-09-16-12-52-12,000891,train,range_angle,images/2019-09-16-12-52-12/000891.png,labels/2019-09-16-12-52-12/000891.txt
2019-09-16-12-52-12_000892,2019-09-16-12-52-12,000892,train,range_angle,images/2019-09-16-12-52-12/000892.png,labels/2019-09-16-12-52-12/000892.txt
2019-09-16-12-52-12_000893,2019-09-16-12-52-12,000893,train,range_angle,images/2019-09-16-12-52-12/000893.png,labels/2019-09-16-12-52-12/000893.txt
2019-09-16-12-52-12_000894,2019-09-16-12-52-12,000894,train,range_angle,images/2019-09-16-12-52-12/000894.png,labels/2019-09-16-12-52-12/000894.txt
2019-09-16-12-52-12_000895,2019-09-16-12-52-12,000895,train,range_angle,images/2019-09-16-12-52-12/000895.png,labels/2019-09-16-12-52-12/000895.txt
2019-09-16-12-52-12_000896,2019-09-16-12-52-12,000896,train,range_angle,images/2019-09-16-12-52-12/000896.png,labels/2019-09-16-12-52-12/000896.txt
2019-09-16-12-52-12_000897,2019-09-16-12-52-12,000897,train,range_angle,images/2019-09-16-12-52-12/000897.png,labels/2019-09-16-12-52-12/000897.txt
2019-09-16-12-52-12_000898,2019-09-16-12-52-12,000898,train,range_angle,images/2019-09-16-12-52-12/000898.png,labels/2019-09-16-12-52-12/000898.txt
2019-09-16-12-52-12_000899,2019-09-16-12-52-12,000899,train,range_angle,images/2019-09-16-12-52-12/000899.png,labels/2019-09-16-12-52-12/000899.txt
2019-09-16-12-52-12_000900,2019-09-16-12-52-12,000900,train,range_angle,images/2019-09-16-12-52-12/000900.png,labels/2019-09-16-12-52-12/000900.txt
2019-09-16-12-52-12_000901,2019-09-16-12-52-12,000901,train,range_angle,images/2019-09-16-12-52-12/000901.png,labels/2019-09-16-12-52-12/000901.txt
2019-09-16-12-52-12_000902,2019-09-16-12-52-12,000902,train,range_angle,images/2019-09-16-12-52-12/000902.png,labels/2019-09-16-12-52-12/000902.txt
2019-09-16-12-52-12_000903,2019-09-16-12-52-12,000903,train,range_angle,images/2019-09-16-12-52-12/000903.png,labels/2019-09-16-12-52-12/000903.txt
2019-09-16-12-52-12_000904,2019-09-16-12-52-12,000904,train,range_angle,images/2019-09-16-12-52-12/000904.png,labels/2019-09-16-12-52-12/000904.txt
2019-09-16-12-52-12_000905,2019-09-16-12-52-12,000905,train,range_angle,images/2019-09-16-12-52-12/000905.png,labels/2019-09-16-12-52-12/000905.txt
2019-09-16-12-52-12_000906,2019-09-16-12-52-12,000906,train,range_angle,images/2019-09-16-12-52-12/000906.png,labels/2019-09-16-12-52-12/000906.txt
2019-09-16-12-52-12_000907,2019-09-16-12-52-12,000907,train,range_angle,images/2019-09-16-12-52-12/000907.png,labels/2019-09-16-12-52-12/000907.txt
2019-09-16-12-52-12_000908,2019-09-16-12-52-12,000908,train,range_angle,images/2019-09-16-12-52-12/000908.png,labels/2019-09-16-12-52-12/000908.txt
2019-09-16-12-52-12_000909,2019-09-16-12-52-12,000909,train,range_angle,images/2019-09-16-12-52-12/000909.png,labels/2019-09-16-12-52-12/000909.txt
2019-09-16-12-52-12_000910,2019-09-16-12-52-12,000910,train,range_angle,images/2019-09-16-12-52-12/000910.png,labels/2019-09-16-12-52-12/000910.txt
2019-09-16-12-52-12_000911,2019-09-16-12-52-12,000911,train,range_angle,images/2019-09-16-12-52-12/000911.png,labels/2019-09-16-12-52-12/000911.txt
2019-09-16-12-52-12_000912,2019-09-16-12-52-12,000912,train,range_angle,images/2019-09-16-12-52-12/000912.png,labels/2019-09-16-12-52-12/000912.txt
2019-09-16-12-52-12_000913,2019-09-16-12-52-12,000913,train,range_angle,images/2019-09-16-12-52-12/000913.png,labels/2019-09-16-12-52-12/000913.txt
2019-09-16-12-52-12_000914,2019-09-16-12-52-12,000914,train,range_angle,images/2019-09-16-12-52-12/000914.png,labels/2019-09-16-12-52-12/000914.txt
2019-09-16-12-52-12_000915,2019-09-16-12-52-12,000915,train,range_angle,images/2019-09-16-12-52-12/000915.png,labels/2019-09-16-12-52-12/000915.txt
2019-09-16-12-52-12_000916,2019-09-16-12-52-12,000916,train,range_angle,images/2019-09-16-12-52-12/000916.png,labels/2019-09-16-12-52-12/000916.txt
2019-09-16-12-52-12_000917,2019-09-16-12-52-12,000917,train,range_angle,images/2019-09-16-12-52-12/000917.png,labels/2019-09-16-12-52-12/000917.txt
2019-09-16-12-52-12_000918,2019-09-16-12-52-12,000918,train,range_angle,images/2019-09-16-12-52-12/000918.png,labels/2019-09-16-12-52-12/000918.txt
2019-09-16-12-52-12_000919,2019-09-16-12-52-12,000919,train,range_angle,images/2019-09-16-12-52-12/000919.png,labels/2019-09-16-12-52-12/000919.txt
2019-09-16-12-52-12_000920,2019-09-16-12-52-12,000920,train,range_angle,images/2019-09-16-12-52-12/000920.png,labels/2019-09-16-12-52-12/000920.txt
2019-09-16-12-52-12_000921,2019-09-16-12-52-12,000921,train,range_angle,images/2019-09-16-12-52-12/000921.png,labels/2019-09-16-12-52-12/000921.txt
2019-09-16-12-52-12_000922,2019-09-16-12-52-12,000922,train,range_angle,images/2019-09-16-12-52-12/000922.png,labels/2019-09-16-12-52-12/000922.txt
2019-09-16-12-52-12_000923,2019-09-16-12-52-12,000923,train,range_angle,images/2019-09-16-12-52-12/000923.png,labels/2019-09-16-12-52-12/000923.txt
2019-09-16-12-52-12_000924,2019-09-16-12-52-12,000924,train,range_angle,images/2019-09-16-12-52-12/000924.png,labels/2019-09-16-12-52-12/000924.txt
2019-09-16-12-52-12_000925,2019-09-16-12-52-12,000925,train,range_angle,images/2019-09-16-12-52-12/000925.png,labels/2019-09-16-12-52-12/000925.txt
2019-09-16-12-52-12_000926,2019-09-16-12-52-12,000926,train,range_angle,images/2019-09-16-12-52-12/000926.png,labels/2019-09-16-12-52-12/000926.txt
2019-09-16-12-52-12_000927,2019-09-16-12-52-12,000927,train,range_angle,images/2019-09-16-12-52-12/000927.png,labels/2019-09-16-12-52-12/000927.txt
2019-09-16-12-52-12_000928,2019-09-16-12-52-12,000928,train,range_angle,images/2019-09-16-12-52-12/000928.png,labels/2019-09-16-12-52-12/000928.txt
2019-09-16-12-52-12_000929,2019-09-16-12-52-12,000929,train,range_angle,images/2019-09-16-12-52-12/000929.png,labels/2019-09-16-12-52-12/000929.txt
2019-09-16-12-52-12_000930,2019-09-16-12-52-12,000930,train,range_angle,images/2019-09-16-12-52-12/000930.png,labels/2019-09-16-12-52-12/000930.txt
2019-09-16-12-52-12_000931,2019-09-16-12-52-12,000931,train,range_angle,images/2019-09-16-12-52-12/000931.png,labels/2019-09-16-12-52-12/000931.txt
2019-09-16-12-52-12_000932,2019-09-16-12-52-12,000932,train,range_angle,images/2019-09-16-12-52-12/000932.png,labels/2019-09-16-12-52-12/000932.txt
2019-09-16-12-52-12_000933,2019-09-16-12-52-12,000933,train,range_angle,images/2019-09-16-12-52-12/000933.png,labels/2019-09-16-12-52-12/000933.txt
2019-09-16-12-52-12_000934,2019-09-16-12-52-12,000934,train,range_angle,images/2019-09-16-12-52-12/000934.png,labels/2019-09-16-12-52-12/000934.txt
2019-09-16-12-52-12_000935,2019-09-16-12-52-12,000935,train,range_angle,images/2019-09-16-12-52-12/000935.png,labels/2019-09-16-12-52-12/000935.txt
2019-09-16-12-52-12_000936,2019-09-16-12-52-12,000936,train,range_angle,images/2019-09-16-12-52-12/000936.png,labels/2019-09-16-12-52-12/000936.txt
2019-09-16-12-52-12_000937,2019-09-16-12-52-12,000937,train,range_angle,images/2019-09-16-12-52-12/000937.png,labels/2019-09-16-12-52-12/000937.txt
2019-09-16-12-52-12_000938,2019-09-16-12-52-12,000938,train,range_angle,images/2019-09-16-12-52-12/000938.png,labels/2019-09-16-12-52-12/000938.txt
2019-09-16-12-52-12_000939,2019-09-16-12-52-12,000939,train,range_angle,images/2019-09-16-12-52-12/000939.png,labels/2019-09-16-12-52-12/000939.txt
2019-09-16-12-52-12_000940,2019-09-16-12-52-12,000940,train,range_angle,images/2019-09-16-12-52-12/000940.png,labels/2019-09-16-12-52-12/000940.txt
2019-09-16-12-52-12_000941,2019-09-16-12-52-12,000941,train,range_angle,images/2019-09-16-12-52-12/000941.png,labels/2019-09-16-12-52-12/000941.txt
2019-09-16-12-52-12_000942,2019-09-16-12-52-12,000942,train,range_angle,images/2019-09-16-12-52-12/000942.png,labels/2019-09-16-12-52-12/000942.txt
2019-09-16-12-52-12_000943,2019-09-16-12-52-12,000943,train,range_angle,images/2019-09-16-12-52-12/000943.png,labels/2019-09-16-12-52-12/000943.txt
2019-09-16-12-52-12_000944,2019-09-16-12-52-12,000944,train,range_angle,images/2019-09-16-12-52-12/000944.png,labels/2019-09-16-12-52-12/000944.txt
2019-09-16-12-52-12_000945,2019-09-16-12-52-12,000945,train,range_angle,images/2019-09-16-12-52-12/000945.png,labels/2019-09-16-12-52-12/000945.txt
2019-09-16-12-52-12_000946,2019-09-16-12-52-12,000946,train,range_angle,images/2019-09-16-12-52-12/000946.png,labels/2019-09-16-12-52-12/000946.txt
2019-09-16-12-52-12_000947,2019-09-16-12-52-12,000947,train,range_angle,images/2019-09-16-12-52-12/000947.png,labels/2019-09-16-12-52-12/000947.txt
2019-09-16-12-52-12_000948,2019-09-16-12-52-12,000948,train,range_angle,images/2019-09-16-12-52-12/000948.png,labels/2019-09-16-12-52-12/000948.txt
2019-09-16-12-52-12_000949,2019-09-16-12-52-12,000949,train,range_angle,images/2019-09-16-12-52-12/000949.png,labels/2019-09-16-12-52-12/000949.txt
2019-09-16-12-52-12_000950,2019-09-16-12-52-12,000950,train,range_angle,images/2019-09-16-12-52-12/000950.png,labels/2019-09-16-12-52-12/000950.txt
2019-09-16-12-52-12_000951,2019-09-16-12-52-12,000951,train,range_angle,images/2019-09-16-12-52-12/000951.png,labels/2019-09-16-12-52-12/000951.txt
2019-09-16-12-52-12_000952,2019-09-16-12-52-12,000952,train,range_angle,images/2019-09-16-12-52-12/000952.png,labels/2019-09-16-12-52-12/000952.txt
2019-09-16-12-52-12_000953,2019-09-16-12-52-12,000953,train,range_angle,images/2019-09-16-12-52-12/000953.png,labels/2019-09-16-12-52-12/000953.txt
2019-09-16-12-52-12_000954,2019-09-16-12-52-12,000954,train,range_angle,images/2019-09-16-12-52-12/000954.png,labels/2019-09-16-12-52-12/000954.txt
2019-09-16-12-52-12_000955,2019-09-16-12-52-12,000955,train,range_angle,images/2019-09-16-12-52-12/000955.png,labels/2019-09-16-12-52-12/000955.txt
2019-09-16-12-52-12_000956,2019-09-16-12-52-12,000956,train,range_angle,images/2019-09-16-12-52-12/000956.png,labels/2019-09-16-12-52-12/000956.txt
2019-09-16-12-52-12_000957,2019-09-16-12-52-12,000957,train,range_angle,images/2019-09-16-12-52-12/000957.png,labels/2019-09-16-12-52-12/000957.txt
2019-09-16-12-52-12_000958,2019-09-16-12-52-12,000958,train,range_angle,images/2019-09-16-12-52-12/000958.png,labels/2019-09-16-12-52-12/000958.txt
2019-09-16-12-52-12_000959,2019-09-16-12-52-12,000959,train,range_angle,images/2019-09-16-12-52-12/000959.png,labels/2019-09-16-12-52-12/000959.txt
2019-09-16-12-52-12_000960,2019-09-16-12-52-12,000960,train,range_angle,images/2019-09-16-12-52-12/000960.png,labels/2019-09-16-12-52-12/000960.txt
2019-09-16-12-52-12_000961,2019-09-16-12-52-12,000961,train,range_angle,images/2019-09-16-12-52-12/000961.png,labels/2019-09-16-12-52-12/000961.txt
2019-09-16-12-52-12_000962,2019-09-16-12-52-12,000962,train,range_angle,images/2019-09-16-12-52-12/000962.png,labels/2019-09-16-12-52-12/000962.txt
2019-09-16-12-52-12_000963,2019-09-16-12-52-12,000963,train,range_angle,images/2019-09-16-12-52-12/000963.png,labels/2019-09-16-12-52-12/000963.txt
2019-09-16-12-52-12_000964,2019-09-16-12-52-12,000964,train,range_angle,images/2019-09-16-12-52-12/000964.png,labels/2019-09-16-12-52-12/000964.txt
2019-09-16-12-52-12_000965,2019-09-16-12-52-12,000965,train,range_angle,images/2019-09-16-12-52-12/000965.png,labels/2019-09-16-12-52-12/000965.txt
2019-09-16-12-52-12_000966,2019-09-16-12-52-12,000966,train,range_angle,images/2019-09-16-12-52-12/000966.png,labels/2019-09-16-12-52-12/000966.txt
2019-09-16-12-52-12_000967,2019-09-16-12-52-12,000967,train,range_angle,images/2019-09-16-12-52-12/000967.png,labels/2019-09-16-12-52-12/000967.txt
2019-09-16-12-52-12_000968,2019-09-16-12-52-12,000968,train,range_angle,images/2019-09-16-12-52-12/000968.png,labels/2019-09-16-12-52-12/000968.txt
2019-09-16-12-52-12_000969,2019-09-16-12-52-12,000969,train,range_angle,images/2019-09-16-12-52-12/000969.png,labels/2019-09-16-12-52-12/000969.txt
2019-09-16-12-52-12_000970,2019-09-16-12-52-12,000970,train,range_angle,images/2019-09-16-12-52-12/000970.png,labels/2019-09-16-12-52-12/000970.txt
2019-09-16-12-52-12_000971,2019-09-16-12-52-12,000971,train,range_angle,images/2019-09-16-12-52-12/000971.png,labels/2019-09-16-12-52-12/000971.txt
2019-09-16-12-52-12_000972,2019-09-16-12-52-12,000972,train,range_angle,images/2019-09-16-12-52-12/000972.png,labels/2019-09-16-12-52-12/000972.txt
2019-09-16-12-52-12_000973,2019-09-16-12-52-12,000973,train,range_angle,images/2019-09-16-12-52-12/000973.png,labels/2019-09-16-12-52-12/000973.txt
2019-09-16-12-52-12_000974,2019-09-16-12-52-12,000974,train,range_angle,images/2019-09-16-12-52-12/000974.png,labels/2019-09-16-12-52-12/000974.txt
2019-09-16-12-52-12_000975,2019-09-16-12-52-12,000975,train,range_angle,images/2019-09-16-12-52-12/000975.png,labels/2019-09-16-12-52-12/000975.txt
2019-09-16-12-52-12_000976,2019-09-16-12-52-12,000976,train,range_angle,images/2019-09-16-12-52-12/000976.png,labels/2019-09-16-12-52-12/000976.txt
2019-09-16-12-52-12_000977,2019-09-16-12-52-12,000977,train,range_angle,images/2019-09-16-12-52-12/000977.png,labels/2019-09-16-12-52-12/000977.txt
2019-09-16-12-52-12_000978,2019-09-16-12-52-12,000978,train,range_angle,images/2019-09-16-12-52-12/000978.png,labels/2019-09-16-12-52-12/000978.txt
2019-09-16-12-52-12_000979,2019-09-16-12-52-12,000979,train,range_angle,images/2019-09-16-12-52-12/000979.png,labels/2019-09-16-12-52-12/000979.txt
2019-09-16-12-52-12_000980,2019-09-16-12-52-12,000980,train,range_angle,images/2019-09-16-12-52-12/000980.png,labels/2019-09-16-12-52-12/000980.txt
2019-09-16-12-52-12_000981,2019-09-16-12-52-12,000981,train,range_angle,images/2019-09-16-12-52-12/000981.png,labels/2019-09-16-12-52-12/000981.txt
2019-09-16-12-52-12_000982,2019-09-16-12-52-12,000982,train,range_angle,images/2019-09-16-12-52-12/000982.png,labels/2019-09-16-12-52-12/000982.txt
2019-09-16-12-52-12_000983,2019-09-16-12-52-12,000983,train,range_angle,images/2019-09-16-12-52-12/000983.png,labels/2019-09-16-12-52-12/000983.txt
2019-09-16-12-52-12_000984,2019-09-16-12-52-12,000984,train,range_angle,images/2019-09-16-12-52-12/000984.png,labels/2019-09-16-12-52-12/000984.txt
2019-09-16-12-52-12_000985,2019-09-16-12-52-12,000985,train,range_angle,images/2019-09-16-12-52-12/000985.png,labels/2019-09-16-12-52-12/000985.txt
2019-09-16-12-52-12_000986,2019-09-16-12-52-12,000986,train,range_angle,images/2019-09-16-12-52-12/000986.png,labels/2019-09-16-12-52-12/000986.txt
2019-09-16-12-52-12_000987,2019-09-16-12-52-12,000987,train,range_angle,images/2019-09-16-12-52-12/000987.png,labels/2019-09-16-12-52-12/000987.txt
2019-09-16-12-52-12_000988,2019-09-16-12-52-12,000988,train,range_angle,images/2019-09-16-12-52-12/000988.png,labels/2019-09-16-12-52-12/000988.txt
2019-09-16-12-52-12_000989,2019-09-16-12-52-12,000989,train,range_angle,images/2019-09-16-12-52-12/000989.png,labels/2019-09-16-12-52-12/000989.txt
2019-09-16-12-52-12_000990,2019-09-16-12-52-12,000990,train,range_angle,images/2019-09-16-12-52-12/000990.png,labels/2019-09-16-12-52-12/000990.txt
2019-09-16-12-52-12_000991,2019-09-16-12-52-12,000991,train,range_angle,images/2019-09-16-12-52-12/000991.png,labels/2019-09-16-12-52-12/000991.txt
2019-09-16-12-52-12_000992,2019-09-16-12-52-12,000992,train,range_angle,images/2019-09-16-12-52-12/000992.png,labels/2019-09-16-12-52-12/000992.txt
2019-09-16-12-52-12_000993,2019-09-16-12-52-12,000993,train,range_angle,images/2019-09-16-12-52-12/000993.png,labels/2019-09-16-12-52-12/000993.txt
2019-09-16-12-52-12_000994,2019-09-16-12-52-12,000994,train,range_angle,images/2019-09-16-12-52-12/000994.png,labels/2019-09-16-12-52-12/000994.txt
2019-09-16-12-52-12_000995,2019-09-16-12-52-12,000995,train,range_angle,images/2019-09-16-12-52-12/000995.png,labels/2019-09-16-12-52-12/000995.txt
2019-09-16-12-52-12_000996,2019-09-16-12-52-12,000996,train,range_angle,images/2019-09-16-12-52-12/000996.png,labels/2019-09-16-12-52-12/000996.txt
2019-09-16-12-52-12_000997,2019-09-16-12-52-12,000997,train,range_angle,images/2019-09-16-12-52-12/000997.png,labels/2019-09-16-12-52-12/000997.txt
2019-09-16-12-52-12_000998,2019-09-16-12-52-12,000998,train,range_angle,images/2019-09-16-12-52-12/000998.png,labels/2019-09-16-12-52-12/000998.txt
2019-09-16-12-52-12_000999,2019-09-16-12-52-12,000999,train,range_angle,images/2019-09-16-12-52-12/000999.png,labels/2019-09-16-12-52-12/000999.txt
2019-09-16-12-52-12_001000,2019-09-16-12-52-12,001000,train,range_angle,images/2019-09-16-12-52-12/001000.png,labels/2019-09-16-12-52-12/001000.txt
2019-09-16-12-52-12_001001,2019-09-16-12-52-12,001001,train,range_angle,images/2019-09-16-12-52-12/001001.png,labels/2019-09-16-12-52-12/001001.txt
2019-09-16-12-52-12_001002,2019-09-16-12-52-12,001002,train,range_angle,images/2019-09-16-12-52-12/001002.png,labels/2019-09-16-12-52-12/001002.txt
2019-09-16-12-52-12_001003,2019-09-16-12-52-12,001003,train,range_angle,images/2019-09-16-12-52-12/001003.png,labels/2019-09-16-12-52-12/001003.txt
2019-09-16-12-52-12_001004,2019-09-16-12-52-12,001004,train,range_angle,images/2019-09-16-12-52-12/001004.png,labels/2019-09-16-12-52-12/001004.txt
2019-09-16-12-52-12_001005,2019-09-16-12-52-12,001005,train,range_angle,images/2019-09-16-12-52-12/001005.png,labels/2019-09-16-12-52-12/001005.txt
2019-09-16-12-52-12_001006,2019-09-16-12-52-12,001006,train,range_angle,images/2019-09-16-12-52-12/001006.png,labels/2019-09-16-12-52-12/001006.txt
2019-09-16-12-52-12_001007,2019-09-16-12-52-12,001007,train,range_angle,images/2019-09-16-12-52-12/001007.png,labels/2019-09-16-12-52-12/001007.txt
2019-09-16-12-52-12_001008,2019-09-16-12-52-12,001008,train,range_angle,images/2019-09-16-12-52-12/001008.png,labels/2019-09-16-12-52-12/001008.txt
2019-09-16-12-52-12_001009,2019-09-16-12-52-12,001009,train,range_angle,images/2019-09-16-12-52-12/001009.png,labels/2019-09-16-12-52-12/001009.txt
2019-09-16-12-52-12_001010,2019-09-16-12-52-12,001010,train,range_angle,images/2019-09-16-12-52-12/001010.png,labels/2019-09-16-12-52-12/001010.txt
2019-09-16-12-52-12_001011,2019-09-16-12-52-12,001011,train,range_angle,images/2019-09-16-12-52-12/001011.png,labels/2019-09-16-12-52-12/001011.txt
2019-09-16-12-52-12_001012,2019-09-16-12-52-12,001012,train,range_angle,images/2019-09-16-12-52-12/001012.png,labels/2019-09-16-12-52-12/001012.txt
2019-09-16-12-52-12_001013,2019-09-16-12-52-12,001013,train,range_angle,images/2019-09-16-12-52-12/001013.png,labels/2019-09-16-12-52-12/001013.txt
2019-09-16-12-52-12_001014,2019-09-16-12-52-12,001014,train,range_angle,images/2019-09-16-12-52-12/001014.png,labels/2019-09-16-12-52-12/001014.txt
2019-09-16-12-52-12_001015,2019-09-16-12-52-12,001015,train,range_angle,images/2019-09-16-12-52-12/001015.png,labels/2019-09-16-12-52-12/001015.txt
2019-09-16-12-52-12_001016,2019-09-16-12-52-12,001016,train,range_angle,images/2019-09-16-12-52-12/001016.png,labels/2019-09-16-12-52-12/001016.txt
2019-09-16-13-13-01_000000,2019-09-16-13-13-01,000000,test,range_angle,images/2019-09-16-13-13-01/000000.png,labels/2019-09-16-13-13-01/000000.txt
2019-09-16-13-13-01_000001,2019-09-16-13-13-01,000001,test,range_angle,images/2019-09-16-13-13-01/000001.png,labels/2019-09-16-13-13-01/000001.txt
2019-09-16-13-13-01_000002,2019-09-16-13-13-01,000002,test,range_angle,images/2019-09-16-13-13-01/000002.png,labels/2019-09-16-13-13-01/000002.txt
2019-09-16-13-13-01_000003,2019-09-16-13-13-01,000003,test,range_angle,images/2019-09-16-13-13-01/000003.png,labels/2019-09-16-13-13-01/000003.txt
2019-09-16-13-13-01_000004,2019-09-16-13-13-01,000004,test,range_angle,images/2019-09-16-13-13-01/000004.png,labels/2019-09-16-13-13-01/000004.txt
2019-09-16-13-13-01_000005,2019-09-16-13-13-01,000005,test,range_angle,images/2019-09-16-13-13-01/000005.png,labels/2019-09-16-13-13-01/000005.txt
2019-09-16-13-13-01_000006,2019-09-16-13-13-01,000006,test,range_angle,images/2019-09-16-13-13-01/000006.png,labels/2019-09-16-13-13-01/000006.txt
2019-09-16-13-13-01_000007,2019-09-16-13-13-01,000007,test,range_angle,images/2019-09-16-13-13-01/000007.png,labels/2019-09-16-13-13-01/000007.txt
2019-09-16-13-13-01_000008,2019-09-16-13-13-01,000008,test,range_angle,images/2019-09-16-13-13-01/000008.png,labels/2019-09-16-13-13-01/000008.txt
2019-09-16-13-13-01_000009,2019-09-16-13-13-01,000009,test,range_angle,images/2019-09-16-13-13-01/000009.png,labels/2019-09-16-13-13-01/000009.txt
2019-09-16-13-13-01_000010,2019-09-16-13-13-01,000010,test,range_angle,images/2019-09-16-13-13-01/000010.png,labels/2019-09-16-13-13-01/000010.txt
2019-09-16-13-13-01_000011,2019-09-16-13-13-01,000011,test,range_angle,images/2019-09-16-13-13-01/000011.png,labels/2019-09-16-13-13-01/000011.txt
2019-09-16-13-13-01_000012,2019-09-16-13-13-01,000012,test,range_angle,images/2019-09-16-13-13-01/000012.png,labels/2019-09-16-13-13-01/000012.txt
2019-09-16-13-13-01_000013,2019-09-16-13-13-01,000013,test,range_angle,images/2019-09-16-13-13-01/000013.png,labels/2019-09-16-13-13-01/000013.txt
2019-09-16-13-13-01_000014,2019-09-16-13-13-01,000014,test,range_angle,images/2019-09-16-13-13-01/000014.png,labels/2019-09-16-13-13-01/000014.txt
2019-09-16-13-13-01_000015,2019-09-16-13-13-01,000015,test,range_angle,images/2019-09-16-13-13-01/000015.png,labels/2019-09-16-13-13-01/000015.txt
2019-09-16-13-13-01_000016,2019-09-16-13-13-01,000016,test,range_angle,images/2019-09-16-13-13-01/000016.png,labels/2019-09-16-13-13-01/000016.txt
2019-09-16-13-13-01_000017,2019-09-16-13-13-01,000017,test,range_angle,images/2019-09-16-13-13-01/000017.png,labels/2019-09-16-13-13-01/000017.txt
2019-09-16-13-13-01_000018,2019-09-16-13-13-01,000018,test,range_angle,images/2019-09-16-13-13-01/000018.png,labels/2019-09-16-13-13-01/000018.txt
2019-09-16-13-13-01_000019,2019-09-16-13-13-01,000019,test,range_angle,images/2019-09-16-13-13-01/000019.png,labels/2019-09-16-13-13-01/000019.txt
2019-09-16-13-13-01_000020,2019-09-16-13-13-01,000020,test,range_angle,images/2019-09-16-13-13-01/000020.png,labels/2019-09-16-13-13-01/000020.txt
2019-09-16-13-13-01_000021,2019-09-16-13-13-01,000021,test,range_angle,images/2019-09-16-13-13-01/000021.png,labels/2019-09-16-13-13-01/000021.txt
2019-09-16-13-13-01_000022,2019-09-16-13-13-01,000022,test,range_angle,images/2019-09-16-13-13-01/000022.png,labels/2019-09-16-13-13-01/000022.txt
2019-09-16-13-13-01_000023,2019-09-16-13-13-01,000023,test,range_angle,images/2019-09-16-13-13-01/000023.png,labels/2019-09-16-13-13-01/000023.txt
2019-09-16-13-13-01_000024,2019-09-16-13-13-01,000024,test,range_angle,images/2019-09-16-13-13-01/000024.png,labels/2019-09-16-13-13-01/000024.txt
2019-09-16-13-13-01_000025,2019-09-16-13-13-01,000025,test,range_angle,images/2019-09-16-13-13-01/000025.png,labels/2019-09-16-13-13-01/000025.txt
2019-09-16-13-13-01_000026,2019-09-16-13-13-01,000026,test,range_angle,images/2019-09-16-13-13-01/000026.png,labels/2019-09-16-13-13-01/000026.txt
2019-09-16-13-13-01_000027,2019-09-16-13-13-01,000027,test,range_angle,images/2019-09-16-13-13-01/000027.png,labels/2019-09-16-13-13-01/000027.txt
2019-09-16-13-13-01_000028,2019-09-16-13-13-01,000028,test,range_angle,images/2019-09-16-13-13-01/000028.png,labels/2019-09-16-13-13-01/000028.txt
2019-09-16-13-13-01_000029,2019-09-16-13-13-01,000029,test,range_angle,images/2019-09-16-13-13-01/000029.png,labels/2019-09-16-13-13-01/000029.txt
2019-09-16-13-13-01_000030,2019-09-16-13-13-01,000030,test,range_angle,images/2019-09-16-13-13-01/000030.png,labels/2019-09-16-13-13-01/000030.txt
2019-09-16-13-13-01_000031,2019-09-16-13-13-01,000031,test,range_angle,images/2019-09-16-13-13-01/000031.png,labels/2019-09-16-13-13-01/000031.txt
2019-09-16-13-13-01_000032,2019-09-16-13-13-01,000032,test,range_angle,images/2019-09-16-13-13-01/000032.png,labels/2019-09-16-13-13-01/000032.txt
2019-09-16-13-13-01_000033,2019-09-16-13-13-01,000033,test,range_angle,images/2019-09-16-13-13-01/000033.png,labels/2019-09-16-13-13-01/000033.txt
2019-09-16-13-13-01_000034,2019-09-16-13-13-01,000034,test,range_angle,images/2019-09-16-13-13-01/000034.png,labels/2019-09-16-13-13-01/000034.txt
2019-09-16-13-13-01_000035,2019-09-16-13-13-01,000035,test,range_angle,images/2019-09-16-13-13-01/000035.png,labels/2019-09-16-13-13-01/000035.txt
2019-09-16-13-13-01_000036,2019-09-16-13-13-01,000036,test,range_angle,images/2019-09-16-13-13-01/000036.png,labels/2019-09-16-13-13-01/000036.txt
2019-09-16-13-13-01_000037,2019-09-16-13-13-01,000037,test,range_angle,images/2019-09-16-13-13-01/000037.png,labels/2019-09-16-13-13-01/000037.txt
2019-09-16-13-13-01_000038,2019-09-16-13-13-01,000038,test,range_angle,images/2019-09-16-13-13-01/000038.png,labels/2019-09-16-13-13-01/000038.txt
2019-09-16-13-13-01_000039,2019-09-16-13-13-01,000039,test,range_angle,images/2019-09-16-13-13-01/000039.png,labels/2019-09-16-13-13-01/000039.txt
2019-09-16-13-13-01_000040,2019-09-16-13-13-01,000040,test,range_angle,images/2019-09-16-13-13-01/000040.png,labels/2019-09-16-13-13-01/000040.txt
2019-09-16-13-13-01_000041,2019-09-16-13-13-01,000041,test,range_angle,images/2019-09-16-13-13-01/000041.png,labels/2019-09-16-13-13-01/000041.txt
2019-09-16-13-13-01_000042,2019-09-16-13-13-01,000042,test,range_angle,images/2019-09-16-13-13-01/000042.png,labels/2019-09-16-13-13-01/000042.txt
2019-09-16-13-13-01_000043,2019-09-16-13-13-01,000043,test,range_angle,images/2019-09-16-13-13-01/000043.png,labels/2019-09-16-13-13-01/000043.txt
2019-09-16-13-13-01_000044,2019-09-16-13-13-01,000044,test,range_angle,images/2019-09-16-13-13-01/000044.png,labels/2019-09-16-13-13-01/000044.txt
2019-09-16-13-13-01_000045,2019-09-16-13-13-01,000045,test,range_angle,images/2019-09-16-13-13-01/000045.png,labels/2019-09-16-13-13-01/000045.txt
2019-09-16-13-13-01_000046,2019-09-16-13-13-01,000046,test,range_angle,images/2019-09-16-13-13-01/000046.png,labels/2019-09-16-13-13-01/000046.txt
2019-09-16-13-13-01_000047,2019-09-16-13-13-01,000047,test,range_angle,images/2019-09-16-13-13-01/000047.png,labels/2019-09-16-13-13-01/000047.txt
2019-09-16-13-13-01_000048,2019-09-16-13-13-01,000048,test,range_angle,images/2019-09-16-13-13-01/000048.png,labels/2019-09-16-13-13-01/000048.txt
2019-09-16-13-13-01_000049,2019-09-16-13-13-01,000049,test,range_angle,images/2019-09-16-13-13-01/000049.png,labels/2019-09-16-13-13-01/000049.txt
2019-09-16-13-13-01_000050,2019-09-16-13-13-01,000050,test,range_angle,images/2019-09-16-13-13-01/000050.png,labels/2019-09-16-13-13-01/000050.txt
2019-09-16-13-13-01_000051,2019-09-16-13-13-01,000051,test,range_angle,images/2019-09-16-13-13-01/000051.png,labels/2019-09-16-13-13-01/000051.txt
2019-09-16-13-13-01_000052,2019-09-16-13-13-01,000052,test,range_angle,images/2019-09-16-13-13-01/000052.png,labels/2019-09-16-13-13-01/000052.txt
2019-09-16-13-13-01_000053,2019-09-16-13-13-01,000053,test,range_angle,images/2019-09-16-13-13-01/000053.png,labels/2019-09-16-13-13-01/000053.txt
2019-09-16-13-13-01_000054,2019-09-16-13-13-01,000054,test,range_angle,images/2019-09-16-13-13-01/000054.png,labels/2019-09-16-13-13-01/000054.txt
2019-09-16-13-13-01_000055,2019-09-16-13-13-01,000055,test,range_angle,images/2019-09-16-13-13-01/000055.png,labels/2019-09-16-13-13-01/000055.txt
2019-09-16-13-13-01_000056,2019-09-16-13-13-01,000056,test,range_angle,images/2019-09-16-13-13-01/000056.png,labels/2019-09-16-13-13-01/000056.txt
2019-09-16-13-13-01_000057,2019-09-16-13-13-01,000057,test,range_angle,images/2019-09-16-13-13-01/000057.png,labels/2019-09-16-13-13-01/000057.txt
2019-09-16-13-13-01_000058,2019-09-16-13-13-01,000058,test,range_angle,images/2019-09-16-13-13-01/000058.png,labels/2019-09-16-13-13-01/000058.txt
2019-09-16-13-13-01_000059,2019-09-16-13-13-01,000059,test,range_angle,images/2019-09-16-13-13-01/000059.png,labels/2019-09-16-13-13-01/000059.txt
2019-09-16-13-13-01_000060,2019-09-16-13-13-01,000060,test,range_angle,images/2019-09-16-13-13-01/000060.png,labels/2019-09-16-13-13-01/000060.txt
2019-09-16-13-13-01_000061,2019-09-16-13-13-01,000061,test,range_angle,images/2019-09-16-13-13-01/000061.png,labels/2019-09-16-13-13-01/000061.txt
2019-09-16-13-13-01_000062,2019-09-16-13-13-01,000062,test,range_angle,images/2019-09-16-13-13-01/000062.png,labels/2019-09-16-13-13-01/000062.txt
2019-09-16-13-13-01_000063,2019-09-16-13-13-01,000063,test,range_angle,images/2019-09-16-13-13-01/000063.png,labels/2019-09-16-13-13-01/000063.txt
2019-09-16-13-13-01_000064,2019-09-16-13-13-01,000064,test,range_angle,images/2019-09-16-13-13-01/000064.png,labels/2019-09-16-13-13-01/000064.txt
2019-09-16-13-13-01_000065,2019-09-16-13-13-01,000065,test,range_angle,images/2019-09-16-13-13-01/000065.png,labels/2019-09-16-13-13-01/000065.txt
2019-09-16-13-13-01_000066,2019-09-16-13-13-01,000066,test,range_angle,images/2019-09-16-13-13-01/000066.png,labels/2019-09-16-13-13-01/000066.txt
2019-09-16-13-13-01_000067,2019-09-16-13-13-01,000067,test,range_angle,images/2019-09-16-13-13-01/000067.png,labels/2019-09-16-13-13-01/000067.txt
2019-09-16-13-13-01_000068,2019-09-16-13-13-01,000068,test,range_angle,images/2019-09-16-13-13-01/000068.png,labels/2019-09-16-13-13-01/000068.txt
2019-09-16-13-13-01_000069,2019-09-16-13-13-01,000069,test,range_angle,images/2019-09-16-13-13-01/000069.png,labels/2019-09-16-13-13-01/000069.txt
2019-09-16-13-13-01_000070,2019-09-16-13-13-01,000070,test,range_angle,images/2019-09-16-13-13-01/000070.png,labels/2019-09-16-13-13-01/000070.txt
2019-09-16-13-13-01_000071,2019-09-16-13-13-01,000071,test,range_angle,images/2019-09-16-13-13-01/000071.png,labels/2019-09-16-13-13-01/000071.txt
2019-09-16-13-13-01_000072,2019-09-16-13-13-01,000072,test,range_angle,images/2019-09-16-13-13-01/000072.png,labels/2019-09-16-13-13-01/000072.txt
2019-09-16-13-13-01_000073,2019-09-16-13-13-01,000073,test,range_angle,images/2019-09-16-13-13-01/000073.png,labels/2019-09-16-13-13-01/000073.txt
2019-09-16-13-13-01_000074,2019-09-16-13-13-01,000074,test,range_angle,images/2019-09-16-13-13-01/000074.png,labels/2019-09-16-13-13-01/000074.txt
2019-09-16-13-13-01_000075,2019-09-16-13-13-01,000075,test,range_angle,images/2019-09-16-13-13-01/000075.png,labels/2019-09-16-13-13-01/000075.txt
2019-09-16-13-13-01_000076,2019-09-16-13-13-01,000076,test,range_angle,images/2019-09-16-13-13-01/000076.png,labels/2019-09-16-13-13-01/000076.txt
2019-09-16-13-13-01_000077,2019-09-16-13-13-01,000077,test,range_angle,images/2019-09-16-13-13-01/000077.png,labels/2019-09-16-13-13-01/000077.txt
2019-09-16-13-13-01_000078,2019-09-16-13-13-01,000078,test,range_angle,images/2019-09-16-13-13-01/000078.png,labels/2019-09-16-13-13-01/000078.txt
2019-09-16-13-13-01_000079,2019-09-16-13-13-01,000079,test,range_angle,images/2019-09-16-13-13-01/000079.png,labels/2019-09-16-13-13-01/000079.txt
2019-09-16-13-13-01_000080,2019-09-16-13-13-01,000080,test,range_angle,images/2019-09-16-13-13-01/000080.png,labels/2019-09-16-13-13-01/000080.txt
2019-09-16-13-13-01_000081,2019-09-16-13-13-01,000081,test,range_angle,images/2019-09-16-13-13-01/000081.png,labels/2019-09-16-13-13-01/000081.txt
2019-09-16-13-13-01_000082,2019-09-16-13-13-01,000082,test,range_angle,images/2019-09-16-13-13-01/000082.png,labels/2019-09-16-13-13-01/000082.txt
2019-09-16-13-13-01_000083,2019-09-16-13-13-01,000083,test,range_angle,images/2019-09-16-13-13-01/000083.png,labels/2019-09-16-13-13-01/000083.txt
2019-09-16-13-13-01_000084,2019-09-16-13-13-01,000084,test,range_angle,images/2019-09-16-13-13-01/000084.png,labels/2019-09-16-13-13-01/000084.txt
2019-09-16-13-13-01_000085,2019-09-16-13-13-01,000085,test,range_angle,images/2019-09-16-13-13-01/000085.png,labels/2019-09-16-13-13-01/000085.txt
2019-09-16-13-13-01_000086,2019-09-16-13-13-01,000086,test,range_angle,images/2019-09-16-13-13-01/000086.png,labels/2019-09-16-13-13-01/000086.txt
2019-09-16-13-13-01_000087,2019-09-16-13-13-01,000087,test,range_angle,images/2019-09-16-13-13-01/000087.png,labels/2019-09-16-13-13-01/000087.txt
2019-09-16-13-13-01_000088,2019-09-16-13-13-01,000088,test,range_angle,images/2019-09-16-13-13-01/000088.png,labels/2019-09-16-13-13-01/000088.txt
2019-09-16-13-13-01_000089,2019-09-16-13-13-01,000089,test,range_angle,images/2019-09-16-13-13-01/000089.png,labels/2019-09-16-13-13-01/000089.txt
2019-09-16-13-13-01_000090,2019-09-16-13-13-01,000090,test,range_angle,images/2019-09-16-13-13-01/000090.png,labels/2019-09-16-13-13-01/000090.txt
2019-09-16-13-13-01_000091,2019-09-16-13-13-01,000091,test,range_angle,images/2019-09-16-13-13-01/000091.png,labels/2019-09-16-13-13-01/000091.txt
2019-09-16-13-13-01_000092,2019-09-16-13-13-01,000092,test,range_angle,images/2019-09-16-13-13-01/000092.png,labels/2019-09-16-13-13-01/000092.txt
2019-09-16-13-13-01_000093,2019-09-16-13-13-01,000093,test,range_angle,images/2019-09-16-13-13-01/000093.png,labels/2019-09-16-13-13-01/000093.txt
2019-09-16-13-13-01_000094,2019-09-16-13-13-01,000094,test,range_angle,images/2019-09-16-13-13-01/000094.png,labels/2019-09-16-13-13-01/000094.txt
2019-09-16-13-13-01_000095,2019-09-16-13-13-01,000095,test,range_angle,images/2019-09-16-13-13-01/000095.png,labels/2019-09-16-13-13-01/000095.txt
2019-09-16-13-13-01_000096,2019-09-16-13-13-01,000096,test,range_angle,images/2019-09-16-13-13-01/000096.png,labels/2019-09-16-13-13-01/000096.txt
2019-09-16-13-13-01_000097,2019-09-16-13-13-01,000097,test,range_angle,images/2019-09-16-13-13-01/000097.png,labels/2019-09-16-13-13-01/000097.txt
2019-09-16-13-13-01_000098,2019-09-16-13-13-01,000098,test,range_angle,images/2019-09-16-13-13-01/000098.png,labels/2019-09-16-13-13-01/000098.txt
2019-09-16-13-13-01_000099,2019-09-16-13-13-01,000099,test,range_angle,images/2019-09-16-13-13-01/000099.png,labels/2019-09-16-13-13-01/000099.txt
2019-09-16-13-13-01_000100,2019-09-16-13-13-01,000100,test,range_angle,images/2019-09-16-13-13-01/000100.png,labels/2019-09-16-13-13-01/000100.txt
2019-09-16-13-13-01_000101,2019-09-16-13-13-01,000101,test,range_angle,images/2019-09-16-13-13-01/000101.png,labels/2019-09-16-13-13-01/000101.txt
2019-09-16-13-13-01_000102,2019-09-16-13-13-01,000102,test,range_angle,images/2019-09-16-13-13-01/000102.png,labels/2019-09-16-13-13-01/000102.txt
2019-09-16-13-13-01_000103,2019-09-16-13-13-01,000103,test,range_angle,images/2019-09-16-13-13-01/000103.png,labels/2019-09-16-13-13-01/000103.txt
2019-09-16-13-13-01_000104,2019-09-16-13-13-01,000104,test,range_angle,images/2019-09-16-13-13-01/000104.png,labels/2019-09-16-13-13-01/000104.txt
2019-09-16-13-13-01_000105,2019-09-16-13-13-01,000105,test,range_angle,images/2019-09-16-13-13-01/000105.png,labels/2019-09-16-13-13-01/000105.txt
2019-09-16-13-13-01_000106,2019-09-16-13-13-01,000106,test,range_angle,images/2019-09-16-13-13-01/000106.png,labels/2019-09-16-13-13-01/000106.txt
2019-09-16-13-13-01_000107,2019-09-16-13-13-01,000107,test,range_angle,images/2019-09-16-13-13-01/000107.png,labels/2019-09-16-13-13-01/000107.txt
2019-09-16-13-13-01_000108,2019-09-16-13-13-01,000108,test,range_angle,images/2019-09-16-13-13-01/000108.png,labels/2019-09-16-13-13-01/000108.txt
2019-09-16-13-13-01_000109,2019-09-16-13-13-01,000109,test,range_angle,images/2019-09-16-13-13-01/000109.png,labels/2019-09-16-13-13-01/000109.txt
2019-09-16-13-13-01_000110,2019-09-16-13-13-01,000110,test,range_angle,images/2019-09-16-13-13-01/000110.png,labels/2019-09-16-13-13-01/000110.txt
2019-09-16-13-13-01_000111,2019-09-16-13-13-01,000111,test,range_angle,images/2019-09-16-13-13-01/000111.png,labels/2019-09-16-13-13-01/000111.txt
2019-09-16-13-13-01_000112,2019-09-16-13-13-01,000112,test,range_angle,images/2019-09-16-13-13-01/000112.png,labels/2019-09-16-13-13-01/000112.txt
2019-09-16-13-13-01_000113,2019-09-16-13-13-01,000113,test,range_angle,images/2019-09-16-13-13-01/000113.png,labels/2019-09-16-13-13-01/000113.txt
2019-09-16-13-13-01_000114,2019-09-16-13-13-01,000114,test,range_angle,images/2019-09-16-13-13-01/000114.png,labels/2019-09-16-13-13-01/000114.txt
2019-09-16-13-13-01_000115,2019-09-16-13-13-01,000115,test,range_angle,images/2019-09-16-13-13-01/000115.png,labels/2019-09-16-13-13-01/000115.txt
2019-09-16-13-13-01_000116,2019-09-16-13-13-01,000116,test,range_angle,images/2019-09-16-13-13-01/000116.png,labels/2019-09-16-13-13-01/000116.txt
2019-09-16-13-13-01_000117,2019-09-16-13-13-01,000117,test,range_angle,images/2019-09-16-13-13-01/000117.png,labels/2019-09-16-13-13-01/000117.txt
2019-09-16-13-13-01_000118,2019-09-16-13-13-01,000118,test,range_angle,images/2019-09-16-13-13-01/000118.png,labels/2019-09-16-13-13-01/000118.txt
2019-09-16-13-13-01_000119,2019-09-16-13-13-01,000119,test,range_angle,images/2019-09-16-13-13-01/000119.png,labels/2019-09-16-13-13-01/000119.txt
2019-09-16-13-13-01_000120,2019-09-16-13-13-01,000120,test,range_angle,images/2019-09-16-13-13-01/000120.png,labels/2019-09-16-13-13-01/000120.txt
2019-09-16-13-13-01_000121,2019-09-16-13-13-01,000121,test,range_angle,images/2019-09-16-13-13-01/000121.png,labels/2019-09-16-13-13-01/000121.txt
2019-09-16-13-13-01_000122,2019-09-16-13-13-01,000122,test,range_angle,images/2019-09-16-13-13-01/000122.png,labels/2019-09-16-13-13-01/000122.txt
2019-09-16-13-13-01_000123,2019-09-16-13-13-01,000123,test,range_angle,images/2019-09-16-13-13-01/000123.png,labels/2019-09-16-13-13-01/000123.txt
2019-09-16-13-13-01_000124,2019-09-16-13-13-01,000124,test,range_angle,images/2019-09-16-13-13-01/000124.png,labels/2019-09-16-13-13-01/000124.txt
2019-09-16-13-13-01_000125,2019-09-16-13-13-01,000125,test,range_angle,images/2019-09-16-13-13-01/000125.png,labels/2019-09-16-13-13-01/000125.txt
2019-09-16-13-13-01_000126,2019-09-16-13-13-01,000126,test,range_angle,images/2019-09-16-13-13-01/000126.png,labels/2019-09-16-13-13-01/000126.txt
2019-09-16-13-13-01_000127,2019-09-16-13-13-01,000127,test,range_angle,images/2019-09-16-13-13-01/000127.png,labels/2019-09-16-13-13-01/000127.txt
2019-09-16-13-13-01_000128,2019-09-16-13-13-01,000128,test,range_angle,images/2019-09-16-13-13-01/000128.png,labels/2019-09-16-13-13-01/000128.txt
2019-09-16-13-13-01_000129,2019-09-16-13-13-01,000129,test,range_angle,images/2019-09-16-13-13-01/000129.png,labels/2019-09-16-13-13-01/000129.txt
2019-09-16-13-13-01_000130,2019-09-16-13-13-01,000130,test,range_angle,images/2019-09-16-13-13-01/000130.png,labels/2019-09-16-13-13-01/000130.txt
2019-09-16-13-13-01_000131,2019-09-16-13-13-01,000131,test,range_angle,images/2019-09-16-13-13-01/000131.png,labels/2019-09-16-13-13-01/000131.txt
2019-09-16-13-13-01_000132,2019-09-16-13-13-01,000132,test,range_angle,images/2019-09-16-13-13-01/000132.png,labels/2019-09-16-13-13-01/000132.txt
2019-09-16-13-13-01_000133,2019-09-16-13-13-01,000133,test,range_angle,images/2019-09-16-13-13-01/000133.png,labels/2019-09-16-13-13-01/000133.txt
2019-09-16-13-13-01_000134,2019-09-16-13-13-01,000134,test,range_angle,images/2019-09-16-13-13-01/000134.png,labels/2019-09-16-13-13-01/000134.txt
2019-09-16-13-13-01_000135,2019-09-16-13-13-01,000135,test,range_angle,images/2019-09-16-13-13-01/000135.png,labels/2019-09-16-13-13-01/000135.txt
2019-09-16-13-13-01_000136,2019-09-16-13-13-01,000136,test,range_angle,images/2019-09-16-13-13-01/000136.png,labels/2019-09-16-13-13-01/000136.txt
2019-09-16-13-13-01_000137,2019-09-16-13-13-01,000137,test,range_angle,images/2019-09-16-13-13-01/000137.png,labels/2019-09-16-13-13-01/000137.txt
2019-09-16-13-13-01_000138,2019-09-16-13-13-01,000138,test,range_angle,images/2019-09-16-13-13-01/000138.png,labels/2019-09-16-13-13-01/000138.txt
2019-09-16-13-13-01_000139,2019-09-16-13-13-01,000139,test,range_angle,images/2019-09-16-13-13-01/000139.png,labels/2019-09-16-13-13-01/000139.txt
2019-09-16-13-13-01_000140,2019-09-16-13-13-01,000140,test,range_angle,images/2019-09-16-13-13-01/000140.png,labels/2019-09-16-13-13-01/000140.txt
2019-09-16-13-13-01_000141,2019-09-16-13-13-01,000141,test,range_angle,images/2019-09-16-13-13-01/000141.png,labels/2019-09-16-13-13-01/000141.txt
2019-09-16-13-13-01_000142,2019-09-16-13-13-01,000142,test,range_angle,images/2019-09-16-13-13-01/000142.png,labels/2019-09-16-13-13-01/000142.txt
2019-09-16-13-13-01_000143,2019-09-16-13-13-01,000143,test,range_angle,images/2019-09-16-13-13-01/000143.png,labels/2019-09-16-13-13-01/000143.txt
2019-09-16-13-13-01_000144,2019-09-16-13-13-01,000144,test,range_angle,images/2019-09-16-13-13-01/000144.png,labels/2019-09-16-13-13-01/000144.txt
2019-09-16-13-13-01_000145,2019-09-16-13-13-01,000145,test,range_angle,images/2019-09-16-13-13-01/000145.png,labels/2019-09-16-13-13-01/000145.txt
2019-09-16-13-13-01_000146,2019-09-16-13-13-01,000146,test,range_angle,images/2019-09-16-13-13-01/000146.png,labels/2019-09-16-13-13-01/000146.txt
2019-09-16-13-13-01_000147,2019-09-16-13-13-01,000147,test,range_angle,images/2019-09-16-13-13-01/000147.png,labels/2019-09-16-13-13-01/000147.txt
2019-09-16-13-13-01_000148,2019-09-16-13-13-01,000148,test,range_angle,images/2019-09-16-13-13-01/000148.png,labels/2019-09-16-13-13-01/000148.txt
2019-09-16-13-13-01_000149,2019-09-16-13-13-01,000149,test,range_angle,images/2019-09-16-13-13-01/000149.png,labels/2019-09-16-13-13-01/000149.txt
2019-09-16-13-13-01_000150,2019-09-16-13-13-01,000150,test,range_angle,images/2019-09-16-13-13-01/000150.png,labels/2019-09-16-13-13-01/000150.txt
2019-09-16-13-13-01_000151,2019-09-16-13-13-01,000151,test,range_angle,images/2019-09-16-13-13-01/000151.png,labels/2019-09-16-13-13-01/000151.txt
2019-09-16-13-13-01_000152,2019-09-16-13-13-01,000152,test,range_angle,images/2019-09-16-13-13-01/000152.png,labels/2019-09-16-13-13-01/000152.txt
2019-09-16-13-13-01_000153,2019-09-16-13-13-01,000153,test,range_angle,images/2019-09-16-13-13-01/000153.png,labels/2019-09-16-13-13-01/000153.txt
2019-09-16-13-13-01_000154,2019-09-16-13-13-01,000154,test,range_angle,images/2019-09-16-13-13-01/000154.png,labels/2019-09-16-13-13-01/000154.txt
2019-09-16-13-13-01_000155,2019-09-16-13-13-01,000155,test,range_angle,images/2019-09-16-13-13-01/000155.png,labels/2019-09-16-13-13-01/000155.txt
2019-09-16-13-13-01_000156,2019-09-16-13-13-01,000156,test,range_angle,images/2019-09-16-13-13-01/000156.png,labels/2019-09-16-13-13-01/000156.txt
2019-09-16-13-13-01_000157,2019-09-16-13-13-01,000157,test,range_angle,images/2019-09-16-13-13-01/000157.png,labels/2019-09-16-13-13-01/000157.txt
2019-09-16-13-13-01_000158,2019-09-16-13-13-01,000158,test,range_angle,images/2019-09-16-13-13-01/000158.png,labels/2019-09-16-13-13-01/000158.txt
2019-09-16-13-13-01_000159,2019-09-16-13-13-01,000159,test,range_angle,images/2019-09-16-13-13-01/000159.png,labels/2019-09-16-13-13-01/000159.txt
2019-09-16-13-13-01_000160,2019-09-16-13-13-01,000160,test,range_angle,images/2019-09-16-13-13-01/000160.png,labels/2019-09-16-13-13-01/000160.txt
2019-09-16-13-13-01_000161,2019-09-16-13-13-01,000161,test,range_angle,images/2019-09-16-13-13-01/000161.png,labels/2019-09-16-13-13-01/000161.txt
2019-09-16-13-13-01_000162,2019-09-16-13-13-01,000162,test,range_angle,images/2019-09-16-13-13-01/000162.png,labels/2019-09-16-13-13-01/000162.txt
2019-09-16-13-13-01_000163,2019-09-16-13-13-01,000163,test,range_angle,images/2019-09-16-13-13-01/000163.png,labels/2019-09-16-13-13-01/000163.txt
2019-09-16-13-13-01_000164,2019-09-16-13-13-01,000164,test,range_angle,images/2019-09-16-13-13-01/000164.png,labels/2019-09-16-13-13-01/000164.txt
2019-09-16-13-13-01_000165,2019-09-16-13-13-01,000165,test,range_angle,images/2019-09-16-13-13-01/000165.png,labels/2019-09-16-13-13-01/000165.txt
2019-09-16-13-13-01_000166,2019-09-16-13-13-01,000166,test,range_angle,images/2019-09-16-13-13-01/000166.png,labels/2019-09-16-13-13-01/000166.txt
2019-09-16-13-13-01_000167,2019-09-16-13-13-01,000167,test,range_angle,images/2019-09-16-13-13-01/000167.png,labels/2019-09-16-13-13-01/000167.txt
2019-09-16-13-13-01_000168,2019-09-16-13-13-01,000168,test,range_angle,images/2019-09-16-13-13-01/000168.png,labels/2019-09-16-13-13-01/000168.txt
2019-09-16-13-13-01_000169,2019-09-16-13-13-01,000169,test,range_angle,images/2019-09-16-13-13-01/000169.png,labels/2019-09-16-13-13-01/000169.txt
2019-09-16-13-13-01_000170,2019-09-16-13-13-01,000170,test,range_angle,images/2019-09-16-13-13-01/000170.png,labels/2019-09-16-13-13-01/000170.txt
2019-09-16-13-13-01_000171,2019-09-16-13-13-01,000171,test,range_angle,images/2019-09-16-13-13-01/000171.png,labels/2019-09-16-13-13-01/000171.txt
2019-09-16-13-13-01_000172,2019-09-16-13-13-01,000172,test,range_angle,images/2019-09-16-13-13-01/000172.png,labels/2019-09-16-13-13-01/000172.txt
2019-09-16-13-13-01_000173,2019-09-16-13-13-01,000173,test,range_angle,images/2019-09-16-13-13-01/000173.png,labels/2019-09-16-13-13-01/000173.txt
2019-09-16-13-13-01_000174,2019-09-16-13-13-01,000174,test,range_angle,images/2019-09-16-13-13-01/000174.png,labels/2019-09-16-13-13-01/000174.txt
2019-09-16-13-13-01_000175,2019-09-16-13-13-01,000175,test,range_angle,images/2019-09-16-13-13-01/000175.png,labels/2019-09-16-13-13-01/000175.txt
2019-09-16-13-13-01_000176,2019-09-16-13-13-01,000176,test,range_angle,images/2019-09-16-13-13-01/000176.png,labels/2019-09-16-13-13-01/000176.txt
2019-09-16-13-13-01_000177,2019-09-16-13-13-01,000177,test,range_angle,images/2019-09-16-13-13-01/000177.png,labels/2019-09-16-13-13-01/000177.txt
2019-09-16-13-13-01_000178,2019-09-16-13-13-01,000178,test,range_angle,images/2019-09-16-13-13-01/000178.png,labels/2019-09-16-13-13-01/000178.txt
2019-09-16-13-13-01_000179,2019-09-16-13-13-01,000179,test,range_angle,images/2019-09-16-13-13-01/000179.png,labels/2019-09-16-13-13-01/000179.txt
2019-09-16-13-13-01_000180,2019-09-16-13-13-01,000180,test,range_angle,images/2019-09-16-13-13-01/000180.png,labels/2019-09-16-13-13-01/000180.txt
2019-09-16-13-13-01_000181,2019-09-16-13-13-01,000181,test,range_angle,images/2019-09-16-13-13-01/000181.png,labels/2019-09-16-13-13-01/000181.txt
2019-09-16-13-13-01_000182,2019-09-16-13-13-01,000182,test,range_angle,images/2019-09-16-13-13-01/000182.png,labels/2019-09-16-13-13-01/000182.txt
2019-09-16-13-13-01_000183,2019-09-16-13-13-01,000183,test,range_angle,images/2019-09-16-13-13-01/000183.png,labels/2019-09-16-13-13-01/000183.txt
2019-09-16-13-13-01_000184,2019-09-16-13-13-01,000184,test,range_angle,images/2019-09-16-13-13-01/000184.png,labels/2019-09-16-13-13-01/000184.txt
2019-09-16-13-13-01_000185,2019-09-16-13-13-01,000185,test,range_angle,images/2019-09-16-13-13-01/000185.png,labels/2019-09-16-13-13-01/000185.txt
2019-09-16-13-13-01_000186,2019-09-16-13-13-01,000186,test,range_angle,images/2019-09-16-13-13-01/000186.png,labels/2019-09-16-13-13-01/000186.txt
2019-09-16-13-13-01_000187,2019-09-16-13-13-01,000187,test,range_angle,images/2019-09-16-13-13-01/000187.png,labels/2019-09-16-13-13-01/000187.txt
2019-09-16-13-13-01_000188,2019-09-16-13-13-01,000188,test,range_angle,images/2019-09-16-13-13-01/000188.png,labels/2019-09-16-13-13-01/000188.txt
2019-09-16-13-13-01_000189,2019-09-16-13-13-01,000189,test,range_angle,images/2019-09-16-13-13-01/000189.png,labels/2019-09-16-13-13-01/000189.txt
2019-09-16-13-13-01_000190,2019-09-16-13-13-01,000190,test,range_angle,images/2019-09-16-13-13-01/000190.png,labels/2019-09-16-13-13-01/000190.txt
2019-09-16-13-13-01_000191,2019-09-16-13-13-01,000191,test,range_angle,images/2019-09-16-13-13-01/000191.png,labels/2019-09-16-13-13-01/000191.txt
2019-09-16-13-13-01_000192,2019-09-16-13-13-01,000192,test,range_angle,images/2019-09-16-13-13-01/000192.png,labels/2019-09-16-13-13-01/000192.txt
2019-09-16-13-13-01_000193,2019-09-16-13-13-01,000193,test,range_angle,images/2019-09-16-13-13-01/000193.png,labels/2019-09-16-13-13-01/000193.txt
2019-09-16-13-13-01_000194,2019-09-16-13-13-01,000194,test,range_angle,images/2019-09-16-13-13-01/000194.png,labels/2019-09-16-13-13-01/000194.txt
2019-09-16-13-13-01_000195,2019-09-16-13-13-01,000195,test,range_angle,images/2019-09-16-13-13-01/000195.png,labels/2019-09-16-13-13-01/000195.txt
2019-09-16-13-13-01_000196,2019-09-16-13-13-01,000196,test,range_angle,images/2019-09-16-13-13-01/000196.png,labels/2019-09-16-13-13-01/000196.txt
2019-09-16-13-13-01_000197,2019-09-16-13-13-01,000197,test,range_angle,images/2019-09-16-13-13-01/000197.png,labels/2019-09-16-13-13-01/000197.txt
2019-09-16-13-13-01_000198,2019-09-16-13-13-01,000198,test,range_angle,images/2019-09-16-13-13-01/000198.png,labels/2019-09-16-13-13-01/000198.txt
2019-09-16-13-13-01_000199,2019-09-16-13-13-01,000199,test,range_angle,images/2019-09-16-13-13-01/000199.png,labels/2019-09-16-13-13-01/000199.txt
2019-09-16-13-13-01_000200,2019-09-16-13-13-01,000200,test,range_angle,images/2019-09-16-13-13-01/000200.png,labels/2019-09-16-13-13-01/000200.txt
2019-09-16-13-13-01_000201,2019-09-16-13-13-01,000201,test,range_angle,images/2019-09-16-13-13-01/000201.png,labels/2019-09-16-13-13-01/000201.txt
2019-09-16-13-13-01_000202,2019-09-16-13-13-01,000202,test,range_angle,images/2019-09-16-13-13-01/000202.png,labels/2019-09-16-13-13-01/000202.txt
2019-09-16-13-13-01_000203,2019-09-16-13-13-01,000203,test,range_angle,images/2019-09-16-13-13-01/000203.png,labels/2019-09-16-13-13-01/000203.txt
2019-09-16-13-13-01_000204,2019-09-16-13-13-01,000204,test,range_angle,images/2019-09-16-13-13-01/000204.png,labels/2019-09-16-13-13-01/000204.txt
2019-09-16-13-13-01_000205,2019-09-16-13-13-01,000205,test,range_angle,images/2019-09-16-13-13-01/000205.png,labels/2019-09-16-13-13-01/000205.txt
2019-09-16-13-13-01_000206,2019-09-16-13-13-01,000206,test,range_angle,images/2019-09-16-13-13-01/000206.png,labels/2019-09-16-13-13-01/000206.txt
2019-09-16-13-13-01_000207,2019-09-16-13-13-01,000207,test,range_angle,images/2019-09-16-13-13-01/000207.png,labels/2019-09-16-13-13-01/000207.txt
2019-09-16-13-13-01_000208,2019-09-16-13-13-01,000208,test,range_angle,images/2019-09-16-13-13-01/000208.png,labels/2019-09-16-13-13-01/000208.txt
2019-09-16-13-13-01_000209,2019-09-16-13-13-01,000209,test,range_angle,images/2019-09-16-13-13-01/000209.png,labels/2019-09-16-13-13-01/000209.txt
2019-09-16-13-13-01_000210,2019-09-16-13-13-01,000210,test,range_angle,images/2019-09-16-13-13-01/000210.png,labels/2019-09-16-13-13-01/000210.txt
2019-09-16-13-13-01_000211,2019-09-16-13-13-01,000211,test,range_angle,images/2019-09-16-13-13-01/000211.png,labels/2019-09-16-13-13-01/000211.txt
2019-09-16-13-13-01_000212,2019-09-16-13-13-01,000212,test,range_angle,images/2019-09-16-13-13-01/000212.png,labels/2019-09-16-13-13-01/000212.txt
2019-09-16-13-13-01_000213,2019-09-16-13-13-01,000213,test,range_angle,images/2019-09-16-13-13-01/000213.png,labels/2019-09-16-13-13-01/000213.txt
2019-09-16-13-13-01_000214,2019-09-16-13-13-01,000214,test,range_angle,images/2019-09-16-13-13-01/000214.png,labels/2019-09-16-13-13-01/000214.txt
2019-09-16-13-13-01_000215,2019-09-16-13-13-01,000215,test,range_angle,images/2019-09-16-13-13-01/000215.png,labels/2019-09-16-13-13-01/000215.txt
2019-09-16-13-13-01_000216,2019-09-16-13-13-01,000216,test,range_angle,images/2019-09-16-13-13-01/000216.png,labels/2019-09-16-13-13-01/000216.txt
2019-09-16-13-13-01_000217,2019-09-16-13-13-01,000217,test,range_angle,images/2019-09-16-13-13-01/000217.png,labels/2019-09-16-13-13-01/000217.txt
2019-09-16-13-13-01_000218,2019-09-16-13-13-01,000218,test,range_angle,images/2019-09-16-13-13-01/000218.png,labels/2019-09-16-13-13-01/000218.txt
2019-09-16-13-13-01_000219,2019-09-16-13-13-01,000219,test,range_angle,images/2019-09-16-13-13-01/000219.png,labels/2019-09-16-13-13-01/000219.txt
2019-09-16-13-13-01_000220,2019-09-16-13-13-01,000220,test,range_angle,images/2019-09-16-13-13-01/000220.png,labels/2019-09-16-13-13-01/000220.txt
2019-09-16-13-13-01_000221,2019-09-16-13-13-01,000221,test,range_angle,images/2019-09-16-13-13-01/000221.png,labels/2019-09-16-13-13-01/000221.txt
2019-09-16-13-13-01_000222,2019-09-16-13-13-01,000222,test,range_angle,images/2019-09-16-13-13-01/000222.png,labels/2019-09-16-13-13-01/000222.txt
2019-09-16-13-13-01_000223,2019-09-16-13-13-01,000223,test,range_angle,images/2019-09-16-13-13-01/000223.png,labels/2019-09-16-13-13-01/000223.txt
2019-09-16-13-13-01_000224,2019-09-16-13-13-01,000224,test,range_angle,images/2019-09-16-13-13-01/000224.png,labels/2019-09-16-13-13-01/000224.txt
2019-09-16-13-13-01_000225,2019-09-16-13-13-01,000225,test,range_angle,images/2019-09-16-13-13-01/000225.png,labels/2019-09-16-13-13-01/000225.txt
2019-09-16-13-13-01_000226,2019-09-16-13-13-01,000226,test,range_angle,images/2019-09-16-13-13-01/000226.png,labels/2019-09-16-13-13-01/000226.txt
2019-09-16-13-13-01_000227,2019-09-16-13-13-01,000227,test,range_angle,images/2019-09-16-13-13-01/000227.png,labels/2019-09-16-13-13-01/000227.txt
2019-09-16-13-13-01_000228,2019-09-16-13-13-01,000228,test,range_angle,images/2019-09-16-13-13-01/000228.png,labels/2019-09-16-13-13-01/000228.txt
2019-09-16-13-13-01_000229,2019-09-16-13-13-01,000229,test,range_angle,images/2019-09-16-13-13-01/000229.png,labels/2019-09-16-13-13-01/000229.txt
2019-09-16-13-13-01_000230,2019-09-16-13-13-01,000230,test,range_angle,images/2019-09-16-13-13-01/000230.png,labels/2019-09-16-13-13-01/000230.txt
2019-09-16-13-13-01_000231,2019-09-16-13-13-01,000231,test,range_angle,images/2019-09-16-13-13-01/000231.png,labels/2019-09-16-13-13-01/000231.txt
2019-09-16-13-13-01_000232,2019-09-16-13-13-01,000232,test,range_angle,images/2019-09-16-13-13-01/000232.png,labels/2019-09-16-13-13-01/000232.txt
2019-09-16-13-13-01_000233,2019-09-16-13-13-01,000233,test,range_angle,images/2019-09-16-13-13-01/000233.png,labels/2019-09-16-13-13-01/000233.txt
2019-09-16-13-13-01_000234,2019-09-16-13-13-01,000234,test,range_angle,images/2019-09-16-13-13-01/000234.png,labels/2019-09-16-13-13-01/000234.txt
2019-09-16-13-13-01_000235,2019-09-16-13-13-01,000235,test,range_angle,images/2019-09-16-13-13-01/000235.png,labels/2019-09-16-13-13-01/000235.txt
2019-09-16-13-13-01_000236,2019-09-16-13-13-01,000236,test,range_angle,images/2019-09-16-13-13-01/000236.png,labels/2019-09-16-13-13-01/000236.txt
2019-09-16-13-13-01_000237,2019-09-16-13-13-01,000237,test,range_angle,images/2019-09-16-13-13-01/000237.png,labels/2019-09-16-13-13-01/000237.txt
2019-09-16-13-13-01_000238,2019-09-16-13-13-01,000238,test,range_angle,images/2019-09-16-13-13-01/000238.png,labels/2019-09-16-13-13-01/000238.txt
2019-09-16-13-13-01_000239,2019-09-16-13-13-01,000239,test,range_angle,images/2019-09-16-13-13-01/000239.png,labels/2019-09-16-13-13-01/000239.txt
2019-09-16-13-13-01_000240,2019-09-16-13-13-01,000240,test,range_angle,images/2019-09-16-13-13-01/000240.png,labels/2019-09-16-13-13-01/000240.txt
2019-09-16-13-13-01_000241,2019-09-16-13-13-01,000241,test,range_angle,images/2019-09-16-13-13-01/000241.png,labels/2019-09-16-13-13-01/000241.txt
2019-09-16-13-13-01_000242,2019-09-16-13-13-01,000242,test,range_angle,images/2019-09-16-13-13-01/000242.png,labels/2019-09-16-13-13-01/000242.txt
2019-09-16-13-13-01_000243,2019-09-16-13-13-01,000243,test,range_angle,images/2019-09-16-13-13-01/000243.png,labels/2019-09-16-13-13-01/000243.txt
2019-09-16-13-13-01_000244,2019-09-16-13-13-01,000244,test,range_angle,images/2019-09-16-13-13-01/000244.png,labels/2019-09-16-13-13-01/000244.txt
2019-09-16-13-13-01_000245,2019-09-16-13-13-01,000245,test,range_angle,images/2019-09-16-13-13-01/000245.png,labels/2019-09-16-13-13-01/000245.txt
2019-09-16-13-13-01_000246,2019-09-16-13-13-01,000246,test,range_angle,images/2019-09-16-13-13-01/000246.png,labels/2019-09-16-13-13-01/000246.txt
2019-09-16-13-13-01_000247,2019-09-16-13-13-01,000247,test,range_angle,images/2019-09-16-13-13-01/000247.png,labels/2019-09-16-13-13-01/000247.txt
2019-09-16-13-13-01_000248,2019-09-16-13-13-01,000248,test,range_angle,images/2019-09-16-13-13-01/000248.png,labels/2019-09-16-13-13-01/000248.txt
2019-09-16-13-13-01_000249,2019-09-16-13-13-01,000249,test,range_angle,images/2019-09-16-13-13-01/000249.png,labels/2019-09-16-13-13-01/000249.txt
2019-09-16-13-13-01_000250,2019-09-16-13-13-01,000250,test,range_angle,images/2019-09-16-13-13-01/000250.png,labels/2019-09-16-13-13-01/000250.txt
2019-09-16-13-13-01_000251,2019-09-16-13-13-01,000251,test,range_angle,images/2019-09-16-13-13-01/000251.png,labels/2019-09-16-13-13-01/000251.txt
2019-09-16-13-13-01_000252,2019-09-16-13-13-01,000252,test,range_angle,images/2019-09-16-13-13-01/000252.png,labels/2019-09-16-13-13-01/000252.txt
2019-09-16-13-13-01_000253,2019-09-16-13-13-01,000253,test,range_angle,images/2019-09-16-13-13-01/000253.png,labels/2019-09-16-13-13-01/000253.txt
2019-09-16-13-13-01_000254,2019-09-16-13-13-01,000254,test,range_angle,images/2019-09-16-13-13-01/000254.png,labels/2019-09-16-13-13-01/000254.txt
2019-09-16-13-13-01_000255,2019-09-16-13-13-01,000255,test,range_angle,images/2019-09-16-13-13-01/000255.png,labels/2019-09-16-13-13-01/000255.txt
2019-09-16-13-13-01_000256,2019-09-16-13-13-01,000256,test,range_angle,images/2019-09-16-13-13-01/000256.png,labels/2019-09-16-13-13-01/000256.txt
2019-09-16-13-13-01_000257,2019-09-16-13-13-01,000257,test,range_angle,images/2019-09-16-13-13-01/000257.png,labels/2019-09-16-13-13-01/000257.txt
2019-09-16-13-13-01_000258,2019-09-16-13-13-01,000258,test,range_angle,images/2019-09-16-13-13-01/000258.png,labels/2019-09-16-13-13-01/000258.txt
2019-09-16-13-13-01_000259,2019-09-16-13-13-01,000259,test,range_angle,images/2019-09-16-13-13-01/000259.png,labels/2019-09-16-13-13-01/000259.txt
2019-09-16-13-13-01_000260,2019-09-16-13-13-01,000260,test,range_angle,images/2019-09-16-13-13-01/000260.png,labels/2019-09-16-13-13-01/000260.txt
2019-09-16-13-13-01_000261,2019-09-16-13-13-01,000261,test,range_angle,images/2019-09-16-13-13-01/000261.png,labels/2019-09-16-13-13-01/000261.txt
2019-09-16-13-13-01_000262,2019-09-16-13-13-01,000262,test,range_angle,images/2019-09-16-13-13-01/000262.png,labels/2019-09-16-13-13-01/000262.txt
2019-09-16-13-13-01_000263,2019-09-16-13-13-01,000263,test,range_angle,images/2019-09-16-13-13-01/000263.png,labels/2019-09-16-13-13-01/000263.txt
2019-09-16-12-55-51_000000,2019-09-16-12-55-51,000000,train,range_angle,images/2019-09-16-12-55-51/000000.png,labels/2019-09-16-12-55-51/000000.txt
2019-09-16-12-55-51_000001,2019-09-16-12-55-51,000001,train,range_angle,images/2019-09-16-12-55-51/000001.png,labels/2019-09-16-12-55-51/000001.txt
2019-09-16-12-55-51_000002,2019-09-16-12-55-51,000002,train,range_angle,images/2019-09-16-12-55-51/000002.png,labels/2019-09-16-12-55-51/000002.txt
2019-09-16-12-55-51_000003,2019-09-16-12-55-51,000003,train,range_angle,images/2019-09-16-12-55-51/000003.png,labels/2019-09-16-12-55-51/000003.txt
2019-09-16-12-55-51_000004,2019-09-16-12-55-51,000004,train,range_angle,images/2019-09-16-12-55-51/000004.png,labels/2019-09-16-12-55-51/000004.txt
2019-09-16-12-55-51_000005,2019-09-16-12-55-51,000005,train,range_angle,images/2019-09-16-12-55-51/000005.png,labels/2019-09-16-12-55-51/000005.txt
2019-09-16-12-55-51_000006,2019-09-16-12-55-51,000006,train,range_angle,images/2019-09-16-12-55-51/000006.png,labels/2019-09-16-12-55-51/000006.txt
2019-09-16-12-55-51_000007,2019-09-16-12-55-51,000007,train,range_angle,images/2019-09-16-12-55-51/000007.png,labels/2019-09-16-12-55-51/000007.txt
2019-09-16-12-55-51_000008,2019-09-16-12-55-51,000008,train,range_angle,images/2019-09-16-12-55-51/000008.png,labels/2019-09-16-12-55-51/000008.txt
2019-09-16-12-55-51_000009,2019-09-16-12-55-51,000009,train,range_angle,images/2019-09-16-12-55-51/000009.png,labels/2019-09-16-12-55-51/000009.txt
2019-09-16-12-55-51_000010,2019-09-16-12-55-51,000010,train,range_angle,images/2019-09-16-12-55-51/000010.png,labels/2019-09-16-12-55-51/000010.txt
2019-09-16-12-55-51_000011,2019-09-16-12-55-51,000011,train,range_angle,images/2019-09-16-12-55-51/000011.png,labels/2019-09-16-12-55-51/000011.txt
2019-09-16-12-55-51_000012,2019-09-16-12-55-51,000012,train,range_angle,images/2019-09-16-12-55-51/000012.png,labels/2019-09-16-12-55-51/000012.txt
2019-09-16-12-55-51_000013,2019-09-16-12-55-51,000013,train,range_angle,images/2019-09-16-12-55-51/000013.png,labels/2019-09-16-12-55-51/000013.txt
2019-09-16-12-55-51_000014,2019-09-16-12-55-51,000014,train,range_angle,images/2019-09-16-12-55-51/000014.png,labels/2019-09-16-12-55-51/000014.txt
2019-09-16-12-55-51_000015,2019-09-16-12-55-51,000015,train,range_angle,images/2019-09-16-12-55-51/000015.png,labels/2019-09-16-12-55-51/000015.txt
2019-09-16-12-55-51_000016,2019-09-16-12-55-51,000016,train,range_angle,images/2019-09-16-12-55-51/000016.png,labels/2019-09-16-12-55-51/000016.txt
2019-09-16-12-55-51_000017,2019-09-16-12-55-51,000017,train,range_angle,images/2019-09-16-12-55-51/000017.png,labels/2019-09-16-12-55-51/000017.txt
2019-09-16-12-55-51_000018,2019-09-16-12-55-51,000018,train,range_angle,images/2019-09-16-12-55-51/000018.png,labels/2019-09-16-12-55-51/000018.txt
2019-09-16-12-55-51_000019,2019-09-16-12-55-51,000019,train,range_angle,images/2019-09-16-12-55-51/000019.png,labels/2019-09-16-12-55-51/000019.txt
2019-09-16-12-55-51_000020,2019-09-16-12-55-51,000020,train,range_angle,images/2019-09-16-12-55-51/000020.png,labels/2019-09-16-12-55-51/000020.txt
2019-09-16-12-55-51_000021,2019-09-16-12-55-51,000021,train,range_angle,images/2019-09-16-12-55-51/000021.png,labels/2019-09-16-12-55-51/000021.txt
2019-09-16-12-55-51_000022,2019-09-16-12-55-51,000022,train,range_angle,images/2019-09-16-12-55-51/000022.png,labels/2019-09-16-12-55-51/000022.txt
2019-09-16-12-55-51_000023,2019-09-16-12-55-51,000023,train,range_angle,images/2019-09-16-12-55-51/000023.png,labels/2019-09-16-12-55-51/000023.txt
2019-09-16-12-55-51_000024,2019-09-16-12-55-51,000024,train,range_angle,images/2019-09-16-12-55-51/000024.png,labels/2019-09-16-12-55-51/000024.txt
2019-09-16-12-55-51_000025,2019-09-16-12-55-51,000025,train,range_angle,images/2019-09-16-12-55-51/000025.png,labels/2019-09-16-12-55-51/000025.txt
2019-09-16-12-55-51_000026,2019-09-16-12-55-51,000026,train,range_angle,images/2019-09-16-12-55-51/000026.png,labels/2019-09-16-12-55-51/000026.txt
2019-09-16-12-55-51_000027,2019-09-16-12-55-51,000027,train,range_angle,images/2019-09-16-12-55-51/000027.png,labels/2019-09-16-12-55-51/000027.txt
2019-09-16-12-55-51_000028,2019-09-16-12-55-51,000028,train,range_angle,images/2019-09-16-12-55-51/000028.png,labels/2019-09-16-12-55-51/000028.txt
2019-09-16-12-55-51_000029,2019-09-16-12-55-51,000029,train,range_angle,images/2019-09-16-12-55-51/000029.png,labels/2019-09-16-12-55-51/000029.txt
2019-09-16-12-55-51_000030,2019-09-16-12-55-51,000030,train,range_angle,images/2019-09-16-12-55-51/000030.png,labels/2019-09-16-12-55-51/000030.txt
2019-09-16-12-55-51_000031,2019-09-16-12-55-51,000031,train,range_angle,images/2019-09-16-12-55-51/000031.png,labels/2019-09-16-12-55-51/000031.txt
2019-09-16-12-55-51_000032,2019-09-16-12-55-51,000032,train,range_angle,images/2019-09-16-12-55-51/000032.png,labels/2019-09-16-12-55-51/000032.txt
2019-09-16-12-55-51_000033,2019-09-16-12-55-51,000033,train,range_angle,images/2019-09-16-12-55-51/000033.png,labels/2019-09-16-12-55-51/000033.txt
2019-09-16-12-55-51_000034,2019-09-16-12-55-51,000034,train,range_angle,images/2019-09-16-12-55-51/000034.png,labels/2019-09-16-12-55-51/000034.txt
2019-09-16-12-55-51_000035,2019-09-16-12-55-51,000035,train,range_angle,images/2019-09-16-12-55-51/000035.png,labels/2019-09-16-12-55-51/000035.txt
2019-09-16-12-55-51_000036,2019-09-16-12-55-51,000036,train,range_angle,images/2019-09-16-12-55-51/000036.png,labels/2019-09-16-12-55-51/000036.txt
2019-09-16-12-55-51_000037,2019-09-16-12-55-51,000037,train,range_angle,images/2019-09-16-12-55-51/000037.png,labels/2019-09-16-12-55-51/000037.txt
2019-09-16-12-55-51_000038,2019-09-16-12-55-51,000038,train,range_angle,images/2019-09-16-12-55-51/000038.png,labels/2019-09-16-12-55-51/000038.txt
2019-09-16-12-55-51_000039,2019-09-16-12-55-51,000039,train,range_angle,images/2019-09-16-12-55-51/000039.png,labels/2019-09-16-12-55-51/000039.txt
2019-09-16-12-55-51_000040,2019-09-16-12-55-51,000040,train,range_angle,images/2019-09-16-12-55-51/000040.png,labels/2019-09-16-12-55-51/000040.txt
2019-09-16-12-55-51_000041,2019-09-16-12-55-51,000041,train,range_angle,images/2019-09-16-12-55-51/000041.png,labels/2019-09-16-12-55-51/000041.txt
2019-09-16-12-55-51_000042,2019-09-16-12-55-51,000042,train,range_angle,images/2019-09-16-12-55-51/000042.png,labels/2019-09-16-12-55-51/000042.txt
2019-09-16-12-55-51_000043,2019-09-16-12-55-51,000043,train,range_angle,images/2019-09-16-12-55-51/000043.png,labels/2019-09-16-12-55-51/000043.txt
2019-09-16-12-55-51_000044,2019-09-16-12-55-51,000044,train,range_angle,images/2019-09-16-12-55-51/000044.png,labels/2019-09-16-12-55-51/000044.txt
2019-09-16-12-55-51_000045,2019-09-16-12-55-51,000045,train,range_angle,images/2019-09-16-12-55-51/000045.png,labels/2019-09-16-12-55-51/000045.txt
2019-09-16-12-55-51_000046,2019-09-16-12-55-51,000046,train,range_angle,images/2019-09-16-12-55-51/000046.png,labels/2019-09-16-12-55-51/000046.txt
2019-09-16-12-55-51_000047,2019-09-16-12-55-51,000047,train,range_angle,images/2019-09-16-12-55-51/000047.png,labels/2019-09-16-12-55-51/000047.txt
2019-09-16-12-55-51_000048,2019-09-16-12-55-51,000048,train,range_angle,images/2019-09-16-12-55-51/000048.png,labels/2019-09-16-12-55-51/000048.txt
2019-09-16-12-55-51_000049,2019-09-16-12-55-51,000049,train,range_angle,images/2019-09-16-12-55-51/000049.png,labels/2019-09-16-12-55-51/000049.txt
2019-09-16-12-55-51_000050,2019-09-16-12-55-51,000050,train,range_angle,images/2019-09-16-12-55-51/000050.png,labels/2019-09-16-12-55-51/000050.txt
2019-09-16-12-55-51_000051,2019-09-16-12-55-51,000051,train,range_angle,images/2019-09-16-12-55-51/000051.png,labels/2019-09-16-12-55-51/000051.txt
2019-09-16-12-55-51_000052,2019-09-16-12-55-51,000052,train,range_angle,images/2019-09-16-12-55-51/000052.png,labels/2019-09-16-12-55-51/000052.txt
2019-09-16-12-55-51_000053,2019-09-16-12-55-51,000053,train,range_angle,images/2019-09-16-12-55-51/000053.png,labels/2019-09-16-12-55-51/000053.txt
2019-09-16-12-55-51_000054,2019-09-16-12-55-51,000054,train,range_angle,images/2019-09-16-12-55-51/000054.png,labels/2019-09-16-12-55-51/000054.txt
2019-09-16-12-55-51_000055,2019-09-16-12-55-51,000055,train,range_angle,images/2019-09-16-12-55-51/000055.png,labels/2019-09-16-12-55-51/000055.txt
2019-09-16-12-55-51_000056,2019-09-16-12-55-51,000056,train,range_angle,images/2019-09-16-12-55-51/000056.png,labels/2019-09-16-12-55-51/000056.txt
2019-09-16-12-55-51_000057,2019-09-16-12-55-51,000057,train,range_angle,images/2019-09-16-12-55-51/000057.png,labels/2019-09-16-12-55-51/000057.txt
2019-09-16-12-55-51_000058,2019-09-16-12-55-51,000058,train,range_angle,images/2019-09-16-12-55-51/000058.png,labels/2019-09-16-12-55-51/000058.txt
2019-09-16-12-55-51_000059,2019-09-16-12-55-51,000059,train,range_angle,images/2019-09-16-12-55-51/000059.png,labels/2019-09-16-12-55-51/000059.txt
2019-09-16-12-55-51_000060,2019-09-16-12-55-51,000060,train,range_angle,images/2019-09-16-12-55-51/000060.png,labels/2019-09-16-12-55-51/000060.txt
2019-09-16-12-55-51_000061,2019-09-16-12-55-51,000061,train,range_angle,images/2019-09-16-12-55-51/000061.png,labels/2019-09-16-12-55-51/000061.txt
2019-09-16-12-55-51_000062,2019-09-16-12-55-51,000062,train,range_angle,images/2019-09-16-12-55-51/000062.png,labels/2019-09-16-12-55-51/000062.txt
2019-09-16-12-55-51_000063,2019-09-16-12-55-51,000063,train,range_angle,images/2019-09-16-12-55-51/000063.png,labels/2019-09-16-12-55-51/000063.txt
2019-09-16-12-55-51_000064,2019-09-16-12-55-51,000064,train,range_angle,images/2019-09-16-12-55-51/000064.png,labels/2019-09-16-12-55-51/000064.txt
2019-09-16-12-55-51_000065,2019-09-16-12-55-51,000065,train,range_angle,images/2019-09-16-12-55-51/000065.png,labels/2019-09-16-12-55-51/000065.txt
2019-09-16-12-55-51_000066,2019-09-16-12-55-51,000066,train,range_angle,images/2019-09-16-12-55-51/000066.png,labels/2019-09-16-12-55-51/000066.txt
2019-09-16-12-55-51_000067,2019-09-16-12-55-51,000067,train,range_angle,images/2019-09-16-12-55-51/000067.png,labels/2019-09-16-12-55-51/000067.txt
2019-09-16-12-55-51_000068,2019-09-16-12-55-51,000068,train,range_angle,images/2019-09-16-12-55-51/000068.png,labels/2019-09-16-12-55-51/000068.txt
2019-09-16-12-55-51_000069,2019-09-16-12-55-51,000069,train,range_angle,images/2019-09-16-12-55-51/000069.png,labels/2019-09-16-12-55-51/000069.txt
2019-09-16-12-55-51_000070,2019-09-16-12-55-51,000070,train,range_angle,images/2019-09-16-12-55-51/000070.png,labels/2019-09-16-12-55-51/000070.txt
2019-09-16-12-55-51_000071,2019-09-16-12-55-51,000071,train,range_angle,images/2019-09-16-12-55-51/000071.png,labels/2019-09-16-12-55-51/000071.txt
2019-09-16-12-55-51_000072,2019-09-16-12-55-51,000072,train,range_angle,images/2019-09-16-12-55-51/000072.png,labels/2019-09-16-12-55-51/000072.txt
2019-09-16-12-55-51_000073,2019-09-16-12-55-51,000073,train,range_angle,images/2019-09-16-12-55-51/000073.png,labels/2019-09-16-12-55-51/000073.txt
2019-09-16-12-55-51_000074,2019-09-16-12-55-51,000074,train,range_angle,images/2019-09-16-12-55-51/000074.png,labels/2019-09-16-12-55-51/000074.txt
2019-09-16-12-55-51_000075,2019-09-16-12-55-51,000075,train,range_angle,images/2019-09-16-12-55-51/000075.png,labels/2019-09-16-12-55-51/000075.txt
2019-09-16-12-55-51_000076,2019-09-16-12-55-51,000076,train,range_angle,images/2019-09-16-12-55-51/000076.png,labels/2019-09-16-12-55-51/000076.txt
2019-09-16-12-55-51_000077,2019-09-16-12-55-51,000077,train,range_angle,images/2019-09-16-12-55-51/000077.png,labels/2019-09-16-12-55-51/000077.txt
2019-09-16-12-55-51_000078,2019-09-16-12-55-51,000078,train,range_angle,images/2019-09-16-12-55-51/000078.png,labels/2019-09-16-12-55-51/000078.txt
2019-09-16-12-55-51_000079,2019-09-16-12-55-51,000079,train,range_angle,images/2019-09-16-12-55-51/000079.png,labels/2019-09-16-12-55-51/000079.txt
2019-09-16-12-55-51_000080,2019-09-16-12-55-51,000080,train,range_angle,images/2019-09-16-12-55-51/000080.png,labels/2019-09-16-12-55-51/000080.txt
2019-09-16-12-55-51_000081,2019-09-16-12-55-51,000081,train,range_angle,images/2019-09-16-12-55-51/000081.png,labels/2019-09-16-12-55-51/000081.txt
2019-09-16-12-55-51_000082,2019-09-16-12-55-51,000082,train,range_angle,images/2019-09-16-12-55-51/000082.png,labels/2019-09-16-12-55-51/000082.txt
2019-09-16-12-55-51_000083,2019-09-16-12-55-51,000083,train,range_angle,images/2019-09-16-12-55-51/000083.png,labels/2019-09-16-12-55-51/000083.txt
2019-09-16-12-55-51_000084,2019-09-16-12-55-51,000084,train,range_angle,images/2019-09-16-12-55-51/000084.png,labels/2019-09-16-12-55-51/000084.txt
2019-09-16-12-55-51_000085,2019-09-16-12-55-51,000085,train,range_angle,images/2019-09-16-12-55-51/000085.png,labels/2019-09-16-12-55-51/000085.txt
2019-09-16-12-55-51_000086,2019-09-16-12-55-51,000086,train,range_angle,images/2019-09-16-12-55-51/000086.png,labels/2019-09-16-12-55-51/000086.txt
2019-09-16-12-55-51_000087,2019-09-16-12-55-51,000087,train,range_angle,images/2019-09-16-12-55-51/000087.png,labels/2019-09-16-12-55-51/000087.txt
2019-09-16-12-55-51_000088,2019-09-16-12-55-51,000088,train,range_angle,images/2019-09-16-12-55-51/000088.png,labels/2019-09-16-12-55-51/000088.txt
2019-09-16-12-55-51_000089,2019-09-16-12-55-51,000089,train,range_angle,images/2019-09-16-12-55-51/000089.png,labels/2019-09-16-12-55-51/000089.txt
2019-09-16-12-55-51_000090,2019-09-16-12-55-51,000090,train,range_angle,images/2019-09-16-12-55-51/000090.png,labels/2019-09-16-12-55-51/000090.txt
2019-09-16-12-55-51_000091,2019-09-16-12-55-51,000091,train,range_angle,images/2019-09-16-12-55-51/000091.png,labels/2019-09-16-12-55-51/000091.txt
2019-09-16-12-55-51_000092,2019-09-16-12-55-51,000092,train,range_angle,images/2019-09-16-12-55-51/000092.png,labels/2019-09-16-12-55-51/000092.txt
2019-09-16-12-55-51_000093,2019-09-16-12-55-51,000093,train,range_angle,images/2019-09-16-12-55-51/000093.png,labels/2019-09-16-12-55-51/000093.txt
2019-09-16-12-55-51_000094,2019-09-16-12-55-51,000094,train,range_angle,images/2019-09-16-12-55-51/000094.png,labels/2019-09-16-12-55-51/000094.txt
2019-09-16-12-55-51_000095,2019-09-16-12-55-51,000095,train,range_angle,images/2019-09-16-12-55-51/000095.png,labels/2019-09-16-12-55-51/000095.txt
2019-09-16-12-55-51_000096,2019-09-16-12-55-51,000096,train,range_angle,images/2019-09-16-12-55-51/000096.png,labels/2019-09-16-12-55-51/000096.txt
2019-09-16-12-55-51_000097,2019-09-16-12-55-51,000097,train,range_angle,images/2019-09-16-12-55-51/000097.png,labels/2019-09-16-12-55-51/000097.txt
2019-09-16-12-55-51_000098,2019-09-16-12-55-51,000098,train,range_angle,images/2019-09-16-12-55-51/000098.png,labels/2019-09-16-12-55-51/000098.txt
2019-09-16-12-55-51_000099,2019-09-16-12-55-51,000099,train,range_angle,images/2019-09-16-12-55-51/000099.png,labels/2019-09-16-12-55-51/000099.txt
2019-09-16-12-55-51_000100,2019-09-16-12-55-51,000100,train,range_angle,images/2019-09-16-12-55-51/000100.png,labels/2019-09-16-12-55-51/000100.txt
2019-09-16-12-55-51_000101,2019-09-16-12-55-51,000101,train,range_angle,images/2019-09-16-12-55-51/000101.png,labels/2019-09-16-12-55-51/000101.txt
2019-09-16-12-55-51_000102,2019-09-16-12-55-51,000102,train,range_angle,images/2019-09-16-12-55-51/000102.png,labels/2019-09-16-12-55-51/000102.txt
2019-09-16-12-55-51_000103,2019-09-16-12-55-51,000103,train,range_angle,images/2019-09-16-12-55-51/000103.png,labels/2019-09-16-12-55-51/000103.txt
2019-09-16-12-55-51_000104,2019-09-16-12-55-51,000104,train,range_angle,images/2019-09-16-12-55-51/000104.png,labels/2019-09-16-12-55-51/000104.txt
2019-09-16-12-55-51_000105,2019-09-16-12-55-51,000105,train,range_angle,images/2019-09-16-12-55-51/000105.png,labels/2019-09-16-12-55-51/000105.txt
2019-09-16-12-55-51_000106,2019-09-16-12-55-51,000106,train,range_angle,images/2019-09-16-12-55-51/000106.png,labels/2019-09-16-12-55-51/000106.txt
2019-09-16-12-55-51_000107,2019-09-16-12-55-51,000107,train,range_angle,images/2019-09-16-12-55-51/000107.png,labels/2019-09-16-12-55-51/000107.txt
2019-09-16-12-55-51_000108,2019-09-16-12-55-51,000108,train,range_angle,images/2019-09-16-12-55-51/000108.png,labels/2019-09-16-12-55-51/000108.txt
2019-09-16-12-55-51_000109,2019-09-16-12-55-51,000109,train,range_angle,images/2019-09-16-12-55-51/000109.png,labels/2019-09-16-12-55-51/000109.txt
2019-09-16-12-55-51_000110,2019-09-16-12-55-51,000110,train,range_angle,images/2019-09-16-12-55-51/000110.png,labels/2019-09-16-12-55-51/000110.txt
2019-09-16-12-55-51_000111,2019-09-16-12-55-51,000111,train,range_angle,images/2019-09-16-12-55-51/000111.png,labels/2019-09-16-12-55-51/000111.txt
2019-09-16-12-55-51_000112,2019-09-16-12-55-51,000112,train,range_angle,images/2019-09-16-12-55-51/000112.png,labels/2019-09-16-12-55-51/000112.txt
2019-09-16-12-55-51_000113,2019-09-16-12-55-51,000113,train,range_angle,images/2019-09-16-12-55-51/000113.png,labels/2019-09-16-12-55-51/000113.txt
2019-09-16-12-55-51_000114,2019-09-16-12-55-51,000114,train,range_angle,images/2019-09-16-12-55-51/000114.png,labels/2019-09-16-12-55-51/000114.txt
2019-09-16-12-55-51_000115,2019-09-16-12-55-51,000115,train,range_angle,images/2019-09-16-12-55-51/000115.png,labels/2019-09-16-12-55-51/000115.txt
2019-09-16-12-55-51_000116,2019-09-16-12-55-51,000116,train,range_angle,images/2019-09-16-12-55-51/000116.png,labels/2019-09-16-12-55-51/000116.txt
2019-09-16-12-55-51_000117,2019-09-16-12-55-51,000117,train,range_angle,images/2019-09-16-12-55-51/000117.png,labels/2019-09-16-12-55-51/000117.txt
2019-09-16-12-55-51_000118,2019-09-16-12-55-51,000118,train,range_angle,images/2019-09-16-12-55-51/000118.png,labels/2019-09-16-12-55-51/000118.txt
2019-09-16-12-55-51_000119,2019-09-16-12-55-51,000119,train,range_angle,images/2019-09-16-12-55-51/000119.png,labels/2019-09-16-12-55-51/000119.txt
2019-09-16-12-55-51_000120,2019-09-16-12-55-51,000120,train,range_angle,images/2019-09-16-12-55-51/000120.png,labels/2019-09-16-12-55-51/000120.txt
2019-09-16-12-55-51_000121,2019-09-16-12-55-51,000121,train,range_angle,images/2019-09-16-12-55-51/000121.png,labels/2019-09-16-12-55-51/000121.txt
2019-09-16-12-55-51_000122,2019-09-16-12-55-51,000122,train,range_angle,images/2019-09-16-12-55-51/000122.png,labels/2019-09-16-12-55-51/000122.txt
2019-09-16-12-55-51_000123,2019-09-16-12-55-51,000123,train,range_angle,images/2019-09-16-12-55-51/000123.png,labels/2019-09-16-12-55-51/000123.txt
2019-09-16-12-55-51_000124,2019-09-16-12-55-51,000124,train,range_angle,images/2019-09-16-12-55-51/000124.png,labels/2019-09-16-12-55-51/000124.txt
2019-09-16-12-55-51_000125,2019-09-16-12-55-51,000125,train,range_angle,images/2019-09-16-12-55-51/000125.png,labels/2019-09-16-12-55-51/000125.txt
2019-09-16-12-55-51_000126,2019-09-16-12-55-51,000126,train,range_angle,images/2019-09-16-12-55-51/000126.png,labels/2019-09-16-12-55-51/000126.txt
2019-09-16-12-55-51_000127,2019-09-16-12-55-51,000127,train,range_angle,images/2019-09-16-12-55-51/000127.png,labels/2019-09-16-12-55-51/000127.txt
2019-09-16-12-55-51_000128,2019-09-16-12-55-51,000128,train,range_angle,images/2019-09-16-12-55-51/000128.png,labels/2019-09-16-12-55-51/000128.txt
2019-09-16-12-55-51_000129,2019-09-16-12-55-51,000129,train,range_angle,images/2019-09-16-12-55-51/000129.png,labels/2019-09-16-12-55-51/000129.txt
2019-09-16-12-55-51_000130,2019-09-16-12-55-51,000130,train,range_angle,images/2019-09-16-12-55-51/000130.png,labels/2019-09-16-12-55-51/000130.txt
2019-09-16-12-55-51_000131,2019-09-16-12-55-51,000131,train,range_angle,images/2019-09-16-12-55-51/000131.png,labels/2019-09-16-12-55-51/000131.txt
2019-09-16-12-55-51_000132,2019-09-16-12-55-51,000132,train,range_angle,images/2019-09-16-12-55-51/000132.png,labels/2019-09-16-12-55-51/000132.txt
2019-09-16-12-55-51_000133,2019-09-16-12-55-51,000133,train,range_angle,images/2019-09-16-12-55-51/000133.png,labels/2019-09-16-12-55-51/000133.txt
2019-09-16-12-55-51_000134,2019-09-16-12-55-51,000134,train,range_angle,images/2019-09-16-12-55-51/000134.png,labels/2019-09-16-12-55-51/000134.txt
2019-09-16-12-55-51_000135,2019-09-16-12-55-51,000135,train,range_angle,images/2019-09-16-12-55-51/000135.png,labels/2019-09-16-12-55-51/000135.txt
2019-09-16-12-55-51_000136,2019-09-16-12-55-51,000136,train,range_angle,images/2019-09-16-12-55-51/000136.png,labels/2019-09-16-12-55-51/000136.txt
2019-09-16-12-55-51_000137,2019-09-16-12-55-51,000137,train,range_angle,images/2019-09-16-12-55-51/000137.png,labels/2019-09-16-12-55-51/000137.txt
2019-09-16-12-55-51_000138,2019-09-16-12-55-51,000138,train,range_angle,images/2019-09-16-12-55-51/000138.png,labels/2019-09-16-12-55-51/000138.txt
2019-09-16-12-55-51_000139,2019-09-16-12-55-51,000139,train,range_angle,images/2019-09-16-12-55-51/000139.png,labels/2019-09-16-12-55-51/000139.txt
2019-09-16-12-55-51_000140,2019-09-16-12-55-51,000140,train,range_angle,images/2019-09-16-12-55-51/000140.png,labels/2019-09-16-12-55-51/000140.txt
2019-09-16-12-55-51_000141,2019-09-16-12-55-51,000141,train,range_angle,images/2019-09-16-12-55-51/000141.png,labels/2019-09-16-12-55-51/000141.txt
2019-09-16-12-55-51_000142,2019-09-16-12-55-51,000142,train,range_angle,images/2019-09-16-12-55-51/000142.png,labels/2019-09-16-12-55-51/000142.txt
2019-09-16-12-55-51_000143,2019-09-16-12-55-51,000143,train,range_angle,images/2019-09-16-12-55-51/000143.png,labels/2019-09-16-12-55-51/000143.txt
2019-09-16-12-55-51_000144,2019-09-16-12-55-51,000144,train,range_angle,images/2019-09-16-12-55-51/000144.png,labels/2019-09-16-12-55-51/000144.txt
2019-09-16-12-55-51_000145,2019-09-16-12-55-51,000145,train,range_angle,images/2019-09-16-12-55-51/000145.png,labels/2019-09-16-12-55-51/000145.txt
2019-09-16-12-55-51_000146,2019-09-16-12-55-51,000146,train,range_angle,images/2019-09-16-12-55-51/000146.png,labels/2019-09-16-12-55-51/000146.txt
2019-09-16-12-55-51_000147,2019-09-16-12-55-51,000147,train,range_angle,images/2019-09-16-12-55-51/000147.png,labels/2019-09-16-12-55-51/000147.txt
2019-09-16-12-55-51_000148,2019-09-16-12-55-51,000148,train,range_angle,images/2019-09-16-12-55-51/000148.png,labels/2019-09-16-12-55-51/000148.txt
2019-09-16-12-55-51_000149,2019-09-16-12-55-51,000149,train,range_angle,images/2019-09-16-12-55-51/000149.png,labels/2019-09-16-12-55-51/000149.txt
2019-09-16-12-55-51_000150,2019-09-16-12-55-51,000150,train,range_angle,images/2019-09-16-12-55-51/000150.png,labels/2019-09-16-12-55-51/000150.txt
2019-09-16-12-55-51_000151,2019-09-16-12-55-51,000151,train,range_angle,images/2019-09-16-12-55-51/000151.png,labels/2019-09-16-12-55-51/000151.txt
2019-09-16-12-55-51_000152,2019-09-16-12-55-51,000152,train,range_angle,images/2019-09-16-12-55-51/000152.png,labels/2019-09-16-12-55-51/000152.txt
2019-09-16-12-55-51_000153,2019-09-16-12-55-51,000153,train,range_angle,images/2019-09-16-12-55-51/000153.png,labels/2019-09-16-12-55-51/000153.txt
2019-09-16-12-55-51_000154,2019-09-16-12-55-51,000154,train,range_angle,images/2019-09-16-12-55-51/000154.png,labels/2019-09-16-12-55-51/000154.txt
2019-09-16-12-55-51_000155,2019-09-16-12-55-51,000155,train,range_angle,images/2019-09-16-12-55-51/000155.png,labels/2019-09-16-12-55-51/000155.txt
2019-09-16-12-55-51_000156,2019-09-16-12-55-51,000156,train,range_angle,images/2019-09-16-12-55-51/000156.png,labels/2019-09-16-12-55-51/000156.txt
2019-09-16-12-55-51_000157,2019-09-16-12-55-51,000157,train,range_angle,images/2019-09-16-12-55-51/000157.png,labels/2019-09-16-12-55-51/000157.txt
2019-09-16-12-55-51_000158,2019-09-16-12-55-51,000158,train,range_angle,images/2019-09-16-12-55-51/000158.png,labels/2019-09-16-12-55-51/000158.txt
2019-09-16-12-55-51_000159,2019-09-16-12-55-51,000159,train,range_angle,images/2019-09-16-12-55-51/000159.png,labels/2019-09-16-12-55-51/000159.txt
2019-09-16-12-55-51_000160,2019-09-16-12-55-51,000160,train,range_angle,images/2019-09-16-12-55-51/000160.png,labels/2019-09-16-12-55-51/000160.txt
2019-09-16-12-55-51_000161,2019-09-16-12-55-51,000161,train,range_angle,images/2019-09-16-12-55-51/000161.png,labels/2019-09-16-12-55-51/000161.txt
2019-09-16-12-55-51_000162,2019-09-16-12-55-51,000162,train,range_angle,images/2019-09-16-12-55-51/000162.png,labels/2019-09-16-12-55-51/000162.txt
2019-09-16-12-55-51_000163,2019-09-16-12-55-51,000163,train,range_angle,images/2019-09-16-12-55-51/000163.png,labels/2019-09-16-12-55-51/000163.txt
2019-09-16-12-55-51_000164,2019-09-16-12-55-51,000164,train,range_angle,images/2019-09-16-12-55-51/000164.png,labels/2019-09-16-12-55-51/000164.txt
2019-09-16-12-55-51_000165,2019-09-16-12-55-51,000165,train,range_angle,images/2019-09-16-12-55-51/000165.png,labels/2019-09-16-12-55-51/000165.txt
2019-09-16-12-55-51_000166,2019-09-16-12-55-51,000166,train,range_angle,images/2019-09-16-12-55-51/000166.png,labels/2019-09-16-12-55-51/000166.txt
2019-09-16-12-55-51_000167,2019-09-16-12-55-51,000167,train,range_angle,images/2019-09-16-12-55-51/000167.png,labels/2019-09-16-12-55-51/000167.txt
2019-09-16-12-55-51_000168,2019-09-16-12-55-51,000168,train,range_angle,images/2019-09-16-12-55-51/000168.png,labels/2019-09-16-12-55-51/000168.txt
2019-09-16-12-55-51_000169,2019-09-16-12-55-51,000169,train,range_angle,images/2019-09-16-12-55-51/000169.png,labels/2019-09-16-12-55-51/000169.txt
2019-09-16-12-55-51_000170,2019-09-16-12-55-51,000170,train,range_angle,images/2019-09-16-12-55-51/000170.png,labels/2019-09-16-12-55-51/000170.txt
2019-09-16-12-55-51_000171,2019-09-16-12-55-51,000171,train,range_angle,images/2019-09-16-12-55-51/000171.png,labels/2019-09-16-12-55-51/000171.txt
2019-09-16-12-55-51_000172,2019-09-16-12-55-51,000172,train,range_angle,images/2019-09-16-12-55-51/000172.png,labels/2019-09-16-12-55-51/000172.txt
2019-09-16-12-55-51_000173,2019-09-16-12-55-51,000173,train,range_angle,images/2019-09-16-12-55-51/000173.png,labels/2019-09-16-12-55-51/000173.txt
2019-09-16-12-55-51_000174,2019-09-16-12-55-51,000174,train,range_angle,images/2019-09-16-12-55-51/000174.png,labels/2019-09-16-12-55-51/000174.txt
2019-09-16-12-55-51_000175,2019-09-16-12-55-51,000175,train,range_angle,images/2019-09-16-12-55-51/000175.png,labels/2019-09-16-12-55-51/000175.txt
2019-09-16-12-55-51_000176,2019-09-16-12-55-51,000176,train,range_angle,images/2019-09-16-12-55-51/000176.png,labels/2019-09-16-12-55-51/000176.txt
2019-09-16-12-55-51_000177,2019-09-16-12-55-51,000177,train,range_angle,images/2019-09-16-12-55-51/000177.png,labels/2019-09-16-12-55-51/000177.txt
2019-09-16-12-55-51_000178,2019-09-16-12-55-51,000178,train,range_angle,images/2019-09-16-12-55-51/000178.png,labels/2019-09-16-12-55-51/000178.txt
2019-09-16-12-55-51_000179,2019-09-16-12-55-51,000179,train,range_angle,images/2019-09-16-12-55-51/000179.png,labels/2019-09-16-12-55-51/000179.txt
2019-09-16-12-55-51_000180,2019-09-16-12-55-51,000180,train,range_angle,images/2019-09-16-12-55-51/000180.png,labels/2019-09-16-12-55-51/000180.txt
2019-09-16-12-55-51_000181,2019-09-16-12-55-51,000181,train,range_angle,images/2019-09-16-12-55-51/000181.png,labels/2019-09-16-12-55-51/000181.txt
2019-09-16-12-55-51_000182,2019-09-16-12-55-51,000182,train,range_angle,images/2019-09-16-12-55-51/000182.png,labels/2019-09-16-12-55-51/000182.txt
2019-09-16-12-55-51_000183,2019-09-16-12-55-51,000183,train,range_angle,images/2019-09-16-12-55-51/000183.png,labels/2019-09-16-12-55-51/000183.txt
2019-09-16-12-55-51_000184,2019-09-16-12-55-51,000184,train,range_angle,images/2019-09-16-12-55-51/000184.png,labels/2019-09-16-12-55-51/000184.txt
2019-09-16-12-55-51_000185,2019-09-16-12-55-51,000185,train,range_angle,images/2019-09-16-12-55-51/000185.png,labels/2019-09-16-12-55-51/000185.txt
2019-09-16-12-55-51_000186,2019-09-16-12-55-51,000186,train,range_angle,images/2019-09-16-12-55-51/000186.png,labels/2019-09-16-12-55-51/000186.txt
2019-09-16-12-55-51_000187,2019-09-16-12-55-51,000187,train,range_angle,images/2019-09-16-12-55-51/000187.png,labels/2019-09-16-12-55-51/000187.txt
2019-09-16-12-55-51_000188,2019-09-16-12-55-51,000188,train,range_angle,images/2019-09-16-12-55-51/000188.png,labels/2019-09-16-12-55-51/000188.txt
2019-09-16-12-55-51_000189,2019-09-16-12-55-51,000189,train,range_angle,images/2019-09-16-12-55-51/000189.png,labels/2019-09-16-12-55-51/000189.txt
2019-09-16-12-55-51_000190,2019-09-16-12-55-51,000190,train,range_angle,images/2019-09-16-12-55-51/000190.png,labels/2019-09-16-12-55-51/000190.txt
2019-09-16-12-55-51_000191,2019-09-16-12-55-51,000191,train,range_angle,images/2019-09-16-12-55-51/000191.png,labels/2019-09-16-12-55-51/000191.txt
2019-09-16-12-55-51_000192,2019-09-16-12-55-51,000192,train,range_angle,images/2019-09-16-12-55-51/000192.png,labels/2019-09-16-12-55-51/000192.txt
2019-09-16-12-55-51_000193,2019-09-16-12-55-51,000193,train,range_angle,images/2019-09-16-12-55-51/000193.png,labels/2019-09-16-12-55-51/000193.txt
2019-09-16-12-55-51_000194,2019-09-16-12-55-51,000194,train,range_angle,images/2019-09-16-12-55-51/000194.png,labels/2019-09-16-12-55-51/000194.txt
2019-09-16-12-55-51_000195,2019-09-16-12-55-51,000195,train,range_angle,images/2019-09-16-12-55-51/000195.png,labels/2019-09-16-12-55-51/000195.txt
2019-09-16-12-55-51_000196,2019-09-16-12-55-51,000196,train,range_angle,images/2019-09-16-12-55-51/000196.png,labels/2019-09-16-12-55-51/000196.txt
2019-09-16-12-55-51_000197,2019-09-16-12-55-51,000197,train,range_angle,images/2019-09-16-12-55-51/000197.png,labels/2019-09-16-12-55-51/000197.txt
2019-09-16-12-55-51_000198,2019-09-16-12-55-51,000198,train,range_angle,images/2019-09-16-12-55-51/000198.png,labels/2019-09-16-12-55-51/000198.txt
2019-09-16-12-55-51_000199,2019-09-16-12-55-51,000199,train,range_angle,images/2019-09-16-12-55-51/000199.png,labels/2019-09-16-12-55-51/000199.txt
2019-09-16-12-55-51_000200,2019-09-16-12-55-51,000200,train,range_angle,images/2019-09-16-12-55-51/000200.png,labels/2019-09-16-12-55-51/000200.txt
2019-09-16-12-55-51_000201,2019-09-16-12-55-51,000201,train,range_angle,images/2019-09-16-12-55-51/000201.png,labels/2019-09-16-12-55-51/000201.txt
2019-09-16-12-55-51_000202,2019-09-16-12-55-51,000202,train,range_angle,images/2019-09-16-12-55-51/000202.png,labels/2019-09-16-12-55-51/000202.txt
2019-09-16-12-55-51_000203,2019-09-16-12-55-51,000203,train,range_angle,images/2019-09-16-12-55-51/000203.png,labels/2019-09-16-12-55-51/000203.txt
2019-09-16-12-55-51_000204,2019-09-16-12-55-51,000204,train,range_angle,images/2019-09-16-12-55-51/000204.png,labels/2019-09-16-12-55-51/000204.txt
2019-09-16-12-55-51_000205,2019-09-16-12-55-51,000205,train,range_angle,images/2019-09-16-12-55-51/000205.png,labels/2019-09-16-12-55-51/000205.txt
2019-09-16-12-55-51_000206,2019-09-16-12-55-51,000206,train,range_angle,images/2019-09-16-12-55-51/000206.png,labels/2019-09-16-12-55-51/000206.txt
2019-09-16-12-55-51_000207,2019-09-16-12-55-51,000207,train,range_angle,images/2019-09-16-12-55-51/000207.png,labels/2019-09-16-12-55-51/000207.txt
2019-09-16-12-55-51_000208,2019-09-16-12-55-51,000208,train,range_angle,images/2019-09-16-12-55-51/000208.png,labels/2019-09-16-12-55-51/000208.txt
2019-09-16-12-55-51_000209,2019-09-16-12-55-51,000209,train,range_angle,images/2019-09-16-12-55-51/000209.png,labels/2019-09-16-12-55-51/000209.txt
2019-09-16-12-55-51_000210,2019-09-16-12-55-51,000210,train,range_angle,images/2019-09-16-12-55-51/000210.png,labels/2019-09-16-12-55-51/000210.txt
2019-09-16-12-55-51_000211,2019-09-16-12-55-51,000211,train,range_angle,images/2019-09-16-12-55-51/000211.png,labels/2019-09-16-12-55-51/000211.txt
2019-09-16-12-55-51_000212,2019-09-16-12-55-51,000212,train,range_angle,images/2019-09-16-12-55-51/000212.png,labels/2019-09-16-12-55-51/000212.txt
2019-09-16-12-55-51_000213,2019-09-16-12-55-51,000213,train,range_angle,images/2019-09-16-12-55-51/000213.png,labels/2019-09-16-12-55-51/000213.txt
2019-09-16-12-55-51_000214,2019-09-16-12-55-51,000214,train,range_angle,images/2019-09-16-12-55-51/000214.png,labels/2019-09-16-12-55-51/000214.txt
2019-09-16-12-55-51_000215,2019-09-16-12-55-51,000215,train,range_angle,images/2019-09-16-12-55-51/000215.png,labels/2019-09-16-12-55-51/000215.txt
2019-09-16-12-55-51_000216,2019-09-16-12-55-51,000216,train,range_angle,images/2019-09-16-12-55-51/000216.png,labels/2019-09-16-12-55-51/000216.txt
2019-09-16-12-55-51_000217,2019-09-16-12-55-51,000217,train,range_angle,images/2019-09-16-12-55-51/000217.png,labels/2019-09-16-12-55-51/000217.txt
2019-09-16-12-55-51_000218,2019-09-16-12-55-51,000218,train,range_angle,images/2019-09-16-12-55-51/000218.png,labels/2019-09-16-12-55-51/000218.txt
2019-09-16-12-55-51_000219,2019-09-16-12-55-51,000219,train,range_angle,images/2019-09-16-12-55-51/000219.png,labels/2019-09-16-12-55-51/000219.txt
2019-09-16-12-55-51_000220,2019-09-16-12-55-51,000220,train,range_angle,images/2019-09-16-12-55-51/000220.png,labels/2019-09-16-12-55-51/000220.txt
2019-09-16-12-55-51_000221,2019-09-16-12-55-51,000221,train,range_angle,images/2019-09-16-12-55-51/000221.png,labels/2019-09-16-12-55-51/000221.txt
2019-09-16-12-55-51_000222,2019-09-16-12-55-51,000222,train,range_angle,images/2019-09-16-12-55-51/000222.png,labels/2019-09-16-12-55-51/000222.txt
2019-09-16-12-55-51_000223,2019-09-16-12-55-51,000223,train,range_angle,images/2019-09-16-12-55-51/000223.png,labels/2019-09-16-12-55-51/000223.txt
2019-09-16-12-55-51_000224,2019-09-16-12-55-51,000224,train,range_angle,images/2019-09-16-12-55-51/000224.png,labels/2019-09-16-12-55-51/000224.txt
2019-09-16-12-55-51_000225,2019-09-16-12-55-51,000225,train,range_angle,images/2019-09-16-12-55-51/000225.png,labels/2019-09-16-12-55-51/000225.txt
2019-09-16-12-55-51_000226,2019-09-16-12-55-51,000226,train,range_angle,images/2019-09-16-12-55-51/000226.png,labels/2019-09-16-12-55-51/000226.txt
2019-09-16-12-55-51_000227,2019-09-16-12-55-51,000227,train,range_angle,images/2019-09-16-12-55-51/000227.png,labels/2019-09-16-12-55-51/000227.txt
2019-09-16-12-55-51_000228,2019-09-16-12-55-51,000228,train,range_angle,images/2019-09-16-12-55-51/000228.png,labels/2019-09-16-12-55-51/000228.txt
2019-09-16-12-55-51_000229,2019-09-16-12-55-51,000229,train,range_angle,images/2019-09-16-12-55-51/000229.png,labels/2019-09-16-12-55-51/000229.txt
2019-09-16-12-55-51_000230,2019-09-16-12-55-51,000230,train,range_angle,images/2019-09-16-12-55-51/000230.png,labels/2019-09-16-12-55-51/000230.txt
2019-09-16-12-55-51_000231,2019-09-16-12-55-51,000231,train,range_angle,images/2019-09-16-12-55-51/000231.png,labels/2019-09-16-12-55-51/000231.txt
2019-09-16-12-55-51_000232,2019-09-16-12-55-51,000232,train,range_angle,images/2019-09-16-12-55-51/000232.png,labels/2019-09-16-12-55-51/000232.txt
2019-09-16-12-55-51_000233,2019-09-16-12-55-51,000233,train,range_angle,images/2019-09-16-12-55-51/000233.png,labels/2019-09-16-12-55-51/000233.txt
2019-09-16-12-55-51_000234,2019-09-16-12-55-51,000234,train,range_angle,images/2019-09-16-12-55-51/000234.png,labels/2019-09-16-12-55-51/000234.txt
2019-09-16-12-55-51_000235,2019-09-16-12-55-51,000235,train,range_angle,images/2019-09-16-12-55-51/000235.png,labels/2019-09-16-12-55-51/000235.txt
2019-09-16-12-55-51_000236,2019-09-16-12-55-51,000236,train,range_angle,images/2019-09-16-12-55-51/000236.png,labels/2019-09-16-12-55-51/000236.txt
2019-09-16-12-55-51_000237,2019-09-16-12-55-51,000237,train,range_angle,images/2019-09-16-12-55-51/000237.png,labels/2019-09-16-12-55-51/000237.txt
2019-09-16-12-55-51_000238,2019-09-16-12-55-51,000238,train,range_angle,images/2019-09-16-12-55-51/000238.png,labels/2019-09-16-12-55-51/000238.txt
2019-09-16-12-55-51_000239,2019-09-16-12-55-51,000239,train,range_angle,images/2019-09-16-12-55-51/000239.png,labels/2019-09-16-12-55-51/000239.txt
2019-09-16-12-55-51_000240,2019-09-16-12-55-51,000240,train,range_angle,images/2019-09-16-12-55-51/000240.png,labels/2019-09-16-12-55-51/000240.txt
2019-09-16-12-55-51_000241,2019-09-16-12-55-51,000241,train,range_angle,images/2019-09-16-12-55-51/000241.png,labels/2019-09-16-12-55-51/000241.txt
2019-09-16-12-55-51_000242,2019-09-16-12-55-51,000242,train,range_angle,images/2019-09-16-12-55-51/000242.png,labels/2019-09-16-12-55-51/000242.txt
2019-09-16-12-55-51_000243,2019-09-16-12-55-51,000243,train,range_angle,images/2019-09-16-12-55-51/000243.png,labels/2019-09-16-12-55-51/000243.txt
2019-09-16-12-55-51_000244,2019-09-16-12-55-51,000244,train,range_angle,images/2019-09-16-12-55-51/000244.png,labels/2019-09-16-12-55-51/000244.txt
2019-09-16-12-55-51_000245,2019-09-16-12-55-51,000245,train,range_angle,images/2019-09-16-12-55-51/000245.png,labels/2019-09-16-12-55-51/000245.txt
2019-09-16-12-55-51_000246,2019-09-16-12-55-51,000246,train,range_angle,images/2019-09-16-12-55-51/000246.png,labels/2019-09-16-12-55-51/000246.txt
2019-09-16-12-55-51_000247,2019-09-16-12-55-51,000247,train,range_angle,images/2019-09-16-12-55-51/000247.png,labels/2019-09-16-12-55-51/000247.txt
2019-09-16-12-55-51_000248,2019-09-16-12-55-51,000248,train,range_angle,images/2019-09-16-12-55-51/000248.png,labels/2019-09-16-12-55-51/000248.txt
2019-09-16-12-55-51_000249,2019-09-16-12-55-51,000249,train,range_angle,images/2019-09-16-12-55-51/000249.png,labels/2019-09-16-12-55-51/000249.txt
2019-09-16-12-55-51_000250,2019-09-16-12-55-51,000250,train,range_angle,images/2019-09-16-12-55-51/000250.png,labels/2019-09-16-12-55-51/000250.txt
2019-09-16-12-55-51_000251,2019-09-16-12-55-51,000251,train,range_angle,images/2019-09-16-12-55-51/000251.png,labels/2019-09-16-12-55-51/000251.txt
2019-09-16-12-55-51_000252,2019-09-16-12-55-51,000252,train,range_angle,images/2019-09-16-12-55-51/000252.png,labels/2019-09-16-12-55-51/000252.txt
2019-09-16-12-55-51_000253,2019-09-16-12-55-51,000253,train,range_angle,images/2019-09-16-12-55-51/000253.png,labels/2019-09-16-12-55-51/000253.txt
2019-09-16-12-55-51_000254,2019-09-16-12-55-51,000254,train,range_angle,images/2019-09-16-12-55-51/000254.png,labels/2019-09-16-12-55-51/000254.txt
2019-09-16-12-55-51_000255,2019-09-16-12-55-51,000255,train,range_angle,images/2019-09-16-12-55-51/000255.png,labels/2019-09-16-12-55-51/000255.txt
2019-09-16-12-55-51_000256,2019-09-16-12-55-51,000256,train,range_angle,images/2019-09-16-12-55-51/000256.png,labels/2019-09-16-12-55-51/000256.txt
2019-09-16-12-55-51_000257,2019-09-16-12-55-51,000257,train,range_angle,images/2019-09-16-12-55-51/000257.png,labels/2019-09-16-12-55-51/000257.txt
2019-09-16-12-55-51_000258,2019-09-16-12-55-51,000258,train,range_angle,images/2019-09-16-12-55-51/000258.png,labels/2019-09-16-12-55-51/000258.txt
2019-09-16-12-55-51_000259,2019-09-16-12-55-51,000259,train,range_angle,images/2019-09-16-12-55-51/000259.png,labels/2019-09-16-12-55-51/000259.txt
2019-09-16-12-55-51_000260,2019-09-16-12-55-51,000260,train,range_angle,images/2019-09-16-12-55-51/000260.png,labels/2019-09-16-12-55-51/000260.txt
2019-09-16-12-55-51_000261,2019-09-16-12-55-51,000261,train,range_angle,images/2019-09-16-12-55-51/000261.png,labels/2019-09-16-12-55-51/000261.txt
2019-09-16-12-55-51_000262,2019-09-16-12-55-51,000262,train,range_angle,images/2019-09-16-12-55-51/000262.png,labels/2019-09-16-12-55-51/000262.txt
2019-09-16-12-55-51_000263,2019-09-16-12-55-51,000263,train,range_angle,images/2019-09-16-12-55-51/000263.png,labels/2019-09-16-12-55-51/000263.txt
2019-09-16-12-55-51_000264,2019-09-16-12-55-51,000264,train,range_angle,images/2019-09-16-12-55-51/000264.png,labels/2019-09-16-12-55-51/000264.txt
2019-09-16-12-55-51_000265,2019-09-16-12-55-51,000265,train,range_angle,images/2019-09-16-12-55-51/000265.png,labels/2019-09-16-12-55-51/000265.txt
2019-09-16-12-55-51_000266,2019-09-16-12-55-51,000266,train,range_angle,images/2019-09-16-12-55-51/000266.png,labels/2019-09-16-12-55-51/000266.txt
2019-09-16-12-55-51_000267,2019-09-16-12-55-51,000267,train,range_angle,images/2019-09-16-12-55-51/000267.png,labels/2019-09-16-12-55-51/000267.txt
2019-09-16-12-55-51_000268,2019-09-16-12-55-51,000268,train,range_angle,images/2019-09-16-12-55-51/000268.png,labels/2019-09-16-12-55-51/000268.txt
2019-09-16-12-55-51_000269,2019-09-16-12-55-51,000269,train,range_angle,images/2019-09-16-12-55-51/000269.png,labels/2019-09-16-12-55-51/000269.txt
2019-09-16-12-55-51_000270,2019-09-16-12-55-51,000270,train,range_angle,images/2019-09-16-12-55-51/000270.png,labels/2019-09-16-12-55-51/000270.txt
2019-09-16-12-55-51_000271,2019-09-16-12-55-51,000271,train,range_angle,images/2019-09-16-12-55-51/000271.png,labels/2019-09-16-12-55-51/000271.txt
2019-09-16-12-55-51_000272,2019-09-16-12-55-51,000272,train,range_angle,images/2019-09-16-12-55-51/000272.png,labels/2019-09-16-12-55-51/000272.txt
2019-09-16-12-55-51_000273,2019-09-16-12-55-51,000273,train,range_angle,images/2019-09-16-12-55-51/000273.png,labels/2019-09-16-12-55-51/000273.txt
2019-09-16-12-55-51_000274,2019-09-16-12-55-51,000274,train,range_angle,images/2019-09-16-12-55-51/000274.png,labels/2019-09-16-12-55-51/000274.txt
2019-09-16-12-55-51_000275,2019-09-16-12-55-51,000275,train,range_angle,images/2019-09-16-12-55-51/000275.png,labels/2019-09-16-12-55-51/000275.txt
2019-09-16-12-55-51_000276,2019-09-16-12-55-51,000276,train,range_angle,images/2019-09-16-12-55-51/000276.png,labels/2019-09-16-12-55-51/000276.txt
2019-09-16-12-55-51_000277,2019-09-16-12-55-51,000277,train,range_angle,images/2019-09-16-12-55-51/000277.png,labels/2019-09-16-12-55-51/000277.txt
2019-09-16-12-55-51_000278,2019-09-16-12-55-51,000278,train,range_angle,images/2019-09-16-12-55-51/000278.png,labels/2019-09-16-12-55-51/000278.txt
2019-09-16-12-55-51_000279,2019-09-16-12-55-51,000279,train,range_angle,images/2019-09-16-12-55-51/000279.png,labels/2019-09-16-12-55-51/000279.txt
2019-09-16-12-55-51_000280,2019-09-16-12-55-51,000280,train,range_angle,images/2019-09-16-12-55-51/000280.png,labels/2019-09-16-12-55-51/000280.txt
2019-09-16-12-55-51_000281,2019-09-16-12-55-51,000281,train,range_angle,images/2019-09-16-12-55-51/000281.png,labels/2019-09-16-12-55-51/000281.txt
2019-09-16-12-55-51_000282,2019-09-16-12-55-51,000282,train,range_angle,images/2019-09-16-12-55-51/000282.png,labels/2019-09-16-12-55-51/000282.txt
2019-09-16-12-55-51_000283,2019-09-16-12-55-51,000283,train,range_angle,images/2019-09-16-12-55-51/000283.png,labels/2019-09-16-12-55-51/000283.txt
2019-09-16-12-55-51_000284,2019-09-16-12-55-51,000284,train,range_angle,images/2019-09-16-12-55-51/000284.png,labels/2019-09-16-12-55-51/000284.txt
2019-09-16-12-55-51_000285,2019-09-16-12-55-51,000285,train,range_angle,images/2019-09-16-12-55-51/000285.png,labels/2019-09-16-12-55-51/000285.txt
2019-09-16-12-55-51_000286,2019-09-16-12-55-51,000286,train,range_angle,images/2019-09-16-12-55-51/000286.png,labels/2019-09-16-12-55-51/000286.txt
2019-09-16-12-55-51_000287,2019-09-16-12-55-51,000287,train,range_angle,images/2019-09-16-12-55-51/000287.png,labels/2019-09-16-12-55-51/000287.txt
2019-09-16-12-55-51_000288,2019-09-16-12-55-51,000288,train,range_angle,images/2019-09-16-12-55-51/000288.png,labels/2019-09-16-12-55-51/000288.txt
2019-09-16-12-55-51_000289,2019-09-16-12-55-51,000289,train,range_angle,images/2019-09-16-12-55-51/000289.png,labels/2019-09-16-12-55-51/000289.txt
2019-09-16-12-55-51_000290,2019-09-16-12-55-51,000290,train,range_angle,images/2019-09-16-12-55-51/000290.png,labels/2019-09-16-12-55-51/000290.txt
2019-09-16-12-55-51_000291,2019-09-16-12-55-51,000291,train,range_angle,images/2019-09-16-12-55-51/000291.png,labels/2019-09-16-12-55-51/000291.txt
2019-09-16-12-55-51_000292,2019-09-16-12-55-51,000292,train,range_angle,images/2019-09-16-12-55-51/000292.png,labels/2019-09-16-12-55-51/000292.txt
2019-09-16-12-55-51_000293,2019-09-16-12-55-51,000293,train,range_angle,images/2019-09-16-12-55-51/000293.png,labels/2019-09-16-12-55-51/000293.txt
2019-09-16-12-55-51_000294,2019-09-16-12-55-51,000294,train,range_angle,images/2019-09-16-12-55-51/000294.png,labels/2019-09-16-12-55-51/000294.txt
2019-09-16-12-55-51_000295,2019-09-16-12-55-51,000295,train,range_angle,images/2019-09-16-12-55-51/000295.png,labels/2019-09-16-12-55-51/000295.txt
2019-09-16-12-55-51_000296,2019-09-16-12-55-51,000296,train,range_angle,images/2019-09-16-12-55-51/000296.png,labels/2019-09-16-12-55-51/000296.txt
2019-09-16-12-55-51_000297,2019-09-16-12-55-51,000297,train,range_angle,images/2019-09-16-12-55-51/000297.png,labels/2019-09-16-12-55-51/000297.txt
2019-09-16-12-55-51_000298,2019-09-16-12-55-51,000298,train,range_angle,images/2019-09-16-12-55-51/000298.png,labels/2019-09-16-12-55-51/000298.txt
2019-09-16-12-55-51_000299,2019-09-16-12-55-51,000299,train,range_angle,images/2019-09-16-12-55-51/000299.png,labels/2019-09-16-12-55-51/000299.txt
2019-09-16-12-55-51_000300,2019-09-16-12-55-51,000300,train,range_angle,images/2019-09-16-12-55-51/000300.png,labels/2019-09-16-12-55-51/000300.txt
2019-09-16-12-55-51_000301,2019-09-16-12-55-51,000301,train,range_angle,images/2019-09-16-12-55-51/000301.png,labels/2019-09-16-12-55-51/000301.txt
2019-09-16-12-55-51_000302,2019-09-16-12-55-51,000302,train,range_angle,images/2019-09-16-12-55-51/000302.png,labels/2019-09-16-12-55-51/000302.txt
2019-09-16-12-55-51_000303,2019-09-16-12-55-51,000303,train,range_angle,images/2019-09-16-12-55-51/000303.png,labels/2019-09-16-12-55-51/000303.txt
2019-09-16-12-55-51_000304,2019-09-16-12-55-51,000304,train,range_angle,images/2019-09-16-12-55-51/000304.png,labels/2019-09-16-12-55-51/000304.txt
2019-09-16-12-55-51_000305,2019-09-16-12-55-51,000305,train,range_angle,images/2019-09-16-12-55-51/000305.png,labels/2019-09-16-12-55-51/000305.txt
2019-09-16-12-55-51_000306,2019-09-16-12-55-51,000306,train,range_angle,images/2019-09-16-12-55-51/000306.png,labels/2019-09-16-12-55-51/000306.txt
2019-09-16-12-55-51_000307,2019-09-16-12-55-51,000307,train,range_angle,images/2019-09-16-12-55-51/000307.png,labels/2019-09-16-12-55-51/000307.txt
2019-09-16-12-55-51_000308,2019-09-16-12-55-51,000308,train,range_angle,images/2019-09-16-12-55-51/000308.png,labels/2019-09-16-12-55-51/000308.txt
2019-09-16-12-55-51_000309,2019-09-16-12-55-51,000309,train,range_angle,images/2019-09-16-12-55-51/000309.png,labels/2019-09-16-12-55-51/000309.txt
2019-09-16-12-55-51_000310,2019-09-16-12-55-51,000310,train,range_angle,images/2019-09-16-12-55-51/000310.png,labels/2019-09-16-12-55-51/000310.txt
2019-09-16-12-55-51_000311,2019-09-16-12-55-51,000311,train,range_angle,images/2019-09-16-12-55-51/000311.png,labels/2019-09-16-12-55-51/000311.txt
2019-09-16-12-55-51_000312,2019-09-16-12-55-51,000312,train,range_angle,images/2019-09-16-12-55-51/000312.png,labels/2019-09-16-12-55-51/000312.txt
2019-09-16-12-55-51_000313,2019-09-16-12-55-51,000313,train,range_angle,images/2019-09-16-12-55-51/000313.png,labels/2019-09-16-12-55-51/000313.txt
2019-09-16-12-55-51_000314,2019-09-16-12-55-51,000314,train,range_angle,images/2019-09-16-12-55-51/000314.png,labels/2019-09-16-12-55-51/000314.txt
2019-09-16-12-55-51_000315,2019-09-16-12-55-51,000315,train,range_angle,images/2019-09-16-12-55-51/000315.png,labels/2019-09-16-12-55-51/000315.txt
2019-09-16-12-55-51_000316,2019-09-16-12-55-51,000316,train,range_angle,images/2019-09-16-12-55-51/000316.png,labels/2019-09-16-12-55-51/000316.txt
2019-09-16-12-55-51_000317,2019-09-16-12-55-51,000317,train,range_angle,images/2019-09-16-12-55-51/000317.png,labels/2019-09-16-12-55-51/000317.txt
2019-09-16-12-55-51_000318,2019-09-16-12-55-51,000318,train,range_angle,images/2019-09-16-12-55-51/000318.png,labels/2019-09-16-12-55-51/000318.txt
2019-09-16-12-55-51_000319,2019-09-16-12-55-51,000319,train,range_angle,images/2019-09-16-12-55-51/000319.png,labels/2019-09-16-12-55-51/000319.txt
2019-09-16-12-55-51_000320,2019-09-16-12-55-51,000320,train,range_angle,images/2019-09-16-12-55-51/000320.png,labels/2019-09-16-12-55-51/000320.txt
2019-09-16-12-55-51_000321,2019-09-16-12-55-51,000321,train,range_angle,images/2019-09-16-12-55-51/000321.png,labels/2019-09-16-12-55-51/000321.txt
2019-09-16-12-55-51_000322,2019-09-16-12-55-51,000322,train,range_angle,images/2019-09-16-12-55-51/000322.png,labels/2019-09-16-12-55-51/000322.txt
2019-09-16-12-55-51_000323,2019-09-16-12-55-51,000323,train,range_angle,images/2019-09-16-12-55-51/000323.png,labels/2019-09-16-12-55-51/000323.txt
2019-09-16-12-55-51_000324,2019-09-16-12-55-51,000324,train,range_angle,images/2019-09-16-12-55-51/000324.png,labels/2019-09-16-12-55-51/000324.txt
2019-09-16-12-55-51_000325,2019-09-16-12-55-51,000325,train,range_angle,images/2019-09-16-12-55-51/000325.png,labels/2019-09-16-12-55-51/000325.txt
2019-09-16-12-55-51_000326,2019-09-16-12-55-51,000326,train,range_angle,images/2019-09-16-12-55-51/000326.png,labels/2019-09-16-12-55-51/000326.txt
2019-09-16-12-55-51_000327,2019-09-16-12-55-51,000327,train,range_angle,images/2019-09-16-12-55-51/000327.png,labels/2019-09-16-12-55-51/000327.txt
2019-09-16-12-55-51_000328,2019-09-16-12-55-51,000328,train,range_angle,images/2019-09-16-12-55-51/000328.png,labels/2019-09-16-12-55-51/000328.txt
2019-09-16-12-55-51_000329,2019-09-16-12-55-51,000329,train,range_angle,images/2019-09-16-12-55-51/000329.png,labels/2019-09-16-12-55-51/000329.txt
2019-09-16-12-55-51_000330,2019-09-16-12-55-51,000330,train,range_angle,images/2019-09-16-12-55-51/000330.png,labels/2019-09-16-12-55-51/000330.txt
2019-09-16-12-55-51_000331,2019-09-16-12-55-51,000331,train,range_angle,images/2019-09-16-12-55-51/000331.png,labels/2019-09-16-12-55-51/000331.txt
2019-09-16-12-55-51_000332,2019-09-16-12-55-51,000332,train,range_angle,images/2019-09-16-12-55-51/000332.png,labels/2019-09-16-12-55-51/000332.txt
2019-09-16-12-55-51_000333,2019-09-16-12-55-51,000333,train,range_angle,images/2019-09-16-12-55-51/000333.png,labels/2019-09-16-12-55-51/000333.txt
2019-09-16-12-55-51_000334,2019-09-16-12-55-51,000334,train,range_angle,images/2019-09-16-12-55-51/000334.png,labels/2019-09-16-12-55-51/000334.txt
2019-09-16-12-55-51_000335,2019-09-16-12-55-51,000335,train,range_angle,images/2019-09-16-12-55-51/000335.png,labels/2019-09-16-12-55-51/000335.txt
2019-09-16-12-55-51_000336,2019-09-16-12-55-51,000336,train,range_angle,images/2019-09-16-12-55-51/000336.png,labels/2019-09-16-12-55-51/000336.txt
2019-09-16-12-55-51_000337,2019-09-16-12-55-51,000337,train,range_angle,images/2019-09-16-12-55-51/000337.png,labels/2019-09-16-12-55-51/000337.txt
2019-09-16-12-55-51_000338,2019-09-16-12-55-51,000338,train,range_angle,images/2019-09-16-12-55-51/000338.png,labels/2019-09-16-12-55-51/000338.txt
2019-09-16-12-55-51_000339,2019-09-16-12-55-51,000339,train,range_angle,images/2019-09-16-12-55-51/000339.png,labels/2019-09-16-12-55-51/000339.txt
2019-09-16-12-55-51_000340,2019-09-16-12-55-51,000340,train,range_angle,images/2019-09-16-12-55-51/000340.png,labels/2019-09-16-12-55-51/000340.txt
2019-09-16-12-55-51_000341,2019-09-16-12-55-51,000341,train,range_angle,images/2019-09-16-12-55-51/000341.png,labels/2019-09-16-12-55-51/000341.txt
2019-09-16-12-55-51_000342,2019-09-16-12-55-51,000342,train,range_angle,images/2019-09-16-12-55-51/000342.png,labels/2019-09-16-12-55-51/000342.txt
2019-09-16-12-55-51_000343,2019-09-16-12-55-51,000343,train,range_angle,images/2019-09-16-12-55-51/000343.png,labels/2019-09-16-12-55-51/000343.txt
2019-09-16-12-55-51_000344,2019-09-16-12-55-51,000344,train,range_angle,images/2019-09-16-12-55-51/000344.png,labels/2019-09-16-12-55-51/000344.txt
2019-09-16-12-55-51_000345,2019-09-16-12-55-51,000345,train,range_angle,images/2019-09-16-12-55-51/000345.png,labels/2019-09-16-12-55-51/000345.txt
2019-09-16-12-55-51_000346,2019-09-16-12-55-51,000346,train,range_angle,images/2019-09-16-12-55-51/000346.png,labels/2019-09-16-12-55-51/000346.txt
2019-09-16-12-55-51_000347,2019-09-16-12-55-51,000347,train,range_angle,images/2019-09-16-12-55-51/000347.png,labels/2019-09-16-12-55-51/000347.txt
2019-09-16-12-55-51_000348,2019-09-16-12-55-51,000348,train,range_angle,images/2019-09-16-12-55-51/000348.png,labels/2019-09-16-12-55-51/000348.txt
2019-09-16-12-55-51_000349,2019-09-16-12-55-51,000349,train,range_angle,images/2019-09-16-12-55-51/000349.png,labels/2019-09-16-12-55-51/000349.txt
2019-09-16-12-55-51_000350,2019-09-16-12-55-51,000350,train,range_angle,images/2019-09-16-12-55-51/000350.png,labels/2019-09-16-12-55-51/000350.txt
2019-09-16-12-55-51_000351,2019-09-16-12-55-51,000351,train,range_angle,images/2019-09-16-12-55-51/000351.png,labels/2019-09-16-12-55-51/000351.txt
2019-09-16-12-55-51_000352,2019-09-16-12-55-51,000352,train,range_angle,images/2019-09-16-12-55-51/000352.png,labels/2019-09-16-12-55-51/000352.txt
2019-09-16-12-55-51_000353,2019-09-16-12-55-51,000353,train,range_angle,images/2019-09-16-12-55-51/000353.png,labels/2019-09-16-12-55-51/000353.txt
2019-09-16-12-55-51_000354,2019-09-16-12-55-51,000354,train,range_angle,images/2019-09-16-12-55-51/000354.png,labels/2019-09-16-12-55-51/000354.txt
2019-09-16-12-55-51_000355,2019-09-16-12-55-51,000355,train,range_angle,images/2019-09-16-12-55-51/000355.png,labels/2019-09-16-12-55-51/000355.txt
2019-09-16-12-55-51_000356,2019-09-16-12-55-51,000356,train,range_angle,images/2019-09-16-12-55-51/000356.png,labels/2019-09-16-12-55-51/000356.txt
2019-09-16-12-55-51_000357,2019-09-16-12-55-51,000357,train,range_angle,images/2019-09-16-12-55-51/000357.png,labels/2019-09-16-12-55-51/000357.txt
2019-09-16-12-55-51_000358,2019-09-16-12-55-51,000358,train,range_angle,images/2019-09-16-12-55-51/000358.png,labels/2019-09-16-12-55-51/000358.txt
2019-09-16-12-55-51_000359,2019-09-16-12-55-51,000359,train,range_angle,images/2019-09-16-12-55-51/000359.png,labels/2019-09-16-12-55-51/000359.txt
2019-09-16-12-55-51_000360,2019-09-16-12-55-51,000360,train,range_angle,images/2019-09-16-12-55-51/000360.png,labels/2019-09-16-12-55-51/000360.txt
2019-09-16-12-55-51_000361,2019-09-16-12-55-51,000361,train,range_angle,images/2019-09-16-12-55-51/000361.png,labels/2019-09-16-12-55-51/000361.txt
2019-09-16-12-55-51_000362,2019-09-16-12-55-51,000362,train,range_angle,images/2019-09-16-12-55-51/000362.png,labels/2019-09-16-12-55-51/000362.txt
2019-09-16-12-55-51_000363,2019-09-16-12-55-51,000363,train,range_angle,images/2019-09-16-12-55-51/000363.png,labels/2019-09-16-12-55-51/000363.txt
2019-09-16-12-55-51_000364,2019-09-16-12-55-51,000364,train,range_angle,images/2019-09-16-12-55-51/000364.png,labels/2019-09-16-12-55-51/000364.txt
2019-09-16-12-55-51_000365,2019-09-16-12-55-51,000365,train,range_angle,images/2019-09-16-12-55-51/000365.png,labels/2019-09-16-12-55-51/000365.txt
2019-09-16-12-55-51_000366,2019-09-16-12-55-51,000366,train,range_angle,images/2019-09-16-12-55-51/000366.png,labels/2019-09-16-12-55-51/000366.txt
2019-09-16-12-55-51_000367,2019-09-16-12-55-51,000367,train,range_angle,images/2019-09-16-12-55-51/000367.png,labels/2019-09-16-12-55-51/000367.txt
2019-09-16-12-55-51_000368,2019-09-16-12-55-51,000368,train,range_angle,images/2019-09-16-12-55-51/000368.png,labels/2019-09-16-12-55-51/000368.txt
2019-09-16-12-55-51_000369,2019-09-16-12-55-51,000369,train,range_angle,images/2019-09-16-12-55-51/000369.png,labels/2019-09-16-12-55-51/000369.txt
2019-09-16-12-55-51_000370,2019-09-16-12-55-51,000370,train,range_angle,images/2019-09-16-12-55-51/000370.png,labels/2019-09-16-12-55-51/000370.txt
2019-09-16-12-55-51_000371,2019-09-16-12-55-51,000371,train,range_angle,images/2019-09-16-12-55-51/000371.png,labels/2019-09-16-12-55-51/000371.txt
2019-09-16-12-55-51_000372,2019-09-16-12-55-51,000372,train,range_angle,images/2019-09-16-12-55-51/000372.png,labels/2019-09-16-12-55-51/000372.txt
2019-09-16-12-55-51_000373,2019-09-16-12-55-51,000373,train,range_angle,images/2019-09-16-12-55-51/000373.png,labels/2019-09-16-12-55-51/000373.txt
2019-09-16-12-55-51_000374,2019-09-16-12-55-51,000374,train,range_angle,images/2019-09-16-12-55-51/000374.png,labels/2019-09-16-12-55-51/000374.txt
2019-09-16-12-55-51_000375,2019-09-16-12-55-51,000375,train,range_angle,images/2019-09-16-12-55-51/000375.png,labels/2019-09-16-12-55-51/000375.txt
2019-09-16-12-55-51_000376,2019-09-16-12-55-51,000376,train,range_angle,images/2019-09-16-12-55-51/000376.png,labels/2019-09-16-12-55-51/000376.txt
2019-09-16-12-55-51_000377,2019-09-16-12-55-51,000377,train,range_angle,images/2019-09-16-12-55-51/000377.png,labels/2019-09-16-12-55-51/000377.txt
2019-09-16-12-55-51_000378,2019-09-16-12-55-51,000378,train,range_angle,images/2019-09-16-12-55-51/000378.png,labels/2019-09-16-12-55-51/000378.txt
2019-09-16-12-55-51_000379,2019-09-16-12-55-51,000379,train,range_angle,images/2019-09-16-12-55-51/000379.png,labels/2019-09-16-12-55-51/000379.txt
2019-09-16-12-55-51_000380,2019-09-16-12-55-51,000380,train,range_angle,images/2019-09-16-12-55-51/000380.png,labels/2019-09-16-12-55-51/000380.txt
2019-09-16-12-55-51_000381,2019-09-16-12-55-51,000381,train,range_angle,images/2019-09-16-12-55-51/000381.png,labels/2019-09-16-12-55-51/000381.txt
2019-09-16-12-55-51_000382,2019-09-16-12-55-51,000382,train,range_angle,images/2019-09-16-12-55-51/000382.png,labels/2019-09-16-12-55-51/000382.txt
2019-09-16-12-55-51_000383,2019-09-16-12-55-51,000383,train,range_angle,images/2019-09-16-12-55-51/000383.png,labels/2019-09-16-12-55-51/000383.txt
2019-09-16-12-55-51_000384,2019-09-16-12-55-51,000384,train,range_angle,images/2019-09-16-12-55-51/000384.png,labels/2019-09-16-12-55-51/000384.txt
2019-09-16-12-55-51_000385,2019-09-16-12-55-51,000385,train,range_angle,images/2019-09-16-12-55-51/000385.png,labels/2019-09-16-12-55-51/000385.txt
2019-09-16-12-55-51_000386,2019-09-16-12-55-51,000386,train,range_angle,images/2019-09-16-12-55-51/000386.png,labels/2019-09-16-12-55-51/000386.txt
2019-09-16-12-55-51_000387,2019-09-16-12-55-51,000387,train,range_angle,images/2019-09-16-12-55-51/000387.png,labels/2019-09-16-12-55-51/000387.txt
2019-09-16-12-55-51_000388,2019-09-16-12-55-51,000388,train,range_angle,images/2019-09-16-12-55-51/000388.png,labels/2019-09-16-12-55-51/000388.txt
2019-09-16-12-55-51_000389,2019-09-16-12-55-51,000389,train,range_angle,images/2019-09-16-12-55-51/000389.png,labels/2019-09-16-12-55-51/000389.txt
2019-09-16-12-55-51_000390,2019-09-16-12-55-51,000390,train,range_angle,images/2019-09-16-12-55-51/000390.png,labels/2019-09-16-12-55-51/000390.txt
2019-09-16-12-55-51_000391,2019-09-16-12-55-51,000391,train,range_angle,images/2019-09-16-12-55-51/000391.png,labels/2019-09-16-12-55-51/000391.txt
2019-09-16-12-55-51_000392,2019-09-16-12-55-51,000392,train,range_angle,images/2019-09-16-12-55-51/000392.png,labels/2019-09-16-12-55-51/000392.txt
2019-09-16-12-55-51_000393,2019-09-16-12-55-51,000393,train,range_angle,images/2019-09-16-12-55-51/000393.png,labels/2019-09-16-12-55-51/000393.txt
2019-09-16-12-55-51_000394,2019-09-16-12-55-51,000394,train,range_angle,images/2019-09-16-12-55-51/000394.png,labels/2019-09-16-12-55-51/000394.txt
2019-09-16-12-55-51_000395,2019-09-16-12-55-51,000395,train,range_angle,images/2019-09-16-12-55-51/000395.png,labels/2019-09-16-12-55-51/000395.txt
2019-09-16-12-55-51_000396,2019-09-16-12-55-51,000396,train,range_angle,images/2019-09-16-12-55-51/000396.png,labels/2019-09-16-12-55-51/000396.txt
2019-09-16-12-55-51_000397,2019-09-16-12-55-51,000397,train,range_angle,images/2019-09-16-12-55-51/000397.png,labels/2019-09-16-12-55-51/000397.txt
2019-09-16-12-55-51_000398,2019-09-16-12-55-51,000398,train,range_angle,images/2019-09-16-12-55-51/000398.png,labels/2019-09-16-12-55-51/000398.txt
2019-09-16-12-55-51_000399,2019-09-16-12-55-51,000399,train,range_angle,images/2019-09-16-12-55-51/000399.png,labels/2019-09-16-12-55-51/000399.txt
2019-09-16-12-55-51_000400,2019-09-16-12-55-51,000400,train,range_angle,images/2019-09-16-12-55-51/000400.png,labels/2019-09-16-12-55-51/000400.txt
2019-09-16-12-55-51_000401,2019-09-16-12-55-51,000401,train,range_angle,images/2019-09-16-12-55-51/000401.png,labels/2019-09-16-12-55-51/000401.txt
2019-09-16-12-55-51_000402,2019-09-16-12-55-51,000402,train,range_angle,images/2019-09-16-12-55-51/000402.png,labels/2019-09-16-12-55-51/000402.txt
2019-09-16-12-55-51_000403,2019-09-16-12-55-51,000403,train,range_angle,images/2019-09-16-12-55-51/000403.png,labels/2019-09-16-12-55-51/000403.txt
2019-09-16-12-55-51_000404,2019-09-16-12-55-51,000404,train,range_angle,images/2019-09-16-12-55-51/000404.png,labels/2019-09-16-12-55-51/000404.txt
2019-09-16-12-55-51_000405,2019-09-16-12-55-51,000405,train,range_angle,images/2019-09-16-12-55-51/000405.png,labels/2019-09-16-12-55-51/000405.txt
2019-09-16-12-55-51_000406,2019-09-16-12-55-51,000406,train,range_angle,images/2019-09-16-12-55-51/000406.png,labels/2019-09-16-12-55-51/000406.txt
2019-09-16-12-55-51_000407,2019-09-16-12-55-51,000407,train,range_angle,images/2019-09-16-12-55-51/000407.png,labels/2019-09-16-12-55-51/000407.txt
2019-09-16-12-55-51_000408,2019-09-16-12-55-51,000408,train,range_angle,images/2019-09-16-12-55-51/000408.png,labels/2019-09-16-12-55-51/000408.txt
2019-09-16-12-55-51_000409,2019-09-16-12-55-51,000409,train,range_angle,images/2019-09-16-12-55-51/000409.png,labels/2019-09-16-12-55-51/000409.txt
2019-09-16-12-55-51_000410,2019-09-16-12-55-51,000410,train,range_angle,images/2019-09-16-12-55-51/000410.png,labels/2019-09-16-12-55-51/000410.txt
2019-09-16-12-55-51_000411,2019-09-16-12-55-51,000411,train,range_angle,images/2019-09-16-12-55-51/000411.png,labels/2019-09-16-12-55-51/000411.txt
2019-09-16-12-55-51_000412,2019-09-16-12-55-51,000412,train,range_angle,images/2019-09-16-12-55-51/000412.png,labels/2019-09-16-12-55-51/000412.txt
2019-09-16-12-55-51_000413,2019-09-16-12-55-51,000413,train,range_angle,images/2019-09-16-12-55-51/000413.png,labels/2019-09-16-12-55-51/000413.txt
2019-09-16-12-55-51_000414,2019-09-16-12-55-51,000414,train,range_angle,images/2019-09-16-12-55-51/000414.png,labels/2019-09-16-12-55-51/000414.txt
2019-09-16-12-55-51_000415,2019-09-16-12-55-51,000415,train,range_angle,images/2019-09-16-12-55-51/000415.png,labels/2019-09-16-12-55-51/000415.txt
2019-09-16-12-55-51_000416,2019-09-16-12-55-51,000416,train,range_angle,images/2019-09-16-12-55-51/000416.png,labels/2019-09-16-12-55-51/000416.txt
2019-09-16-12-55-51_000417,2019-09-16-12-55-51,000417,train,range_angle,images/2019-09-16-12-55-51/000417.png,labels/2019-09-16-12-55-51/000417.txt
2019-09-16-12-55-51_000418,2019-09-16-12-55-51,000418,train,range_angle,images/2019-09-16-12-55-51/000418.png,labels/2019-09-16-12-55-51/000418.txt
2019-09-16-12-55-51_000419,2019-09-16-12-55-51,000419,train,range_angle,images/2019-09-16-12-55-51/000419.png,labels/2019-09-16-12-55-51/000419.txt
2019-09-16-12-55-51_000420,2019-09-16-12-55-51,000420,train,range_angle,images/2019-09-16-12-55-51/000420.png,labels/2019-09-16-12-55-51/000420.txt
2019-09-16-12-55-51_000421,2019-09-16-12-55-51,000421,train,range_angle,images/2019-09-16-12-55-51/000421.png,labels/2019-09-16-12-55-51/000421.txt
2019-09-16-12-55-51_000422,2019-09-16-12-55-51,000422,train,range_angle,images/2019-09-16-12-55-51/000422.png,labels/2019-09-16-12-55-51/000422.txt
2019-09-16-12-55-51_000423,2019-09-16-12-55-51,000423,train,range_angle,images/2019-09-16-12-55-51/000423.png,labels/2019-09-16-12-55-51/000423.txt
2019-09-16-12-55-51_000424,2019-09-16-12-55-51,000424,train,range_angle,images/2019-09-16-12-55-51/000424.png,labels/2019-09-16-12-55-51/000424.txt
2019-09-16-12-55-51_000425,2019-09-16-12-55-51,000425,train,range_angle,images/2019-09-16-12-55-51/000425.png,labels/2019-09-16-12-55-51/000425.txt
2019-09-16-12-55-51_000426,2019-09-16-12-55-51,000426,train,range_angle,images/2019-09-16-12-55-51/000426.png,labels/2019-09-16-12-55-51/000426.txt
2019-09-16-12-55-51_000427,2019-09-16-12-55-51,000427,train,range_angle,images/2019-09-16-12-55-51/000427.png,labels/2019-09-16-12-55-51/000427.txt
2019-09-16-12-55-51_000428,2019-09-16-12-55-51,000428,train,range_angle,images/2019-09-16-12-55-51/000428.png,labels/2019-09-16-12-55-51/000428.txt
2019-09-16-12-55-51_000429,2019-09-16-12-55-51,000429,train,range_angle,images/2019-09-16-12-55-51/000429.png,labels/2019-09-16-12-55-51/000429.txt
2019-09-16-12-55-51_000430,2019-09-16-12-55-51,000430,train,range_angle,images/2019-09-16-12-55-51/000430.png,labels/2019-09-16-12-55-51/000430.txt
2019-09-16-12-55-51_000431,2019-09-16-12-55-51,000431,train,range_angle,images/2019-09-16-12-55-51/000431.png,labels/2019-09-16-12-55-51/000431.txt
2019-09-16-12-55-51_000432,2019-09-16-12-55-51,000432,train,range_angle,images/2019-09-16-12-55-51/000432.png,labels/2019-09-16-12-55-51/000432.txt
2019-09-16-12-55-51_000433,2019-09-16-12-55-51,000433,train,range_angle,images/2019-09-16-12-55-51/000433.png,labels/2019-09-16-12-55-51/000433.txt
2019-09-16-12-55-51_000434,2019-09-16-12-55-51,000434,train,range_angle,images/2019-09-16-12-55-51/000434.png,labels/2019-09-16-12-55-51/000434.txt
2019-09-16-12-55-51_000435,2019-09-16-12-55-51,000435,train,range_angle,images/2019-09-16-12-55-51/000435.png,labels/2019-09-16-12-55-51/000435.txt
2019-09-16-12-55-51_000436,2019-09-16-12-55-51,000436,train,range_angle,images/2019-09-16-12-55-51/000436.png,labels/2019-09-16-12-55-51/000436.txt
2019-09-16-12-55-51_000437,2019-09-16-12-55-51,000437,train,range_angle,images/2019-09-16-12-55-51/000437.png,labels/2019-09-16-12-55-51/000437.txt
2019-09-16-12-55-51_000438,2019-09-16-12-55-51,000438,train,range_angle,images/2019-09-16-12-55-51/000438.png,labels/2019-09-16-12-55-51/000438.txt
2019-09-16-12-55-51_000439,2019-09-16-12-55-51,000439,train,range_angle,images/2019-09-16-12-55-51/000439.png,labels/2019-09-16-12-55-51/000439.txt
2019-09-16-12-55-51_000440,2019-09-16-12-55-51,000440,train,range_angle,images/2019-09-16-12-55-51/000440.png,labels/2019-09-16-12-55-51/000440.txt
2019-09-16-12-55-51_000441,2019-09-16-12-55-51,000441,train,range_angle,images/2019-09-16-12-55-51/000441.png,labels/2019-09-16-12-55-51/000441.txt
2019-09-16-12-55-51_000442,2019-09-16-12-55-51,000442,train,range_angle,images/2019-09-16-12-55-51/000442.png,labels/2019-09-16-12-55-51/000442.txt
2019-09-16-12-55-51_000443,2019-09-16-12-55-51,000443,train,range_angle,images/2019-09-16-12-55-51/000443.png,labels/2019-09-16-12-55-51/000443.txt
2019-09-16-12-55-51_000444,2019-09-16-12-55-51,000444,train,range_angle,images/2019-09-16-12-55-51/000444.png,labels/2019-09-16-12-55-51/000444.txt
2019-09-16-12-55-51_000445,2019-09-16-12-55-51,000445,train,range_angle,images/2019-09-16-12-55-51/000445.png,labels/2019-09-16-12-55-51/000445.txt
2019-09-16-12-55-51_000446,2019-09-16-12-55-51,000446,train,range_angle,images/2019-09-16-12-55-51/000446.png,labels/2019-09-16-12-55-51/000446.txt
2019-09-16-12-55-51_000447,2019-09-16-12-55-51,000447,train,range_angle,images/2019-09-16-12-55-51/000447.png,labels/2019-09-16-12-55-51/000447.txt
2019-09-16-12-55-51_000448,2019-09-16-12-55-51,000448,train,range_angle,images/2019-09-16-12-55-51/000448.png,labels/2019-09-16-12-55-51/000448.txt
2019-09-16-12-55-51_000449,2019-09-16-12-55-51,000449,train,range_angle,images/2019-09-16-12-55-51/000449.png,labels/2019-09-16-12-55-51/000449.txt
2019-09-16-12-55-51_000450,2019-09-16-12-55-51,000450,train,range_angle,images/2019-09-16-12-55-51/000450.png,labels/2019-09-16-12-55-51/000450.txt
2019-09-16-12-55-51_000451,2019-09-16-12-55-51,000451,train,range_angle,images/2019-09-16-12-55-51/000451.png,labels/2019-09-16-12-55-51/000451.txt
2019-09-16-12-55-51_000452,2019-09-16-12-55-51,000452,train,range_angle,images/2019-09-16-12-55-51/000452.png,labels/2019-09-16-12-55-51/000452.txt
2019-09-16-12-55-51_000453,2019-09-16-12-55-51,000453,train,range_angle,images/2019-09-16-12-55-51/000453.png,labels/2019-09-16-12-55-51/000453.txt
2019-09-16-12-55-51_000454,2019-09-16-12-55-51,000454,train,range_angle,images/2019-09-16-12-55-51/000454.png,labels/2019-09-16-12-55-51/000454.txt
2019-09-16-12-55-51_000455,2019-09-16-12-55-51,000455,train,range_angle,images/2019-09-16-12-55-51/000455.png,labels/2019-09-16-12-55-51/000455.txt
2019-09-16-12-55-51_000456,2019-09-16-12-55-51,000456,train,range_angle,images/2019-09-16-12-55-51/000456.png,labels/2019-09-16-12-55-51/000456.txt
2019-09-16-12-55-51_000457,2019-09-16-12-55-51,000457,train,range_angle,images/2019-09-16-12-55-51/000457.png,labels/2019-09-16-12-55-51/000457.txt
2019-09-16-12-55-51_000458,2019-09-16-12-55-51,000458,train,range_angle,images/2019-09-16-12-55-51/000458.png,labels/2019-09-16-12-55-51/000458.txt
2019-09-16-12-55-51_000459,2019-09-16-12-55-51,000459,train,range_angle,images/2019-09-16-12-55-51/000459.png,labels/2019-09-16-12-55-51/000459.txt
2019-09-16-12-55-51_000460,2019-09-16-12-55-51,000460,train,range_angle,images/2019-09-16-12-55-51/000460.png,labels/2019-09-16-12-55-51/000460.txt
2019-09-16-12-55-51_000461,2019-09-16-12-55-51,000461,train,range_angle,images/2019-09-16-12-55-51/000461.png,labels/2019-09-16-12-55-51/000461.txt
2019-09-16-12-55-51_000462,2019-09-16-12-55-51,000462,train,range_angle,images/2019-09-16-12-55-51/000462.png,labels/2019-09-16-12-55-51/000462.txt
2019-09-16-12-55-51_000463,2019-09-16-12-55-51,000463,train,range_angle,images/2019-09-16-12-55-51/000463.png,labels/2019-09-16-12-55-51/000463.txt
2019-09-16-12-55-51_000464,2019-09-16-12-55-51,000464,train,range_angle,images/2019-09-16-12-55-51/000464.png,labels/2019-09-16-12-55-51/000464.txt
2019-09-16-12-55-51_000465,2019-09-16-12-55-51,000465,train,range_angle,images/2019-09-16-12-55-51/000465.png,labels/2019-09-16-12-55-51/000465.txt
2019-09-16-12-55-51_000466,2019-09-16-12-55-51,000466,train,range_angle,images/2019-09-16-12-55-51/000466.png,labels/2019-09-16-12-55-51/000466.txt
2019-09-16-12-55-51_000467,2019-09-16-12-55-51,000467,train,range_angle,images/2019-09-16-12-55-51/000467.png,labels/2019-09-16-12-55-51/000467.txt
2019-09-16-12-55-51_000468,2019-09-16-12-55-51,000468,train,range_angle,images/2019-09-16-12-55-51/000468.png,labels/2019-09-16-12-55-51/000468.txt
2019-09-16-12-55-51_000469,2019-09-16-12-55-51,000469,train,range_angle,images/2019-09-16-12-55-51/000469.png,labels/2019-09-16-12-55-51/000469.txt
2019-09-16-12-55-51_000470,2019-09-16-12-55-51,000470,train,range_angle,images/2019-09-16-12-55-51/000470.png,labels/2019-09-16-12-55-51/000470.txt
2019-09-16-12-55-51_000471,2019-09-16-12-55-51,000471,train,range_angle,images/2019-09-16-12-55-51/000471.png,labels/2019-09-16-12-55-51/000471.txt
2019-09-16-12-55-51_000472,2019-09-16-12-55-51,000472,train,range_angle,images/2019-09-16-12-55-51/000472.png,labels/2019-09-16-12-55-51/000472.txt
2019-09-16-12-55-51_000473,2019-09-16-12-55-51,000473,train,range_angle,images/2019-09-16-12-55-51/000473.png,labels/2019-09-16-12-55-51/000473.txt
2019-09-16-12-55-51_000474,2019-09-16-12-55-51,000474,train,range_angle,images/2019-09-16-12-55-51/000474.png,labels/2019-09-16-12-55-51/000474.txt
2019-09-16-12-55-51_000475,2019-09-16-12-55-51,000475,train,range_angle,images/2019-09-16-12-55-51/000475.png,labels/2019-09-16-12-55-51/000475.txt
2019-09-16-12-55-51_000476,2019-09-16-12-55-51,000476,train,range_angle,images/2019-09-16-12-55-51/000476.png,labels/2019-09-16-12-55-51/000476.txt
2019-09-16-12-55-51_000477,2019-09-16-12-55-51,000477,train,range_angle,images/2019-09-16-12-55-51/000477.png,labels/2019-09-16-12-55-51/000477.txt
2019-09-16-12-55-51_000478,2019-09-16-12-55-51,000478,train,range_angle,images/2019-09-16-12-55-51/000478.png,labels/2019-09-16-12-55-51/000478.txt
2019-09-16-12-55-51_000479,2019-09-16-12-55-51,000479,train,range_angle,images/2019-09-16-12-55-51/000479.png,labels/2019-09-16-12-55-51/000479.txt
2019-09-16-12-55-51_000480,2019-09-16-12-55-51,000480,train,range_angle,images/2019-09-16-12-55-51/000480.png,labels/2019-09-16-12-55-51/000480.txt
2019-09-16-12-55-51_000481,2019-09-16-12-55-51,000481,train,range_angle,images/2019-09-16-12-55-51/000481.png,labels/2019-09-16-12-55-51/000481.txt
2019-09-16-12-55-51_000482,2019-09-16-12-55-51,000482,train,range_angle,images/2019-09-16-12-55-51/000482.png,labels/2019-09-16-12-55-51/000482.txt
2019-09-16-12-55-51_000483,2019-09-16-12-55-51,000483,train,range_angle,images/2019-09-16-12-55-51/000483.png,labels/2019-09-16-12-55-51/000483.txt
2019-09-16-12-55-51_000484,2019-09-16-12-55-51,000484,train,range_angle,images/2019-09-16-12-55-51/000484.png,labels/2019-09-16-12-55-51/000484.txt
2019-09-16-12-55-51_000485,2019-09-16-12-55-51,000485,train,range_angle,images/2019-09-16-12-55-51/000485.png,labels/2019-09-16-12-55-51/000485.txt
2019-09-16-12-55-51_000486,2019-09-16-12-55-51,000486,train,range_angle,images/2019-09-16-12-55-51/000486.png,labels/2019-09-16-12-55-51/000486.txt
2019-09-16-12-55-51_000487,2019-09-16-12-55-51,000487,train,range_angle,images/2019-09-16-12-55-51/000487.png,labels/2019-09-16-12-55-51/000487.txt
2019-09-16-12-55-51_000488,2019-09-16-12-55-51,000488,train,range_angle,images/2019-09-16-12-55-51/000488.png,labels/2019-09-16-12-55-51/000488.txt
2019-09-16-12-55-51_000489,2019-09-16-12-55-51,000489,train,range_angle,images/2019-09-16-12-55-51/000489.png,labels/2019-09-16-12-55-51/000489.txt
2019-09-16-12-55-51_000490,2019-09-16-12-55-51,000490,train,range_angle,images/2019-09-16-12-55-51/000490.png,labels/2019-09-16-12-55-51/000490.txt
2019-09-16-12-55-51_000491,2019-09-16-12-55-51,000491,train,range_angle,images/2019-09-16-12-55-51/000491.png,labels/2019-09-16-12-55-51/000491.txt
2019-09-16-12-55-51_000492,2019-09-16-12-55-51,000492,train,range_angle,images/2019-09-16-12-55-51/000492.png,labels/2019-09-16-12-55-51/000492.txt
2019-09-16-12-55-51_000493,2019-09-16-12-55-51,000493,train,range_angle,images/2019-09-16-12-55-51/000493.png,labels/2019-09-16-12-55-51/000493.txt
2019-09-16-12-55-51_000494,2019-09-16-12-55-51,000494,train,range_angle,images/2019-09-16-12-55-51/000494.png,labels/2019-09-16-12-55-51/000494.txt
2019-09-16-12-55-51_000495,2019-09-16-12-55-51,000495,train,range_angle,images/2019-09-16-12-55-51/000495.png,labels/2019-09-16-12-55-51/000495.txt
2019-09-16-12-55-51_000496,2019-09-16-12-55-51,000496,train,range_angle,images/2019-09-16-12-55-51/000496.png,labels/2019-09-16-12-55-51/000496.txt
2019-09-16-12-55-51_000497,2019-09-16-12-55-51,000497,train,range_angle,images/2019-09-16-12-55-51/000497.png,labels/2019-09-16-12-55-51/000497.txt
2019-09-16-12-55-51_000498,2019-09-16-12-55-51,000498,train,range_angle,images/2019-09-16-12-55-51/000498.png,labels/2019-09-16-12-55-51/000498.txt
2019-09-16-12-55-51_000499,2019-09-16-12-55-51,000499,train,range_angle,images/2019-09-16-12-55-51/000499.png,labels/2019-09-16-12-55-51/000499.txt
2019-09-16-12-55-51_000500,2019-09-16-12-55-51,000500,train,range_angle,images/2019-09-16-12-55-51/000500.png,labels/2019-09-16-12-55-51/000500.txt
2019-09-16-12-55-51_000501,2019-09-16-12-55-51,000501,train,range_angle,images/2019-09-16-12-55-51/000501.png,labels/2019-09-16-12-55-51/000501.txt
2019-09-16-12-55-51_000502,2019-09-16-12-55-51,000502,train,range_angle,images/2019-09-16-12-55-51/000502.png,labels/2019-09-16-12-55-51/000502.txt
2019-09-16-12-55-51_000503,2019-09-16-12-55-51,000503,train,range_angle,images/2019-09-16-12-55-51/000503.png,labels/2019-09-16-12-55-51/000503.txt
2019-09-16-12-55-51_000504,2019-09-16-12-55-51,000504,train,range_angle,images/2019-09-16-12-55-51/000504.png,labels/2019-09-16-12-55-51/000504.txt
2019-09-16-12-55-51_000505,2019-09-16-12-55-51,000505,train,range_angle,images/2019-09-16-12-55-51/000505.png,labels/2019-09-16-12-55-51/000505.txt
2019-09-16-12-55-51_000506,2019-09-16-12-55-51,000506,train,range_angle,images/2019-09-16-12-55-51/000506.png,labels/2019-09-16-12-55-51/000506.txt
2019-09-16-12-55-51_000507,2019-09-16-12-55-51,000507,train,range_angle,images/2019-09-16-12-55-51/000507.png,labels/2019-09-16-12-55-51/000507.txt
2019-09-16-12-55-51_000508,2019-09-16-12-55-51,000508,train,range_angle,images/2019-09-16-12-55-51/000508.png,labels/2019-09-16-12-55-51/000508.txt
2019-09-16-12-55-51_000509,2019-09-16-12-55-51,000509,train,range_angle,images/2019-09-16-12-55-51/000509.png,labels/2019-09-16-12-55-51/000509.txt
2019-09-16-12-55-51_000510,2019-09-16-12-55-51,000510,train,range_angle,images/2019-09-16-12-55-51/000510.png,labels/2019-09-16-12-55-51/000510.txt
2019-09-16-12-55-51_000511,2019-09-16-12-55-51,000511,train,range_angle,images/2019-09-16-12-55-51/000511.png,labels/2019-09-16-12-55-51/000511.txt
2019-09-16-12-55-51_000512,2019-09-16-12-55-51,000512,train,range_angle,images/2019-09-16-12-55-51/000512.png,labels/2019-09-16-12-55-51/000512.txt
2019-09-16-12-55-51_000513,2019-09-16-12-55-51,000513,train,range_angle,images/2019-09-16-12-55-51/000513.png,labels/2019-09-16-12-55-51/000513.txt
2019-09-16-12-55-51_000514,2019-09-16-12-55-51,000514,train,range_angle,images/2019-09-16-12-55-51/000514.png,labels/2019-09-16-12-55-51/000514.txt
2019-09-16-12-55-51_000515,2019-09-16-12-55-51,000515,train,range_angle,images/2019-09-16-12-55-51/000515.png,labels/2019-09-16-12-55-51/000515.txt
2019-09-16-12-55-51_000516,2019-09-16-12-55-51,000516,train,range_angle,images/2019-09-16-12-55-51/000516.png,labels/2019-09-16-12-55-51/000516.txt
2019-09-16-12-55-51_000517,2019-09-16-12-55-51,000517,train,range_angle,images/2019-09-16-12-55-51/000517.png,labels/2019-09-16-12-55-51/000517.txt
2019-09-16-12-55-51_000518,2019-09-16-12-55-51,000518,train,range_angle,images/2019-09-16-12-55-51/000518.png,labels/2019-09-16-12-55-51/000518.txt
2019-09-16-12-55-51_000519,2019-09-16-12-55-51,000519,train,range_angle,images/2019-09-16-12-55-51/000519.png,labels/2019-09-16-12-55-51/000519.txt
2019-09-16-12-55-51_000520,2019-09-16-12-55-51,000520,train,range_angle,images/2019-09-16-12-55-51/000520.png,labels/2019-09-16-12-55-51/000520.txt
2019-09-16-12-55-51_000521,2019-09-16-12-55-51,000521,train,range_angle,images/2019-09-16-12-55-51/000521.png,labels/2019-09-16-12-55-51/000521.txt
2019-09-16-12-55-51_000522,2019-09-16-12-55-51,000522,train,range_angle,images/2019-09-16-12-55-51/000522.png,labels/2019-09-16-12-55-51/000522.txt
2019-09-16-12-55-51_000523,2019-09-16-12-55-51,000523,train,range_angle,images/2019-09-16-12-55-51/000523.png,labels/2019-09-16-12-55-51/000523.txt
2019-09-16-12-55-51_000524,2019-09-16-12-55-51,000524,train,range_angle,images/2019-09-16-12-55-51/000524.png,labels/2019-09-16-12-55-51/000524.txt
2019-09-16-12-55-51_000525,2019-09-16-12-55-51,000525,train,range_angle,images/2019-09-16-12-55-51/000525.png,labels/2019-09-16-12-55-51/000525.txt
2019-09-16-12-55-51_000526,2019-09-16-12-55-51,000526,train,range_angle,images/2019-09-16-12-55-51/000526.png,labels/2019-09-16-12-55-51/000526.txt
2019-09-16-12-55-51_000527,2019-09-16-12-55-51,000527,train,range_angle,images/2019-09-16-12-55-51/000527.png,labels/2019-09-16-12-55-51/000527.txt
2019-09-16-12-55-51_000528,2019-09-16-12-55-51,000528,train,range_angle,images/2019-09-16-12-55-51/000528.png,labels/2019-09-16-12-55-51/000528.txt
2019-09-16-12-55-51_000529,2019-09-16-12-55-51,000529,train,range_angle,images/2019-09-16-12-55-51/000529.png,labels/2019-09-16-12-55-51/000529.txt
2019-09-16-12-55-51_000530,2019-09-16-12-55-51,000530,train,range_angle,images/2019-09-16-12-55-51/000530.png,labels/2019-09-16-12-55-51/000530.txt
2019-09-16-12-55-51_000531,2019-09-16-12-55-51,000531,train,range_angle,images/2019-09-16-12-55-51/000531.png,labels/2019-09-16-12-55-51/000531.txt
2019-09-16-12-55-51_000532,2019-09-16-12-55-51,000532,train,range_angle,images/2019-09-16-12-55-51/000532.png,labels/2019-09-16-12-55-51/000532.txt
2019-09-16-12-55-51_000533,2019-09-16-12-55-51,000533,train,range_angle,images/2019-09-16-12-55-51/000533.png,labels/2019-09-16-12-55-51/000533.txt
2019-09-16-12-55-51_000534,2019-09-16-12-55-51,000534,train,range_angle,images/2019-09-16-12-55-51/000534.png,labels/2019-09-16-12-55-51/000534.txt
2019-09-16-12-55-51_000535,2019-09-16-12-55-51,000535,train,range_angle,images/2019-09-16-12-55-51/000535.png,labels/2019-09-16-12-55-51/000535.txt
2019-09-16-12-55-51_000536,2019-09-16-12-55-51,000536,train,range_angle,images/2019-09-16-12-55-51/000536.png,labels/2019-09-16-12-55-51/000536.txt
2019-09-16-12-55-51_000537,2019-09-16-12-55-51,000537,train,range_angle,images/2019-09-16-12-55-51/000537.png,labels/2019-09-16-12-55-51/000537.txt
2019-09-16-12-55-51_000538,2019-09-16-12-55-51,000538,train,range_angle,images/2019-09-16-12-55-51/000538.png,labels/2019-09-16-12-55-51/000538.txt
2019-09-16-12-55-51_000539,2019-09-16-12-55-51,000539,train,range_angle,images/2019-09-16-12-55-51/000539.png,labels/2019-09-16-12-55-51/000539.txt
2019-09-16-12-55-51_000540,2019-09-16-12-55-51,000540,train,range_angle,images/2019-09-16-12-55-51/000540.png,labels/2019-09-16-12-55-51/000540.txt
2019-09-16-12-55-51_000541,2019-09-16-12-55-51,000541,train,range_angle,images/2019-09-16-12-55-51/000541.png,labels/2019-09-16-12-55-51/000541.txt
2019-09-16-12-55-51_000542,2019-09-16-12-55-51,000542,train,range_angle,images/2019-09-16-12-55-51/000542.png,labels/2019-09-16-12-55-51/000542.txt
2019-09-16-12-55-51_000543,2019-09-16-12-55-51,000543,train,range_angle,images/2019-09-16-12-55-51/000543.png,labels/2019-09-16-12-55-51/000543.txt
2019-09-16-12-55-51_000544,2019-09-16-12-55-51,000544,train,range_angle,images/2019-09-16-12-55-51/000544.png,labels/2019-09-16-12-55-51/000544.txt
2019-09-16-12-55-51_000545,2019-09-16-12-55-51,000545,train,range_angle,images/2019-09-16-12-55-51/000545.png,labels/2019-09-16-12-55-51/000545.txt
2019-09-16-12-55-51_000546,2019-09-16-12-55-51,000546,train,range_angle,images/2019-09-16-12-55-51/000546.png,labels/2019-09-16-12-55-51/000546.txt
2019-09-16-12-55-51_000547,2019-09-16-12-55-51,000547,train,range_angle,images/2019-09-16-12-55-51/000547.png,labels/2019-09-16-12-55-51/000547.txt
2019-09-16-12-55-51_000548,2019-09-16-12-55-51,000548,train,range_angle,images/2019-09-16-12-55-51/000548.png,labels/2019-09-16-12-55-51/000548.txt
2019-09-16-12-55-51_000549,2019-09-16-12-55-51,000549,train,range_angle,images/2019-09-16-12-55-51/000549.png,labels/2019-09-16-12-55-51/000549.txt
2019-09-16-12-55-51_000550,2019-09-16-12-55-51,000550,train,range_angle,images/2019-09-16-12-55-51/000550.png,labels/2019-09-16-12-55-51/000550.txt
2019-09-16-12-55-51_000551,2019-09-16-12-55-51,000551,train,range_angle,images/2019-09-16-12-55-51/000551.png,labels/2019-09-16-12-55-51/000551.txt
2019-09-16-12-55-51_000552,2019-09-16-12-55-51,000552,train,range_angle,images/2019-09-16-12-55-51/000552.png,labels/2019-09-16-12-55-51/000552.txt
2019-09-16-12-55-51_000553,2019-09-16-12-55-51,000553,train,range_angle,images/2019-09-16-12-55-51/000553.png,labels/2019-09-16-12-55-51/000553.txt
2019-09-16-12-55-51_000554,2019-09-16-12-55-51,000554,train,range_angle,images/2019-09-16-12-55-51/000554.png,labels/2019-09-16-12-55-51/000554.txt
2019-09-16-12-55-51_000555,2019-09-16-12-55-51,000555,train,range_angle,images/2019-09-16-12-55-51/000555.png,labels/2019-09-16-12-55-51/000555.txt
2019-09-16-12-55-51_000556,2019-09-16-12-55-51,000556,train,range_angle,images/2019-09-16-12-55-51/000556.png,labels/2019-09-16-12-55-51/000556.txt
2019-09-16-12-55-51_000557,2019-09-16-12-55-51,000557,train,range_angle,images/2019-09-16-12-55-51/000557.png,labels/2019-09-16-12-55-51/000557.txt
2019-09-16-12-55-51_000558,2019-09-16-12-55-51,000558,train,range_angle,images/2019-09-16-12-55-51/000558.png,labels/2019-09-16-12-55-51/000558.txt
2019-09-16-12-55-51_000559,2019-09-16-12-55-51,000559,train,range_angle,images/2019-09-16-12-55-51/000559.png,labels/2019-09-16-12-55-51/000559.txt
2019-09-16-12-55-51_000560,2019-09-16-12-55-51,000560,train,range_angle,images/2019-09-16-12-55-51/000560.png,labels/2019-09-16-12-55-51/000560.txt
2019-09-16-12-55-51_000561,2019-09-16-12-55-51,000561,train,range_angle,images/2019-09-16-12-55-51/000561.png,labels/2019-09-16-12-55-51/000561.txt
2019-09-16-12-55-51_000562,2019-09-16-12-55-51,000562,train,range_angle,images/2019-09-16-12-55-51/000562.png,labels/2019-09-16-12-55-51/000562.txt
2019-09-16-12-55-51_000563,2019-09-16-12-55-51,000563,train,range_angle,images/2019-09-16-12-55-51/000563.png,labels/2019-09-16-12-55-51/000563.txt
2019-09-16-12-55-51_000564,2019-09-16-12-55-51,000564,train,range_angle,images/2019-09-16-12-55-51/000564.png,labels/2019-09-16-12-55-51/000564.txt
2019-09-16-12-55-51_000565,2019-09-16-12-55-51,000565,train,range_angle,images/2019-09-16-12-55-51/000565.png,labels/2019-09-16-12-55-51/000565.txt
2019-09-16-12-55-51_000566,2019-09-16-12-55-51,000566,train,range_angle,images/2019-09-16-12-55-51/000566.png,labels/2019-09-16-12-55-51/000566.txt
2019-09-16-12-55-51_000567,2019-09-16-12-55-51,000567,train,range_angle,images/2019-09-16-12-55-51/000567.png,labels/2019-09-16-12-55-51/000567.txt
2019-09-16-12-55-51_000568,2019-09-16-12-55-51,000568,train,range_angle,images/2019-09-16-12-55-51/000568.png,labels/2019-09-16-12-55-51/000568.txt
2019-09-16-12-55-51_000569,2019-09-16-12-55-51,000569,train,range_angle,images/2019-09-16-12-55-51/000569.png,labels/2019-09-16-12-55-51/000569.txt
2019-09-16-12-55-51_000570,2019-09-16-12-55-51,000570,train,range_angle,images/2019-09-16-12-55-51/000570.png,labels/2019-09-16-12-55-51/000570.txt
2019-09-16-12-55-51_000571,2019-09-16-12-55-51,000571,train,range_angle,images/2019-09-16-12-55-51/000571.png,labels/2019-09-16-12-55-51/000571.txt
2019-09-16-12-55-51_000572,2019-09-16-12-55-51,000572,train,range_angle,images/2019-09-16-12-55-51/000572.png,labels/2019-09-16-12-55-51/000572.txt
2019-09-16-12-55-51_000573,2019-09-16-12-55-51,000573,train,range_angle,images/2019-09-16-12-55-51/000573.png,labels/2019-09-16-12-55-51/000573.txt
2019-09-16-12-55-51_000574,2019-09-16-12-55-51,000574,train,range_angle,images/2019-09-16-12-55-51/000574.png,labels/2019-09-16-12-55-51/000574.txt
2019-09-16-12-55-51_000575,2019-09-16-12-55-51,000575,train,range_angle,images/2019-09-16-12-55-51/000575.png,labels/2019-09-16-12-55-51/000575.txt
2019-09-16-12-55-51_000576,2019-09-16-12-55-51,000576,train,range_angle,images/2019-09-16-12-55-51/000576.png,labels/2019-09-16-12-55-51/000576.txt
2019-09-16-12-55-51_000577,2019-09-16-12-55-51,000577,train,range_angle,images/2019-09-16-12-55-51/000577.png,labels/2019-09-16-12-55-51/000577.txt
2019-09-16-12-55-51_000578,2019-09-16-12-55-51,000578,train,range_angle,images/2019-09-16-12-55-51/000578.png,labels/2019-09-16-12-55-51/000578.txt
2019-09-16-12-55-51_000579,2019-09-16-12-55-51,000579,train,range_angle,images/2019-09-16-12-55-51/000579.png,labels/2019-09-16-12-55-51/000579.txt
2019-09-16-12-55-51_000580,2019-09-16-12-55-51,000580,train,range_angle,images/2019-09-16-12-55-51/000580.png,labels/2019-09-16-12-55-51/000580.txt
2019-09-16-12-55-51_000581,2019-09-16-12-55-51,000581,train,range_angle,images/2019-09-16-12-55-51/000581.png,labels/2019-09-16-12-55-51/000581.txt
2019-09-16-12-55-51_000582,2019-09-16-12-55-51,000582,train,range_angle,images/2019-09-16-12-55-51/000582.png,labels/2019-09-16-12-55-51/000582.txt
2019-09-16-12-55-51_000583,2019-09-16-12-55-51,000583,train,range_angle,images/2019-09-16-12-55-51/000583.png,labels/2019-09-16-12-55-51/000583.txt
2019-09-16-12-55-51_000584,2019-09-16-12-55-51,000584,train,range_angle,images/2019-09-16-12-55-51/000584.png,labels/2019-09-16-12-55-51/000584.txt
2019-09-16-12-55-51_000585,2019-09-16-12-55-51,000585,train,range_angle,images/2019-09-16-12-55-51/000585.png,labels/2019-09-16-12-55-51/000585.txt
2019-09-16-12-55-51_000586,2019-09-16-12-55-51,000586,train,range_angle,images/2019-09-16-12-55-51/000586.png,labels/2019-09-16-12-55-51/000586.txt
2019-09-16-12-55-51_000587,2019-09-16-12-55-51,000587,train,range_angle,images/2019-09-16-12-55-51/000587.png,labels/2019-09-16-12-55-51/000587.txt
2019-09-16-12-55-51_000588,2019-09-16-12-55-51,000588,train,range_angle,images/2019-09-16-12-55-51/000588.png,labels/2019-09-16-12-55-51/000588.txt
2019-09-16-12-55-51_000589,2019-09-16-12-55-51,000589,train,range_angle,images/2019-09-16-12-55-51/000589.png,labels/2019-09-16-12-55-51/000589.txt
2019-09-16-12-55-51_000590,2019-09-16-12-55-51,000590,train,range_angle,images/2019-09-16-12-55-51/000590.png,labels/2019-09-16-12-55-51/000590.txt
2019-09-16-12-55-51_000591,2019-09-16-12-55-51,000591,train,range_angle,images/2019-09-16-12-55-51/000591.png,labels/2019-09-16-12-55-51/000591.txt
2019-09-16-12-55-51_000592,2019-09-16-12-55-51,000592,train,range_angle,images/2019-09-16-12-55-51/000592.png,labels/2019-09-16-12-55-51/000592.txt
2019-09-16-12-55-51_000593,2019-09-16-12-55-51,000593,train,range_angle,images/2019-09-16-12-55-51/000593.png,labels/2019-09-16-12-55-51/000593.txt
2019-09-16-12-55-51_000594,2019-09-16-12-55-51,000594,train,range_angle,images/2019-09-16-12-55-51/000594.png,labels/2019-09-16-12-55-51/000594.txt
2019-09-16-12-55-51_000595,2019-09-16-12-55-51,000595,train,range_angle,images/2019-09-16-12-55-51/000595.png,labels/2019-09-16-12-55-51/000595.txt
2019-09-16-12-55-51_000596,2019-09-16-12-55-51,000596,train,range_angle,images/2019-09-16-12-55-51/000596.png,labels/2019-09-16-12-55-51/000596.txt
2019-09-16-12-55-51_000597,2019-09-16-12-55-51,000597,train,range_angle,images/2019-09-16-12-55-51/000597.png,labels/2019-09-16-12-55-51/000597.txt
2019-09-16-12-55-51_000598,2019-09-16-12-55-51,000598,train,range_angle,images/2019-09-16-12-55-51/000598.png,labels/2019-09-16-12-55-51/000598.txt
2019-09-16-12-55-51_000599,2019-09-16-12-55-51,000599,train,range_angle,images/2019-09-16-12-55-51/000599.png,labels/2019-09-16-12-55-51/000599.txt
2019-09-16-12-55-51_000600,2019-09-16-12-55-51,000600,train,range_angle,images/2019-09-16-12-55-51/000600.png,labels/2019-09-16-12-55-51/000600.txt
2019-09-16-12-55-51_000601,2019-09-16-12-55-51,000601,train,range_angle,images/2019-09-16-12-55-51/000601.png,labels/2019-09-16-12-55-51/000601.txt
2019-09-16-12-55-51_000602,2019-09-16-12-55-51,000602,train,range_angle,images/2019-09-16-12-55-51/000602.png,labels/2019-09-16-12-55-51/000602.txt
2019-09-16-12-55-51_000603,2019-09-16-12-55-51,000603,train,range_angle,images/2019-09-16-12-55-51/000603.png,labels/2019-09-16-12-55-51/000603.txt
2019-09-16-12-55-51_000604,2019-09-16-12-55-51,000604,train,range_angle,images/2019-09-16-12-55-51/000604.png,labels/2019-09-16-12-55-51/000604.txt
2019-09-16-12-55-51_000605,2019-09-16-12-55-51,000605,train,range_angle,images/2019-09-16-12-55-51/000605.png,labels/2019-09-16-12-55-51/000605.txt
2019-09-16-12-55-51_000606,2019-09-16-12-55-51,000606,train,range_angle,images/2019-09-16-12-55-51/000606.png,labels/2019-09-16-12-55-51/000606.txt
2019-09-16-12-55-51_000607,2019-09-16-12-55-51,000607,train,range_angle,images/2019-09-16-12-55-51/000607.png,labels/2019-09-16-12-55-51/000607.txt
2019-09-16-12-55-51_000608,2019-09-16-12-55-51,000608,train,range_angle,images/2019-09-16-12-55-51/000608.png,labels/2019-09-16-12-55-51/000608.txt
2019-09-16-12-55-51_000609,2019-09-16-12-55-51,000609,train,range_angle,images/2019-09-16-12-55-51/000609.png,labels/2019-09-16-12-55-51/000609.txt
2019-09-16-12-55-51_000610,2019-09-16-12-55-51,000610,train,range_angle,images/2019-09-16-12-55-51/000610.png,labels/2019-09-16-12-55-51/000610.txt
2019-09-16-12-55-51_000611,2019-09-16-12-55-51,000611,train,range_angle,images/2019-09-16-12-55-51/000611.png,labels/2019-09-16-12-55-51/000611.txt
2019-09-16-12-55-51_000612,2019-09-16-12-55-51,000612,train,range_angle,images/2019-09-16-12-55-51/000612.png,labels/2019-09-16-12-55-51/000612.txt
2019-09-16-12-55-51_000613,2019-09-16-12-55-51,000613,train,range_angle,images/2019-09-16-12-55-51/000613.png,labels/2019-09-16-12-55-51/000613.txt
2019-09-16-12-55-51_000614,2019-09-16-12-55-51,000614,train,range_angle,images/2019-09-16-12-55-51/000614.png,labels/2019-09-16-12-55-51/000614.txt
2019-09-16-12-55-51_000615,2019-09-16-12-55-51,000615,train,range_angle,images/2019-09-16-12-55-51/000615.png,labels/2019-09-16-12-55-51/000615.txt
2019-09-16-12-55-51_000616,2019-09-16-12-55-51,000616,train,range_angle,images/2019-09-16-12-55-51/000616.png,labels/2019-09-16-12-55-51/000616.txt
2019-09-16-12-55-51_000617,2019-09-16-12-55-51,000617,train,range_angle,images/2019-09-16-12-55-51/000617.png,labels/2019-09-16-12-55-51/000617.txt
2019-09-16-12-55-51_000618,2019-09-16-12-55-51,000618,train,range_angle,images/2019-09-16-12-55-51/000618.png,labels/2019-09-16-12-55-51/000618.txt
2019-09-16-12-55-51_000619,2019-09-16-12-55-51,000619,train,range_angle,images/2019-09-16-12-55-51/000619.png,labels/2019-09-16-12-55-51/000619.txt
2019-09-16-12-55-51_000620,2019-09-16-12-55-51,000620,train,range_angle,images/2019-09-16-12-55-51/000620.png,labels/2019-09-16-12-55-51/000620.txt
2019-09-16-12-55-51_000621,2019-09-16-12-55-51,000621,train,range_angle,images/2019-09-16-12-55-51/000621.png,labels/2019-09-16-12-55-51/000621.txt
2019-09-16-12-55-51_000622,2019-09-16-12-55-51,000622,train,range_angle,images/2019-09-16-12-55-51/000622.png,labels/2019-09-16-12-55-51/000622.txt
2019-09-16-12-55-51_000623,2019-09-16-12-55-51,000623,train,range_angle,images/2019-09-16-12-55-51/000623.png,labels/2019-09-16-12-55-51/000623.txt
2019-09-16-12-55-51_000624,2019-09-16-12-55-51,000624,train,range_angle,images/2019-09-16-12-55-51/000624.png,labels/2019-09-16-12-55-51/000624.txt
2019-09-16-12-55-51_000625,2019-09-16-12-55-51,000625,train,range_angle,images/2019-09-16-12-55-51/000625.png,labels/2019-09-16-12-55-51/000625.txt
2019-09-16-12-55-51_000626,2019-09-16-12-55-51,000626,train,range_angle,images/2019-09-16-12-55-51/000626.png,labels/2019-09-16-12-55-51/000626.txt
2019-09-16-12-58-42_000000,2019-09-16-12-58-42,000000,train,range_angle,images/2019-09-16-12-58-42/000000.png,labels/2019-09-16-12-58-42/000000.txt
2019-09-16-12-58-42_000001,2019-09-16-12-58-42,000001,train,range_angle,images/2019-09-16-12-58-42/000001.png,labels/2019-09-16-12-58-42/000001.txt
2019-09-16-12-58-42_000002,2019-09-16-12-58-42,000002,train,range_angle,images/2019-09-16-12-58-42/000002.png,labels/2019-09-16-12-58-42/000002.txt
2019-09-16-12-58-42_000003,2019-09-16-12-58-42,000003,train,range_angle,images/2019-09-16-12-58-42/000003.png,labels/2019-09-16-12-58-42/000003.txt
2019-09-16-12-58-42_000004,2019-09-16-12-58-42,000004,train,range_angle,images/2019-09-16-12-58-42/000004.png,labels/2019-09-16-12-58-42/000004.txt
2019-09-16-12-58-42_000005,2019-09-16-12-58-42,000005,train,range_angle,images/2019-09-16-12-58-42/000005.png,labels/2019-09-16-12-58-42/000005.txt
2019-09-16-12-58-42_000006,2019-09-16-12-58-42,000006,train,range_angle,images/2019-09-16-12-58-42/000006.png,labels/2019-09-16-12-58-42/000006.txt
2019-09-16-12-58-42_000007,2019-09-16-12-58-42,000007,train,range_angle,images/2019-09-16-12-58-42/000007.png,labels/2019-09-16-12-58-42/000007.txt
2019-09-16-12-58-42_000008,2019-09-16-12-58-42,000008,train,range_angle,images/2019-09-16-12-58-42/000008.png,labels/2019-09-16-12-58-42/000008.txt
2019-09-16-12-58-42_000009,2019-09-16-12-58-42,000009,train,range_angle,images/2019-09-16-12-58-42/000009.png,labels/2019-09-16-12-58-42/000009.txt
2019-09-16-12-58-42_000010,2019-09-16-12-58-42,000010,train,range_angle,images/2019-09-16-12-58-42/000010.png,labels/2019-09-16-12-58-42/000010.txt
2019-09-16-12-58-42_000011,2019-09-16-12-58-42,000011,train,range_angle,images/2019-09-16-12-58-42/000011.png,labels/2019-09-16-12-58-42/000011.txt
2019-09-16-12-58-42_000012,2019-09-16-12-58-42,000012,train,range_angle,images/2019-09-16-12-58-42/000012.png,labels/2019-09-16-12-58-42/000012.txt
2019-09-16-12-58-42_000013,2019-09-16-12-58-42,000013,train,range_angle,images/2019-09-16-12-58-42/000013.png,labels/2019-09-16-12-58-42/000013.txt
2019-09-16-12-58-42_000014,2019-09-16-12-58-42,000014,train,range_angle,images/2019-09-16-12-58-42/000014.png,labels/2019-09-16-12-58-42/000014.txt
2019-09-16-12-58-42_000015,2019-09-16-12-58-42,000015,train,range_angle,images/2019-09-16-12-58-42/000015.png,labels/2019-09-16-12-58-42/000015.txt
2019-09-16-12-58-42_000016,2019-09-16-12-58-42,000016,train,range_angle,images/2019-09-16-12-58-42/000016.png,labels/2019-09-16-12-58-42/000016.txt
2019-09-16-12-58-42_000017,2019-09-16-12-58-42,000017,train,range_angle,images/2019-09-16-12-58-42/000017.png,labels/2019-09-16-12-58-42/000017.txt
2019-09-16-12-58-42_000018,2019-09-16-12-58-42,000018,train,range_angle,images/2019-09-16-12-58-42/000018.png,labels/2019-09-16-12-58-42/000018.txt
2019-09-16-12-58-42_000019,2019-09-16-12-58-42,000019,train,range_angle,images/2019-09-16-12-58-42/000019.png,labels/2019-09-16-12-58-42/000019.txt
2019-09-16-12-58-42_000020,2019-09-16-12-58-42,000020,train,range_angle,images/2019-09-16-12-58-42/000020.png,labels/2019-09-16-12-58-42/000020.txt
2019-09-16-12-58-42_000021,2019-09-16-12-58-42,000021,train,range_angle,images/2019-09-16-12-58-42/000021.png,labels/2019-09-16-12-58-42/000021.txt
2019-09-16-12-58-42_000022,2019-09-16-12-58-42,000022,train,range_angle,images/2019-09-16-12-58-42/000022.png,labels/2019-09-16-12-58-42/000022.txt
2019-09-16-12-58-42_000023,2019-09-16-12-58-42,000023,train,range_angle,images/2019-09-16-12-58-42/000023.png,labels/2019-09-16-12-58-42/000023.txt
2019-09-16-12-58-42_000024,2019-09-16-12-58-42,000024,train,range_angle,images/2019-09-16-12-58-42/000024.png,labels/2019-09-16-12-58-42/000024.txt
2019-09-16-12-58-42_000025,2019-09-16-12-58-42,000025,train,range_angle,images/2019-09-16-12-58-42/000025.png,labels/2019-09-16-12-58-42/000025.txt
2019-09-16-12-58-42_000026,2019-09-16-12-58-42,000026,train,range_angle,images/2019-09-16-12-58-42/000026.png,labels/2019-09-16-12-58-42/000026.txt
2019-09-16-12-58-42_000027,2019-09-16-12-58-42,000027,train,range_angle,images/2019-09-16-12-58-42/000027.png,labels/2019-09-16-12-58-42/000027.txt
2019-09-16-12-58-42_000028,2019-09-16-12-58-42,000028,train,range_angle,images/2019-09-16-12-58-42/000028.png,labels/2019-09-16-12-58-42/000028.txt
2019-09-16-12-58-42_000029,2019-09-16-12-58-42,000029,train,range_angle,images/2019-09-16-12-58-42/000029.png,labels/2019-09-16-12-58-42/000029.txt
2019-09-16-12-58-42_000030,2019-09-16-12-58-42,000030,train,range_angle,images/2019-09-16-12-58-42/000030.png,labels/2019-09-16-12-58-42/000030.txt
2019-09-16-12-58-42_000031,2019-09-16-12-58-42,000031,train,range_angle,images/2019-09-16-12-58-42/000031.png,labels/2019-09-16-12-58-42/000031.txt
2019-09-16-12-58-42_000032,2019-09-16-12-58-42,000032,train,range_angle,images/2019-09-16-12-58-42/000032.png,labels/2019-09-16-12-58-42/000032.txt
2019-09-16-12-58-42_000033,2019-09-16-12-58-42,000033,train,range_angle,images/2019-09-16-12-58-42/000033.png,labels/2019-09-16-12-58-42/000033.txt
2019-09-16-12-58-42_000034,2019-09-16-12-58-42,000034,train,range_angle,images/2019-09-16-12-58-42/000034.png,labels/2019-09-16-12-58-42/000034.txt
2019-09-16-12-58-42_000035,2019-09-16-12-58-42,000035,train,range_angle,images/2019-09-16-12-58-42/000035.png,labels/2019-09-16-12-58-42/000035.txt
2019-09-16-12-58-42_000036,2019-09-16-12-58-42,000036,train,range_angle,images/2019-09-16-12-58-42/000036.png,labels/2019-09-16-12-58-42/000036.txt
2019-09-16-12-58-42_000037,2019-09-16-12-58-42,000037,train,range_angle,images/2019-09-16-12-58-42/000037.png,labels/2019-09-16-12-58-42/000037.txt
2019-09-16-12-58-42_000038,2019-09-16-12-58-42,000038,train,range_angle,images/2019-09-16-12-58-42/000038.png,labels/2019-09-16-12-58-42/000038.txt
2019-09-16-12-58-42_000039,2019-09-16-12-58-42,000039,train,range_angle,images/2019-09-16-12-58-42/000039.png,labels/2019-09-16-12-58-42/000039.txt
2019-09-16-12-58-42_000040,2019-09-16-12-58-42,000040,train,range_angle,images/2019-09-16-12-58-42/000040.png,labels/2019-09-16-12-58-42/000040.txt
2019-09-16-12-58-42_000041,2019-09-16-12-58-42,000041,train,range_angle,images/2019-09-16-12-58-42/000041.png,labels/2019-09-16-12-58-42/000041.txt
2019-09-16-12-58-42_000042,2019-09-16-12-58-42,000042,train,range_angle,images/2019-09-16-12-58-42/000042.png,labels/2019-09-16-12-58-42/000042.txt
2019-09-16-12-58-42_000043,2019-09-16-12-58-42,000043,train,range_angle,images/2019-09-16-12-58-42/000043.png,labels/2019-09-16-12-58-42/000043.txt
2019-09-16-12-58-42_000044,2019-09-16-12-58-42,000044,train,range_angle,images/2019-09-16-12-58-42/000044.png,labels/2019-09-16-12-58-42/000044.txt
2019-09-16-12-58-42_000045,2019-09-16-12-58-42,000045,train,range_angle,images/2019-09-16-12-58-42/000045.png,labels/2019-09-16-12-58-42/000045.txt
2019-09-16-12-58-42_000046,2019-09-16-12-58-42,000046,train,range_angle,images/2019-09-16-12-58-42/000046.png,labels/2019-09-16-12-58-42/000046.txt
2019-09-16-12-58-42_000047,2019-09-16-12-58-42,000047,train,range_angle,images/2019-09-16-12-58-42/000047.png,labels/2019-09-16-12-58-42/000047.txt
2019-09-16-12-58-42_000048,2019-09-16-12-58-42,000048,train,range_angle,images/2019-09-16-12-58-42/000048.png,labels/2019-09-16-12-58-42/000048.txt
2019-09-16-12-58-42_000049,2019-09-16-12-58-42,000049,train,range_angle,images/2019-09-16-12-58-42/000049.png,labels/2019-09-16-12-58-42/000049.txt
2019-09-16-12-58-42_000050,2019-09-16-12-58-42,000050,train,range_angle,images/2019-09-16-12-58-42/000050.png,labels/2019-09-16-12-58-42/000050.txt
2019-09-16-12-58-42_000051,2019-09-16-12-58-42,000051,train,range_angle,images/2019-09-16-12-58-42/000051.png,labels/2019-09-16-12-58-42/000051.txt
2019-09-16-12-58-42_000052,2019-09-16-12-58-42,000052,train,range_angle,images/2019-09-16-12-58-42/000052.png,labels/2019-09-16-12-58-42/000052.txt
2019-09-16-12-58-42_000053,2019-09-16-12-58-42,000053,train,range_angle,images/2019-09-16-12-58-42/000053.png,labels/2019-09-16-12-58-42/000053.txt
2019-09-16-12-58-42_000054,2019-09-16-12-58-42,000054,train,range_angle,images/2019-09-16-12-58-42/000054.png,labels/2019-09-16-12-58-42/000054.txt
2019-09-16-12-58-42_000055,2019-09-16-12-58-42,000055,train,range_angle,images/2019-09-16-12-58-42/000055.png,labels/2019-09-16-12-58-42/000055.txt
2019-09-16-12-58-42_000056,2019-09-16-12-58-42,000056,train,range_angle,images/2019-09-16-12-58-42/000056.png,labels/2019-09-16-12-58-42/000056.txt
2019-09-16-12-58-42_000057,2019-09-16-12-58-42,000057,train,range_angle,images/2019-09-16-12-58-42/000057.png,labels/2019-09-16-12-58-42/000057.txt
2019-09-16-12-58-42_000058,2019-09-16-12-58-42,000058,train,range_angle,images/2019-09-16-12-58-42/000058.png,labels/2019-09-16-12-58-42/000058.txt
2019-09-16-12-58-42_000059,2019-09-16-12-58-42,000059,train,range_angle,images/2019-09-16-12-58-42/000059.png,labels/2019-09-16-12-58-42/000059.txt
2019-09-16-12-58-42_000060,2019-09-16-12-58-42,000060,train,range_angle,images/2019-09-16-12-58-42/000060.png,labels/2019-09-16-12-58-42/000060.txt
2019-09-16-12-58-42_000061,2019-09-16-12-58-42,000061,train,range_angle,images/2019-09-16-12-58-42/000061.png,labels/2019-09-16-12-58-42/000061.txt
2019-09-16-12-58-42_000062,2019-09-16-12-58-42,000062,train,range_angle,images/2019-09-16-12-58-42/000062.png,labels/2019-09-16-12-58-42/000062.txt
2019-09-16-12-58-42_000063,2019-09-16-12-58-42,000063,train,range_angle,images/2019-09-16-12-58-42/000063.png,labels/2019-09-16-12-58-42/000063.txt
2019-09-16-12-58-42_000064,2019-09-16-12-58-42,000064,train,range_angle,images/2019-09-16-12-58-42/000064.png,labels/2019-09-16-12-58-42/000064.txt
2019-09-16-12-58-42_000065,2019-09-16-12-58-42,000065,train,range_angle,images/2019-09-16-12-58-42/000065.png,labels/2019-09-16-12-58-42/000065.txt
2019-09-16-12-58-42_000066,2019-09-16-12-58-42,000066,train,range_angle,images/2019-09-16-12-58-42/000066.png,labels/2019-09-16-12-58-42/000066.txt
2019-09-16-12-58-42_000067,2019-09-16-12-58-42,000067,train,range_angle,images/2019-09-16-12-58-42/000067.png,labels/2019-09-16-12-58-42/000067.txt
2019-09-16-12-58-42_000068,2019-09-16-12-58-42,000068,train,range_angle,images/2019-09-16-12-58-42/000068.png,labels/2019-09-16-12-58-42/000068.txt
2019-09-16-12-58-42_000069,2019-09-16-12-58-42,000069,train,range_angle,images/2019-09-16-12-58-42/000069.png,labels/2019-09-16-12-58-42/000069.txt
2019-09-16-12-58-42_000070,2019-09-16-12-58-42,000070,train,range_angle,images/2019-09-16-12-58-42/000070.png,labels/2019-09-16-12-58-42/000070.txt
2019-09-16-12-58-42_000071,2019-09-16-12-58-42,000071,train,range_angle,images/2019-09-16-12-58-42/000071.png,labels/2019-09-16-12-58-42/000071.txt
2019-09-16-12-58-42_000072,2019-09-16-12-58-42,000072,train,range_angle,images/2019-09-16-12-58-42/000072.png,labels/2019-09-16-12-58-42/000072.txt
2019-09-16-12-58-42_000073,2019-09-16-12-58-42,000073,train,range_angle,images/2019-09-16-12-58-42/000073.png,labels/2019-09-16-12-58-42/000073.txt
2019-09-16-12-58-42_000074,2019-09-16-12-58-42,000074,train,range_angle,images/2019-09-16-12-58-42/000074.png,labels/2019-09-16-12-58-42/000074.txt
2019-09-16-12-58-42_000075,2019-09-16-12-58-42,000075,train,range_angle,images/2019-09-16-12-58-42/000075.png,labels/2019-09-16-12-58-42/000075.txt
2019-09-16-12-58-42_000076,2019-09-16-12-58-42,000076,train,range_angle,images/2019-09-16-12-58-42/000076.png,labels/2019-09-16-12-58-42/000076.txt
2019-09-16-12-58-42_000077,2019-09-16-12-58-42,000077,train,range_angle,images/2019-09-16-12-58-42/000077.png,labels/2019-09-16-12-58-42/000077.txt
2019-09-16-12-58-42_000078,2019-09-16-12-58-42,000078,train,range_angle,images/2019-09-16-12-58-42/000078.png,labels/2019-09-16-12-58-42/000078.txt
2019-09-16-12-58-42_000079,2019-09-16-12-58-42,000079,train,range_angle,images/2019-09-16-12-58-42/000079.png,labels/2019-09-16-12-58-42/000079.txt
2019-09-16-12-58-42_000080,2019-09-16-12-58-42,000080,train,range_angle,images/2019-09-16-12-58-42/000080.png,labels/2019-09-16-12-58-42/000080.txt
2019-09-16-12-58-42_000081,2019-09-16-12-58-42,000081,train,range_angle,images/2019-09-16-12-58-42/000081.png,labels/2019-09-16-12-58-42/000081.txt
2019-09-16-12-58-42_000082,2019-09-16-12-58-42,000082,train,range_angle,images/2019-09-16-12-58-42/000082.png,labels/2019-09-16-12-58-42/000082.txt
2019-09-16-12-58-42_000083,2019-09-16-12-58-42,000083,train,range_angle,images/2019-09-16-12-58-42/000083.png,labels/2019-09-16-12-58-42/000083.txt
2019-09-16-12-58-42_000084,2019-09-16-12-58-42,000084,train,range_angle,images/2019-09-16-12-58-42/000084.png,labels/2019-09-16-12-58-42/000084.txt
2019-09-16-12-58-42_000085,2019-09-16-12-58-42,000085,train,range_angle,images/2019-09-16-12-58-42/000085.png,labels/2019-09-16-12-58-42/000085.txt
2019-09-16-12-58-42_000086,2019-09-16-12-58-42,000086,train,range_angle,images/2019-09-16-12-58-42/000086.png,labels/2019-09-16-12-58-42/000086.txt
2019-09-16-12-58-42_000087,2019-09-16-12-58-42,000087,train,range_angle,images/2019-09-16-12-58-42/000087.png,labels/2019-09-16-12-58-42/000087.txt
2019-09-16-12-58-42_000088,2019-09-16-12-58-42,000088,train,range_angle,images/2019-09-16-12-58-42/000088.png,labels/2019-09-16-12-58-42/000088.txt
2019-09-16-12-58-42_000089,2019-09-16-12-58-42,000089,train,range_angle,images/2019-09-16-12-58-42/000089.png,labels/2019-09-16-12-58-42/000089.txt
2019-09-16-12-58-42_000090,2019-09-16-12-58-42,000090,train,range_angle,images/2019-09-16-12-58-42/000090.png,labels/2019-09-16-12-58-42/000090.txt
2019-09-16-12-58-42_000091,2019-09-16-12-58-42,000091,train,range_angle,images/2019-09-16-12-58-42/000091.png,labels/2019-09-16-12-58-42/000091.txt
2019-09-16-12-58-42_000092,2019-09-16-12-58-42,000092,train,range_angle,images/2019-09-16-12-58-42/000092.png,labels/2019-09-16-12-58-42/000092.txt
2019-09-16-12-58-42_000093,2019-09-16-12-58-42,000093,train,range_angle,images/2019-09-16-12-58-42/000093.png,labels/2019-09-16-12-58-42/000093.txt
2019-09-16-12-58-42_000094,2019-09-16-12-58-42,000094,train,range_angle,images/2019-09-16-12-58-42/000094.png,labels/2019-09-16-12-58-42/000094.txt
2019-09-16-12-58-42_000095,2019-09-16-12-58-42,000095,train,range_angle,images/2019-09-16-12-58-42/000095.png,labels/2019-09-16-12-58-42/000095.txt
2019-09-16-12-58-42_000096,2019-09-16-12-58-42,000096,train,range_angle,images/2019-09-16-12-58-42/000096.png,labels/2019-09-16-12-58-42/000096.txt
2019-09-16-12-58-42_000097,2019-09-16-12-58-42,000097,train,range_angle,images/2019-09-16-12-58-42/000097.png,labels/2019-09-16-12-58-42/000097.txt
2019-09-16-12-58-42_000098,2019-09-16-12-58-42,000098,train,range_angle,images/2019-09-16-12-58-42/000098.png,labels/2019-09-16-12-58-42/000098.txt
2019-09-16-12-58-42_000099,2019-09-16-12-58-42,000099,train,range_angle,images/2019-09-16-12-58-42/000099.png,labels/2019-09-16-12-58-42/000099.txt
2019-09-16-12-58-42_000100,2019-09-16-12-58-42,000100,train,range_angle,images/2019-09-16-12-58-42/000100.png,labels/2019-09-16-12-58-42/000100.txt
2019-09-16-12-58-42_000101,2019-09-16-12-58-42,000101,train,range_angle,images/2019-09-16-12-58-42/000101.png,labels/2019-09-16-12-58-42/000101.txt
2019-09-16-12-58-42_000102,2019-09-16-12-58-42,000102,train,range_angle,images/2019-09-16-12-58-42/000102.png,labels/2019-09-16-12-58-42/000102.txt
2019-09-16-12-58-42_000103,2019-09-16-12-58-42,000103,train,range_angle,images/2019-09-16-12-58-42/000103.png,labels/2019-09-16-12-58-42/000103.txt
2019-09-16-12-58-42_000104,2019-09-16-12-58-42,000104,train,range_angle,images/2019-09-16-12-58-42/000104.png,labels/2019-09-16-12-58-42/000104.txt
2019-09-16-12-58-42_000105,2019-09-16-12-58-42,000105,train,range_angle,images/2019-09-16-12-58-42/000105.png,labels/2019-09-16-12-58-42/000105.txt
2019-09-16-12-58-42_000106,2019-09-16-12-58-42,000106,train,range_angle,images/2019-09-16-12-58-42/000106.png,labels/2019-09-16-12-58-42/000106.txt
2019-09-16-12-58-42_000107,2019-09-16-12-58-42,000107,train,range_angle,images/2019-09-16-12-58-42/000107.png,labels/2019-09-16-12-58-42/000107.txt
2019-09-16-12-58-42_000108,2019-09-16-12-58-42,000108,train,range_angle,images/2019-09-16-12-58-42/000108.png,labels/2019-09-16-12-58-42/000108.txt
2019-09-16-12-58-42_000109,2019-09-16-12-58-42,000109,train,range_angle,images/2019-09-16-12-58-42/000109.png,labels/2019-09-16-12-58-42/000109.txt
2019-09-16-12-58-42_000110,2019-09-16-12-58-42,000110,train,range_angle,images/2019-09-16-12-58-42/000110.png,labels/2019-09-16-12-58-42/000110.txt
2019-09-16-12-58-42_000111,2019-09-16-12-58-42,000111,train,range_angle,images/2019-09-16-12-58-42/000111.png,labels/2019-09-16-12-58-42/000111.txt
2019-09-16-12-58-42_000112,2019-09-16-12-58-42,000112,train,range_angle,images/2019-09-16-12-58-42/000112.png,labels/2019-09-16-12-58-42/000112.txt
2019-09-16-12-58-42_000113,2019-09-16-12-58-42,000113,train,range_angle,images/2019-09-16-12-58-42/000113.png,labels/2019-09-16-12-58-42/000113.txt
2019-09-16-12-58-42_000114,2019-09-16-12-58-42,000114,train,range_angle,images/2019-09-16-12-58-42/000114.png,labels/2019-09-16-12-58-42/000114.txt
2019-09-16-12-58-42_000115,2019-09-16-12-58-42,000115,train,range_angle,images/2019-09-16-12-58-42/000115.png,labels/2019-09-16-12-58-42/000115.txt
2019-09-16-12-58-42_000116,2019-09-16-12-58-42,000116,train,range_angle,images/2019-09-16-12-58-42/000116.png,labels/2019-09-16-12-58-42/000116.txt
2019-09-16-12-58-42_000117,2019-09-16-12-58-42,000117,train,range_angle,images/2019-09-16-12-58-42/000117.png,labels/2019-09-16-12-58-42/000117.txt
2019-09-16-12-58-42_000118,2019-09-16-12-58-42,000118,train,range_angle,images/2019-09-16-12-58-42/000118.png,labels/2019-09-16-12-58-42/000118.txt
2019-09-16-12-58-42_000119,2019-09-16-12-58-42,000119,train,range_angle,images/2019-09-16-12-58-42/000119.png,labels/2019-09-16-12-58-42/000119.txt
2019-09-16-12-58-42_000120,2019-09-16-12-58-42,000120,train,range_angle,images/2019-09-16-12-58-42/000120.png,labels/2019-09-16-12-58-42/000120.txt
2019-09-16-12-58-42_000121,2019-09-16-12-58-42,000121,train,range_angle,images/2019-09-16-12-58-42/000121.png,labels/2019-09-16-12-58-42/000121.txt
2019-09-16-12-58-42_000122,2019-09-16-12-58-42,000122,train,range_angle,images/2019-09-16-12-58-42/000122.png,labels/2019-09-16-12-58-42/000122.txt
2019-09-16-12-58-42_000123,2019-09-16-12-58-42,000123,train,range_angle,images/2019-09-16-12-58-42/000123.png,labels/2019-09-16-12-58-42/000123.txt
2019-09-16-12-58-42_000124,2019-09-16-12-58-42,000124,train,range_angle,images/2019-09-16-12-58-42/000124.png,labels/2019-09-16-12-58-42/000124.txt
2019-09-16-12-58-42_000125,2019-09-16-12-58-42,000125,train,range_angle,images/2019-09-16-12-58-42/000125.png,labels/2019-09-16-12-58-42/000125.txt
2019-09-16-12-58-42_000126,2019-09-16-12-58-42,000126,train,range_angle,images/2019-09-16-12-58-42/000126.png,labels/2019-09-16-12-58-42/000126.txt
2019-09-16-12-58-42_000127,2019-09-16-12-58-42,000127,train,range_angle,images/2019-09-16-12-58-42/000127.png,labels/2019-09-16-12-58-42/000127.txt
2019-09-16-12-58-42_000128,2019-09-16-12-58-42,000128,train,range_angle,images/2019-09-16-12-58-42/000128.png,labels/2019-09-16-12-58-42/000128.txt
2019-09-16-12-58-42_000129,2019-09-16-12-58-42,000129,train,range_angle,images/2019-09-16-12-58-42/000129.png,labels/2019-09-16-12-58-42/000129.txt
2019-09-16-12-58-42_000130,2019-09-16-12-58-42,000130,train,range_angle,images/2019-09-16-12-58-42/000130.png,labels/2019-09-16-12-58-42/000130.txt
2019-09-16-12-58-42_000131,2019-09-16-12-58-42,000131,train,range_angle,images/2019-09-16-12-58-42/000131.png,labels/2019-09-16-12-58-42/000131.txt
2019-09-16-12-58-42_000132,2019-09-16-12-58-42,000132,train,range_angle,images/2019-09-16-12-58-42/000132.png,labels/2019-09-16-12-58-42/000132.txt
2019-09-16-12-58-42_000133,2019-09-16-12-58-42,000133,train,range_angle,images/2019-09-16-12-58-42/000133.png,labels/2019-09-16-12-58-42/000133.txt
2019-09-16-12-58-42_000134,2019-09-16-12-58-42,000134,train,range_angle,images/2019-09-16-12-58-42/000134.png,labels/2019-09-16-12-58-42/000134.txt
2019-09-16-12-58-42_000135,2019-09-16-12-58-42,000135,train,range_angle,images/2019-09-16-12-58-42/000135.png,labels/2019-09-16-12-58-42/000135.txt
2019-09-16-12-58-42_000136,2019-09-16-12-58-42,000136,train,range_angle,images/2019-09-16-12-58-42/000136.png,labels/2019-09-16-12-58-42/000136.txt
2019-09-16-12-58-42_000137,2019-09-16-12-58-42,000137,train,range_angle,images/2019-09-16-12-58-42/000137.png,labels/2019-09-16-12-58-42/000137.txt
2019-09-16-12-58-42_000138,2019-09-16-12-58-42,000138,train,range_angle,images/2019-09-16-12-58-42/000138.png,labels/2019-09-16-12-58-42/000138.txt
2019-09-16-12-58-42_000139,2019-09-16-12-58-42,000139,train,range_angle,images/2019-09-16-12-58-42/000139.png,labels/2019-09-16-12-58-42/000139.txt
2019-09-16-12-58-42_000140,2019-09-16-12-58-42,000140,train,range_angle,images/2019-09-16-12-58-42/000140.png,labels/2019-09-16-12-58-42/000140.txt
2019-09-16-12-58-42_000141,2019-09-16-12-58-42,000141,train,range_angle,images/2019-09-16-12-58-42/000141.png,labels/2019-09-16-12-58-42/000141.txt
2019-09-16-12-58-42_000142,2019-09-16-12-58-42,000142,train,range_angle,images/2019-09-16-12-58-42/000142.png,labels/2019-09-16-12-58-42/000142.txt
2019-09-16-12-58-42_000143,2019-09-16-12-58-42,000143,train,range_angle,images/2019-09-16-12-58-42/000143.png,labels/2019-09-16-12-58-42/000143.txt
2019-09-16-12-58-42_000144,2019-09-16-12-58-42,000144,train,range_angle,images/2019-09-16-12-58-42/000144.png,labels/2019-09-16-12-58-42/000144.txt
2019-09-16-12-58-42_000145,2019-09-16-12-58-42,000145,train,range_angle,images/2019-09-16-12-58-42/000145.png,labels/2019-09-16-12-58-42/000145.txt
2019-09-16-12-58-42_000146,2019-09-16-12-58-42,000146,train,range_angle,images/2019-09-16-12-58-42/000146.png,labels/2019-09-16-12-58-42/000146.txt
2019-09-16-12-58-42_000147,2019-09-16-12-58-42,000147,train,range_angle,images/2019-09-16-12-58-42/000147.png,labels/2019-09-16-12-58-42/000147.txt
2019-09-16-12-58-42_000148,2019-09-16-12-58-42,000148,train,range_angle,images/2019-09-16-12-58-42/000148.png,labels/2019-09-16-12-58-42/000148.txt
2019-09-16-12-58-42_000149,2019-09-16-12-58-42,000149,train,range_angle,images/2019-09-16-12-58-42/000149.png,labels/2019-09-16-12-58-42/000149.txt
2019-09-16-12-58-42_000150,2019-09-16-12-58-42,000150,train,range_angle,images/2019-09-16-12-58-42/000150.png,labels/2019-09-16-12-58-42/000150.txt
2019-09-16-12-58-42_000151,2019-09-16-12-58-42,000151,train,range_angle,images/2019-09-16-12-58-42/000151.png,labels/2019-09-16-12-58-42/000151.txt
2019-09-16-12-58-42_000152,2019-09-16-12-58-42,000152,train,range_angle,images/2019-09-16-12-58-42/000152.png,labels/2019-09-16-12-58-42/000152.txt
2019-09-16-12-58-42_000153,2019-09-16-12-58-42,000153,train,range_angle,images/2019-09-16-12-58-42/000153.png,labels/2019-09-16-12-58-42/000153.txt
2019-09-16-12-58-42_000154,2019-09-16-12-58-42,000154,train,range_angle,images/2019-09-16-12-58-42/000154.png,labels/2019-09-16-12-58-42/000154.txt
2019-09-16-12-58-42_000155,2019-09-16-12-58-42,000155,train,range_angle,images/2019-09-16-12-58-42/000155.png,labels/2019-09-16-12-58-42/000155.txt
2019-09-16-12-58-42_000156,2019-09-16-12-58-42,000156,train,range_angle,images/2019-09-16-12-58-42/000156.png,labels/2019-09-16-12-58-42/000156.txt
2019-09-16-12-58-42_000157,2019-09-16-12-58-42,000157,train,range_angle,images/2019-09-16-12-58-42/000157.png,labels/2019-09-16-12-58-42/000157.txt
2019-09-16-12-58-42_000158,2019-09-16-12-58-42,000158,train,range_angle,images/2019-09-16-12-58-42/000158.png,labels/2019-09-16-12-58-42/000158.txt
2019-09-16-12-58-42_000159,2019-09-16-12-58-42,000159,train,range_angle,images/2019-09-16-12-58-42/000159.png,labels/2019-09-16-12-58-42/000159.txt
2019-09-16-12-58-42_000160,2019-09-16-12-58-42,000160,train,range_angle,images/2019-09-16-12-58-42/000160.png,labels/2019-09-16-12-58-42/000160.txt
2019-09-16-12-58-42_000161,2019-09-16-12-58-42,000161,train,range_angle,images/2019-09-16-12-58-42/000161.png,labels/2019-09-16-12-58-42/000161.txt
2019-09-16-12-58-42_000162,2019-09-16-12-58-42,000162,train,range_angle,images/2019-09-16-12-58-42/000162.png,labels/2019-09-16-12-58-42/000162.txt
2019-09-16-12-58-42_000163,2019-09-16-12-58-42,000163,train,range_angle,images/2019-09-16-12-58-42/000163.png,labels/2019-09-16-12-58-42/000163.txt
2019-09-16-12-58-42_000164,2019-09-16-12-58-42,000164,train,range_angle,images/2019-09-16-12-58-42/000164.png,labels/2019-09-16-12-58-42/000164.txt
2019-09-16-12-58-42_000165,2019-09-16-12-58-42,000165,train,range_angle,images/2019-09-16-12-58-42/000165.png,labels/2019-09-16-12-58-42/000165.txt
2019-09-16-12-58-42_000166,2019-09-16-12-58-42,000166,train,range_angle,images/2019-09-16-12-58-42/000166.png,labels/2019-09-16-12-58-42/000166.txt
2019-09-16-12-58-42_000167,2019-09-16-12-58-42,000167,train,range_angle,images/2019-09-16-12-58-42/000167.png,labels/2019-09-16-12-58-42/000167.txt
2019-09-16-12-58-42_000168,2019-09-16-12-58-42,000168,train,range_angle,images/2019-09-16-12-58-42/000168.png,labels/2019-09-16-12-58-42/000168.txt
2019-09-16-12-58-42_000169,2019-09-16-12-58-42,000169,train,range_angle,images/2019-09-16-12-58-42/000169.png,labels/2019-09-16-12-58-42/000169.txt
2019-09-16-12-58-42_000170,2019-09-16-12-58-42,000170,train,range_angle,images/2019-09-16-12-58-42/000170.png,labels/2019-09-16-12-58-42/000170.txt
2019-09-16-12-58-42_000171,2019-09-16-12-58-42,000171,train,range_angle,images/2019-09-16-12-58-42/000171.png,labels/2019-09-16-12-58-42/000171.txt
2019-09-16-12-58-42_000172,2019-09-16-12-58-42,000172,train,range_angle,images/2019-09-16-12-58-42/000172.png,labels/2019-09-16-12-58-42/000172.txt
2019-09-16-12-58-42_000173,2019-09-16-12-58-42,000173,train,range_angle,images/2019-09-16-12-58-42/000173.png,labels/2019-09-16-12-58-42/000173.txt
2019-09-16-12-58-42_000174,2019-09-16-12-58-42,000174,train,range_angle,images/2019-09-16-12-58-42/000174.png,labels/2019-09-16-12-58-42/000174.txt
2019-09-16-12-58-42_000175,2019-09-16-12-58-42,000175,train,range_angle,images/2019-09-16-12-58-42/000175.png,labels/2019-09-16-12-58-42/000175.txt
2019-09-16-12-58-42_000176,2019-09-16-12-58-42,000176,train,range_angle,images/2019-09-16-12-58-42/000176.png,labels/2019-09-16-12-58-42/000176.txt
2019-09-16-12-58-42_000177,2019-09-16-12-58-42,000177,train,range_angle,images/2019-09-16-12-58-42/000177.png,labels/2019-09-16-12-58-42/000177.txt
2019-09-16-12-58-42_000178,2019-09-16-12-58-42,000178,train,range_angle,images/2019-09-16-12-58-42/000178.png,labels/2019-09-16-12-58-42/000178.txt
2019-09-16-12-58-42_000179,2019-09-16-12-58-42,000179,train,range_angle,images/2019-09-16-12-58-42/000179.png,labels/2019-09-16-12-58-42/000179.txt
2019-09-16-12-58-42_000180,2019-09-16-12-58-42,000180,train,range_angle,images/2019-09-16-12-58-42/000180.png,labels/2019-09-16-12-58-42/000180.txt
2019-09-16-12-58-42_000181,2019-09-16-12-58-42,000181,train,range_angle,images/2019-09-16-12-58-42/000181.png,labels/2019-09-16-12-58-42/000181.txt
2019-09-16-12-58-42_000182,2019-09-16-12-58-42,000182,train,range_angle,images/2019-09-16-12-58-42/000182.png,labels/2019-09-16-12-58-42/000182.txt
2019-09-16-12-58-42_000183,2019-09-16-12-58-42,000183,train,range_angle,images/2019-09-16-12-58-42/000183.png,labels/2019-09-16-12-58-42/000183.txt
2019-09-16-12-58-42_000184,2019-09-16-12-58-42,000184,train,range_angle,images/2019-09-16-12-58-42/000184.png,labels/2019-09-16-12-58-42/000184.txt
2019-09-16-12-58-42_000185,2019-09-16-12-58-42,000185,train,range_angle,images/2019-09-16-12-58-42/000185.png,labels/2019-09-16-12-58-42/000185.txt
2019-09-16-12-58-42_000186,2019-09-16-12-58-42,000186,train,range_angle,images/2019-09-16-12-58-42/000186.png,labels/2019-09-16-12-58-42/000186.txt
2019-09-16-12-58-42_000187,2019-09-16-12-58-42,000187,train,range_angle,images/2019-09-16-12-58-42/000187.png,labels/2019-09-16-12-58-42/000187.txt
2019-09-16-12-58-42_000188,2019-09-16-12-58-42,000188,train,range_angle,images/2019-09-16-12-58-42/000188.png,labels/2019-09-16-12-58-42/000188.txt
2019-09-16-12-58-42_000189,2019-09-16-12-58-42,000189,train,range_angle,images/2019-09-16-12-58-42/000189.png,labels/2019-09-16-12-58-42/000189.txt
2019-09-16-12-58-42_000190,2019-09-16-12-58-42,000190,train,range_angle,images/2019-09-16-12-58-42/000190.png,labels/2019-09-16-12-58-42/000190.txt
2019-09-16-12-58-42_000191,2019-09-16-12-58-42,000191,train,range_angle,images/2019-09-16-12-58-42/000191.png,labels/2019-09-16-12-58-42/000191.txt
2019-09-16-12-58-42_000192,2019-09-16-12-58-42,000192,train,range_angle,images/2019-09-16-12-58-42/000192.png,labels/2019-09-16-12-58-42/000192.txt
2019-09-16-12-58-42_000193,2019-09-16-12-58-42,000193,train,range_angle,images/2019-09-16-12-58-42/000193.png,labels/2019-09-16-12-58-42/000193.txt
2019-09-16-12-58-42_000194,2019-09-16-12-58-42,000194,train,range_angle,images/2019-09-16-12-58-42/000194.png,labels/2019-09-16-12-58-42/000194.txt
2019-09-16-12-58-42_000195,2019-09-16-12-58-42,000195,train,range_angle,images/2019-09-16-12-58-42/000195.png,labels/2019-09-16-12-58-42/000195.txt
2019-09-16-12-58-42_000196,2019-09-16-12-58-42,000196,train,range_angle,images/2019-09-16-12-58-42/000196.png,labels/2019-09-16-12-58-42/000196.txt
2019-09-16-12-58-42_000197,2019-09-16-12-58-42,000197,train,range_angle,images/2019-09-16-12-58-42/000197.png,labels/2019-09-16-12-58-42/000197.txt
2019-09-16-12-58-42_000198,2019-09-16-12-58-42,000198,train,range_angle,images/2019-09-16-12-58-42/000198.png,labels/2019-09-16-12-58-42/000198.txt
2019-09-16-12-58-42_000199,2019-09-16-12-58-42,000199,train,range_angle,images/2019-09-16-12-58-42/000199.png,labels/2019-09-16-12-58-42/000199.txt
2019-09-16-12-58-42_000200,2019-09-16-12-58-42,000200,train,range_angle,images/2019-09-16-12-58-42/000200.png,labels/2019-09-16-12-58-42/000200.txt
2019-09-16-12-58-42_000201,2019-09-16-12-58-42,000201,train,range_angle,images/2019-09-16-12-58-42/000201.png,labels/2019-09-16-12-58-42/000201.txt
2019-09-16-12-58-42_000202,2019-09-16-12-58-42,000202,train,range_angle,images/2019-09-16-12-58-42/000202.png,labels/2019-09-16-12-58-42/000202.txt
2019-09-16-12-58-42_000203,2019-09-16-12-58-42,000203,train,range_angle,images/2019-09-16-12-58-42/000203.png,labels/2019-09-16-12-58-42/000203.txt
2019-09-16-12-58-42_000204,2019-09-16-12-58-42,000204,train,range_angle,images/2019-09-16-12-58-42/000204.png,labels/2019-09-16-12-58-42/000204.txt
2019-09-16-12-58-42_000205,2019-09-16-12-58-42,000205,train,range_angle,images/2019-09-16-12-58-42/000205.png,labels/2019-09-16-12-58-42/000205.txt
2019-09-16-12-58-42_000206,2019-09-16-12-58-42,000206,train,range_angle,images/2019-09-16-12-58-42/000206.png,labels/2019-09-16-12-58-42/000206.txt
2019-09-16-12-58-42_000207,2019-09-16-12-58-42,000207,train,range_angle,images/2019-09-16-12-58-42/000207.png,labels/2019-09-16-12-58-42/000207.txt
2019-09-16-12-58-42_000208,2019-09-16-12-58-42,000208,train,range_angle,images/2019-09-16-12-58-42/000208.png,labels/2019-09-16-12-58-42/000208.txt
2019-09-16-12-58-42_000209,2019-09-16-12-58-42,000209,train,range_angle,images/2019-09-16-12-58-42/000209.png,labels/2019-09-16-12-58-42/000209.txt
2019-09-16-12-58-42_000210,2019-09-16-12-58-42,000210,train,range_angle,images/2019-09-16-12-58-42/000210.png,labels/2019-09-16-12-58-42/000210.txt
2019-09-16-12-58-42_000211,2019-09-16-12-58-42,000211,train,range_angle,images/2019-09-16-12-58-42/000211.png,labels/2019-09-16-12-58-42/000211.txt
2019-09-16-12-58-42_000212,2019-09-16-12-58-42,000212,train,range_angle,images/2019-09-16-12-58-42/000212.png,labels/2019-09-16-12-58-42/000212.txt
2019-09-16-12-58-42_000213,2019-09-16-12-58-42,000213,train,range_angle,images/2019-09-16-12-58-42/000213.png,labels/2019-09-16-12-58-42/000213.txt
2019-09-16-12-58-42_000214,2019-09-16-12-58-42,000214,train,range_angle,images/2019-09-16-12-58-42/000214.png,labels/2019-09-16-12-58-42/000214.txt
2019-09-16-12-58-42_000215,2019-09-16-12-58-42,000215,train,range_angle,images/2019-09-16-12-58-42/000215.png,labels/2019-09-16-12-58-42/000215.txt
2019-09-16-12-58-42_000216,2019-09-16-12-58-42,000216,train,range_angle,images/2019-09-16-12-58-42/000216.png,labels/2019-09-16-12-58-42/000216.txt
2019-09-16-12-58-42_000217,2019-09-16-12-58-42,000217,train,range_angle,images/2019-09-16-12-58-42/000217.png,labels/2019-09-16-12-58-42/000217.txt
2019-09-16-12-58-42_000218,2019-09-16-12-58-42,000218,train,range_angle,images/2019-09-16-12-58-42/000218.png,labels/2019-09-16-12-58-42/000218.txt
2019-09-16-12-58-42_000219,2019-09-16-12-58-42,000219,train,range_angle,images/2019-09-16-12-58-42/000219.png,labels/2019-09-16-12-58-42/000219.txt
2019-09-16-12-58-42_000220,2019-09-16-12-58-42,000220,train,range_angle,images/2019-09-16-12-58-42/000220.png,labels/2019-09-16-12-58-42/000220.txt
2019-09-16-12-58-42_000221,2019-09-16-12-58-42,000221,train,range_angle,images/2019-09-16-12-58-42/000221.png,labels/2019-09-16-12-58-42/000221.txt
2019-09-16-12-58-42_000222,2019-09-16-12-58-42,000222,train,range_angle,images/2019-09-16-12-58-42/000222.png,labels/2019-09-16-12-58-42/000222.txt
2019-09-16-12-58-42_000223,2019-09-16-12-58-42,000223,train,range_angle,images/2019-09-16-12-58-42/000223.png,labels/2019-09-16-12-58-42/000223.txt
2019-09-16-12-58-42_000224,2019-09-16-12-58-42,000224,train,range_angle,images/2019-09-16-12-58-42/000224.png,labels/2019-09-16-12-58-42/000224.txt
2019-09-16-12-58-42_000225,2019-09-16-12-58-42,000225,train,range_angle,images/2019-09-16-12-58-42/000225.png,labels/2019-09-16-12-58-42/000225.txt
2019-09-16-12-58-42_000226,2019-09-16-12-58-42,000226,train,range_angle,images/2019-09-16-12-58-42/000226.png,labels/2019-09-16-12-58-42/000226.txt
2019-09-16-12-58-42_000227,2019-09-16-12-58-42,000227,train,range_angle,images/2019-09-16-12-58-42/000227.png,labels/2019-09-16-12-58-42/000227.txt
2019-09-16-12-58-42_000228,2019-09-16-12-58-42,000228,train,range_angle,images/2019-09-16-12-58-42/000228.png,labels/2019-09-16-12-58-42/000228.txt
2019-09-16-12-58-42_000229,2019-09-16-12-58-42,000229,train,range_angle,images/2019-09-16-12-58-42/000229.png,labels/2019-09-16-12-58-42/000229.txt
2019-09-16-12-58-42_000230,2019-09-16-12-58-42,000230,train,range_angle,images/2019-09-16-12-58-42/000230.png,labels/2019-09-16-12-58-42/000230.txt
2019-09-16-12-58-42_000231,2019-09-16-12-58-42,000231,train,range_angle,images/2019-09-16-12-58-42/000231.png,labels/2019-09-16-12-58-42/000231.txt
2019-09-16-12-58-42_000232,2019-09-16-12-58-42,000232,train,range_angle,images/2019-09-16-12-58-42/000232.png,labels/2019-09-16-12-58-42/000232.txt
2019-09-16-12-58-42_000233,2019-09-16-12-58-42,000233,train,range_angle,images/2019-09-16-12-58-42/000233.png,labels/2019-09-16-12-58-42/000233.txt
2019-09-16-12-58-42_000234,2019-09-16-12-58-42,000234,train,range_angle,images/2019-09-16-12-58-42/000234.png,labels/2019-09-16-12-58-42/000234.txt
2019-09-16-12-58-42_000235,2019-09-16-12-58-42,000235,train,range_angle,images/2019-09-16-12-58-42/000235.png,labels/2019-09-16-12-58-42/000235.txt
2019-09-16-12-58-42_000236,2019-09-16-12-58-42,000236,train,range_angle,images/2019-09-16-12-58-42/000236.png,labels/2019-09-16-12-58-42/000236.txt
2019-09-16-12-58-42_000237,2019-09-16-12-58-42,000237,train,range_angle,images/2019-09-16-12-58-42/000237.png,labels/2019-09-16-12-58-42/000237.txt
2019-09-16-12-58-42_000238,2019-09-16-12-58-42,000238,train,range_angle,images/2019-09-16-12-58-42/000238.png,labels/2019-09-16-12-58-42/000238.txt
2019-09-16-12-58-42_000239,2019-09-16-12-58-42,000239,train,range_angle,images/2019-09-16-12-58-42/000239.png,labels/2019-09-16-12-58-42/000239.txt
2019-09-16-12-58-42_000240,2019-09-16-12-58-42,000240,train,range_angle,images/2019-09-16-12-58-42/000240.png,labels/2019-09-16-12-58-42/000240.txt
2019-09-16-12-58-42_000241,2019-09-16-12-58-42,000241,train,range_angle,images/2019-09-16-12-58-42/000241.png,labels/2019-09-16-12-58-42/000241.txt
2019-09-16-12-58-42_000242,2019-09-16-12-58-42,000242,train,range_angle,images/2019-09-16-12-58-42/000242.png,labels/2019-09-16-12-58-42/000242.txt
2019-09-16-12-58-42_000243,2019-09-16-12-58-42,000243,train,range_angle,images/2019-09-16-12-58-42/000243.png,labels/2019-09-16-12-58-42/000243.txt
2019-09-16-12-58-42_000244,2019-09-16-12-58-42,000244,train,range_angle,images/2019-09-16-12-58-42/000244.png,labels/2019-09-16-12-58-42/000244.txt
2019-09-16-12-58-42_000245,2019-09-16-12-58-42,000245,train,range_angle,images/2019-09-16-12-58-42/000245.png,labels/2019-09-16-12-58-42/000245.txt
2019-09-16-12-58-42_000246,2019-09-16-12-58-42,000246,train,range_angle,images/2019-09-16-12-58-42/000246.png,labels/2019-09-16-12-58-42/000246.txt
2019-09-16-12-58-42_000247,2019-09-16-12-58-42,000247,train,range_angle,images/2019-09-16-12-58-42/000247.png,labels/2019-09-16-12-58-42/000247.txt
2019-09-16-12-58-42_000248,2019-09-16-12-58-42,000248,train,range_angle,images/2019-09-16-12-58-42/000248.png,labels/2019-09-16-12-58-42/000248.txt
2019-09-16-12-58-42_000249,2019-09-16-12-58-42,000249,train,range_angle,images/2019-09-16-12-58-42/000249.png,labels/2019-09-16-12-58-42/000249.txt
2019-09-16-12-58-42_000250,2019-09-16-12-58-42,000250,train,range_angle,images/2019-09-16-12-58-42/000250.png,labels/2019-09-16-12-58-42/000250.txt
2019-09-16-12-58-42_000251,2019-09-16-12-58-42,000251,train,range_angle,images/2019-09-16-12-58-42/000251.png,labels/2019-09-16-12-58-42/000251.txt
2019-09-16-12-58-42_000252,2019-09-16-12-58-42,000252,train,range_angle,images/2019-09-16-12-58-42/000252.png,labels/2019-09-16-12-58-42/000252.txt
2019-09-16-12-58-42_000253,2019-09-16-12-58-42,000253,train,range_angle,images/2019-09-16-12-58-42/000253.png,labels/2019-09-16-12-58-42/000253.txt
2019-09-16-12-58-42_000254,2019-09-16-12-58-42,000254,train,range_angle,images/2019-09-16-12-58-42/000254.png,labels/2019-09-16-12-58-42/000254.txt
2019-09-16-12-58-42_000255,2019-09-16-12-58-42,000255,train,range_angle,images/2019-09-16-12-58-42/000255.png,labels/2019-09-16-12-58-42/000255.txt
2019-09-16-12-58-42_000256,2019-09-16-12-58-42,000256,train,range_angle,images/2019-09-16-12-58-42/000256.png,labels/2019-09-16-12-58-42/000256.txt
2019-09-16-12-58-42_000257,2019-09-16-12-58-42,000257,train,range_angle,images/2019-09-16-12-58-42/000257.png,labels/2019-09-16-12-58-42/000257.txt
2019-09-16-12-58-42_000258,2019-09-16-12-58-42,000258,train,range_angle,images/2019-09-16-12-58-42/000258.png,labels/2019-09-16-12-58-42/000258.txt
2019-09-16-12-58-42_000259,2019-09-16-12-58-42,000259,train,range_angle,images/2019-09-16-12-58-42/000259.png,labels/2019-09-16-12-58-42/000259.txt
2019-09-16-12-58-42_000260,2019-09-16-12-58-42,000260,train,range_angle,images/2019-09-16-12-58-42/000260.png,labels/2019-09-16-12-58-42/000260.txt
2019-09-16-12-58-42_000261,2019-09-16-12-58-42,000261,train,range_angle,images/2019-09-16-12-58-42/000261.png,labels/2019-09-16-12-58-42/000261.txt
2019-09-16-12-58-42_000262,2019-09-16-12-58-42,000262,train,range_angle,images/2019-09-16-12-58-42/000262.png,labels/2019-09-16-12-58-42/000262.txt
2019-09-16-12-58-42_000263,2019-09-16-12-58-42,000263,train,range_angle,images/2019-09-16-12-58-42/000263.png,labels/2019-09-16-12-58-42/000263.txt
2019-09-16-12-58-42_000264,2019-09-16-12-58-42,000264,train,range_angle,images/2019-09-16-12-58-42/000264.png,labels/2019-09-16-12-58-42/000264.txt
2019-09-16-12-58-42_000265,2019-09-16-12-58-42,000265,train,range_angle,images/2019-09-16-12-58-42/000265.png,labels/2019-09-16-12-58-42/000265.txt
2019-09-16-12-58-42_000266,2019-09-16-12-58-42,000266,train,range_angle,images/2019-09-16-12-58-42/000266.png,labels/2019-09-16-12-58-42/000266.txt
2019-09-16-12-58-42_000267,2019-09-16-12-58-42,000267,train,range_angle,images/2019-09-16-12-58-42/000267.png,labels/2019-09-16-12-58-42/000267.txt
2019-09-16-12-58-42_000268,2019-09-16-12-58-42,000268,train,range_angle,images/2019-09-16-12-58-42/000268.png,labels/2019-09-16-12-58-42/000268.txt
2019-09-16-12-58-42_000269,2019-09-16-12-58-42,000269,train,range_angle,images/2019-09-16-12-58-42/000269.png,labels/2019-09-16-12-58-42/000269.txt
2019-09-16-12-58-42_000270,2019-09-16-12-58-42,000270,train,range_angle,images/2019-09-16-12-58-42/000270.png,labels/2019-09-16-12-58-42/000270.txt
2019-09-16-12-58-42_000271,2019-09-16-12-58-42,000271,train,range_angle,images/2019-09-16-12-58-42/000271.png,labels/2019-09-16-12-58-42/000271.txt
2019-09-16-12-58-42_000272,2019-09-16-12-58-42,000272,train,range_angle,images/2019-09-16-12-58-42/000272.png,labels/2019-09-16-12-58-42/000272.txt
2019-09-16-12-58-42_000273,2019-09-16-12-58-42,000273,train,range_angle,images/2019-09-16-12-58-42/000273.png,labels/2019-09-16-12-58-42/000273.txt
2019-09-16-12-58-42_000274,2019-09-16-12-58-42,000274,train,range_angle,images/2019-09-16-12-58-42/000274.png,labels/2019-09-16-12-58-42/000274.txt
2019-09-16-12-58-42_000275,2019-09-16-12-58-42,000275,train,range_angle,images/2019-09-16-12-58-42/000275.png,labels/2019-09-16-12-58-42/000275.txt
2019-09-16-12-58-42_000276,2019-09-16-12-58-42,000276,train,range_angle,images/2019-09-16-12-58-42/000276.png,labels/2019-09-16-12-58-42/000276.txt
2019-09-16-12-58-42_000277,2019-09-16-12-58-42,000277,train,range_angle,images/2019-09-16-12-58-42/000277.png,labels/2019-09-16-12-58-42/000277.txt
2019-09-16-12-58-42_000278,2019-09-16-12-58-42,000278,train,range_angle,images/2019-09-16-12-58-42/000278.png,labels/2019-09-16-12-58-42/000278.txt
2019-09-16-12-58-42_000279,2019-09-16-12-58-42,000279,train,range_angle,images/2019-09-16-12-58-42/000279.png,labels/2019-09-16-12-58-42/000279.txt
2019-09-16-12-58-42_000280,2019-09-16-12-58-42,000280,train,range_angle,images/2019-09-16-12-58-42/000280.png,labels/2019-09-16-12-58-42/000280.txt
2019-09-16-12-58-42_000281,2019-09-16-12-58-42,000281,train,range_angle,images/2019-09-16-12-58-42/000281.png,labels/2019-09-16-12-58-42/000281.txt
2019-09-16-12-58-42_000282,2019-09-16-12-58-42,000282,train,range_angle,images/2019-09-16-12-58-42/000282.png,labels/2019-09-16-12-58-42/000282.txt
2019-09-16-12-58-42_000283,2019-09-16-12-58-42,000283,train,range_angle,images/2019-09-16-12-58-42/000283.png,labels/2019-09-16-12-58-42/000283.txt
2019-09-16-12-58-42_000284,2019-09-16-12-58-42,000284,train,range_angle,images/2019-09-16-12-58-42/000284.png,labels/2019-09-16-12-58-42/000284.txt
2019-09-16-12-58-42_000285,2019-09-16-12-58-42,000285,train,range_angle,images/2019-09-16-12-58-42/000285.png,labels/2019-09-16-12-58-42/000285.txt
2019-09-16-12-58-42_000286,2019-09-16-12-58-42,000286,train,range_angle,images/2019-09-16-12-58-42/000286.png,labels/2019-09-16-12-58-42/000286.txt
2019-09-16-12-58-42_000287,2019-09-16-12-58-42,000287,train,range_angle,images/2019-09-16-12-58-42/000287.png,labels/2019-09-16-12-58-42/000287.txt
2019-09-16-12-58-42_000288,2019-09-16-12-58-42,000288,train,range_angle,images/2019-09-16-12-58-42/000288.png,labels/2019-09-16-12-58-42/000288.txt
2019-09-16-12-58-42_000289,2019-09-16-12-58-42,000289,train,range_angle,images/2019-09-16-12-58-42/000289.png,labels/2019-09-16-12-58-42/000289.txt
2019-09-16-12-58-42_000290,2019-09-16-12-58-42,000290,train,range_angle,images/2019-09-16-12-58-42/000290.png,labels/2019-09-16-12-58-42/000290.txt
2019-09-16-12-58-42_000291,2019-09-16-12-58-42,000291,train,range_angle,images/2019-09-16-12-58-42/000291.png,labels/2019-09-16-12-58-42/000291.txt
2019-09-16-12-58-42_000292,2019-09-16-12-58-42,000292,train,range_angle,images/2019-09-16-12-58-42/000292.png,labels/2019-09-16-12-58-42/000292.txt
2019-09-16-12-58-42_000293,2019-09-16-12-58-42,000293,train,range_angle,images/2019-09-16-12-58-42/000293.png,labels/2019-09-16-12-58-42/000293.txt
2019-09-16-12-58-42_000294,2019-09-16-12-58-42,000294,train,range_angle,images/2019-09-16-12-58-42/000294.png,labels/2019-09-16-12-58-42/000294.txt
2019-09-16-12-58-42_000295,2019-09-16-12-58-42,000295,train,range_angle,images/2019-09-16-12-58-42/000295.png,labels/2019-09-16-12-58-42/000295.txt
2019-09-16-12-58-42_000296,2019-09-16-12-58-42,000296,train,range_angle,images/2019-09-16-12-58-42/000296.png,labels/2019-09-16-12-58-42/000296.txt
2019-09-16-12-58-42_000297,2019-09-16-12-58-42,000297,train,range_angle,images/2019-09-16-12-58-42/000297.png,labels/2019-09-16-12-58-42/000297.txt
2019-09-16-12-58-42_000298,2019-09-16-12-58-42,000298,train,range_angle,images/2019-09-16-12-58-42/000298.png,labels/2019-09-16-12-58-42/000298.txt
2019-09-16-12-58-42_000299,2019-09-16-12-58-42,000299,train,range_angle,images/2019-09-16-12-58-42/000299.png,labels/2019-09-16-12-58-42/000299.txt
2019-09-16-12-58-42_000300,2019-09-16-12-58-42,000300,train,range_angle,images/2019-09-16-12-58-42/000300.png,labels/2019-09-16-12-58-42/000300.txt
2019-09-16-12-58-42_000301,2019-09-16-12-58-42,000301,train,range_angle,images/2019-09-16-12-58-42/000301.png,labels/2019-09-16-12-58-42/000301.txt
2019-09-16-12-58-42_000302,2019-09-16-12-58-42,000302,train,range_angle,images/2019-09-16-12-58-42/000302.png,labels/2019-09-16-12-58-42/000302.txt
2019-09-16-12-58-42_000303,2019-09-16-12-58-42,000303,train,range_angle,images/2019-09-16-12-58-42/000303.png,labels/2019-09-16-12-58-42/000303.txt
2019-09-16-12-58-42_000304,2019-09-16-12-58-42,000304,train,range_angle,images/2019-09-16-12-58-42/000304.png,labels/2019-09-16-12-58-42/000304.txt
2019-09-16-12-58-42_000305,2019-09-16-12-58-42,000305,train,range_angle,images/2019-09-16-12-58-42/000305.png,labels/2019-09-16-12-58-42/000305.txt
2019-09-16-12-58-42_000306,2019-09-16-12-58-42,000306,train,range_angle,images/2019-09-16-12-58-42/000306.png,labels/2019-09-16-12-58-42/000306.txt
2019-09-16-12-58-42_000307,2019-09-16-12-58-42,000307,train,range_angle,images/2019-09-16-12-58-42/000307.png,labels/2019-09-16-12-58-42/000307.txt
2019-09-16-12-58-42_000308,2019-09-16-12-58-42,000308,train,range_angle,images/2019-09-16-12-58-42/000308.png,labels/2019-09-16-12-58-42/000308.txt
2019-09-16-12-58-42_000309,2019-09-16-12-58-42,000309,train,range_angle,images/2019-09-16-12-58-42/000309.png,labels/2019-09-16-12-58-42/000309.txt
2019-09-16-12-58-42_000310,2019-09-16-12-58-42,000310,train,range_angle,images/2019-09-16-12-58-42/000310.png,labels/2019-09-16-12-58-42/000310.txt
2019-09-16-12-58-42_000311,2019-09-16-12-58-42,000311,train,range_angle,images/2019-09-16-12-58-42/000311.png,labels/2019-09-16-12-58-42/000311.txt
2019-09-16-12-58-42_000312,2019-09-16-12-58-42,000312,train,range_angle,images/2019-09-16-12-58-42/000312.png,labels/2019-09-16-12-58-42/000312.txt
2019-09-16-12-58-42_000313,2019-09-16-12-58-42,000313,train,range_angle,images/2019-09-16-12-58-42/000313.png,labels/2019-09-16-12-58-42/000313.txt
2019-09-16-12-58-42_000314,2019-09-16-12-58-42,000314,train,range_angle,images/2019-09-16-12-58-42/000314.png,labels/2019-09-16-12-58-42/000314.txt
2019-09-16-12-58-42_000315,2019-09-16-12-58-42,000315,train,range_angle,images/2019-09-16-12-58-42/000315.png,labels/2019-09-16-12-58-42/000315.txt
2019-09-16-12-58-42_000316,2019-09-16-12-58-42,000316,train,range_angle,images/2019-09-16-12-58-42/000316.png,labels/2019-09-16-12-58-42/000316.txt
2019-09-16-12-58-42_000317,2019-09-16-12-58-42,000317,train,range_angle,images/2019-09-16-12-58-42/000317.png,labels/2019-09-16-12-58-42/000317.txt
2019-09-16-12-58-42_000318,2019-09-16-12-58-42,000318,train,range_angle,images/2019-09-16-12-58-42/000318.png,labels/2019-09-16-12-58-42/000318.txt
2019-09-16-12-58-42_000319,2019-09-16-12-58-42,000319,train,range_angle,images/2019-09-16-12-58-42/000319.png,labels/2019-09-16-12-58-42/000319.txt
2019-09-16-12-58-42_000320,2019-09-16-12-58-42,000320,train,range_angle,images/2019-09-16-12-58-42/000320.png,labels/2019-09-16-12-58-42/000320.txt
2019-09-16-12-58-42_000321,2019-09-16-12-58-42,000321,train,range_angle,images/2019-09-16-12-58-42/000321.png,labels/2019-09-16-12-58-42/000321.txt
2019-09-16-12-58-42_000322,2019-09-16-12-58-42,000322,train,range_angle,images/2019-09-16-12-58-42/000322.png,labels/2019-09-16-12-58-42/000322.txt
2019-09-16-12-58-42_000323,2019-09-16-12-58-42,000323,train,range_angle,images/2019-09-16-12-58-42/000323.png,labels/2019-09-16-12-58-42/000323.txt
2019-09-16-12-58-42_000324,2019-09-16-12-58-42,000324,train,range_angle,images/2019-09-16-12-58-42/000324.png,labels/2019-09-16-12-58-42/000324.txt
2019-09-16-12-58-42_000325,2019-09-16-12-58-42,000325,train,range_angle,images/2019-09-16-12-58-42/000325.png,labels/2019-09-16-12-58-42/000325.txt
2019-09-16-12-58-42_000326,2019-09-16-12-58-42,000326,train,range_angle,images/2019-09-16-12-58-42/000326.png,labels/2019-09-16-12-58-42/000326.txt
2019-09-16-12-58-42_000327,2019-09-16-12-58-42,000327,train,range_angle,images/2019-09-16-12-58-42/000327.png,labels/2019-09-16-12-58-42/000327.txt
2019-09-16-12-58-42_000328,2019-09-16-12-58-42,000328,train,range_angle,images/2019-09-16-12-58-42/000328.png,labels/2019-09-16-12-58-42/000328.txt
2019-09-16-12-58-42_000329,2019-09-16-12-58-42,000329,train,range_angle,images/2019-09-16-12-58-42/000329.png,labels/2019-09-16-12-58-42/000329.txt
2019-09-16-12-58-42_000330,2019-09-16-12-58-42,000330,train,range_angle,images/2019-09-16-12-58-42/000330.png,labels/2019-09-16-12-58-42/000330.txt
2019-09-16-12-58-42_000331,2019-09-16-12-58-42,000331,train,range_angle,images/2019-09-16-12-58-42/000331.png,labels/2019-09-16-12-58-42/000331.txt
2019-09-16-12-58-42_000332,2019-09-16-12-58-42,000332,train,range_angle,images/2019-09-16-12-58-42/000332.png,labels/2019-09-16-12-58-42/000332.txt
2019-09-16-12-58-42_000333,2019-09-16-12-58-42,000333,train,range_angle,images/2019-09-16-12-58-42/000333.png,labels/2019-09-16-12-58-42/000333.txt
2019-09-16-12-58-42_000334,2019-09-16-12-58-42,000334,train,range_angle,images/2019-09-16-12-58-42/000334.png,labels/2019-09-16-12-58-42/000334.txt
2019-09-16-12-58-42_000335,2019-09-16-12-58-42,000335,train,range_angle,images/2019-09-16-12-58-42/000335.png,labels/2019-09-16-12-58-42/000335.txt
2019-09-16-12-58-42_000336,2019-09-16-12-58-42,000336,train,range_angle,images/2019-09-16-12-58-42/000336.png,labels/2019-09-16-12-58-42/000336.txt
2019-09-16-12-58-42_000337,2019-09-16-12-58-42,000337,train,range_angle,images/2019-09-16-12-58-42/000337.png,labels/2019-09-16-12-58-42/000337.txt
2019-09-16-12-58-42_000338,2019-09-16-12-58-42,000338,train,range_angle,images/2019-09-16-12-58-42/000338.png,labels/2019-09-16-12-58-42/000338.txt
2019-09-16-12-58-42_000339,2019-09-16-12-58-42,000339,train,range_angle,images/2019-09-16-12-58-42/000339.png,labels/2019-09-16-12-58-42/000339.txt
2019-09-16-12-58-42_000340,2019-09-16-12-58-42,000340,train,range_angle,images/2019-09-16-12-58-42/000340.png,labels/2019-09-16-12-58-42/000340.txt
2019-09-16-12-58-42_000341,2019-09-16-12-58-42,000341,train,range_angle,images/2019-09-16-12-58-42/000341.png,labels/2019-09-16-12-58-42/000341.txt
2019-09-16-12-58-42_000342,2019-09-16-12-58-42,000342,train,range_angle,images/2019-09-16-12-58-42/000342.png,labels/2019-09-16-12-58-42/000342.txt
2019-09-16-12-58-42_000343,2019-09-16-12-58-42,000343,train,range_angle,images/2019-09-16-12-58-42/000343.png,labels/2019-09-16-12-58-42/000343.txt
2019-09-16-12-58-42_000344,2019-09-16-12-58-42,000344,train,range_angle,images/2019-09-16-12-58-42/000344.png,labels/2019-09-16-12-58-42/000344.txt
2019-09-16-12-58-42_000345,2019-09-16-12-58-42,000345,train,range_angle,images/2019-09-16-12-58-42/000345.png,labels/2019-09-16-12-58-42/000345.txt
2019-09-16-12-58-42_000346,2019-09-16-12-58-42,000346,train,range_angle,images/2019-09-16-12-58-42/000346.png,labels/2019-09-16-12-58-42/000346.txt
2019-09-16-12-58-42_000347,2019-09-16-12-58-42,000347,train,range_angle,images/2019-09-16-12-58-42/000347.png,labels/2019-09-16-12-58-42/000347.txt
2019-09-16-12-58-42_000348,2019-09-16-12-58-42,000348,train,range_angle,images/2019-09-16-12-58-42/000348.png,labels/2019-09-16-12-58-42/000348.txt
2019-09-16-12-58-42_000349,2019-09-16-12-58-42,000349,train,range_angle,images/2019-09-16-12-58-42/000349.png,labels/2019-09-16-12-58-42/000349.txt
2019-09-16-12-58-42_000350,2019-09-16-12-58-42,000350,train,range_angle,images/2019-09-16-12-58-42/000350.png,labels/2019-09-16-12-58-42/000350.txt
2019-09-16-12-58-42_000351,2019-09-16-12-58-42,000351,train,range_angle,images/2019-09-16-12-58-42/000351.png,labels/2019-09-16-12-58-42/000351.txt
2019-09-16-12-58-42_000352,2019-09-16-12-58-42,000352,train,range_angle,images/2019-09-16-12-58-42/000352.png,labels/2019-09-16-12-58-42/000352.txt
2019-09-16-12-58-42_000353,2019-09-16-12-58-42,000353,train,range_angle,images/2019-09-16-12-58-42/000353.png,labels/2019-09-16-12-58-42/000353.txt
2019-09-16-12-58-42_000354,2019-09-16-12-58-42,000354,train,range_angle,images/2019-09-16-12-58-42/000354.png,labels/2019-09-16-12-58-42/000354.txt
2019-09-16-12-58-42_000355,2019-09-16-12-58-42,000355,train,range_angle,images/2019-09-16-12-58-42/000355.png,labels/2019-09-16-12-58-42/000355.txt
2019-09-16-12-58-42_000356,2019-09-16-12-58-42,000356,train,range_angle,images/2019-09-16-12-58-42/000356.png,labels/2019-09-16-12-58-42/000356.txt
2019-09-16-12-58-42_000357,2019-09-16-12-58-42,000357,train,range_angle,images/2019-09-16-12-58-42/000357.png,labels/2019-09-16-12-58-42/000357.txt
2019-09-16-12-58-42_000358,2019-09-16-12-58-42,000358,train,range_angle,images/2019-09-16-12-58-42/000358.png,labels/2019-09-16-12-58-42/000358.txt
2019-09-16-12-58-42_000359,2019-09-16-12-58-42,000359,train,range_angle,images/2019-09-16-12-58-42/000359.png,labels/2019-09-16-12-58-42/000359.txt
2019-09-16-12-58-42_000360,2019-09-16-12-58-42,000360,train,range_angle,images/2019-09-16-12-58-42/000360.png,labels/2019-09-16-12-58-42/000360.txt
2019-09-16-12-58-42_000361,2019-09-16-12-58-42,000361,train,range_angle,images/2019-09-16-12-58-42/000361.png,labels/2019-09-16-12-58-42/000361.txt
2019-09-16-12-58-42_000362,2019-09-16-12-58-42,000362,train,range_angle,images/2019-09-16-12-58-42/000362.png,labels/2019-09-16-12-58-42/000362.txt
2019-09-16-12-58-42_000363,2019-09-16-12-58-42,000363,train,range_angle,images/2019-09-16-12-58-42/000363.png,labels/2019-09-16-12-58-42/000363.txt
2019-09-16-12-58-42_000364,2019-09-16-12-58-42,000364,train,range_angle,images/2019-09-16-12-58-42/000364.png,labels/2019-09-16-12-58-42/000364.txt
2019-09-16-12-58-42_000365,2019-09-16-12-58-42,000365,train,range_angle,images/2019-09-16-12-58-42/000365.png,labels/2019-09-16-12-58-42/000365.txt
2019-09-16-12-58-42_000366,2019-09-16-12-58-42,000366,train,range_angle,images/2019-09-16-12-58-42/000366.png,labels/2019-09-16-12-58-42/000366.txt
2019-09-16-12-58-42_000367,2019-09-16-12-58-42,000367,train,range_angle,images/2019-09-16-12-58-42/000367.png,labels/2019-09-16-12-58-42/000367.txt
2019-09-16-12-58-42_000368,2019-09-16-12-58-42,000368,train,range_angle,images/2019-09-16-12-58-42/000368.png,labels/2019-09-16-12-58-42/000368.txt
2019-09-16-12-58-42_000369,2019-09-16-12-58-42,000369,train,range_angle,images/2019-09-16-12-58-42/000369.png,labels/2019-09-16-12-58-42/000369.txt
2019-09-16-12-58-42_000370,2019-09-16-12-58-42,000370,train,range_angle,images/2019-09-16-12-58-42/000370.png,labels/2019-09-16-12-58-42/000370.txt
2019-09-16-12-58-42_000371,2019-09-16-12-58-42,000371,train,range_angle,images/2019-09-16-12-58-42/000371.png,labels/2019-09-16-12-58-42/000371.txt
2019-09-16-12-58-42_000372,2019-09-16-12-58-42,000372,train,range_angle,images/2019-09-16-12-58-42/000372.png,labels/2019-09-16-12-58-42/000372.txt
2019-09-16-12-58-42_000373,2019-09-16-12-58-42,000373,train,range_angle,images/2019-09-16-12-58-42/000373.png,labels/2019-09-16-12-58-42/000373.txt
2019-09-16-12-58-42_000374,2019-09-16-12-58-42,000374,train,range_angle,images/2019-09-16-12-58-42/000374.png,labels/2019-09-16-12-58-42/000374.txt
2019-09-16-12-58-42_000375,2019-09-16-12-58-42,000375,train,range_angle,images/2019-09-16-12-58-42/000375.png,labels/2019-09-16-12-58-42/000375.txt
2019-09-16-12-58-42_000376,2019-09-16-12-58-42,000376,train,range_angle,images/2019-09-16-12-58-42/000376.png,labels/2019-09-16-12-58-42/000376.txt
2019-09-16-12-58-42_000377,2019-09-16-12-58-42,000377,train,range_angle,images/2019-09-16-12-58-42/000377.png,labels/2019-09-16-12-58-42/000377.txt
2019-09-16-12-58-42_000378,2019-09-16-12-58-42,000378,train,range_angle,images/2019-09-16-12-58-42/000378.png,labels/2019-09-16-12-58-42/000378.txt
2019-09-16-12-58-42_000379,2019-09-16-12-58-42,000379,train,range_angle,images/2019-09-16-12-58-42/000379.png,labels/2019-09-16-12-58-42/000379.txt
2019-09-16-12-58-42_000380,2019-09-16-12-58-42,000380,train,range_angle,images/2019-09-16-12-58-42/000380.png,labels/2019-09-16-12-58-42/000380.txt
2019-09-16-12-58-42_000381,2019-09-16-12-58-42,000381,train,range_angle,images/2019-09-16-12-58-42/000381.png,labels/2019-09-16-12-58-42/000381.txt
2019-09-16-12-58-42_000382,2019-09-16-12-58-42,000382,train,range_angle,images/2019-09-16-12-58-42/000382.png,labels/2019-09-16-12-58-42/000382.txt
2019-09-16-12-58-42_000383,2019-09-16-12-58-42,000383,train,range_angle,images/2019-09-16-12-58-42/000383.png,labels/2019-09-16-12-58-42/000383.txt
2019-09-16-12-58-42_000384,2019-09-16-12-58-42,000384,train,range_angle,images/2019-09-16-12-58-42/000384.png,labels/2019-09-16-12-58-42/000384.txt
2019-09-16-12-58-42_000385,2019-09-16-12-58-42,000385,train,range_angle,images/2019-09-16-12-58-42/000385.png,labels/2019-09-16-12-58-42/000385.txt
2019-09-16-12-58-42_000386,2019-09-16-12-58-42,000386,train,range_angle,images/2019-09-16-12-58-42/000386.png,labels/2019-09-16-12-58-42/000386.txt
2019-09-16-12-58-42_000387,2019-09-16-12-58-42,000387,train,range_angle,images/2019-09-16-12-58-42/000387.png,labels/2019-09-16-12-58-42/000387.txt
2019-09-16-12-58-42_000388,2019-09-16-12-58-42,000388,train,range_angle,images/2019-09-16-12-58-42/000388.png,labels/2019-09-16-12-58-42/000388.txt
2019-09-16-12-58-42_000389,2019-09-16-12-58-42,000389,train,range_angle,images/2019-09-16-12-58-42/000389.png,labels/2019-09-16-12-58-42/000389.txt
2019-09-16-12-58-42_000390,2019-09-16-12-58-42,000390,train,range_angle,images/2019-09-16-12-58-42/000390.png,labels/2019-09-16-12-58-42/000390.txt
2019-09-16-12-58-42_000391,2019-09-16-12-58-42,000391,train,range_angle,images/2019-09-16-12-58-42/000391.png,labels/2019-09-16-12-58-42/000391.txt
2019-09-16-12-58-42_000392,2019-09-16-12-58-42,000392,train,range_angle,images/2019-09-16-12-58-42/000392.png,labels/2019-09-16-12-58-42/000392.txt
2019-09-16-12-58-42_000393,2019-09-16-12-58-42,000393,train,range_angle,images/2019-09-16-12-58-42/000393.png,labels/2019-09-16-12-58-42/000393.txt
2019-09-16-12-58-42_000394,2019-09-16-12-58-42,000394,train,range_angle,images/2019-09-16-12-58-42/000394.png,labels/2019-09-16-12-58-42/000394.txt
2019-09-16-12-58-42_000395,2019-09-16-12-58-42,000395,train,range_angle,images/2019-09-16-12-58-42/000395.png,labels/2019-09-16-12-58-42/000395.txt
2019-09-16-12-58-42_000396,2019-09-16-12-58-42,000396,train,range_angle,images/2019-09-16-12-58-42/000396.png,labels/2019-09-16-12-58-42/000396.txt
2019-09-16-12-58-42_000397,2019-09-16-12-58-42,000397,train,range_angle,images/2019-09-16-12-58-42/000397.png,labels/2019-09-16-12-58-42/000397.txt
2019-09-16-12-58-42_000398,2019-09-16-12-58-42,000398,train,range_angle,images/2019-09-16-12-58-42/000398.png,labels/2019-09-16-12-58-42/000398.txt
2019-09-16-12-58-42_000399,2019-09-16-12-58-42,000399,train,range_angle,images/2019-09-16-12-58-42/000399.png,labels/2019-09-16-12-58-42/000399.txt
2019-09-16-12-58-42_000400,2019-09-16-12-58-42,000400,train,range_angle,images/2019-09-16-12-58-42/000400.png,labels/2019-09-16-12-58-42/000400.txt
2019-09-16-12-58-42_000401,2019-09-16-12-58-42,000401,train,range_angle,images/2019-09-16-12-58-42/000401.png,labels/2019-09-16-12-58-42/000401.txt
2019-09-16-12-58-42_000402,2019-09-16-12-58-42,000402,train,range_angle,images/2019-09-16-12-58-42/000402.png,labels/2019-09-16-12-58-42/000402.txt
2019-09-16-12-58-42_000403,2019-09-16-12-58-42,000403,train,range_angle,images/2019-09-16-12-58-42/000403.png,labels/2019-09-16-12-58-42/000403.txt
2019-09-16-12-58-42_000404,2019-09-16-12-58-42,000404,train,range_angle,images/2019-09-16-12-58-42/000404.png,labels/2019-09-16-12-58-42/000404.txt
2019-09-16-12-58-42_000405,2019-09-16-12-58-42,000405,train,range_angle,images/2019-09-16-12-58-42/000405.png,labels/2019-09-16-12-58-42/000405.txt
2019-09-16-12-58-42_000406,2019-09-16-12-58-42,000406,train,range_angle,images/2019-09-16-12-58-42/000406.png,labels/2019-09-16-12-58-42/000406.txt
2019-09-16-12-58-42_000407,2019-09-16-12-58-42,000407,train,range_angle,images/2019-09-16-12-58-42/000407.png,labels/2019-09-16-12-58-42/000407.txt
2019-09-16-12-58-42_000408,2019-09-16-12-58-42,000408,train,range_angle,images/2019-09-16-12-58-42/000408.png,labels/2019-09-16-12-58-42/000408.txt
2019-09-16-12-58-42_000409,2019-09-16-12-58-42,000409,train,range_angle,images/2019-09-16-12-58-42/000409.png,labels/2019-09-16-12-58-42/000409.txt
2019-09-16-12-58-42_000410,2019-09-16-12-58-42,000410,train,range_angle,images/2019-09-16-12-58-42/000410.png,labels/2019-09-16-12-58-42/000410.txt
2019-09-16-12-58-42_000411,2019-09-16-12-58-42,000411,train,range_angle,images/2019-09-16-12-58-42/000411.png,labels/2019-09-16-12-58-42/000411.txt
2019-09-16-12-58-42_000412,2019-09-16-12-58-42,000412,train,range_angle,images/2019-09-16-12-58-42/000412.png,labels/2019-09-16-12-58-42/000412.txt
2019-09-16-12-58-42_000413,2019-09-16-12-58-42,000413,train,range_angle,images/2019-09-16-12-58-42/000413.png,labels/2019-09-16-12-58-42/000413.txt
2019-09-16-12-58-42_000414,2019-09-16-12-58-42,000414,train,range_angle,images/2019-09-16-12-58-42/000414.png,labels/2019-09-16-12-58-42/000414.txt
2019-09-16-12-58-42_000415,2019-09-16-12-58-42,000415,train,range_angle,images/2019-09-16-12-58-42/000415.png,labels/2019-09-16-12-58-42/000415.txt
2019-09-16-12-58-42_000416,2019-09-16-12-58-42,000416,train,range_angle,images/2019-09-16-12-58-42/000416.png,labels/2019-09-16-12-58-42/000416.txt
2019-09-16-12-58-42_000417,2019-09-16-12-58-42,000417,train,range_angle,images/2019-09-16-12-58-42/000417.png,labels/2019-09-16-12-58-42/000417.txt
2019-09-16-12-58-42_000418,2019-09-16-12-58-42,000418,train,range_angle,images/2019-09-16-12-58-42/000418.png,labels/2019-09-16-12-58-42/000418.txt
2019-09-16-12-58-42_000419,2019-09-16-12-58-42,000419,train,range_angle,images/2019-09-16-12-58-42/000419.png,labels/2019-09-16-12-58-42/000419.txt
2019-09-16-12-58-42_000420,2019-09-16-12-58-42,000420,train,range_angle,images/2019-09-16-12-58-42/000420.png,labels/2019-09-16-12-58-42/000420.txt
2019-09-16-12-58-42_000421,2019-09-16-12-58-42,000421,train,range_angle,images/2019-09-16-12-58-42/000421.png,labels/2019-09-16-12-58-42/000421.txt
2019-09-16-12-58-42_000422,2019-09-16-12-58-42,000422,train,range_angle,images/2019-09-16-12-58-42/000422.png,labels/2019-09-16-12-58-42/000422.txt
2019-09-16-12-58-42_000423,2019-09-16-12-58-42,000423,train,range_angle,images/2019-09-16-12-58-42/000423.png,labels/2019-09-16-12-58-42/000423.txt
2019-09-16-12-58-42_000424,2019-09-16-12-58-42,000424,train,range_angle,images/2019-09-16-12-58-42/000424.png,labels/2019-09-16-12-58-42/000424.txt
2019-09-16-12-58-42_000425,2019-09-16-12-58-42,000425,train,range_angle,images/2019-09-16-12-58-42/000425.png,labels/2019-09-16-12-58-42/000425.txt
2019-09-16-12-58-42_000426,2019-09-16-12-58-42,000426,train,range_angle,images/2019-09-16-12-58-42/000426.png,labels/2019-09-16-12-58-42/000426.txt
2019-09-16-12-58-42_000427,2019-09-16-12-58-42,000427,train,range_angle,images/2019-09-16-12-58-42/000427.png,labels/2019-09-16-12-58-42/000427.txt
2019-09-16-12-58-42_000428,2019-09-16-12-58-42,000428,train,range_angle,images/2019-09-16-12-58-42/000428.png,labels/2019-09-16-12-58-42/000428.txt
2019-09-16-12-58-42_000429,2019-09-16-12-58-42,000429,train,range_angle,images/2019-09-16-12-58-42/000429.png,labels/2019-09-16-12-58-42/000429.txt
2019-09-16-12-58-42_000430,2019-09-16-12-58-42,000430,train,range_angle,images/2019-09-16-12-58-42/000430.png,labels/2019-09-16-12-58-42/000430.txt
2019-09-16-12-58-42_000431,2019-09-16-12-58-42,000431,train,range_angle,images/2019-09-16-12-58-42/000431.png,labels/2019-09-16-12-58-42/000431.txt
2019-09-16-12-58-42_000432,2019-09-16-12-58-42,000432,train,range_angle,images/2019-09-16-12-58-42/000432.png,labels/2019-09-16-12-58-42/000432.txt
2019-09-16-12-58-42_000433,2019-09-16-12-58-42,000433,train,range_angle,images/2019-09-16-12-58-42/000433.png,labels/2019-09-16-12-58-42/000433.txt
2019-09-16-12-58-42_000434,2019-09-16-12-58-42,000434,train,range_angle,images/2019-09-16-12-58-42/000434.png,labels/2019-09-16-12-58-42/000434.txt
2019-09-16-12-58-42_000435,2019-09-16-12-58-42,000435,train,range_angle,images/2019-09-16-12-58-42/000435.png,labels/2019-09-16-12-58-42/000435.txt
2019-09-16-12-58-42_000436,2019-09-16-12-58-42,000436,train,range_angle,images/2019-09-16-12-58-42/000436.png,labels/2019-09-16-12-58-42/000436.txt
2019-09-16-12-58-42_000437,2019-09-16-12-58-42,000437,train,range_angle,images/2019-09-16-12-58-42/000437.png,labels/2019-09-16-12-58-42/000437.txt
2019-09-16-12-58-42_000438,2019-09-16-12-58-42,000438,train,range_angle,images/2019-09-16-12-58-42/000438.png,labels/2019-09-16-12-58-42/000438.txt
2019-09-16-12-58-42_000439,2019-09-16-12-58-42,000439,train,range_angle,images/2019-09-16-12-58-42/000439.png,labels/2019-09-16-12-58-42/000439.txt
2019-09-16-12-58-42_000440,2019-09-16-12-58-42,000440,train,range_angle,images/2019-09-16-12-58-42/000440.png,labels/2019-09-16-12-58-42/000440.txt
2019-09-16-12-58-42_000441,2019-09-16-12-58-42,000441,train,range_angle,images/2019-09-16-12-58-42/000441.png,labels/2019-09-16-12-58-42/000441.txt
2019-09-16-12-58-42_000442,2019-09-16-12-58-42,000442,train,range_angle,images/2019-09-16-12-58-42/000442.png,labels/2019-09-16-12-58-42/000442.txt
2019-09-16-12-58-42_000443,2019-09-16-12-58-42,000443,train,range_angle,images/2019-09-16-12-58-42/000443.png,labels/2019-09-16-12-58-42/000443.txt
2019-09-16-12-58-42_000444,2019-09-16-12-58-42,000444,train,range_angle,images/2019-09-16-12-58-42/000444.png,labels/2019-09-16-12-58-42/000444.txt
2019-09-16-12-58-42_000445,2019-09-16-12-58-42,000445,train,range_angle,images/2019-09-16-12-58-42/000445.png,labels/2019-09-16-12-58-42/000445.txt
2019-09-16-12-58-42_000446,2019-09-16-12-58-42,000446,train,range_angle,images/2019-09-16-12-58-42/000446.png,labels/2019-09-16-12-58-42/000446.txt
2019-09-16-12-58-42_000447,2019-09-16-12-58-42,000447,train,range_angle,images/2019-09-16-12-58-42/000447.png,labels/2019-09-16-12-58-42/000447.txt
2019-09-16-12-58-42_000448,2019-09-16-12-58-42,000448,train,range_angle,images/2019-09-16-12-58-42/000448.png,labels/2019-09-16-12-58-42/000448.txt
2019-09-16-12-58-42_000449,2019-09-16-12-58-42,000449,train,range_angle,images/2019-09-16-12-58-42/000449.png,labels/2019-09-16-12-58-42/000449.txt
2019-09-16-12-58-42_000450,2019-09-16-12-58-42,000450,train,range_angle,images/2019-09-16-12-58-42/000450.png,labels/2019-09-16-12-58-42/000450.txt
2019-09-16-12-58-42_000451,2019-09-16-12-58-42,000451,train,range_angle,images/2019-09-16-12-58-42/000451.png,labels/2019-09-16-12-58-42/000451.txt
2019-09-16-12-58-42_000452,2019-09-16-12-58-42,000452,train,range_angle,images/2019-09-16-12-58-42/000452.png,labels/2019-09-16-12-58-42/000452.txt
2019-09-16-12-58-42_000453,2019-09-16-12-58-42,000453,train,range_angle,images/2019-09-16-12-58-42/000453.png,labels/2019-09-16-12-58-42/000453.txt
2019-09-16-12-58-42_000454,2019-09-16-12-58-42,000454,train,range_angle,images/2019-09-16-12-58-42/000454.png,labels/2019-09-16-12-58-42/000454.txt
2019-09-16-12-58-42_000455,2019-09-16-12-58-42,000455,train,range_angle,images/2019-09-16-12-58-42/000455.png,labels/2019-09-16-12-58-42/000455.txt
2019-09-16-12-58-42_000456,2019-09-16-12-58-42,000456,train,range_angle,images/2019-09-16-12-58-42/000456.png,labels/2019-09-16-12-58-42/000456.txt
2019-09-16-12-58-42_000457,2019-09-16-12-58-42,000457,train,range_angle,images/2019-09-16-12-58-42/000457.png,labels/2019-09-16-12-58-42/000457.txt
2019-09-16-12-58-42_000458,2019-09-16-12-58-42,000458,train,range_angle,images/2019-09-16-12-58-42/000458.png,labels/2019-09-16-12-58-42/000458.txt
2019-09-16-12-58-42_000459,2019-09-16-12-58-42,000459,train,range_angle,images/2019-09-16-12-58-42/000459.png,labels/2019-09-16-12-58-42/000459.txt
2019-09-16-12-58-42_000460,2019-09-16-12-58-42,000460,train,range_angle,images/2019-09-16-12-58-42/000460.png,labels/2019-09-16-12-58-42/000460.txt
2019-09-16-12-58-42_000461,2019-09-16-12-58-42,000461,train,range_angle,images/2019-09-16-12-58-42/000461.png,labels/2019-09-16-12-58-42/000461.txt
2019-09-16-12-58-42_000462,2019-09-16-12-58-42,000462,train,range_angle,images/2019-09-16-12-58-42/000462.png,labels/2019-09-16-12-58-42/000462.txt
2019-09-16-12-58-42_000463,2019-09-16-12-58-42,000463,train,range_angle,images/2019-09-16-12-58-42/000463.png,labels/2019-09-16-12-58-42/000463.txt
2019-09-16-12-58-42_000464,2019-09-16-12-58-42,000464,train,range_angle,images/2019-09-16-12-58-42/000464.png,labels/2019-09-16-12-58-42/000464.txt
2019-09-16-12-58-42_000465,2019-09-16-12-58-42,000465,train,range_angle,images/2019-09-16-12-58-42/000465.png,labels/2019-09-16-12-58-42/000465.txt
2019-09-16-12-58-42_000466,2019-09-16-12-58-42,000466,train,range_angle,images/2019-09-16-12-58-42/000466.png,labels/2019-09-16-12-58-42/000466.txt
2019-09-16-12-58-42_000467,2019-09-16-12-58-42,000467,train,range_angle,images/2019-09-16-12-58-42/000467.png,labels/2019-09-16-12-58-42/000467.txt
2019-09-16-12-58-42_000468,2019-09-16-12-58-42,000468,train,range_angle,images/2019-09-16-12-58-42/000468.png,labels/2019-09-16-12-58-42/000468.txt
2019-09-16-12-58-42_000469,2019-09-16-12-58-42,000469,train,range_angle,images/2019-09-16-12-58-42/000469.png,labels/2019-09-16-12-58-42/000469.txt
2019-09-16-12-58-42_000470,2019-09-16-12-58-42,000470,train,range_angle,images/2019-09-16-12-58-42/000470.png,labels/2019-09-16-12-58-42/000470.txt
2019-09-16-12-58-42_000471,2019-09-16-12-58-42,000471,train,range_angle,images/2019-09-16-12-58-42/000471.png,labels/2019-09-16-12-58-42/000471.txt
2019-09-16-12-58-42_000472,2019-09-16-12-58-42,000472,train,range_angle,images/2019-09-16-12-58-42/000472.png,labels/2019-09-16-12-58-42/000472.txt
2019-09-16-12-58-42_000473,2019-09-16-12-58-42,000473,train,range_angle,images/2019-09-16-12-58-42/000473.png,labels/2019-09-16-12-58-42/000473.txt
2019-09-16-12-58-42_000474,2019-09-16-12-58-42,000474,train,range_angle,images/2019-09-16-12-58-42/000474.png,labels/2019-09-16-12-58-42/000474.txt
2019-09-16-12-58-42_000475,2019-09-16-12-58-42,000475,train,range_angle,images/2019-09-16-12-58-42/000475.png,labels/2019-09-16-12-58-42/000475.txt
2019-09-16-12-58-42_000476,2019-09-16-12-58-42,000476,train,range_angle,images/2019-09-16-12-58-42/000476.png,labels/2019-09-16-12-58-42/000476.txt
2019-09-16-12-58-42_000477,2019-09-16-12-58-42,000477,train,range_angle,images/2019-09-16-12-58-42/000477.png,labels/2019-09-16-12-58-42/000477.txt
2019-09-16-12-58-42_000478,2019-09-16-12-58-42,000478,train,range_angle,images/2019-09-16-12-58-42/000478.png,labels/2019-09-16-12-58-42/000478.txt
2019-09-16-12-58-42_000479,2019-09-16-12-58-42,000479,train,range_angle,images/2019-09-16-12-58-42/000479.png,labels/2019-09-16-12-58-42/000479.txt
2019-09-16-12-58-42_000480,2019-09-16-12-58-42,000480,train,range_angle,images/2019-09-16-12-58-42/000480.png,labels/2019-09-16-12-58-42/000480.txt
2019-09-16-12-58-42_000481,2019-09-16-12-58-42,000481,train,range_angle,images/2019-09-16-12-58-42/000481.png,labels/2019-09-16-12-58-42/000481.txt
2019-09-16-12-58-42_000482,2019-09-16-12-58-42,000482,train,range_angle,images/2019-09-16-12-58-42/000482.png,labels/2019-09-16-12-58-42/000482.txt
2019-09-16-12-58-42_000483,2019-09-16-12-58-42,000483,train,range_angle,images/2019-09-16-12-58-42/000483.png,labels/2019-09-16-12-58-42/000483.txt
2019-09-16-12-58-42_000484,2019-09-16-12-58-42,000484,train,range_angle,images/2019-09-16-12-58-42/000484.png,labels/2019-09-16-12-58-42/000484.txt
2019-09-16-12-58-42_000485,2019-09-16-12-58-42,000485,train,range_angle,images/2019-09-16-12-58-42/000485.png,labels/2019-09-16-12-58-42/000485.txt
2019-09-16-12-58-42_000486,2019-09-16-12-58-42,000486,train,range_angle,images/2019-09-16-12-58-42/000486.png,labels/2019-09-16-12-58-42/000486.txt
2019-09-16-12-58-42_000487,2019-09-16-12-58-42,000487,train,range_angle,images/2019-09-16-12-58-42/000487.png,labels/2019-09-16-12-58-42/000487.txt
2019-09-16-12-58-42_000488,2019-09-16-12-58-42,000488,train,range_angle,images/2019-09-16-12-58-42/000488.png,labels/2019-09-16-12-58-42/000488.txt
2019-09-16-12-58-42_000489,2019-09-16-12-58-42,000489,train,range_angle,images/2019-09-16-12-58-42/000489.png,labels/2019-09-16-12-58-42/000489.txt
2019-09-16-12-58-42_000490,2019-09-16-12-58-42,000490,train,range_angle,images/2019-09-16-12-58-42/000490.png,labels/2019-09-16-12-58-42/000490.txt
2019-09-16-12-58-42_000491,2019-09-16-12-58-42,000491,train,range_angle,images/2019-09-16-12-58-42/000491.png,labels/2019-09-16-12-58-42/000491.txt
2019-09-16-12-58-42_000492,2019-09-16-12-58-42,000492,train,range_angle,images/2019-09-16-12-58-42/000492.png,labels/2019-09-16-12-58-42/000492.txt
2019-09-16-12-58-42_000493,2019-09-16-12-58-42,000493,train,range_angle,images/2019-09-16-12-58-42/000493.png,labels/2019-09-16-12-58-42/000493.txt
2019-09-16-12-58-42_000494,2019-09-16-12-58-42,000494,train,range_angle,images/2019-09-16-12-58-42/000494.png,labels/2019-09-16-12-58-42/000494.txt
2019-09-16-12-58-42_000495,2019-09-16-12-58-42,000495,train,range_angle,images/2019-09-16-12-58-42/000495.png,labels/2019-09-16-12-58-42/000495.txt
2019-09-16-12-58-42_000496,2019-09-16-12-58-42,000496,train,range_angle,images/2019-09-16-12-58-42/000496.png,labels/2019-09-16-12-58-42/000496.txt
2019-09-16-12-58-42_000497,2019-09-16-12-58-42,000497,train,range_angle,images/2019-09-16-12-58-42/000497.png,labels/2019-09-16-12-58-42/000497.txt
2019-09-16-12-58-42_000498,2019-09-16-12-58-42,000498,train,range_angle,images/2019-09-16-12-58-42/000498.png,labels/2019-09-16-12-58-42/000498.txt
2019-09-16-12-58-42_000499,2019-09-16-12-58-42,000499,train,range_angle,images/2019-09-16-12-58-42/000499.png,labels/2019-09-16-12-58-42/000499.txt
2019-09-16-12-58-42_000500,2019-09-16-12-58-42,000500,train,range_angle,images/2019-09-16-12-58-42/000500.png,labels/2019-09-16-12-58-42/000500.txt
2019-09-16-12-58-42_000501,2019-09-16-12-58-42,000501,train,range_angle,images/2019-09-16-12-58-42/000501.png,labels/2019-09-16-12-58-42/000501.txt
2019-09-16-12-58-42_000502,2019-09-16-12-58-42,000502,train,range_angle,images/2019-09-16-12-58-42/000502.png,labels/2019-09-16-12-58-42/000502.txt
2019-09-16-12-58-42_000503,2019-09-16-12-58-42,000503,train,range_angle,images/2019-09-16-12-58-42/000503.png,labels/2019-09-16-12-58-42/000503.txt
2019-09-16-12-58-42_000504,2019-09-16-12-58-42,000504,train,range_angle,images/2019-09-16-12-58-42/000504.png,labels/2019-09-16-12-58-42/000504.txt
2019-09-16-12-58-42_000505,2019-09-16-12-58-42,000505,train,range_angle,images/2019-09-16-12-58-42/000505.png,labels/2019-09-16-12-58-42/000505.txt
2019-09-16-12-58-42_000506,2019-09-16-12-58-42,000506,train,range_angle,images/2019-09-16-12-58-42/000506.png,labels/2019-09-16-12-58-42/000506.txt
2019-09-16-12-58-42_000507,2019-09-16-12-58-42,000507,train,range_angle,images/2019-09-16-12-58-42/000507.png,labels/2019-09-16-12-58-42/000507.txt
2019-09-16-12-58-42_000508,2019-09-16-12-58-42,000508,train,range_angle,images/2019-09-16-12-58-42/000508.png,labels/2019-09-16-12-58-42/000508.txt
2019-09-16-12-58-42_000509,2019-09-16-12-58-42,000509,train,range_angle,images/2019-09-16-12-58-42/000509.png,labels/2019-09-16-12-58-42/000509.txt
2019-09-16-12-58-42_000510,2019-09-16-12-58-42,000510,train,range_angle,images/2019-09-16-12-58-42/000510.png,labels/2019-09-16-12-58-42/000510.txt
2019-09-16-12-58-42_000511,2019-09-16-12-58-42,000511,train,range_angle,images/2019-09-16-12-58-42/000511.png,labels/2019-09-16-12-58-42/000511.txt
2019-09-16-12-58-42_000512,2019-09-16-12-58-42,000512,train,range_angle,images/2019-09-16-12-58-42/000512.png,labels/2019-09-16-12-58-42/000512.txt
2019-09-16-12-58-42_000513,2019-09-16-12-58-42,000513,train,range_angle,images/2019-09-16-12-58-42/000513.png,labels/2019-09-16-12-58-42/000513.txt
2019-09-16-12-58-42_000514,2019-09-16-12-58-42,000514,train,range_angle,images/2019-09-16-12-58-42/000514.png,labels/2019-09-16-12-58-42/000514.txt
2019-09-16-12-58-42_000515,2019-09-16-12-58-42,000515,train,range_angle,images/2019-09-16-12-58-42/000515.png,labels/2019-09-16-12-58-42/000515.txt
2019-09-16-12-58-42_000516,2019-09-16-12-58-42,000516,train,range_angle,images/2019-09-16-12-58-42/000516.png,labels/2019-09-16-12-58-42/000516.txt
2019-09-16-12-58-42_000517,2019-09-16-12-58-42,000517,train,range_angle,images/2019-09-16-12-58-42/000517.png,labels/2019-09-16-12-58-42/000517.txt
2019-09-16-12-58-42_000518,2019-09-16-12-58-42,000518,train,range_angle,images/2019-09-16-12-58-42/000518.png,labels/2019-09-16-12-58-42/000518.txt
2019-09-16-12-58-42_000519,2019-09-16-12-58-42,000519,train,range_angle,images/2019-09-16-12-58-42/000519.png,labels/2019-09-16-12-58-42/000519.txt
2019-09-16-12-58-42_000520,2019-09-16-12-58-42,000520,train,range_angle,images/2019-09-16-12-58-42/000520.png,labels/2019-09-16-12-58-42/000520.txt
2019-09-16-12-58-42_000521,2019-09-16-12-58-42,000521,train,range_angle,images/2019-09-16-12-58-42/000521.png,labels/2019-09-16-12-58-42/000521.txt
2019-09-16-12-58-42_000522,2019-09-16-12-58-42,000522,train,range_angle,images/2019-09-16-12-58-42/000522.png,labels/2019-09-16-12-58-42/000522.txt
2019-09-16-12-58-42_000523,2019-09-16-12-58-42,000523,train,range_angle,images/2019-09-16-12-58-42/000523.png,labels/2019-09-16-12-58-42/000523.txt
2019-09-16-12-58-42_000524,2019-09-16-12-58-42,000524,train,range_angle,images/2019-09-16-12-58-42/000524.png,labels/2019-09-16-12-58-42/000524.txt
2019-09-16-12-58-42_000525,2019-09-16-12-58-42,000525,train,range_angle,images/2019-09-16-12-58-42/000525.png,labels/2019-09-16-12-58-42/000525.txt
2019-09-16-12-58-42_000526,2019-09-16-12-58-42,000526,train,range_angle,images/2019-09-16-12-58-42/000526.png,labels/2019-09-16-12-58-42/000526.txt
2019-09-16-12-58-42_000527,2019-09-16-12-58-42,000527,train,range_angle,images/2019-09-16-12-58-42/000527.png,labels/2019-09-16-12-58-42/000527.txt
2019-09-16-12-58-42_000528,2019-09-16-12-58-42,000528,train,range_angle,images/2019-09-16-12-58-42/000528.png,labels/2019-09-16-12-58-42/000528.txt
2019-09-16-12-58-42_000529,2019-09-16-12-58-42,000529,train,range_angle,images/2019-09-16-12-58-42/000529.png,labels/2019-09-16-12-58-42/000529.txt
2019-09-16-12-58-42_000530,2019-09-16-12-58-42,000530,train,range_angle,images/2019-09-16-12-58-42/000530.png,labels/2019-09-16-12-58-42/000530.txt
2019-09-16-12-58-42_000531,2019-09-16-12-58-42,000531,train,range_angle,images/2019-09-16-12-58-42/000531.png,labels/2019-09-16-12-58-42/000531.txt
2019-09-16-12-58-42_000532,2019-09-16-12-58-42,000532,train,range_angle,images/2019-09-16-12-58-42/000532.png,labels/2019-09-16-12-58-42/000532.txt
2019-09-16-12-58-42_000533,2019-09-16-12-58-42,000533,train,range_angle,images/2019-09-16-12-58-42/000533.png,labels/2019-09-16-12-58-42/000533.txt
2019-09-16-12-58-42_000534,2019-09-16-12-58-42,000534,train,range_angle,images/2019-09-16-12-58-42/000534.png,labels/2019-09-16-12-58-42/000534.txt
2019-09-16-12-58-42_000535,2019-09-16-12-58-42,000535,train,range_angle,images/2019-09-16-12-58-42/000535.png,labels/2019-09-16-12-58-42/000535.txt
2019-09-16-12-58-42_000536,2019-09-16-12-58-42,000536,train,range_angle,images/2019-09-16-12-58-42/000536.png,labels/2019-09-16-12-58-42/000536.txt
2019-09-16-12-58-42_000537,2019-09-16-12-58-42,000537,train,range_angle,images/2019-09-16-12-58-42/000537.png,labels/2019-09-16-12-58-42/000537.txt
2019-09-16-12-58-42_000538,2019-09-16-12-58-42,000538,train,range_angle,images/2019-09-16-12-58-42/000538.png,labels/2019-09-16-12-58-42/000538.txt
2019-09-16-12-58-42_000539,2019-09-16-12-58-42,000539,train,range_angle,images/2019-09-16-12-58-42/000539.png,labels/2019-09-16-12-58-42/000539.txt
2019-09-16-12-58-42_000540,2019-09-16-12-58-42,000540,train,range_angle,images/2019-09-16-12-58-42/000540.png,labels/2019-09-16-12-58-42/000540.txt
2019-09-16-12-58-42_000541,2019-09-16-12-58-42,000541,train,range_angle,images/2019-09-16-12-58-42/000541.png,labels/2019-09-16-12-58-42/000541.txt
2019-09-16-12-58-42_000542,2019-09-16-12-58-42,000542,train,range_angle,images/2019-09-16-12-58-42/000542.png,labels/2019-09-16-12-58-42/000542.txt
2019-09-16-12-58-42_000543,2019-09-16-12-58-42,000543,train,range_angle,images/2019-09-16-12-58-42/000543.png,labels/2019-09-16-12-58-42/000543.txt
2019-09-16-12-58-42_000544,2019-09-16-12-58-42,000544,train,range_angle,images/2019-09-16-12-58-42/000544.png,labels/2019-09-16-12-58-42/000544.txt
2019-09-16-12-58-42_000545,2019-09-16-12-58-42,000545,train,range_angle,images/2019-09-16-12-58-42/000545.png,labels/2019-09-16-12-58-42/000545.txt
2019-09-16-12-58-42_000546,2019-09-16-12-58-42,000546,train,range_angle,images/2019-09-16-12-58-42/000546.png,labels/2019-09-16-12-58-42/000546.txt
2019-09-16-12-58-42_000547,2019-09-16-12-58-42,000547,train,range_angle,images/2019-09-16-12-58-42/000547.png,labels/2019-09-16-12-58-42/000547.txt
2019-09-16-12-58-42_000548,2019-09-16-12-58-42,000548,train,range_angle,images/2019-09-16-12-58-42/000548.png,labels/2019-09-16-12-58-42/000548.txt
2019-09-16-12-58-42_000549,2019-09-16-12-58-42,000549,train,range_angle,images/2019-09-16-12-58-42/000549.png,labels/2019-09-16-12-58-42/000549.txt
2019-09-16-12-58-42_000550,2019-09-16-12-58-42,000550,train,range_angle,images/2019-09-16-12-58-42/000550.png,labels/2019-09-16-12-58-42/000550.txt
2019-09-16-12-58-42_000551,2019-09-16-12-58-42,000551,train,range_angle,images/2019-09-16-12-58-42/000551.png,labels/2019-09-16-12-58-42/000551.txt
2019-09-16-12-58-42_000552,2019-09-16-12-58-42,000552,train,range_angle,images/2019-09-16-12-58-42/000552.png,labels/2019-09-16-12-58-42/000552.txt
2019-09-16-12-58-42_000553,2019-09-16-12-58-42,000553,train,range_angle,images/2019-09-16-12-58-42/000553.png,labels/2019-09-16-12-58-42/000553.txt
2019-09-16-12-58-42_000554,2019-09-16-12-58-42,000554,train,range_angle,images/2019-09-16-12-58-42/000554.png,labels/2019-09-16-12-58-42/000554.txt
2019-09-16-12-58-42_000555,2019-09-16-12-58-42,000555,train,range_angle,images/2019-09-16-12-58-42/000555.png,labels/2019-09-16-12-58-42/000555.txt
2019-09-16-12-58-42_000556,2019-09-16-12-58-42,000556,train,range_angle,images/2019-09-16-12-58-42/000556.png,labels/2019-09-16-12-58-42/000556.txt
2019-09-16-12-58-42_000557,2019-09-16-12-58-42,000557,train,range_angle,images/2019-09-16-12-58-42/000557.png,labels/2019-09-16-12-58-42/000557.txt
2019-09-16-12-58-42_000558,2019-09-16-12-58-42,000558,train,range_angle,images/2019-09-16-12-58-42/000558.png,labels/2019-09-16-12-58-42/000558.txt
2019-09-16-12-58-42_000559,2019-09-16-12-58-42,000559,train,range_angle,images/2019-09-16-12-58-42/000559.png,labels/2019-09-16-12-58-42/000559.txt
2019-09-16-12-58-42_000560,2019-09-16-12-58-42,000560,train,range_angle,images/2019-09-16-12-58-42/000560.png,labels/2019-09-16-12-58-42/000560.txt
2019-09-16-12-58-42_000561,2019-09-16-12-58-42,000561,train,range_angle,images/2019-09-16-12-58-42/000561.png,labels/2019-09-16-12-58-42/000561.txt
2019-09-16-12-58-42_000562,2019-09-16-12-58-42,000562,train,range_angle,images/2019-09-16-12-58-42/000562.png,labels/2019-09-16-12-58-42/000562.txt
2019-09-16-12-58-42_000563,2019-09-16-12-58-42,000563,train,range_angle,images/2019-09-16-12-58-42/000563.png,labels/2019-09-16-12-58-42/000563.txt
2019-09-16-12-58-42_000564,2019-09-16-12-58-42,000564,train,range_angle,images/2019-09-16-12-58-42/000564.png,labels/2019-09-16-12-58-42/000564.txt
2019-09-16-12-58-42_000565,2019-09-16-12-58-42,000565,train,range_angle,images/2019-09-16-12-58-42/000565.png,labels/2019-09-16-12-58-42/000565.txt
2019-09-16-12-58-42_000566,2019-09-16-12-58-42,000566,train,range_angle,images/2019-09-16-12-58-42/000566.png,labels/2019-09-16-12-58-42/000566.txt
2019-09-16-12-58-42_000567,2019-09-16-12-58-42,000567,train,range_angle,images/2019-09-16-12-58-42/000567.png,labels/2019-09-16-12-58-42/000567.txt
2019-09-16-12-58-42_000568,2019-09-16-12-58-42,000568,train,range_angle,images/2019-09-16-12-58-42/000568.png,labels/2019-09-16-12-58-42/000568.txt
2019-09-16-12-58-42_000569,2019-09-16-12-58-42,000569,train,range_angle,images/2019-09-16-12-58-42/000569.png,labels/2019-09-16-12-58-42/000569.txt
2019-09-16-12-58-42_000570,2019-09-16-12-58-42,000570,train,range_angle,images/2019-09-16-12-58-42/000570.png,labels/2019-09-16-12-58-42/000570.txt
2019-09-16-12-58-42_000571,2019-09-16-12-58-42,000571,train,range_angle,images/2019-09-16-12-58-42/000571.png,labels/2019-09-16-12-58-42/000571.txt
2019-09-16-12-58-42_000572,2019-09-16-12-58-42,000572,train,range_angle,images/2019-09-16-12-58-42/000572.png,labels/2019-09-16-12-58-42/000572.txt
2019-09-16-12-58-42_000573,2019-09-16-12-58-42,000573,train,range_angle,images/2019-09-16-12-58-42/000573.png,labels/2019-09-16-12-58-42/000573.txt
2019-09-16-12-58-42_000574,2019-09-16-12-58-42,000574,train,range_angle,images/2019-09-16-12-58-42/000574.png,labels/2019-09-16-12-58-42/000574.txt
2019-09-16-12-58-42_000575,2019-09-16-12-58-42,000575,train,range_angle,images/2019-09-16-12-58-42/000575.png,labels/2019-09-16-12-58-42/000575.txt
2019-09-16-12-58-42_000576,2019-09-16-12-58-42,000576,train,range_angle,images/2019-09-16-12-58-42/000576.png,labels/2019-09-16-12-58-42/000576.txt
2019-09-16-12-58-42_000577,2019-09-16-12-58-42,000577,train,range_angle,images/2019-09-16-12-58-42/000577.png,labels/2019-09-16-12-58-42/000577.txt
2019-09-16-12-58-42_000578,2019-09-16-12-58-42,000578,train,range_angle,images/2019-09-16-12-58-42/000578.png,labels/2019-09-16-12-58-42/000578.txt
2019-09-16-12-58-42_000579,2019-09-16-12-58-42,000579,train,range_angle,images/2019-09-16-12-58-42/000579.png,labels/2019-09-16-12-58-42/000579.txt
2019-09-16-12-58-42_000580,2019-09-16-12-58-42,000580,train,range_angle,images/2019-09-16-12-58-42/000580.png,labels/2019-09-16-12-58-42/000580.txt
2019-09-16-12-58-42_000581,2019-09-16-12-58-42,000581,train,range_angle,images/2019-09-16-12-58-42/000581.png,labels/2019-09-16-12-58-42/000581.txt
2019-09-16-12-58-42_000582,2019-09-16-12-58-42,000582,train,range_angle,images/2019-09-16-12-58-42/000582.png,labels/2019-09-16-12-58-42/000582.txt
2019-09-16-12-58-42_000583,2019-09-16-12-58-42,000583,train,range_angle,images/2019-09-16-12-58-42/000583.png,labels/2019-09-16-12-58-42/000583.txt
2019-09-16-12-58-42_000584,2019-09-16-12-58-42,000584,train,range_angle,images/2019-09-16-12-58-42/000584.png,labels/2019-09-16-12-58-42/000584.txt
2019-09-16-12-58-42_000585,2019-09-16-12-58-42,000585,train,range_angle,images/2019-09-16-12-58-42/000585.png,labels/2019-09-16-12-58-42/000585.txt
2019-09-16-12-58-42_000586,2019-09-16-12-58-42,000586,train,range_angle,images/2019-09-16-12-58-42/000586.png,labels/2019-09-16-12-58-42/000586.txt
2019-09-16-12-58-42_000587,2019-09-16-12-58-42,000587,train,range_angle,images/2019-09-16-12-58-42/000587.png,labels/2019-09-16-12-58-42/000587.txt
2019-09-16-12-58-42_000588,2019-09-16-12-58-42,000588,train,range_angle,images/2019-09-16-12-58-42/000588.png,labels/2019-09-16-12-58-42/000588.txt
2019-09-16-12-58-42_000589,2019-09-16-12-58-42,000589,train,range_angle,images/2019-09-16-12-58-42/000589.png,labels/2019-09-16-12-58-42/000589.txt
2019-09-16-12-58-42_000590,2019-09-16-12-58-42,000590,train,range_angle,images/2019-09-16-12-58-42/000590.png,labels/2019-09-16-12-58-42/000590.txt
2019-09-16-12-58-42_000591,2019-09-16-12-58-42,000591,train,range_angle,images/2019-09-16-12-58-42/000591.png,labels/2019-09-16-12-58-42/000591.txt
2019-09-16-12-58-42_000592,2019-09-16-12-58-42,000592,train,range_angle,images/2019-09-16-12-58-42/000592.png,labels/2019-09-16-12-58-42/000592.txt
2019-09-16-12-58-42_000593,2019-09-16-12-58-42,000593,train,range_angle,images/2019-09-16-12-58-42/000593.png,labels/2019-09-16-12-58-42/000593.txt
2019-09-16-12-58-42_000594,2019-09-16-12-58-42,000594,train,range_angle,images/2019-09-16-12-58-42/000594.png,labels/2019-09-16-12-58-42/000594.txt
2019-09-16-12-58-42_000595,2019-09-16-12-58-42,000595,train,range_angle,images/2019-09-16-12-58-42/000595.png,labels/2019-09-16-12-58-42/000595.txt
2019-09-16-12-58-42_000596,2019-09-16-12-58-42,000596,train,range_angle,images/2019-09-16-12-58-42/000596.png,labels/2019-09-16-12-58-42/000596.txt
2019-09-16-12-58-42_000597,2019-09-16-12-58-42,000597,train,range_angle,images/2019-09-16-12-58-42/000597.png,labels/2019-09-16-12-58-42/000597.txt
2019-09-16-12-58-42_000598,2019-09-16-12-58-42,000598,train,range_angle,images/2019-09-16-12-58-42/000598.png,labels/2019-09-16-12-58-42/000598.txt
2019-09-16-12-58-42_000599,2019-09-16-12-58-42,000599,train,range_angle,images/2019-09-16-12-58-42/000599.png,labels/2019-09-16-12-58-42/000599.txt
2019-09-16-12-58-42_000600,2019-09-16-12-58-42,000600,train,range_angle,images/2019-09-16-12-58-42/000600.png,labels/2019-09-16-12-58-42/000600.txt
2019-09-16-12-58-42_000601,2019-09-16-12-58-42,000601,train,range_angle,images/2019-09-16-12-58-42/000601.png,labels/2019-09-16-12-58-42/000601.txt
2019-09-16-12-58-42_000602,2019-09-16-12-58-42,000602,train,range_angle,images/2019-09-16-12-58-42/000602.png,labels/2019-09-16-12-58-42/000602.txt
2019-09-16-12-58-42_000603,2019-09-16-12-58-42,000603,train,range_angle,images/2019-09-16-12-58-42/000603.png,labels/2019-09-16-12-58-42/000603.txt
2019-09-16-12-58-42_000604,2019-09-16-12-58-42,000604,train,range_angle,images/2019-09-16-12-58-42/000604.png,labels/2019-09-16-12-58-42/000604.txt
2019-09-16-12-58-42_000605,2019-09-16-12-58-42,000605,train,range_angle,images/2019-09-16-12-58-42/000605.png,labels/2019-09-16-12-58-42/000605.txt
2019-09-16-12-58-42_000606,2019-09-16-12-58-42,000606,train,range_angle,images/2019-09-16-12-58-42/000606.png,labels/2019-09-16-12-58-42/000606.txt
2019-09-16-12-58-42_000607,2019-09-16-12-58-42,000607,train,range_angle,images/2019-09-16-12-58-42/000607.png,labels/2019-09-16-12-58-42/000607.txt
2019-09-16-12-58-42_000608,2019-09-16-12-58-42,000608,train,range_angle,images/2019-09-16-12-58-42/000608.png,labels/2019-09-16-12-58-42/000608.txt
2019-09-16-12-58-42_000609,2019-09-16-12-58-42,000609,train,range_angle,images/2019-09-16-12-58-42/000609.png,labels/2019-09-16-12-58-42/000609.txt
2019-09-16-12-58-42_000610,2019-09-16-12-58-42,000610,train,range_angle,images/2019-09-16-12-58-42/000610.png,labels/2019-09-16-12-58-42/000610.txt
2019-09-16-12-58-42_000611,2019-09-16-12-58-42,000611,train,range_angle,images/2019-09-16-12-58-42/000611.png,labels/2019-09-16-12-58-42/000611.txt
2019-09-16-12-58-42_000612,2019-09-16-12-58-42,000612,train,range_angle,images/2019-09-16-12-58-42/000612.png,labels/2019-09-16-12-58-42/000612.txt
2019-09-16-12-58-42_000613,2019-09-16-12-58-42,000613,train,range_angle,images/2019-09-16-12-58-42/000613.png,labels/2019-09-16-12-58-42/000613.txt
2019-09-16-12-58-42_000614,2019-09-16-12-58-42,000614,train,range_angle,images/2019-09-16-12-58-42/000614.png,labels/2019-09-16-12-58-42/000614.txt
2019-09-16-12-58-42_000615,2019-09-16-12-58-42,000615,train,range_angle,images/2019-09-16-12-58-42/000615.png,labels/2019-09-16-12-58-42/000615.txt
2019-09-16-12-58-42_000616,2019-09-16-12-58-42,000616,train,range_angle,images/2019-09-16-12-58-42/000616.png,labels/2019-09-16-12-58-42/000616.txt
2019-09-16-12-58-42_000617,2019-09-16-12-58-42,000617,train,range_angle,images/2019-09-16-12-58-42/000617.png,labels/2019-09-16-12-58-42/000617.txt
2019-09-16-12-58-42_000618,2019-09-16-12-58-42,000618,train,range_angle,images/2019-09-16-12-58-42/000618.png,labels/2019-09-16-12-58-42/000618.txt
2019-09-16-12-58-42_000619,2019-09-16-12-58-42,000619,train,range_angle,images/2019-09-16-12-58-42/000619.png,labels/2019-09-16-12-58-42/000619.txt
2019-09-16-12-58-42_000620,2019-09-16-12-58-42,000620,train,range_angle,images/2019-09-16-12-58-42/000620.png,labels/2019-09-16-12-58-42/000620.txt
2019-09-16-12-58-42_000621,2019-09-16-12-58-42,000621,train,range_angle,images/2019-09-16-12-58-42/000621.png,labels/2019-09-16-12-58-42/000621.txt
2019-09-16-12-58-42_000622,2019-09-16-12-58-42,000622,train,range_angle,images/2019-09-16-12-58-42/000622.png,labels/2019-09-16-12-58-42/000622.txt
2019-09-16-12-58-42_000623,2019-09-16-12-58-42,000623,train,range_angle,images/2019-09-16-12-58-42/000623.png,labels/2019-09-16-12-58-42/000623.txt
2019-09-16-12-58-42_000624,2019-09-16-12-58-42,000624,train,range_angle,images/2019-09-16-12-58-42/000624.png,labels/2019-09-16-12-58-42/000624.txt
2019-09-16-12-58-42_000625,2019-09-16-12-58-42,000625,train,range_angle,images/2019-09-16-12-58-42/000625.png,labels/2019-09-16-12-58-42/000625.txt
2019-09-16-12-58-42_000626,2019-09-16-12-58-42,000626,train,range_angle,images/2019-09-16-12-58-42/000626.png,labels/2019-09-16-12-58-42/000626.txt
2019-09-16-12-58-42_000627,2019-09-16-12-58-42,000627,train,range_angle,images/2019-09-16-12-58-42/000627.png,labels/2019-09-16-12-58-42/000627.txt
2019-09-16-12-58-42_000628,2019-09-16-12-58-42,000628,train,range_angle,images/2019-09-16-12-58-42/000628.png,labels/2019-09-16-12-58-42/000628.txt
2019-09-16-12-58-42_000629,2019-09-16-12-58-42,000629,train,range_angle,images/2019-09-16-12-58-42/000629.png,labels/2019-09-16-12-58-42/000629.txt
2019-09-16-12-58-42_000630,2019-09-16-12-58-42,000630,train,range_angle,images/2019-09-16-12-58-42/000630.png,labels/2019-09-16-12-58-42/000630.txt
2019-09-16-12-58-42_000631,2019-09-16-12-58-42,000631,train,range_angle,images/2019-09-16-12-58-42/000631.png,labels/2019-09-16-12-58-42/000631.txt
2019-09-16-12-58-42_000632,2019-09-16-12-58-42,000632,train,range_angle,images/2019-09-16-12-58-42/000632.png,labels/2019-09-16-12-58-42/000632.txt
2019-09-16-12-58-42_000633,2019-09-16-12-58-42,000633,train,range_angle,images/2019-09-16-12-58-42/000633.png,labels/2019-09-16-12-58-42/000633.txt
2019-09-16-12-58-42_000634,2019-09-16-12-58-42,000634,train,range_angle,images/2019-09-16-12-58-42/000634.png,labels/2019-09-16-12-58-42/000634.txt
2019-09-16-12-58-42_000635,2019-09-16-12-58-42,000635,train,range_angle,images/2019-09-16-12-58-42/000635.png,labels/2019-09-16-12-58-42/000635.txt
2019-09-16-12-58-42_000636,2019-09-16-12-58-42,000636,train,range_angle,images/2019-09-16-12-58-42/000636.png,labels/2019-09-16-12-58-42/000636.txt
2019-09-16-12-58-42_000637,2019-09-16-12-58-42,000637,train,range_angle,images/2019-09-16-12-58-42/000637.png,labels/2019-09-16-12-58-42/000637.txt
2019-09-16-12-58-42_000638,2019-09-16-12-58-42,000638,train,range_angle,images/2019-09-16-12-58-42/000638.png,labels/2019-09-16-12-58-42/000638.txt
2019-09-16-12-58-42_000639,2019-09-16-12-58-42,000639,train,range_angle,images/2019-09-16-12-58-42/000639.png,labels/2019-09-16-12-58-42/000639.txt
2019-09-16-12-58-42_000640,2019-09-16-12-58-42,000640,train,range_angle,images/2019-09-16-12-58-42/000640.png,labels/2019-09-16-12-58-42/000640.txt
2019-09-16-12-58-42_000641,2019-09-16-12-58-42,000641,train,range_angle,images/2019-09-16-12-58-42/000641.png,labels/2019-09-16-12-58-42/000641.txt
2019-09-16-12-58-42_000642,2019-09-16-12-58-42,000642,train,range_angle,images/2019-09-16-12-58-42/000642.png,labels/2019-09-16-12-58-42/000642.txt
2019-09-16-12-58-42_000643,2019-09-16-12-58-42,000643,train,range_angle,images/2019-09-16-12-58-42/000643.png,labels/2019-09-16-12-58-42/000643.txt
2019-09-16-12-58-42_000644,2019-09-16-12-58-42,000644,train,range_angle,images/2019-09-16-12-58-42/000644.png,labels/2019-09-16-12-58-42/000644.txt
2019-09-16-12-58-42_000645,2019-09-16-12-58-42,000645,train,range_angle,images/2019-09-16-12-58-42/000645.png,labels/2019-09-16-12-58-42/000645.txt
2019-09-16-12-58-42_000646,2019-09-16-12-58-42,000646,train,range_angle,images/2019-09-16-12-58-42/000646.png,labels/2019-09-16-12-58-42/000646.txt
2019-09-16-12-58-42_000647,2019-09-16-12-58-42,000647,train,range_angle,images/2019-09-16-12-58-42/000647.png,labels/2019-09-16-12-58-42/000647.txt
2019-09-16-12-58-42_000648,2019-09-16-12-58-42,000648,train,range_angle,images/2019-09-16-12-58-42/000648.png,labels/2019-09-16-12-58-42/000648.txt
2019-09-16-12-58-42_000649,2019-09-16-12-58-42,000649,train,range_angle,images/2019-09-16-12-58-42/000649.png,labels/2019-09-16-12-58-42/000649.txt
2019-09-16-12-58-42_000650,2019-09-16-12-58-42,000650,train,range_angle,images/2019-09-16-12-58-42/000650.png,labels/2019-09-16-12-58-42/000650.txt
2019-09-16-12-58-42_000651,2019-09-16-12-58-42,000651,train,range_angle,images/2019-09-16-12-58-42/000651.png,labels/2019-09-16-12-58-42/000651.txt
2019-09-16-12-58-42_000652,2019-09-16-12-58-42,000652,train,range_angle,images/2019-09-16-12-58-42/000652.png,labels/2019-09-16-12-58-42/000652.txt
2019-09-16-12-58-42_000653,2019-09-16-12-58-42,000653,train,range_angle,images/2019-09-16-12-58-42/000653.png,labels/2019-09-16-12-58-42/000653.txt
2019-09-16-12-58-42_000654,2019-09-16-12-58-42,000654,train,range_angle,images/2019-09-16-12-58-42/000654.png,labels/2019-09-16-12-58-42/000654.txt
2019-09-16-12-58-42_000655,2019-09-16-12-58-42,000655,train,range_angle,images/2019-09-16-12-58-42/000655.png,labels/2019-09-16-12-58-42/000655.txt
2019-09-16-12-58-42_000656,2019-09-16-12-58-42,000656,train,range_angle,images/2019-09-16-12-58-42/000656.png,labels/2019-09-16-12-58-42/000656.txt
2019-09-16-12-58-42_000657,2019-09-16-12-58-42,000657,train,range_angle,images/2019-09-16-12-58-42/000657.png,labels/2019-09-16-12-58-42/000657.txt
2019-09-16-12-58-42_000658,2019-09-16-12-58-42,000658,train,range_angle,images/2019-09-16-12-58-42/000658.png,labels/2019-09-16-12-58-42/000658.txt
2019-09-16-12-58-42_000659,2019-09-16-12-58-42,000659,train,range_angle,images/2019-09-16-12-58-42/000659.png,labels/2019-09-16-12-58-42/000659.txt
2019-09-16-12-58-42_000660,2019-09-16-12-58-42,000660,train,range_angle,images/2019-09-16-12-58-42/000660.png,labels/2019-09-16-12-58-42/000660.txt
2019-09-16-12-58-42_000661,2019-09-16-12-58-42,000661,train,range_angle,images/2019-09-16-12-58-42/000661.png,labels/2019-09-16-12-58-42/000661.txt
2019-09-16-12-58-42_000662,2019-09-16-12-58-42,000662,train,range_angle,images/2019-09-16-12-58-42/000662.png,labels/2019-09-16-12-58-42/000662.txt
2019-09-16-12-58-42_000663,2019-09-16-12-58-42,000663,train,range_angle,images/2019-09-16-12-58-42/000663.png,labels/2019-09-16-12-58-42/000663.txt
2019-09-16-12-58-42_000664,2019-09-16-12-58-42,000664,train,range_angle,images/2019-09-16-12-58-42/000664.png,labels/2019-09-16-12-58-42/000664.txt
2019-09-16-12-58-42_000665,2019-09-16-12-58-42,000665,train,range_angle,images/2019-09-16-12-58-42/000665.png,labels/2019-09-16-12-58-42/000665.txt
2019-09-16-12-58-42_000666,2019-09-16-12-58-42,000666,train,range_angle,images/2019-09-16-12-58-42/000666.png,labels/2019-09-16-12-58-42/000666.txt
2019-09-16-12-58-42_000667,2019-09-16-12-58-42,000667,train,range_angle,images/2019-09-16-12-58-42/000667.png,labels/2019-09-16-12-58-42/000667.txt
2019-09-16-12-58-42_000668,2019-09-16-12-58-42,000668,train,range_angle,images/2019-09-16-12-58-42/000668.png,labels/2019-09-16-12-58-42/000668.txt
2019-09-16-12-58-42_000669,2019-09-16-12-58-42,000669,train,range_angle,images/2019-09-16-12-58-42/000669.png,labels/2019-09-16-12-58-42/000669.txt
2019-09-16-12-58-42_000670,2019-09-16-12-58-42,000670,train,range_angle,images/2019-09-16-12-58-42/000670.png,labels/2019-09-16-12-58-42/000670.txt
2019-09-16-12-58-42_000671,2019-09-16-12-58-42,000671,train,range_angle,images/2019-09-16-12-58-42/000671.png,labels/2019-09-16-12-58-42/000671.txt
2019-09-16-12-58-42_000672,2019-09-16-12-58-42,000672,train,range_angle,images/2019-09-16-12-58-42/000672.png,labels/2019-09-16-12-58-42/000672.txt
2019-09-16-12-58-42_000673,2019-09-16-12-58-42,000673,train,range_angle,images/2019-09-16-12-58-42/000673.png,labels/2019-09-16-12-58-42/000673.txt
2019-09-16-12-58-42_000674,2019-09-16-12-58-42,000674,train,range_angle,images/2019-09-16-12-58-42/000674.png,labels/2019-09-16-12-58-42/000674.txt
2019-09-16-12-58-42_000675,2019-09-16-12-58-42,000675,train,range_angle,images/2019-09-16-12-58-42/000675.png,labels/2019-09-16-12-58-42/000675.txt
2019-09-16-12-58-42_000676,2019-09-16-12-58-42,000676,train,range_angle,images/2019-09-16-12-58-42/000676.png,labels/2019-09-16-12-58-42/000676.txt
2019-09-16-12-58-42_000677,2019-09-16-12-58-42,000677,train,range_angle,images/2019-09-16-12-58-42/000677.png,labels/2019-09-16-12-58-42/000677.txt
2019-09-16-12-58-42_000678,2019-09-16-12-58-42,000678,train,range_angle,images/2019-09-16-12-58-42/000678.png,labels/2019-09-16-12-58-42/000678.txt
2019-09-16-12-58-42_000679,2019-09-16-12-58-42,000679,train,range_angle,images/2019-09-16-12-58-42/000679.png,labels/2019-09-16-12-58-42/000679.txt
2019-09-16-12-58-42_000680,2019-09-16-12-58-42,000680,train,range_angle,images/2019-09-16-12-58-42/000680.png,labels/2019-09-16-12-58-42/000680.txt
2019-09-16-12-58-42_000681,2019-09-16-12-58-42,000681,train,range_angle,images/2019-09-16-12-58-42/000681.png,labels/2019-09-16-12-58-42/000681.txt
2019-09-16-12-58-42_000682,2019-09-16-12-58-42,000682,train,range_angle,images/2019-09-16-12-58-42/000682.png,labels/2019-09-16-12-58-42/000682.txt
2019-09-16-12-58-42_000683,2019-09-16-12-58-42,000683,train,range_angle,images/2019-09-16-12-58-42/000683.png,labels/2019-09-16-12-58-42/000683.txt
2019-09-16-12-58-42_000684,2019-09-16-12-58-42,000684,train,range_angle,images/2019-09-16-12-58-42/000684.png,labels/2019-09-16-12-58-42/000684.txt
2019-09-16-12-58-42_000685,2019-09-16-12-58-42,000685,train,range_angle,images/2019-09-16-12-58-42/000685.png,labels/2019-09-16-12-58-42/000685.txt
2019-09-16-12-58-42_000686,2019-09-16-12-58-42,000686,train,range_angle,images/2019-09-16-12-58-42/000686.png,labels/2019-09-16-12-58-42/000686.txt
2019-09-16-12-58-42_000687,2019-09-16-12-58-42,000687,train,range_angle,images/2019-09-16-12-58-42/000687.png,labels/2019-09-16-12-58-42/000687.txt
2019-09-16-12-58-42_000688,2019-09-16-12-58-42,000688,train,range_angle,images/2019-09-16-12-58-42/000688.png,labels/2019-09-16-12-58-42/000688.txt
2019-09-16-12-58-42_000689,2019-09-16-12-58-42,000689,train,range_angle,images/2019-09-16-12-58-42/000689.png,labels/2019-09-16-12-58-42/000689.txt
2019-09-16-12-58-42_000690,2019-09-16-12-58-42,000690,train,range_angle,images/2019-09-16-12-58-42/000690.png,labels/2019-09-16-12-58-42/000690.txt
2019-09-16-12-58-42_000691,2019-09-16-12-58-42,000691,train,range_angle,images/2019-09-16-12-58-42/000691.png,labels/2019-09-16-12-58-42/000691.txt
2019-09-16-12-58-42_000692,2019-09-16-12-58-42,000692,train,range_angle,images/2019-09-16-12-58-42/000692.png,labels/2019-09-16-12-58-42/000692.txt
2019-09-16-12-58-42_000693,2019-09-16-12-58-42,000693,train,range_angle,images/2019-09-16-12-58-42/000693.png,labels/2019-09-16-12-58-42/000693.txt
2019-09-16-12-58-42_000694,2019-09-16-12-58-42,000694,train,range_angle,images/2019-09-16-12-58-42/000694.png,labels/2019-09-16-12-58-42/000694.txt
2019-09-16-12-58-42_000695,2019-09-16-12-58-42,000695,train,range_angle,images/2019-09-16-12-58-42/000695.png,labels/2019-09-16-12-58-42/000695.txt
2019-09-16-12-58-42_000696,2019-09-16-12-58-42,000696,train,range_angle,images/2019-09-16-12-58-42/000696.png,labels/2019-09-16-12-58-42/000696.txt
2019-09-16-12-58-42_000697,2019-09-16-12-58-42,000697,train,range_angle,images/2019-09-16-12-58-42/000697.png,labels/2019-09-16-12-58-42/000697.txt
2019-09-16-12-58-42_000698,2019-09-16-12-58-42,000698,train,range_angle,images/2019-09-16-12-58-42/000698.png,labels/2019-09-16-12-58-42/000698.txt
2019-09-16-12-58-42_000699,2019-09-16-12-58-42,000699,train,range_angle,images/2019-09-16-12-58-42/000699.png,labels/2019-09-16-12-58-42/000699.txt
2019-09-16-12-58-42_000700,2019-09-16-12-58-42,000700,train,range_angle,images/2019-09-16-12-58-42/000700.png,labels/2019-09-16-12-58-42/000700.txt
2019-09-16-12-58-42_000701,2019-09-16-12-58-42,000701,train,range_angle,images/2019-09-16-12-58-42/000701.png,labels/2019-09-16-12-58-42/000701.txt
2019-09-16-12-58-42_000702,2019-09-16-12-58-42,000702,train,range_angle,images/2019-09-16-12-58-42/000702.png,labels/2019-09-16-12-58-42/000702.txt
2019-09-16-12-58-42_000703,2019-09-16-12-58-42,000703,train,range_angle,images/2019-09-16-12-58-42/000703.png,labels/2019-09-16-12-58-42/000703.txt
2019-09-16-12-58-42_000704,2019-09-16-12-58-42,000704,train,range_angle,images/2019-09-16-12-58-42/000704.png,labels/2019-09-16-12-58-42/000704.txt
2019-09-16-12-58-42_000705,2019-09-16-12-58-42,000705,train,range_angle,images/2019-09-16-12-58-42/000705.png,labels/2019-09-16-12-58-42/000705.txt
2019-09-16-12-58-42_000706,2019-09-16-12-58-42,000706,train,range_angle,images/2019-09-16-12-58-42/000706.png,labels/2019-09-16-12-58-42/000706.txt
2019-09-16-12-58-42_000707,2019-09-16-12-58-42,000707,train,range_angle,images/2019-09-16-12-58-42/000707.png,labels/2019-09-16-12-58-42/000707.txt
2019-09-16-12-58-42_000708,2019-09-16-12-58-42,000708,train,range_angle,images/2019-09-16-12-58-42/000708.png,labels/2019-09-16-12-58-42/000708.txt
2019-09-16-12-58-42_000709,2019-09-16-12-58-42,000709,train,range_angle,images/2019-09-16-12-58-42/000709.png,labels/2019-09-16-12-58-42/000709.txt
2019-09-16-12-58-42_000710,2019-09-16-12-58-42,000710,train,range_angle,images/2019-09-16-12-58-42/000710.png,labels/2019-09-16-12-58-42/000710.txt
2019-09-16-12-58-42_000711,2019-09-16-12-58-42,000711,train,range_angle,images/2019-09-16-12-58-42/000711.png,labels/2019-09-16-12-58-42/000711.txt
2019-09-16-12-58-42_000712,2019-09-16-12-58-42,000712,train,range_angle,images/2019-09-16-12-58-42/000712.png,labels/2019-09-16-12-58-42/000712.txt
2019-09-16-12-58-42_000713,2019-09-16-12-58-42,000713,train,range_angle,images/2019-09-16-12-58-42/000713.png,labels/2019-09-16-12-58-42/000713.txt
2019-09-16-12-58-42_000714,2019-09-16-12-58-42,000714,train,range_angle,images/2019-09-16-12-58-42/000714.png,labels/2019-09-16-12-58-42/000714.txt
2019-09-16-12-58-42_000715,2019-09-16-12-58-42,000715,train,range_angle,images/2019-09-16-12-58-42/000715.png,labels/2019-09-16-12-58-42/000715.txt
2019-09-16-12-58-42_000716,2019-09-16-12-58-42,000716,train,range_angle,images/2019-09-16-12-58-42/000716.png,labels/2019-09-16-12-58-42/000716.txt
2019-09-16-12-58-42_000717,2019-09-16-12-58-42,000717,train,range_angle,images/2019-09-16-12-58-42/000717.png,labels/2019-09-16-12-58-42/000717.txt
2019-09-16-12-58-42_000718,2019-09-16-12-58-42,000718,train,range_angle,images/2019-09-16-12-58-42/000718.png,labels/2019-09-16-12-58-42/000718.txt
2019-09-16-12-58-42_000719,2019-09-16-12-58-42,000719,train,range_angle,images/2019-09-16-12-58-42/000719.png,labels/2019-09-16-12-58-42/000719.txt
2019-09-16-12-58-42_000720,2019-09-16-12-58-42,000720,train,range_angle,images/2019-09-16-12-58-42/000720.png,labels/2019-09-16-12-58-42/000720.txt
2019-09-16-12-58-42_000721,2019-09-16-12-58-42,000721,train,range_angle,images/2019-09-16-12-58-42/000721.png,labels/2019-09-16-12-58-42/000721.txt
2019-09-16-12-58-42_000722,2019-09-16-12-58-42,000722,train,range_angle,images/2019-09-16-12-58-42/000722.png,labels/2019-09-16-12-58-42/000722.txt
2019-09-16-12-58-42_000723,2019-09-16-12-58-42,000723,train,range_angle,images/2019-09-16-12-58-42/000723.png,labels/2019-09-16-12-58-42/000723.txt
2019-09-16-12-58-42_000724,2019-09-16-12-58-42,000724,train,range_angle,images/2019-09-16-12-58-42/000724.png,labels/2019-09-16-12-58-42/000724.txt
2019-09-16-12-58-42_000725,2019-09-16-12-58-42,000725,train,range_angle,images/2019-09-16-12-58-42/000725.png,labels/2019-09-16-12-58-42/000725.txt
2019-09-16-12-58-42_000726,2019-09-16-12-58-42,000726,train,range_angle,images/2019-09-16-12-58-42/000726.png,labels/2019-09-16-12-58-42/000726.txt
2019-09-16-12-58-42_000727,2019-09-16-12-58-42,000727,train,range_angle,images/2019-09-16-12-58-42/000727.png,labels/2019-09-16-12-58-42/000727.txt
2019-09-16-12-58-42_000728,2019-09-16-12-58-42,000728,train,range_angle,images/2019-09-16-12-58-42/000728.png,labels/2019-09-16-12-58-42/000728.txt
2019-09-16-12-58-42_000729,2019-09-16-12-58-42,000729,train,range_angle,images/2019-09-16-12-58-42/000729.png,labels/2019-09-16-12-58-42/000729.txt
2019-09-16-12-58-42_000730,2019-09-16-12-58-42,000730,train,range_angle,images/2019-09-16-12-58-42/000730.png,labels/2019-09-16-12-58-42/000730.txt
2019-09-16-12-58-42_000731,2019-09-16-12-58-42,000731,train,range_angle,images/2019-09-16-12-58-42/000731.png,labels/2019-09-16-12-58-42/000731.txt
2019-09-16-12-58-42_000732,2019-09-16-12-58-42,000732,train,range_angle,images/2019-09-16-12-58-42/000732.png,labels/2019-09-16-12-58-42/000732.txt
2019-09-16-12-58-42_000733,2019-09-16-12-58-42,000733,train,range_angle,images/2019-09-16-12-58-42/000733.png,labels/2019-09-16-12-58-42/000733.txt
2019-09-16-12-58-42_000734,2019-09-16-12-58-42,000734,train,range_angle,images/2019-09-16-12-58-42/000734.png,labels/2019-09-16-12-58-42/000734.txt
2019-09-16-12-58-42_000735,2019-09-16-12-58-42,000735,train,range_angle,images/2019-09-16-12-58-42/000735.png,labels/2019-09-16-12-58-42/000735.txt
2019-09-16-12-58-42_000736,2019-09-16-12-58-42,000736,train,range_angle,images/2019-09-16-12-58-42/000736.png,labels/2019-09-16-12-58-42/000736.txt
2019-09-16-12-58-42_000737,2019-09-16-12-58-42,000737,train,range_angle,images/2019-09-16-12-58-42/000737.png,labels/2019-09-16-12-58-42/000737.txt
2019-09-16-12-58-42_000738,2019-09-16-12-58-42,000738,train,range_angle,images/2019-09-16-12-58-42/000738.png,labels/2019-09-16-12-58-42/000738.txt
2019-09-16-12-58-42_000739,2019-09-16-12-58-42,000739,train,range_angle,images/2019-09-16-12-58-42/000739.png,labels/2019-09-16-12-58-42/000739.txt
2019-09-16-12-58-42_000740,2019-09-16-12-58-42,000740,train,range_angle,images/2019-09-16-12-58-42/000740.png,labels/2019-09-16-12-58-42/000740.txt
2019-09-16-12-58-42_000741,2019-09-16-12-58-42,000741,train,range_angle,images/2019-09-16-12-58-42/000741.png,labels/2019-09-16-12-58-42/000741.txt
2019-09-16-12-58-42_000742,2019-09-16-12-58-42,000742,train,range_angle,images/2019-09-16-12-58-42/000742.png,labels/2019-09-16-12-58-42/000742.txt
2019-09-16-12-58-42_000743,2019-09-16-12-58-42,000743,train,range_angle,images/2019-09-16-12-58-42/000743.png,labels/2019-09-16-12-58-42/000743.txt
2019-09-16-12-58-42_000744,2019-09-16-12-58-42,000744,train,range_angle,images/2019-09-16-12-58-42/000744.png,labels/2019-09-16-12-58-42/000744.txt
2019-09-16-12-58-42_000745,2019-09-16-12-58-42,000745,train,range_angle,images/2019-09-16-12-58-42/000745.png,labels/2019-09-16-12-58-42/000745.txt
2019-09-16-12-58-42_000746,2019-09-16-12-58-42,000746,train,range_angle,images/2019-09-16-12-58-42/000746.png,labels/2019-09-16-12-58-42/000746.txt
2019-09-16-12-58-42_000747,2019-09-16-12-58-42,000747,train,range_angle,images/2019-09-16-12-58-42/000747.png,labels/2019-09-16-12-58-42/000747.txt
2019-09-16-12-58-42_000748,2019-09-16-12-58-42,000748,train,range_angle,images/2019-09-16-12-58-42/000748.png,labels/2019-09-16-12-58-42/000748.txt
2019-09-16-12-58-42_000749,2019-09-16-12-58-42,000749,train,range_angle,images/2019-09-16-12-58-42/000749.png,labels/2019-09-16-12-58-42/000749.txt
2019-09-16-12-58-42_000750,2019-09-16-12-58-42,000750,train,range_angle,images/2019-09-16-12-58-42/000750.png,labels/2019-09-16-12-58-42/000750.txt
2019-09-16-12-58-42_000751,2019-09-16-12-58-42,000751,train,range_angle,images/2019-09-16-12-58-42/000751.png,labels/2019-09-16-12-58-42/000751.txt
2019-09-16-12-58-42_000752,2019-09-16-12-58-42,000752,train,range_angle,images/2019-09-16-12-58-42/000752.png,labels/2019-09-16-12-58-42/000752.txt
2019-09-16-12-58-42_000753,2019-09-16-12-58-42,000753,train,range_angle,images/2019-09-16-12-58-42/000753.png,labels/2019-09-16-12-58-42/000753.txt
2019-09-16-12-58-42_000754,2019-09-16-12-58-42,000754,train,range_angle,images/2019-09-16-12-58-42/000754.png,labels/2019-09-16-12-58-42/000754.txt
2019-09-16-12-58-42_000755,2019-09-16-12-58-42,000755,train,range_angle,images/2019-09-16-12-58-42/000755.png,labels/2019-09-16-12-58-42/000755.txt
2019-09-16-12-58-42_000756,2019-09-16-12-58-42,000756,train,range_angle,images/2019-09-16-12-58-42/000756.png,labels/2019-09-16-12-58-42/000756.txt
2019-09-16-12-58-42_000757,2019-09-16-12-58-42,000757,train,range_angle,images/2019-09-16-12-58-42/000757.png,labels/2019-09-16-12-58-42/000757.txt
2019-09-16-12-58-42_000758,2019-09-16-12-58-42,000758,train,range_angle,images/2019-09-16-12-58-42/000758.png,labels/2019-09-16-12-58-42/000758.txt
2019-09-16-12-58-42_000759,2019-09-16-12-58-42,000759,train,range_angle,images/2019-09-16-12-58-42/000759.png,labels/2019-09-16-12-58-42/000759.txt
2019-09-16-12-58-42_000760,2019-09-16-12-58-42,000760,train,range_angle,images/2019-09-16-12-58-42/000760.png,labels/2019-09-16-12-58-42/000760.txt
2019-09-16-12-58-42_000761,2019-09-16-12-58-42,000761,train,range_angle,images/2019-09-16-12-58-42/000761.png,labels/2019-09-16-12-58-42/000761.txt
2019-09-16-12-58-42_000762,2019-09-16-12-58-42,000762,train,range_angle,images/2019-09-16-12-58-42/000762.png,labels/2019-09-16-12-58-42/000762.txt
2019-09-16-12-58-42_000763,2019-09-16-12-58-42,000763,train,range_angle,images/2019-09-16-12-58-42/000763.png,labels/2019-09-16-12-58-42/000763.txt
2019-09-16-12-58-42_000764,2019-09-16-12-58-42,000764,train,range_angle,images/2019-09-16-12-58-42/000764.png,labels/2019-09-16-12-58-42/000764.txt
2019-09-16-12-58-42_000765,2019-09-16-12-58-42,000765,train,range_angle,images/2019-09-16-12-58-42/000765.png,labels/2019-09-16-12-58-42/000765.txt
2019-09-16-12-58-42_000766,2019-09-16-12-58-42,000766,train,range_angle,images/2019-09-16-12-58-42/000766.png,labels/2019-09-16-12-58-42/000766.txt
2019-09-16-12-58-42_000767,2019-09-16-12-58-42,000767,train,range_angle,images/2019-09-16-12-58-42/000767.png,labels/2019-09-16-12-58-42/000767.txt
2019-09-16-12-58-42_000768,2019-09-16-12-58-42,000768,train,range_angle,images/2019-09-16-12-58-42/000768.png,labels/2019-09-16-12-58-42/000768.txt
2019-09-16-12-58-42_000769,2019-09-16-12-58-42,000769,train,range_angle,images/2019-09-16-12-58-42/000769.png,labels/2019-09-16-12-58-42/000769.txt
2019-09-16-12-58-42_000770,2019-09-16-12-58-42,000770,train,range_angle,images/2019-09-16-12-58-42/000770.png,labels/2019-09-16-12-58-42/000770.txt
2019-09-16-12-58-42_000771,2019-09-16-12-58-42,000771,train,range_angle,images/2019-09-16-12-58-42/000771.png,labels/2019-09-16-12-58-42/000771.txt
2019-09-16-12-58-42_000772,2019-09-16-12-58-42,000772,train,range_angle,images/2019-09-16-12-58-42/000772.png,labels/2019-09-16-12-58-42/000772.txt
2019-09-16-12-58-42_000773,2019-09-16-12-58-42,000773,train,range_angle,images/2019-09-16-12-58-42/000773.png,labels/2019-09-16-12-58-42/000773.txt
2019-09-16-12-58-42_000774,2019-09-16-12-58-42,000774,train,range_angle,images/2019-09-16-12-58-42/000774.png,labels/2019-09-16-12-58-42/000774.txt
2019-09-16-12-58-42_000775,2019-09-16-12-58-42,000775,train,range_angle,images/2019-09-16-12-58-42/000775.png,labels/2019-09-16-12-58-42/000775.txt
2019-09-16-12-58-42_000776,2019-09-16-12-58-42,000776,train,range_angle,images/2019-09-16-12-58-42/000776.png,labels/2019-09-16-12-58-42/000776.txt
2019-09-16-12-58-42_000777,2019-09-16-12-58-42,000777,train,range_angle,images/2019-09-16-12-58-42/000777.png,labels/2019-09-16-12-58-42/000777.txt
2019-09-16-12-58-42_000778,2019-09-16-12-58-42,000778,train,range_angle,images/2019-09-16-12-58-42/000778.png,labels/2019-09-16-12-58-42/000778.txt
2019-09-16-12-58-42_000779,2019-09-16-12-58-42,000779,train,range_angle,images/2019-09-16-12-58-42/000779.png,labels/2019-09-16-12-58-42/000779.txt
2019-09-16-12-58-42_000780,2019-09-16-12-58-42,000780,train,range_angle,images/2019-09-16-12-58-42/000780.png,labels/2019-09-16-12-58-42/000780.txt
2019-09-16-12-58-42_000781,2019-09-16-12-58-42,000781,train,range_angle,images/2019-09-16-12-58-42/000781.png,labels/2019-09-16-12-58-42/000781.txt
2019-09-16-12-58-42_000782,2019-09-16-12-58-42,000782,train,range_angle,images/2019-09-16-12-58-42/000782.png,labels/2019-09-16-12-58-42/000782.txt
2019-09-16-12-58-42_000783,2019-09-16-12-58-42,000783,train,range_angle,images/2019-09-16-12-58-42/000783.png,labels/2019-09-16-12-58-42/000783.txt
2019-09-16-12-58-42_000784,2019-09-16-12-58-42,000784,train,range_angle,images/2019-09-16-12-58-42/000784.png,labels/2019-09-16-12-58-42/000784.txt
2019-09-16-12-58-42_000785,2019-09-16-12-58-42,000785,train,range_angle,images/2019-09-16-12-58-42/000785.png,labels/2019-09-16-12-58-42/000785.txt
2019-09-16-12-58-42_000786,2019-09-16-12-58-42,000786,train,range_angle,images/2019-09-16-12-58-42/000786.png,labels/2019-09-16-12-58-42/000786.txt
2019-09-16-12-58-42_000787,2019-09-16-12-58-42,000787,train,range_angle,images/2019-09-16-12-58-42/000787.png,labels/2019-09-16-12-58-42/000787.txt
2019-09-16-12-58-42_000788,2019-09-16-12-58-42,000788,train,range_angle,images/2019-09-16-12-58-42/000788.png,labels/2019-09-16-12-58-42/000788.txt
2019-09-16-12-58-42_000789,2019-09-16-12-58-42,000789,train,range_angle,images/2019-09-16-12-58-42/000789.png,labels/2019-09-16-12-58-42/000789.txt
2019-09-16-12-58-42_000790,2019-09-16-12-58-42,000790,train,range_angle,images/2019-09-16-12-58-42/000790.png,labels/2019-09-16-12-58-42/000790.txt
2019-09-16-12-58-42_000791,2019-09-16-12-58-42,000791,train,range_angle,images/2019-09-16-12-58-42/000791.png,labels/2019-09-16-12-58-42/000791.txt
2019-09-16-12-58-42_000792,2019-09-16-12-58-42,000792,train,range_angle,images/2019-09-16-12-58-42/000792.png,labels/2019-09-16-12-58-42/000792.txt
2019-09-16-12-58-42_000793,2019-09-16-12-58-42,000793,train,range_angle,images/2019-09-16-12-58-42/000793.png,labels/2019-09-16-12-58-42/000793.txt
2019-09-16-12-58-42_000794,2019-09-16-12-58-42,000794,train,range_angle,images/2019-09-16-12-58-42/000794.png,labels/2019-09-16-12-58-42/000794.txt
2019-09-16-12-58-42_000795,2019-09-16-12-58-42,000795,train,range_angle,images/2019-09-16-12-58-42/000795.png,labels/2019-09-16-12-58-42/000795.txt
2019-09-16-12-58-42_000796,2019-09-16-12-58-42,000796,train,range_angle,images/2019-09-16-12-58-42/000796.png,labels/2019-09-16-12-58-42/000796.txt
2019-09-16-12-58-42_000797,2019-09-16-12-58-42,000797,train,range_angle,images/2019-09-16-12-58-42/000797.png,labels/2019-09-16-12-58-42/000797.txt
2019-09-16-12-58-42_000798,2019-09-16-12-58-42,000798,train,range_angle,images/2019-09-16-12-58-42/000798.png,labels/2019-09-16-12-58-42/000798.txt
2019-09-16-12-58-42_000799,2019-09-16-12-58-42,000799,train,range_angle,images/2019-09-16-12-58-42/000799.png,labels/2019-09-16-12-58-42/000799.txt
2019-09-16-12-58-42_000800,2019-09-16-12-58-42,000800,train,range_angle,images/2019-09-16-12-58-42/000800.png,labels/2019-09-16-12-58-42/000800.txt
2019-09-16-12-58-42_000801,2019-09-16-12-58-42,000801,train,range_angle,images/2019-09-16-12-58-42/000801.png,labels/2019-09-16-12-58-42/000801.txt
2019-09-16-12-58-42_000802,2019-09-16-12-58-42,000802,train,range_angle,images/2019-09-16-12-58-42/000802.png,labels/2019-09-16-12-58-42/000802.txt
2019-09-16-12-58-42_000803,2019-09-16-12-58-42,000803,train,range_angle,images/2019-09-16-12-58-42/000803.png,labels/2019-09-16-12-58-42/000803.txt
2019-09-16-12-58-42_000804,2019-09-16-12-58-42,000804,train,range_angle,images/2019-09-16-12-58-42/000804.png,labels/2019-09-16-12-58-42/000804.txt
2019-09-16-12-58-42_000805,2019-09-16-12-58-42,000805,train,range_angle,images/2019-09-16-12-58-42/000805.png,labels/2019-09-16-12-58-42/000805.txt
2019-09-16-12-58-42_000806,2019-09-16-12-58-42,000806,train,range_angle,images/2019-09-16-12-58-42/000806.png,labels/2019-09-16-12-58-42/000806.txt
2019-09-16-12-58-42_000807,2019-09-16-12-58-42,000807,train,range_angle,images/2019-09-16-12-58-42/000807.png,labels/2019-09-16-12-58-42/000807.txt
2019-09-16-12-58-42_000808,2019-09-16-12-58-42,000808,train,range_angle,images/2019-09-16-12-58-42/000808.png,labels/2019-09-16-12-58-42/000808.txt
2019-09-16-12-58-42_000809,2019-09-16-12-58-42,000809,train,range_angle,images/2019-09-16-12-58-42/000809.png,labels/2019-09-16-12-58-42/000809.txt
2019-09-16-12-58-42_000810,2019-09-16-12-58-42,000810,train,range_angle,images/2019-09-16-12-58-42/000810.png,labels/2019-09-16-12-58-42/000810.txt
2019-09-16-12-58-42_000811,2019-09-16-12-58-42,000811,train,range_angle,images/2019-09-16-12-58-42/000811.png,labels/2019-09-16-12-58-42/000811.txt
2019-09-16-12-58-42_000812,2019-09-16-12-58-42,000812,train,range_angle,images/2019-09-16-12-58-42/000812.png,labels/2019-09-16-12-58-42/000812.txt
2019-09-16-12-58-42_000813,2019-09-16-12-58-42,000813,train,range_angle,images/2019-09-16-12-58-42/000813.png,labels/2019-09-16-12-58-42/000813.txt
2019-09-16-12-58-42_000814,2019-09-16-12-58-42,000814,train,range_angle,images/2019-09-16-12-58-42/000814.png,labels/2019-09-16-12-58-42/000814.txt
2019-09-16-12-58-42_000815,2019-09-16-12-58-42,000815,train,range_angle,images/2019-09-16-12-58-42/000815.png,labels/2019-09-16-12-58-42/000815.txt
2019-09-16-12-58-42_000816,2019-09-16-12-58-42,000816,train,range_angle,images/2019-09-16-12-58-42/000816.png,labels/2019-09-16-12-58-42/000816.txt
2019-09-16-12-58-42_000817,2019-09-16-12-58-42,000817,train,range_angle,images/2019-09-16-12-58-42/000817.png,labels/2019-09-16-12-58-42/000817.txt
2019-09-16-12-58-42_000818,2019-09-16-12-58-42,000818,train,range_angle,images/2019-09-16-12-58-42/000818.png,labels/2019-09-16-12-58-42/000818.txt
2019-09-16-12-58-42_000819,2019-09-16-12-58-42,000819,train,range_angle,images/2019-09-16-12-58-42/000819.png,labels/2019-09-16-12-58-42/000819.txt
2019-09-16-12-58-42_000820,2019-09-16-12-58-42,000820,train,range_angle,images/2019-09-16-12-58-42/000820.png,labels/2019-09-16-12-58-42/000820.txt
2019-09-16-12-58-42_000821,2019-09-16-12-58-42,000821,train,range_angle,images/2019-09-16-12-58-42/000821.png,labels/2019-09-16-12-58-42/000821.txt
2019-09-16-12-58-42_000822,2019-09-16-12-58-42,000822,train,range_angle,images/2019-09-16-12-58-42/000822.png,labels/2019-09-16-12-58-42/000822.txt
2019-09-16-12-58-42_000823,2019-09-16-12-58-42,000823,train,range_angle,images/2019-09-16-12-58-42/000823.png,labels/2019-09-16-12-58-42/000823.txt
2019-09-16-12-58-42_000824,2019-09-16-12-58-42,000824,train,range_angle,images/2019-09-16-12-58-42/000824.png,labels/2019-09-16-12-58-42/000824.txt
2019-09-16-12-58-42_000825,2019-09-16-12-58-42,000825,train,range_angle,images/2019-09-16-12-58-42/000825.png,labels/2019-09-16-12-58-42/000825.txt
2019-09-16-12-58-42_000826,2019-09-16-12-58-42,000826,train,range_angle,images/2019-09-16-12-58-42/000826.png,labels/2019-09-16-12-58-42/000826.txt
2019-09-16-12-58-42_000827,2019-09-16-12-58-42,000827,train,range_angle,images/2019-09-16-12-58-42/000827.png,labels/2019-09-16-12-58-42/000827.txt
2019-09-16-12-58-42_000828,2019-09-16-12-58-42,000828,train,range_angle,images/2019-09-16-12-58-42/000828.png,labels/2019-09-16-12-58-42/000828.txt
2019-09-16-12-58-42_000829,2019-09-16-12-58-42,000829,train,range_angle,images/2019-09-16-12-58-42/000829.png,labels/2019-09-16-12-58-42/000829.txt
2019-09-16-12-58-42_000830,2019-09-16-12-58-42,000830,train,range_angle,images/2019-09-16-12-58-42/000830.png,labels/2019-09-16-12-58-42/000830.txt
2019-09-16-12-58-42_000831,2019-09-16-12-58-42,000831,train,range_angle,images/2019-09-16-12-58-42/000831.png,labels/2019-09-16-12-58-42/000831.txt
2019-09-16-12-58-42_000832,2019-09-16-12-58-42,000832,train,range_angle,images/2019-09-16-12-58-42/000832.png,labels/2019-09-16-12-58-42/000832.txt
2019-09-16-12-58-42_000833,2019-09-16-12-58-42,000833,train,range_angle,images/2019-09-16-12-58-42/000833.png,labels/2019-09-16-12-58-42/000833.txt
2019-09-16-12-58-42_000834,2019-09-16-12-58-42,000834,train,range_angle,images/2019-09-16-12-58-42/000834.png,labels/2019-09-16-12-58-42/000834.txt
2019-09-16-12-58-42_000835,2019-09-16-12-58-42,000835,train,range_angle,images/2019-09-16-12-58-42/000835.png,labels/2019-09-16-12-58-42/000835.txt
2019-09-16-12-58-42_000836,2019-09-16-12-58-42,000836,train,range_angle,images/2019-09-16-12-58-42/000836.png,labels/2019-09-16-12-58-42/000836.txt
2019-09-16-12-58-42_000837,2019-09-16-12-58-42,000837,train,range_angle,images/2019-09-16-12-58-42/000837.png,labels/2019-09-16-12-58-42/000837.txt
2019-09-16-12-58-42_000838,2019-09-16-12-58-42,000838,train,range_angle,images/2019-09-16-12-58-42/000838.png,labels/2019-09-16-12-58-42/000838.txt
2019-09-16-12-58-42_000839,2019-09-16-12-58-42,000839,train,range_angle,images/2019-09-16-12-58-42/000839.png,labels/2019-09-16-12-58-42/000839.txt
2019-09-16-12-58-42_000840,2019-09-16-12-58-42,000840,train,range_angle,images/2019-09-16-12-58-42/000840.png,labels/2019-09-16-12-58-42/000840.txt
2019-09-16-12-58-42_000841,2019-09-16-12-58-42,000841,train,range_angle,images/2019-09-16-12-58-42/000841.png,labels/2019-09-16-12-58-42/000841.txt
2019-09-16-12-58-42_000842,2019-09-16-12-58-42,000842,train,range_angle,images/2019-09-16-12-58-42/000842.png,labels/2019-09-16-12-58-42/000842.txt
2019-09-16-12-58-42_000843,2019-09-16-12-58-42,000843,train,range_angle,images/2019-09-16-12-58-42/000843.png,labels/2019-09-16-12-58-42/000843.txt
2019-09-16-12-58-42_000844,2019-09-16-12-58-42,000844,train,range_angle,images/2019-09-16-12-58-42/000844.png,labels/2019-09-16-12-58-42/000844.txt
2019-09-16-12-58-42_000845,2019-09-16-12-58-42,000845,train,range_angle,images/2019-09-16-12-58-42/000845.png,labels/2019-09-16-12-58-42/000845.txt
2019-09-16-12-58-42_000846,2019-09-16-12-58-42,000846,train,range_angle,images/2019-09-16-12-58-42/000846.png,labels/2019-09-16-12-58-42/000846.txt
2019-09-16-12-58-42_000847,2019-09-16-12-58-42,000847,train,range_angle,images/2019-09-16-12-58-42/000847.png,labels/2019-09-16-12-58-42/000847.txt
2019-09-16-12-58-42_000848,2019-09-16-12-58-42,000848,train,range_angle,images/2019-09-16-12-58-42/000848.png,labels/2019-09-16-12-58-42/000848.txt
2019-09-16-12-58-42_000849,2019-09-16-12-58-42,000849,train,range_angle,images/2019-09-16-12-58-42/000849.png,labels/2019-09-16-12-58-42/000849.txt
2019-09-16-12-58-42_000850,2019-09-16-12-58-42,000850,train,range_angle,images/2019-09-16-12-58-42/000850.png,labels/2019-09-16-12-58-42/000850.txt
2019-09-16-12-58-42_000851,2019-09-16-12-58-42,000851,train,range_angle,images/2019-09-16-12-58-42/000851.png,labels/2019-09-16-12-58-42/000851.txt
2019-09-16-12-58-42_000852,2019-09-16-12-58-42,000852,train,range_angle,images/2019-09-16-12-58-42/000852.png,labels/2019-09-16-12-58-42/000852.txt
2019-09-16-12-58-42_000853,2019-09-16-12-58-42,000853,train,range_angle,images/2019-09-16-12-58-42/000853.png,labels/2019-09-16-12-58-42/000853.txt
2019-09-16-12-58-42_000854,2019-09-16-12-58-42,000854,train,range_angle,images/2019-09-16-12-58-42/000854.png,labels/2019-09-16-12-58-42/000854.txt
2019-09-16-12-58-42_000855,2019-09-16-12-58-42,000855,train,range_angle,images/2019-09-16-12-58-42/000855.png,labels/2019-09-16-12-58-42/000855.txt
2019-09-16-12-58-42_000856,2019-09-16-12-58-42,000856,train,range_angle,images/2019-09-16-12-58-42/000856.png,labels/2019-09-16-12-58-42/000856.txt
2019-09-16-12-58-42_000857,2019-09-16-12-58-42,000857,train,range_angle,images/2019-09-16-12-58-42/000857.png,labels/2019-09-16-12-58-42/000857.txt
2019-09-16-12-58-42_000858,2019-09-16-12-58-42,000858,train,range_angle,images/2019-09-16-12-58-42/000858.png,labels/2019-09-16-12-58-42/000858.txt
2019-09-16-12-58-42_000859,2019-09-16-12-58-42,000859,train,range_angle,images/2019-09-16-12-58-42/000859.png,labels/2019-09-16-12-58-42/000859.txt
2019-09-16-12-58-42_000860,2019-09-16-12-58-42,000860,train,range_angle,images/2019-09-16-12-58-42/000860.png,labels/2019-09-16-12-58-42/000860.txt
2019-09-16-12-58-42_000861,2019-09-16-12-58-42,000861,train,range_angle,images/2019-09-16-12-58-42/000861.png,labels/2019-09-16-12-58-42/000861.txt
2019-09-16-12-58-42_000862,2019-09-16-12-58-42,000862,train,range_angle,images/2019-09-16-12-58-42/000862.png,labels/2019-09-16-12-58-42/000862.txt
2019-09-16-12-58-42_000863,2019-09-16-12-58-42,000863,train,range_angle,images/2019-09-16-12-58-42/000863.png,labels/2019-09-16-12-58-42/000863.txt
2019-09-16-12-58-42_000864,2019-09-16-12-58-42,000864,train,range_angle,images/2019-09-16-12-58-42/000864.png,labels/2019-09-16-12-58-42/000864.txt
2019-09-16-12-58-42_000865,2019-09-16-12-58-42,000865,train,range_angle,images/2019-09-16-12-58-42/000865.png,labels/2019-09-16-12-58-42/000865.txt
2019-09-16-12-58-42_000866,2019-09-16-12-58-42,000866,train,range_angle,images/2019-09-16-12-58-42/000866.png,labels/2019-09-16-12-58-42/000866.txt
2019-09-16-12-58-42_000867,2019-09-16-12-58-42,000867,train,range_angle,images/2019-09-16-12-58-42/000867.png,labels/2019-09-16-12-58-42/000867.txt
2019-09-16-12-58-42_000868,2019-09-16-12-58-42,000868,train,range_angle,images/2019-09-16-12-58-42/000868.png,labels/2019-09-16-12-58-42/000868.txt
2019-09-16-12-58-42_000869,2019-09-16-12-58-42,000869,train,range_angle,images/2019-09-16-12-58-42/000869.png,labels/2019-09-16-12-58-42/000869.txt
2019-09-16-12-58-42_000870,2019-09-16-12-58-42,000870,train,range_angle,images/2019-09-16-12-58-42/000870.png,labels/2019-09-16-12-58-42/000870.txt
2019-09-16-12-58-42_000871,2019-09-16-12-58-42,000871,train,range_angle,images/2019-09-16-12-58-42/000871.png,labels/2019-09-16-12-58-42/000871.txt
2019-09-16-12-58-42_000872,2019-09-16-12-58-42,000872,train,range_angle,images/2019-09-16-12-58-42/000872.png,labels/2019-09-16-12-58-42/000872.txt
2019-09-16-12-58-42_000873,2019-09-16-12-58-42,000873,train,range_angle,images/2019-09-16-12-58-42/000873.png,labels/2019-09-16-12-58-42/000873.txt
2019-09-16-12-58-42_000874,2019-09-16-12-58-42,000874,train,range_angle,images/2019-09-16-12-58-42/000874.png,labels/2019-09-16-12-58-42/000874.txt
2019-09-16-12-58-42_000875,2019-09-16-12-58-42,000875,train,range_angle,images/2019-09-16-12-58-42/000875.png,labels/2019-09-16-12-58-42/000875.txt
2019-09-16-12-58-42_000876,2019-09-16-12-58-42,000876,train,range_angle,images/2019-09-16-12-58-42/000876.png,labels/2019-09-16-12-58-42/000876.txt
2019-09-16-12-58-42_000877,2019-09-16-12-58-42,000877,train,range_angle,images/2019-09-16-12-58-42/000877.png,labels/2019-09-16-12-58-42/000877.txt
2019-09-16-12-58-42_000878,2019-09-16-12-58-42,000878,train,range_angle,images/2019-09-16-12-58-42/000878.png,labels/2019-09-16-12-58-42/000878.txt
2019-09-16-12-58-42_000879,2019-09-16-12-58-42,000879,train,range_angle,images/2019-09-16-12-58-42/000879.png,labels/2019-09-16-12-58-42/000879.txt
2019-09-16-12-58-42_000880,2019-09-16-12-58-42,000880,train,range_angle,images/2019-09-16-12-58-42/000880.png,labels/2019-09-16-12-58-42/000880.txt
2019-09-16-12-58-42_000881,2019-09-16-12-58-42,000881,train,range_angle,images/2019-09-16-12-58-42/000881.png,labels/2019-09-16-12-58-42/000881.txt
2019-09-16-12-58-42_000882,2019-09-16-12-58-42,000882,train,range_angle,images/2019-09-16-12-58-42/000882.png,labels/2019-09-16-12-58-42/000882.txt
2019-09-16-12-58-42_000883,2019-09-16-12-58-42,000883,train,range_angle,images/2019-09-16-12-58-42/000883.png,labels/2019-09-16-12-58-42/000883.txt
2019-09-16-12-58-42_000884,2019-09-16-12-58-42,000884,train,range_angle,images/2019-09-16-12-58-42/000884.png,labels/2019-09-16-12-58-42/000884.txt
2019-09-16-12-58-42_000885,2019-09-16-12-58-42,000885,train,range_angle,images/2019-09-16-12-58-42/000885.png,labels/2019-09-16-12-58-42/000885.txt
2019-09-16-12-58-42_000886,2019-09-16-12-58-42,000886,train,range_angle,images/2019-09-16-12-58-42/000886.png,labels/2019-09-16-12-58-42/000886.txt
2019-09-16-12-58-42_000887,2019-09-16-12-58-42,000887,train,range_angle,images/2019-09-16-12-58-42/000887.png,labels/2019-09-16-12-58-42/000887.txt
2019-09-16-12-58-42_000888,2019-09-16-12-58-42,000888,train,range_angle,images/2019-09-16-12-58-42/000888.png,labels/2019-09-16-12-58-42/000888.txt
2019-09-16-12-58-42_000889,2019-09-16-12-58-42,000889,train,range_angle,images/2019-09-16-12-58-42/000889.png,labels/2019-09-16-12-58-42/000889.txt
2019-09-16-12-58-42_000890,2019-09-16-12-58-42,000890,train,range_angle,images/2019-09-16-12-58-42/000890.png,labels/2019-09-16-12-58-42/000890.txt
2019-09-16-12-58-42_000891,2019-09-16-12-58-42,000891,train,range_angle,images/2019-09-16-12-58-42/000891.png,labels/2019-09-16-12-58-42/000891.txt
2019-09-16-12-58-42_000892,2019-09-16-12-58-42,000892,train,range_angle,images/2019-09-16-12-58-42/000892.png,labels/2019-09-16-12-58-42/000892.txt
2019-09-16-12-58-42_000893,2019-09-16-12-58-42,000893,train,range_angle,images/2019-09-16-12-58-42/000893.png,labels/2019-09-16-12-58-42/000893.txt
2019-09-16-12-58-42_000894,2019-09-16-12-58-42,000894,train,range_angle,images/2019-09-16-12-58-42/000894.png,labels/2019-09-16-12-58-42/000894.txt
2019-09-16-12-58-42_000895,2019-09-16-12-58-42,000895,train,range_angle,images/2019-09-16-12-58-42/000895.png,labels/2019-09-16-12-58-42/000895.txt
2019-09-16-12-58-42_000896,2019-09-16-12-58-42,000896,train,range_angle,images/2019-09-16-12-58-42/000896.png,labels/2019-09-16-12-58-42/000896.txt
2019-09-16-12-58-42_000897,2019-09-16-12-58-42,000897,train,range_angle,images/2019-09-16-12-58-42/000897.png,labels/2019-09-16-12-58-42/000897.txt
2019-09-16-12-58-42_000898,2019-09-16-12-58-42,000898,train,range_angle,images/2019-09-16-12-58-42/000898.png,labels/2019-09-16-12-58-42/000898.txt
2019-09-16-12-58-42_000899,2019-09-16-12-58-42,000899,train,range_angle,images/2019-09-16-12-58-42/000899.png,labels/2019-09-16-12-58-42/000899.txt
2019-09-16-12-58-42_000900,2019-09-16-12-58-42,000900,train,range_angle,images/2019-09-16-12-58-42/000900.png,labels/2019-09-16-12-58-42/000900.txt
2019-09-16-12-58-42_000901,2019-09-16-12-58-42,000901,train,range_angle,images/2019-09-16-12-58-42/000901.png,labels/2019-09-16-12-58-42/000901.txt
2019-09-16-12-58-42_000902,2019-09-16-12-58-42,000902,train,range_angle,images/2019-09-16-12-58-42/000902.png,labels/2019-09-16-12-58-42/000902.txt
2019-09-16-12-58-42_000903,2019-09-16-12-58-42,000903,train,range_angle,images/2019-09-16-12-58-42/000903.png,labels/2019-09-16-12-58-42/000903.txt
2019-09-16-12-58-42_000904,2019-09-16-12-58-42,000904,train,range_angle,images/2019-09-16-12-58-42/000904.png,labels/2019-09-16-12-58-42/000904.txt
2019-09-16-12-58-42_000905,2019-09-16-12-58-42,000905,train,range_angle,images/2019-09-16-12-58-42/000905.png,labels/2019-09-16-12-58-42/000905.txt
2019-09-16-12-58-42_000906,2019-09-16-12-58-42,000906,train,range_angle,images/2019-09-16-12-58-42/000906.png,labels/2019-09-16-12-58-42/000906.txt
2019-09-16-12-58-42_000907,2019-09-16-12-58-42,000907,train,range_angle,images/2019-09-16-12-58-42/000907.png,labels/2019-09-16-12-58-42/000907.txt
2019-09-16-12-58-42_000908,2019-09-16-12-58-42,000908,train,range_angle,images/2019-09-16-12-58-42/000908.png,labels/2019-09-16-12-58-42/000908.txt
2019-09-16-12-58-42_000909,2019-09-16-12-58-42,000909,train,range_angle,images/2019-09-16-12-58-42/000909.png,labels/2019-09-16-12-58-42/000909.txt
2019-09-16-12-58-42_000910,2019-09-16-12-58-42,000910,train,range_angle,images/2019-09-16-12-58-42/000910.png,labels/2019-09-16-12-58-42/000910.txt
2019-09-16-12-58-42_000911,2019-09-16-12-58-42,000911,train,range_angle,images/2019-09-16-12-58-42/000911.png,labels/2019-09-16-12-58-42/000911.txt
2019-09-16-12-58-42_000912,2019-09-16-12-58-42,000912,train,range_angle,images/2019-09-16-12-58-42/000912.png,labels/2019-09-16-12-58-42/000912.txt
2019-09-16-12-58-42_000913,2019-09-16-12-58-42,000913,train,range_angle,images/2019-09-16-12-58-42/000913.png,labels/2019-09-16-12-58-42/000913.txt
2019-09-16-12-58-42_000914,2019-09-16-12-58-42,000914,train,range_angle,images/2019-09-16-12-58-42/000914.png,labels/2019-09-16-12-58-42/000914.txt
2019-09-16-12-58-42_000915,2019-09-16-12-58-42,000915,train,range_angle,images/2019-09-16-12-58-42/000915.png,labels/2019-09-16-12-58-42/000915.txt
2019-09-16-12-58-42_000916,2019-09-16-12-58-42,000916,train,range_angle,images/2019-09-16-12-58-42/000916.png,labels/2019-09-16-12-58-42/000916.txt
2019-09-16-12-58-42_000917,2019-09-16-12-58-42,000917,train,range_angle,images/2019-09-16-12-58-42/000917.png,labels/2019-09-16-12-58-42/000917.txt
2019-09-16-12-58-42_000918,2019-09-16-12-58-42,000918,train,range_angle,images/2019-09-16-12-58-42/000918.png,labels/2019-09-16-12-58-42/000918.txt
2019-09-16-12-58-42_000919,2019-09-16-12-58-42,000919,train,range_angle,images/2019-09-16-12-58-42/000919.png,labels/2019-09-16-12-58-42/000919.txt
2019-09-16-12-58-42_000920,2019-09-16-12-58-42,000920,train,range_angle,images/2019-09-16-12-58-42/000920.png,labels/2019-09-16-12-58-42/000920.txt
2019-09-16-13-03-38_000000,2019-09-16-13-03-38,000000,train,range_angle,images/2019-09-16-13-03-38/000000.png,labels/2019-09-16-13-03-38/000000.txt
2019-09-16-13-03-38_000001,2019-09-16-13-03-38,000001,train,range_angle,images/2019-09-16-13-03-38/000001.png,labels/2019-09-16-13-03-38/000001.txt
2019-09-16-13-03-38_000002,2019-09-16-13-03-38,000002,train,range_angle,images/2019-09-16-13-03-38/000002.png,labels/2019-09-16-13-03-38/000002.txt
2019-09-16-13-03-38_000003,2019-09-16-13-03-38,000003,train,range_angle,images/2019-09-16-13-03-38/000003.png,labels/2019-09-16-13-03-38/000003.txt
2019-09-16-13-03-38_000004,2019-09-16-13-03-38,000004,train,range_angle,images/2019-09-16-13-03-38/000004.png,labels/2019-09-16-13-03-38/000004.txt
2019-09-16-13-03-38_000005,2019-09-16-13-03-38,000005,train,range_angle,images/2019-09-16-13-03-38/000005.png,labels/2019-09-16-13-03-38/000005.txt
2019-09-16-13-03-38_000006,2019-09-16-13-03-38,000006,train,range_angle,images/2019-09-16-13-03-38/000006.png,labels/2019-09-16-13-03-38/000006.txt
2019-09-16-13-03-38_000007,2019-09-16-13-03-38,000007,train,range_angle,images/2019-09-16-13-03-38/000007.png,labels/2019-09-16-13-03-38/000007.txt
2019-09-16-13-03-38_000008,2019-09-16-13-03-38,000008,train,range_angle,images/2019-09-16-13-03-38/000008.png,labels/2019-09-16-13-03-38/000008.txt
2019-09-16-13-03-38_000009,2019-09-16-13-03-38,000009,train,range_angle,images/2019-09-16-13-03-38/000009.png,labels/2019-09-16-13-03-38/000009.txt
2019-09-16-13-03-38_000010,2019-09-16-13-03-38,000010,train,range_angle,images/2019-09-16-13-03-38/000010.png,labels/2019-09-16-13-03-38/000010.txt
2019-09-16-13-03-38_000011,2019-09-16-13-03-38,000011,train,range_angle,images/2019-09-16-13-03-38/000011.png,labels/2019-09-16-13-03-38/000011.txt
2019-09-16-13-03-38_000012,2019-09-16-13-03-38,000012,train,range_angle,images/2019-09-16-13-03-38/000012.png,labels/2019-09-16-13-03-38/000012.txt
2019-09-16-13-03-38_000013,2019-09-16-13-03-38,000013,train,range_angle,images/2019-09-16-13-03-38/000013.png,labels/2019-09-16-13-03-38/000013.txt
2019-09-16-13-03-38_000014,2019-09-16-13-03-38,000014,train,range_angle,images/2019-09-16-13-03-38/000014.png,labels/2019-09-16-13-03-38/000014.txt
2019-09-16-13-03-38_000015,2019-09-16-13-03-38,000015,train,range_angle,images/2019-09-16-13-03-38/000015.png,labels/2019-09-16-13-03-38/000015.txt
2019-09-16-13-03-38_000016,2019-09-16-13-03-38,000016,train,range_angle,images/2019-09-16-13-03-38/000016.png,labels/2019-09-16-13-03-38/000016.txt
2019-09-16-13-03-38_000017,2019-09-16-13-03-38,000017,train,range_angle,images/2019-09-16-13-03-38/000017.png,labels/2019-09-16-13-03-38/000017.txt
2019-09-16-13-03-38_000018,2019-09-16-13-03-38,000018,train,range_angle,images/2019-09-16-13-03-38/000018.png,labels/2019-09-16-13-03-38/000018.txt
2019-09-16-13-03-38_000019,2019-09-16-13-03-38,000019,train,range_angle,images/2019-09-16-13-03-38/000019.png,labels/2019-09-16-13-03-38/000019.txt
2019-09-16-13-03-38_000020,2019-09-16-13-03-38,000020,train,range_angle,images/2019-09-16-13-03-38/000020.png,labels/2019-09-16-13-03-38/000020.txt
2019-09-16-13-03-38_000021,2019-09-16-13-03-38,000021,train,range_angle,images/2019-09-16-13-03-38/000021.png,labels/2019-09-16-13-03-38/000021.txt
2019-09-16-13-03-38_000022,2019-09-16-13-03-38,000022,train,range_angle,images/2019-09-16-13-03-38/000022.png,labels/2019-09-16-13-03-38/000022.txt
2019-09-16-13-03-38_000023,2019-09-16-13-03-38,000023,train,range_angle,images/2019-09-16-13-03-38/000023.png,labels/2019-09-16-13-03-38/000023.txt
2019-09-16-13-03-38_000024,2019-09-16-13-03-38,000024,train,range_angle,images/2019-09-16-13-03-38/000024.png,labels/2019-09-16-13-03-38/000024.txt
2019-09-16-13-03-38_000025,2019-09-16-13-03-38,000025,train,range_angle,images/2019-09-16-13-03-38/000025.png,labels/2019-09-16-13-03-38/000025.txt
2019-09-16-13-03-38_000026,2019-09-16-13-03-38,000026,train,range_angle,images/2019-09-16-13-03-38/000026.png,labels/2019-09-16-13-03-38/000026.txt
2019-09-16-13-03-38_000027,2019-09-16-13-03-38,000027,train,range_angle,images/2019-09-16-13-03-38/000027.png,labels/2019-09-16-13-03-38/000027.txt
2019-09-16-13-03-38_000028,2019-09-16-13-03-38,000028,train,range_angle,images/2019-09-16-13-03-38/000028.png,labels/2019-09-16-13-03-38/000028.txt
2019-09-16-13-03-38_000029,2019-09-16-13-03-38,000029,train,range_angle,images/2019-09-16-13-03-38/000029.png,labels/2019-09-16-13-03-38/000029.txt
2019-09-16-13-03-38_000030,2019-09-16-13-03-38,000030,train,range_angle,images/2019-09-16-13-03-38/000030.png,labels/2019-09-16-13-03-38/000030.txt
2019-09-16-13-03-38_000031,2019-09-16-13-03-38,000031,train,range_angle,images/2019-09-16-13-03-38/000031.png,labels/2019-09-16-13-03-38/000031.txt
2019-09-16-13-03-38_000032,2019-09-16-13-03-38,000032,train,range_angle,images/2019-09-16-13-03-38/000032.png,labels/2019-09-16-13-03-38/000032.txt
2019-09-16-13-03-38_000033,2019-09-16-13-03-38,000033,train,range_angle,images/2019-09-16-13-03-38/000033.png,labels/2019-09-16-13-03-38/000033.txt
2019-09-16-13-03-38_000034,2019-09-16-13-03-38,000034,train,range_angle,images/2019-09-16-13-03-38/000034.png,labels/2019-09-16-13-03-38/000034.txt
2019-09-16-13-03-38_000035,2019-09-16-13-03-38,000035,train,range_angle,images/2019-09-16-13-03-38/000035.png,labels/2019-09-16-13-03-38/000035.txt
2019-09-16-13-03-38_000036,2019-09-16-13-03-38,000036,train,range_angle,images/2019-09-16-13-03-38/000036.png,labels/2019-09-16-13-03-38/000036.txt
2019-09-16-13-03-38_000037,2019-09-16-13-03-38,000037,train,range_angle,images/2019-09-16-13-03-38/000037.png,labels/2019-09-16-13-03-38/000037.txt
2019-09-16-13-03-38_000038,2019-09-16-13-03-38,000038,train,range_angle,images/2019-09-16-13-03-38/000038.png,labels/2019-09-16-13-03-38/000038.txt
2019-09-16-13-03-38_000039,2019-09-16-13-03-38,000039,train,range_angle,images/2019-09-16-13-03-38/000039.png,labels/2019-09-16-13-03-38/000039.txt
2019-09-16-13-03-38_000040,2019-09-16-13-03-38,000040,train,range_angle,images/2019-09-16-13-03-38/000040.png,labels/2019-09-16-13-03-38/000040.txt
2019-09-16-13-03-38_000041,2019-09-16-13-03-38,000041,train,range_angle,images/2019-09-16-13-03-38/000041.png,labels/2019-09-16-13-03-38/000041.txt
2019-09-16-13-03-38_000042,2019-09-16-13-03-38,000042,train,range_angle,images/2019-09-16-13-03-38/000042.png,labels/2019-09-16-13-03-38/000042.txt
2019-09-16-13-03-38_000043,2019-09-16-13-03-38,000043,train,range_angle,images/2019-09-16-13-03-38/000043.png,labels/2019-09-16-13-03-38/000043.txt
2019-09-16-13-03-38_000044,2019-09-16-13-03-38,000044,train,range_angle,images/2019-09-16-13-03-38/000044.png,labels/2019-09-16-13-03-38/000044.txt
2019-09-16-13-03-38_000045,2019-09-16-13-03-38,000045,train,range_angle,images/2019-09-16-13-03-38/000045.png,labels/2019-09-16-13-03-38/000045.txt
2019-09-16-13-03-38_000046,2019-09-16-13-03-38,000046,train,range_angle,images/2019-09-16-13-03-38/000046.png,labels/2019-09-16-13-03-38/000046.txt
2019-09-16-13-03-38_000047,2019-09-16-13-03-38,000047,train,range_angle,images/2019-09-16-13-03-38/000047.png,labels/2019-09-16-13-03-38/000047.txt
2019-09-16-13-03-38_000048,2019-09-16-13-03-38,000048,train,range_angle,images/2019-09-16-13-03-38/000048.png,labels/2019-09-16-13-03-38/000048.txt
2019-09-16-13-03-38_000049,2019-09-16-13-03-38,000049,train,range_angle,images/2019-09-16-13-03-38/000049.png,labels/2019-09-16-13-03-38/000049.txt
2019-09-16-13-03-38_000050,2019-09-16-13-03-38,000050,train,range_angle,images/2019-09-16-13-03-38/000050.png,labels/2019-09-16-13-03-38/000050.txt
2019-09-16-13-03-38_000051,2019-09-16-13-03-38,000051,train,range_angle,images/2019-09-16-13-03-38/000051.png,labels/2019-09-16-13-03-38/000051.txt
2019-09-16-13-03-38_000052,2019-09-16-13-03-38,000052,train,range_angle,images/2019-09-16-13-03-38/000052.png,labels/2019-09-16-13-03-38/000052.txt
2019-09-16-13-03-38_000053,2019-09-16-13-03-38,000053,train,range_angle,images/2019-09-16-13-03-38/000053.png,labels/2019-09-16-13-03-38/000053.txt
2019-09-16-13-03-38_000054,2019-09-16-13-03-38,000054,train,range_angle,images/2019-09-16-13-03-38/000054.png,labels/2019-09-16-13-03-38/000054.txt
2019-09-16-13-03-38_000055,2019-09-16-13-03-38,000055,train,range_angle,images/2019-09-16-13-03-38/000055.png,labels/2019-09-16-13-03-38/000055.txt
2019-09-16-13-03-38_000056,2019-09-16-13-03-38,000056,train,range_angle,images/2019-09-16-13-03-38/000056.png,labels/2019-09-16-13-03-38/000056.txt
2019-09-16-13-03-38_000057,2019-09-16-13-03-38,000057,train,range_angle,images/2019-09-16-13-03-38/000057.png,labels/2019-09-16-13-03-38/000057.txt
2019-09-16-13-03-38_000058,2019-09-16-13-03-38,000058,train,range_angle,images/2019-09-16-13-03-38/000058.png,labels/2019-09-16-13-03-38/000058.txt
2019-09-16-13-03-38_000059,2019-09-16-13-03-38,000059,train,range_angle,images/2019-09-16-13-03-38/000059.png,labels/2019-09-16-13-03-38/000059.txt
2019-09-16-13-03-38_000060,2019-09-16-13-03-38,000060,train,range_angle,images/2019-09-16-13-03-38/000060.png,labels/2019-09-16-13-03-38/000060.txt
2019-09-16-13-03-38_000061,2019-09-16-13-03-38,000061,train,range_angle,images/2019-09-16-13-03-38/000061.png,labels/2019-09-16-13-03-38/000061.txt
2019-09-16-13-03-38_000062,2019-09-16-13-03-38,000062,train,range_angle,images/2019-09-16-13-03-38/000062.png,labels/2019-09-16-13-03-38/000062.txt
2019-09-16-13-03-38_000063,2019-09-16-13-03-38,000063,train,range_angle,images/2019-09-16-13-03-38/000063.png,labels/2019-09-16-13-03-38/000063.txt
2019-09-16-13-03-38_000064,2019-09-16-13-03-38,000064,train,range_angle,images/2019-09-16-13-03-38/000064.png,labels/2019-09-16-13-03-38/000064.txt
2019-09-16-13-03-38_000065,2019-09-16-13-03-38,000065,train,range_angle,images/2019-09-16-13-03-38/000065.png,labels/2019-09-16-13-03-38/000065.txt
2019-09-16-13-03-38_000066,2019-09-16-13-03-38,000066,train,range_angle,images/2019-09-16-13-03-38/000066.png,labels/2019-09-16-13-03-38/000066.txt
2019-09-16-13-03-38_000067,2019-09-16-13-03-38,000067,train,range_angle,images/2019-09-16-13-03-38/000067.png,labels/2019-09-16-13-03-38/000067.txt
2019-09-16-13-03-38_000068,2019-09-16-13-03-38,000068,train,range_angle,images/2019-09-16-13-03-38/000068.png,labels/2019-09-16-13-03-38/000068.txt
2019-09-16-13-03-38_000069,2019-09-16-13-03-38,000069,train,range_angle,images/2019-09-16-13-03-38/000069.png,labels/2019-09-16-13-03-38/000069.txt
2019-09-16-13-03-38_000070,2019-09-16-13-03-38,000070,train,range_angle,images/2019-09-16-13-03-38/000070.png,labels/2019-09-16-13-03-38/000070.txt
2019-09-16-13-03-38_000071,2019-09-16-13-03-38,000071,train,range_angle,images/2019-09-16-13-03-38/000071.png,labels/2019-09-16-13-03-38/000071.txt
2019-09-16-13-03-38_000072,2019-09-16-13-03-38,000072,train,range_angle,images/2019-09-16-13-03-38/000072.png,labels/2019-09-16-13-03-38/000072.txt
2019-09-16-13-03-38_000073,2019-09-16-13-03-38,000073,train,range_angle,images/2019-09-16-13-03-38/000073.png,labels/2019-09-16-13-03-38/000073.txt
2019-09-16-13-03-38_000074,2019-09-16-13-03-38,000074,train,range_angle,images/2019-09-16-13-03-38/000074.png,labels/2019-09-16-13-03-38/000074.txt
2019-09-16-13-03-38_000075,2019-09-16-13-03-38,000075,train,range_angle,images/2019-09-16-13-03-38/000075.png,labels/2019-09-16-13-03-38/000075.txt
2019-09-16-13-03-38_000076,2019-09-16-13-03-38,000076,train,range_angle,images/2019-09-16-13-03-38/000076.png,labels/2019-09-16-13-03-38/000076.txt
2019-09-16-13-03-38_000077,2019-09-16-13-03-38,000077,train,range_angle,images/2019-09-16-13-03-38/000077.png,labels/2019-09-16-13-03-38/000077.txt
2019-09-16-13-03-38_000078,2019-09-16-13-03-38,000078,train,range_angle,images/2019-09-16-13-03-38/000078.png,labels/2019-09-16-13-03-38/000078.txt
2019-09-16-13-03-38_000079,2019-09-16-13-03-38,000079,train,range_angle,images/2019-09-16-13-03-38/000079.png,labels/2019-09-16-13-03-38/000079.txt
2019-09-16-13-03-38_000080,2019-09-16-13-03-38,000080,train,range_angle,images/2019-09-16-13-03-38/000080.png,labels/2019-09-16-13-03-38/000080.txt
2019-09-16-13-03-38_000081,2019-09-16-13-03-38,000081,train,range_angle,images/2019-09-16-13-03-38/000081.png,labels/2019-09-16-13-03-38/000081.txt
2019-09-16-13-03-38_000082,2019-09-16-13-03-38,000082,train,range_angle,images/2019-09-16-13-03-38/000082.png,labels/2019-09-16-13-03-38/000082.txt
2019-09-16-13-03-38_000083,2019-09-16-13-03-38,000083,train,range_angle,images/2019-09-16-13-03-38/000083.png,labels/2019-09-16-13-03-38/000083.txt
2019-09-16-13-03-38_000084,2019-09-16-13-03-38,000084,train,range_angle,images/2019-09-16-13-03-38/000084.png,labels/2019-09-16-13-03-38/000084.txt
2019-09-16-13-03-38_000085,2019-09-16-13-03-38,000085,train,range_angle,images/2019-09-16-13-03-38/000085.png,labels/2019-09-16-13-03-38/000085.txt
2019-09-16-13-03-38_000086,2019-09-16-13-03-38,000086,train,range_angle,images/2019-09-16-13-03-38/000086.png,labels/2019-09-16-13-03-38/000086.txt
2019-09-16-13-03-38_000087,2019-09-16-13-03-38,000087,train,range_angle,images/2019-09-16-13-03-38/000087.png,labels/2019-09-16-13-03-38/000087.txt
2019-09-16-13-03-38_000088,2019-09-16-13-03-38,000088,train,range_angle,images/2019-09-16-13-03-38/000088.png,labels/2019-09-16-13-03-38/000088.txt
2019-09-16-13-03-38_000089,2019-09-16-13-03-38,000089,train,range_angle,images/2019-09-16-13-03-38/000089.png,labels/2019-09-16-13-03-38/000089.txt
2019-09-16-13-03-38_000090,2019-09-16-13-03-38,000090,train,range_angle,images/2019-09-16-13-03-38/000090.png,labels/2019-09-16-13-03-38/000090.txt
2019-09-16-13-03-38_000091,2019-09-16-13-03-38,000091,train,range_angle,images/2019-09-16-13-03-38/000091.png,labels/2019-09-16-13-03-38/000091.txt
2019-09-16-13-03-38_000092,2019-09-16-13-03-38,000092,train,range_angle,images/2019-09-16-13-03-38/000092.png,labels/2019-09-16-13-03-38/000092.txt
2019-09-16-13-03-38_000093,2019-09-16-13-03-38,000093,train,range_angle,images/2019-09-16-13-03-38/000093.png,labels/2019-09-16-13-03-38/000093.txt
2019-09-16-13-03-38_000094,2019-09-16-13-03-38,000094,train,range_angle,images/2019-09-16-13-03-38/000094.png,labels/2019-09-16-13-03-38/000094.txt
2019-09-16-13-03-38_000095,2019-09-16-13-03-38,000095,train,range_angle,images/2019-09-16-13-03-38/000095.png,labels/2019-09-16-13-03-38/000095.txt
2019-09-16-13-03-38_000096,2019-09-16-13-03-38,000096,train,range_angle,images/2019-09-16-13-03-38/000096.png,labels/2019-09-16-13-03-38/000096.txt
2019-09-16-13-03-38_000097,2019-09-16-13-03-38,000097,train,range_angle,images/2019-09-16-13-03-38/000097.png,labels/2019-09-16-13-03-38/000097.txt
2019-09-16-13-03-38_000098,2019-09-16-13-03-38,000098,train,range_angle,images/2019-09-16-13-03-38/000098.png,labels/2019-09-16-13-03-38/000098.txt
2019-09-16-13-03-38_000099,2019-09-16-13-03-38,000099,train,range_angle,images/2019-09-16-13-03-38/000099.png,labels/2019-09-16-13-03-38/000099.txt
2019-09-16-13-03-38_000100,2019-09-16-13-03-38,000100,train,range_angle,images/2019-09-16-13-03-38/000100.png,labels/2019-09-16-13-03-38/000100.txt
2019-09-16-13-03-38_000101,2019-09-16-13-03-38,000101,train,range_angle,images/2019-09-16-13-03-38/000101.png,labels/2019-09-16-13-03-38/000101.txt
2019-09-16-13-03-38_000102,2019-09-16-13-03-38,000102,train,range_angle,images/2019-09-16-13-03-38/000102.png,labels/2019-09-16-13-03-38/000102.txt
2019-09-16-13-03-38_000103,2019-09-16-13-03-38,000103,train,range_angle,images/2019-09-16-13-03-38/000103.png,labels/2019-09-16-13-03-38/000103.txt
2019-09-16-13-03-38_000104,2019-09-16-13-03-38,000104,train,range_angle,images/2019-09-16-13-03-38/000104.png,labels/2019-09-16-13-03-38/000104.txt
2019-09-16-13-03-38_000105,2019-09-16-13-03-38,000105,train,range_angle,images/2019-09-16-13-03-38/000105.png,labels/2019-09-16-13-03-38/000105.txt
2019-09-16-13-03-38_000106,2019-09-16-13-03-38,000106,train,range_angle,images/2019-09-16-13-03-38/000106.png,labels/2019-09-16-13-03-38/000106.txt
2019-09-16-13-03-38_000107,2019-09-16-13-03-38,000107,train,range_angle,images/2019-09-16-13-03-38/000107.png,labels/2019-09-16-13-03-38/000107.txt
2019-09-16-13-03-38_000108,2019-09-16-13-03-38,000108,train,range_angle,images/2019-09-16-13-03-38/000108.png,labels/2019-09-16-13-03-38/000108.txt
2019-09-16-13-03-38_000109,2019-09-16-13-03-38,000109,train,range_angle,images/2019-09-16-13-03-38/000109.png,labels/2019-09-16-13-03-38/000109.txt
2019-09-16-13-03-38_000110,2019-09-16-13-03-38,000110,train,range_angle,images/2019-09-16-13-03-38/000110.png,labels/2019-09-16-13-03-38/000110.txt
2019-09-16-13-03-38_000111,2019-09-16-13-03-38,000111,train,range_angle,images/2019-09-16-13-03-38/000111.png,labels/2019-09-16-13-03-38/000111.txt
2019-09-16-13-03-38_000112,2019-09-16-13-03-38,000112,train,range_angle,images/2019-09-16-13-03-38/000112.png,labels/2019-09-16-13-03-38/000112.txt
2019-09-16-13-03-38_000113,2019-09-16-13-03-38,000113,train,range_angle,images/2019-09-16-13-03-38/000113.png,labels/2019-09-16-13-03-38/000113.txt
2019-09-16-13-03-38_000114,2019-09-16-13-03-38,000114,train,range_angle,images/2019-09-16-13-03-38/000114.png,labels/2019-09-16-13-03-38/000114.txt
2019-09-16-13-03-38_000115,2019-09-16-13-03-38,000115,train,range_angle,images/2019-09-16-13-03-38/000115.png,labels/2019-09-16-13-03-38/000115.txt
2019-09-16-13-03-38_000116,2019-09-16-13-03-38,000116,train,range_angle,images/2019-09-16-13-03-38/000116.png,labels/2019-09-16-13-03-38/000116.txt
2019-09-16-13-03-38_000117,2019-09-16-13-03-38,000117,train,range_angle,images/2019-09-16-13-03-38/000117.png,labels/2019-09-16-13-03-38/000117.txt
2019-09-16-13-03-38_000118,2019-09-16-13-03-38,000118,train,range_angle,images/2019-09-16-13-03-38/000118.png,labels/2019-09-16-13-03-38/000118.txt
2019-09-16-13-03-38_000119,2019-09-16-13-03-38,000119,train,range_angle,images/2019-09-16-13-03-38/000119.png,labels/2019-09-16-13-03-38/000119.txt
2019-09-16-13-03-38_000120,2019-09-16-13-03-38,000120,train,range_angle,images/2019-09-16-13-03-38/000120.png,labels/2019-09-16-13-03-38/000120.txt
2019-09-16-13-03-38_000121,2019-09-16-13-03-38,000121,train,range_angle,images/2019-09-16-13-03-38/000121.png,labels/2019-09-16-13-03-38/000121.txt
2019-09-16-13-03-38_000122,2019-09-16-13-03-38,000122,train,range_angle,images/2019-09-16-13-03-38/000122.png,labels/2019-09-16-13-03-38/000122.txt
2019-09-16-13-03-38_000123,2019-09-16-13-03-38,000123,train,range_angle,images/2019-09-16-13-03-38/000123.png,labels/2019-09-16-13-03-38/000123.txt
2019-09-16-13-03-38_000124,2019-09-16-13-03-38,000124,train,range_angle,images/2019-09-16-13-03-38/000124.png,labels/2019-09-16-13-03-38/000124.txt
2019-09-16-13-03-38_000125,2019-09-16-13-03-38,000125,train,range_angle,images/2019-09-16-13-03-38/000125.png,labels/2019-09-16-13-03-38/000125.txt
2019-09-16-13-03-38_000126,2019-09-16-13-03-38,000126,train,range_angle,images/2019-09-16-13-03-38/000126.png,labels/2019-09-16-13-03-38/000126.txt
2019-09-16-13-03-38_000127,2019-09-16-13-03-38,000127,train,range_angle,images/2019-09-16-13-03-38/000127.png,labels/2019-09-16-13-03-38/000127.txt
2019-09-16-13-03-38_000128,2019-09-16-13-03-38,000128,train,range_angle,images/2019-09-16-13-03-38/000128.png,labels/2019-09-16-13-03-38/000128.txt
2019-09-16-13-03-38_000129,2019-09-16-13-03-38,000129,train,range_angle,images/2019-09-16-13-03-38/000129.png,labels/2019-09-16-13-03-38/000129.txt
2019-09-16-13-03-38_000130,2019-09-16-13-03-38,000130,train,range_angle,images/2019-09-16-13-03-38/000130.png,labels/2019-09-16-13-03-38/000130.txt
2019-09-16-13-03-38_000131,2019-09-16-13-03-38,000131,train,range_angle,images/2019-09-16-13-03-38/000131.png,labels/2019-09-16-13-03-38/000131.txt
2019-09-16-13-03-38_000132,2019-09-16-13-03-38,000132,train,range_angle,images/2019-09-16-13-03-38/000132.png,labels/2019-09-16-13-03-38/000132.txt
2019-09-16-13-03-38_000133,2019-09-16-13-03-38,000133,train,range_angle,images/2019-09-16-13-03-38/000133.png,labels/2019-09-16-13-03-38/000133.txt
2019-09-16-13-03-38_000134,2019-09-16-13-03-38,000134,train,range_angle,images/2019-09-16-13-03-38/000134.png,labels/2019-09-16-13-03-38/000134.txt
2019-09-16-13-03-38_000135,2019-09-16-13-03-38,000135,train,range_angle,images/2019-09-16-13-03-38/000135.png,labels/2019-09-16-13-03-38/000135.txt
2019-09-16-13-03-38_000136,2019-09-16-13-03-38,000136,train,range_angle,images/2019-09-16-13-03-38/000136.png,labels/2019-09-16-13-03-38/000136.txt
2019-09-16-13-03-38_000137,2019-09-16-13-03-38,000137,train,range_angle,images/2019-09-16-13-03-38/000137.png,labels/2019-09-16-13-03-38/000137.txt
2019-09-16-13-03-38_000138,2019-09-16-13-03-38,000138,train,range_angle,images/2019-09-16-13-03-38/000138.png,labels/2019-09-16-13-03-38/000138.txt
2019-09-16-13-03-38_000139,2019-09-16-13-03-38,000139,train,range_angle,images/2019-09-16-13-03-38/000139.png,labels/2019-09-16-13-03-38/000139.txt
2019-09-16-13-03-38_000140,2019-09-16-13-03-38,000140,train,range_angle,images/2019-09-16-13-03-38/000140.png,labels/2019-09-16-13-03-38/000140.txt
2019-09-16-13-03-38_000141,2019-09-16-13-03-38,000141,train,range_angle,images/2019-09-16-13-03-38/000141.png,labels/2019-09-16-13-03-38/000141.txt
2019-09-16-13-03-38_000142,2019-09-16-13-03-38,000142,train,range_angle,images/2019-09-16-13-03-38/000142.png,labels/2019-09-16-13-03-38/000142.txt
2019-09-16-13-03-38_000143,2019-09-16-13-03-38,000143,train,range_angle,images/2019-09-16-13-03-38/000143.png,labels/2019-09-16-13-03-38/000143.txt
2019-09-16-13-03-38_000144,2019-09-16-13-03-38,000144,train,range_angle,images/2019-09-16-13-03-38/000144.png,labels/2019-09-16-13-03-38/000144.txt
2019-09-16-13-03-38_000145,2019-09-16-13-03-38,000145,train,range_angle,images/2019-09-16-13-03-38/000145.png,labels/2019-09-16-13-03-38/000145.txt
2019-09-16-13-03-38_000146,2019-09-16-13-03-38,000146,train,range_angle,images/2019-09-16-13-03-38/000146.png,labels/2019-09-16-13-03-38/000146.txt
2019-09-16-13-03-38_000147,2019-09-16-13-03-38,000147,train,range_angle,images/2019-09-16-13-03-38/000147.png,labels/2019-09-16-13-03-38/000147.txt
2019-09-16-13-03-38_000148,2019-09-16-13-03-38,000148,train,range_angle,images/2019-09-16-13-03-38/000148.png,labels/2019-09-16-13-03-38/000148.txt
2019-09-16-13-03-38_000149,2019-09-16-13-03-38,000149,train,range_angle,images/2019-09-16-13-03-38/000149.png,labels/2019-09-16-13-03-38/000149.txt
2019-09-16-13-03-38_000150,2019-09-16-13-03-38,000150,train,range_angle,images/2019-09-16-13-03-38/000150.png,labels/2019-09-16-13-03-38/000150.txt
2019-09-16-13-03-38_000151,2019-09-16-13-03-38,000151,train,range_angle,images/2019-09-16-13-03-38/000151.png,labels/2019-09-16-13-03-38/000151.txt
2019-09-16-13-03-38_000152,2019-09-16-13-03-38,000152,train,range_angle,images/2019-09-16-13-03-38/000152.png,labels/2019-09-16-13-03-38/000152.txt
2019-09-16-13-03-38_000153,2019-09-16-13-03-38,000153,train,range_angle,images/2019-09-16-13-03-38/000153.png,labels/2019-09-16-13-03-38/000153.txt
2019-09-16-13-03-38_000154,2019-09-16-13-03-38,000154,train,range_angle,images/2019-09-16-13-03-38/000154.png,labels/2019-09-16-13-03-38/000154.txt
2019-09-16-13-03-38_000155,2019-09-16-13-03-38,000155,train,range_angle,images/2019-09-16-13-03-38/000155.png,labels/2019-09-16-13-03-38/000155.txt
2019-09-16-13-03-38_000156,2019-09-16-13-03-38,000156,train,range_angle,images/2019-09-16-13-03-38/000156.png,labels/2019-09-16-13-03-38/000156.txt
2019-09-16-13-03-38_000157,2019-09-16-13-03-38,000157,train,range_angle,images/2019-09-16-13-03-38/000157.png,labels/2019-09-16-13-03-38/000157.txt
2019-09-16-13-03-38_000158,2019-09-16-13-03-38,000158,train,range_angle,images/2019-09-16-13-03-38/000158.png,labels/2019-09-16-13-03-38/000158.txt
2019-09-16-13-03-38_000159,2019-09-16-13-03-38,000159,train,range_angle,images/2019-09-16-13-03-38/000159.png,labels/2019-09-16-13-03-38/000159.txt
2019-09-16-13-03-38_000160,2019-09-16-13-03-38,000160,train,range_angle,images/2019-09-16-13-03-38/000160.png,labels/2019-09-16-13-03-38/000160.txt
2019-09-16-13-03-38_000161,2019-09-16-13-03-38,000161,train,range_angle,images/2019-09-16-13-03-38/000161.png,labels/2019-09-16-13-03-38/000161.txt
2019-09-16-13-03-38_000162,2019-09-16-13-03-38,000162,train,range_angle,images/2019-09-16-13-03-38/000162.png,labels/2019-09-16-13-03-38/000162.txt
2019-09-16-13-03-38_000163,2019-09-16-13-03-38,000163,train,range_angle,images/2019-09-16-13-03-38/000163.png,labels/2019-09-16-13-03-38/000163.txt
2019-09-16-13-03-38_000164,2019-09-16-13-03-38,000164,train,range_angle,images/2019-09-16-13-03-38/000164.png,labels/2019-09-16-13-03-38/000164.txt
2019-09-16-13-03-38_000165,2019-09-16-13-03-38,000165,train,range_angle,images/2019-09-16-13-03-38/000165.png,labels/2019-09-16-13-03-38/000165.txt
2019-09-16-13-03-38_000166,2019-09-16-13-03-38,000166,train,range_angle,images/2019-09-16-13-03-38/000166.png,labels/2019-09-16-13-03-38/000166.txt
2019-09-16-13-03-38_000167,2019-09-16-13-03-38,000167,train,range_angle,images/2019-09-16-13-03-38/000167.png,labels/2019-09-16-13-03-38/000167.txt
2019-09-16-13-03-38_000168,2019-09-16-13-03-38,000168,train,range_angle,images/2019-09-16-13-03-38/000168.png,labels/2019-09-16-13-03-38/000168.txt
2019-09-16-13-03-38_000169,2019-09-16-13-03-38,000169,train,range_angle,images/2019-09-16-13-03-38/000169.png,labels/2019-09-16-13-03-38/000169.txt
2019-09-16-13-03-38_000170,2019-09-16-13-03-38,000170,train,range_angle,images/2019-09-16-13-03-38/000170.png,labels/2019-09-16-13-03-38/000170.txt
2019-09-16-13-03-38_000171,2019-09-16-13-03-38,000171,train,range_angle,images/2019-09-16-13-03-38/000171.png,labels/2019-09-16-13-03-38/000171.txt
2019-09-16-13-03-38_000172,2019-09-16-13-03-38,000172,train,range_angle,images/2019-09-16-13-03-38/000172.png,labels/2019-09-16-13-03-38/000172.txt
2019-09-16-13-03-38_000173,2019-09-16-13-03-38,000173,train,range_angle,images/2019-09-16-13-03-38/000173.png,labels/2019-09-16-13-03-38/000173.txt
2019-09-16-13-03-38_000174,2019-09-16-13-03-38,000174,train,range_angle,images/2019-09-16-13-03-38/000174.png,labels/2019-09-16-13-03-38/000174.txt
2019-09-16-13-03-38_000175,2019-09-16-13-03-38,000175,train,range_angle,images/2019-09-16-13-03-38/000175.png,labels/2019-09-16-13-03-38/000175.txt
2019-09-16-13-03-38_000176,2019-09-16-13-03-38,000176,train,range_angle,images/2019-09-16-13-03-38/000176.png,labels/2019-09-16-13-03-38/000176.txt
2019-09-16-13-03-38_000177,2019-09-16-13-03-38,000177,train,range_angle,images/2019-09-16-13-03-38/000177.png,labels/2019-09-16-13-03-38/000177.txt
2019-09-16-13-03-38_000178,2019-09-16-13-03-38,000178,train,range_angle,images/2019-09-16-13-03-38/000178.png,labels/2019-09-16-13-03-38/000178.txt
2019-09-16-13-03-38_000179,2019-09-16-13-03-38,000179,train,range_angle,images/2019-09-16-13-03-38/000179.png,labels/2019-09-16-13-03-38/000179.txt
2019-09-16-13-03-38_000180,2019-09-16-13-03-38,000180,train,range_angle,images/2019-09-16-13-03-38/000180.png,labels/2019-09-16-13-03-38/000180.txt
2019-09-16-13-03-38_000181,2019-09-16-13-03-38,000181,train,range_angle,images/2019-09-16-13-03-38/000181.png,labels/2019-09-16-13-03-38/000181.txt
2019-09-16-13-03-38_000182,2019-09-16-13-03-38,000182,train,range_angle,images/2019-09-16-13-03-38/000182.png,labels/2019-09-16-13-03-38/000182.txt
2019-09-16-13-03-38_000183,2019-09-16-13-03-38,000183,train,range_angle,images/2019-09-16-13-03-38/000183.png,labels/2019-09-16-13-03-38/000183.txt
2019-09-16-13-03-38_000184,2019-09-16-13-03-38,000184,train,range_angle,images/2019-09-16-13-03-38/000184.png,labels/2019-09-16-13-03-38/000184.txt
2019-09-16-13-03-38_000185,2019-09-16-13-03-38,000185,train,range_angle,images/2019-09-16-13-03-38/000185.png,labels/2019-09-16-13-03-38/000185.txt
2019-09-16-13-03-38_000186,2019-09-16-13-03-38,000186,train,range_angle,images/2019-09-16-13-03-38/000186.png,labels/2019-09-16-13-03-38/000186.txt
2019-09-16-13-03-38_000187,2019-09-16-13-03-38,000187,train,range_angle,images/2019-09-16-13-03-38/000187.png,labels/2019-09-16-13-03-38/000187.txt
2019-09-16-13-03-38_000188,2019-09-16-13-03-38,000188,train,range_angle,images/2019-09-16-13-03-38/000188.png,labels/2019-09-16-13-03-38/000188.txt
2019-09-16-13-03-38_000189,2019-09-16-13-03-38,000189,train,range_angle,images/2019-09-16-13-03-38/000189.png,labels/2019-09-16-13-03-38/000189.txt
2019-09-16-13-03-38_000190,2019-09-16-13-03-38,000190,train,range_angle,images/2019-09-16-13-03-38/000190.png,labels/2019-09-16-13-03-38/000190.txt
2019-09-16-13-03-38_000191,2019-09-16-13-03-38,000191,train,range_angle,images/2019-09-16-13-03-38/000191.png,labels/2019-09-16-13-03-38/000191.txt
2019-09-16-13-03-38_000192,2019-09-16-13-03-38,000192,train,range_angle,images/2019-09-16-13-03-38/000192.png,labels/2019-09-16-13-03-38/000192.txt
2019-09-16-13-03-38_000193,2019-09-16-13-03-38,000193,train,range_angle,images/2019-09-16-13-03-38/000193.png,labels/2019-09-16-13-03-38/000193.txt
2019-09-16-13-03-38_000194,2019-09-16-13-03-38,000194,train,range_angle,images/2019-09-16-13-03-38/000194.png,labels/2019-09-16-13-03-38/000194.txt
2019-09-16-13-03-38_000195,2019-09-16-13-03-38,000195,train,range_angle,images/2019-09-16-13-03-38/000195.png,labels/2019-09-16-13-03-38/000195.txt
2019-09-16-13-03-38_000196,2019-09-16-13-03-38,000196,train,range_angle,images/2019-09-16-13-03-38/000196.png,labels/2019-09-16-13-03-38/000196.txt
2019-09-16-13-03-38_000197,2019-09-16-13-03-38,000197,train,range_angle,images/2019-09-16-13-03-38/000197.png,labels/2019-09-16-13-03-38/000197.txt
2019-09-16-13-03-38_000198,2019-09-16-13-03-38,000198,train,range_angle,images/2019-09-16-13-03-38/000198.png,labels/2019-09-16-13-03-38/000198.txt
2019-09-16-13-03-38_000199,2019-09-16-13-03-38,000199,train,range_angle,images/2019-09-16-13-03-38/000199.png,labels/2019-09-16-13-03-38/000199.txt
2019-09-16-13-03-38_000200,2019-09-16-13-03-38,000200,train,range_angle,images/2019-09-16-13-03-38/000200.png,labels/2019-09-16-13-03-38/000200.txt
2019-09-16-13-03-38_000201,2019-09-16-13-03-38,000201,train,range_angle,images/2019-09-16-13-03-38/000201.png,labels/2019-09-16-13-03-38/000201.txt
2019-09-16-13-03-38_000202,2019-09-16-13-03-38,000202,train,range_angle,images/2019-09-16-13-03-38/000202.png,labels/2019-09-16-13-03-38/000202.txt
2019-09-16-13-03-38_000203,2019-09-16-13-03-38,000203,train,range_angle,images/2019-09-16-13-03-38/000203.png,labels/2019-09-16-13-03-38/000203.txt
2019-09-16-13-03-38_000204,2019-09-16-13-03-38,000204,train,range_angle,images/2019-09-16-13-03-38/000204.png,labels/2019-09-16-13-03-38/000204.txt
2019-09-16-13-03-38_000205,2019-09-16-13-03-38,000205,train,range_angle,images/2019-09-16-13-03-38/000205.png,labels/2019-09-16-13-03-38/000205.txt
2019-09-16-13-03-38_000206,2019-09-16-13-03-38,000206,train,range_angle,images/2019-09-16-13-03-38/000206.png,labels/2019-09-16-13-03-38/000206.txt
2019-09-16-13-03-38_000207,2019-09-16-13-03-38,000207,train,range_angle,images/2019-09-16-13-03-38/000207.png,labels/2019-09-16-13-03-38/000207.txt
2019-09-16-13-03-38_000208,2019-09-16-13-03-38,000208,train,range_angle,images/2019-09-16-13-03-38/000208.png,labels/2019-09-16-13-03-38/000208.txt
2019-09-16-13-03-38_000209,2019-09-16-13-03-38,000209,train,range_angle,images/2019-09-16-13-03-38/000209.png,labels/2019-09-16-13-03-38/000209.txt
2019-09-16-13-03-38_000210,2019-09-16-13-03-38,000210,train,range_angle,images/2019-09-16-13-03-38/000210.png,labels/2019-09-16-13-03-38/000210.txt
2019-09-16-13-03-38_000211,2019-09-16-13-03-38,000211,train,range_angle,images/2019-09-16-13-03-38/000211.png,labels/2019-09-16-13-03-38/000211.txt
2019-09-16-13-03-38_000212,2019-09-16-13-03-38,000212,train,range_angle,images/2019-09-16-13-03-38/000212.png,labels/2019-09-16-13-03-38/000212.txt
2019-09-16-13-03-38_000213,2019-09-16-13-03-38,000213,train,range_angle,images/2019-09-16-13-03-38/000213.png,labels/2019-09-16-13-03-38/000213.txt
2019-09-16-13-03-38_000214,2019-09-16-13-03-38,000214,train,range_angle,images/2019-09-16-13-03-38/000214.png,labels/2019-09-16-13-03-38/000214.txt
2019-09-16-13-03-38_000215,2019-09-16-13-03-38,000215,train,range_angle,images/2019-09-16-13-03-38/000215.png,labels/2019-09-16-13-03-38/000215.txt
2019-09-16-13-03-38_000216,2019-09-16-13-03-38,000216,train,range_angle,images/2019-09-16-13-03-38/000216.png,labels/2019-09-16-13-03-38/000216.txt
2019-09-16-13-03-38_000217,2019-09-16-13-03-38,000217,train,range_angle,images/2019-09-16-13-03-38/000217.png,labels/2019-09-16-13-03-38/000217.txt
2019-09-16-13-03-38_000218,2019-09-16-13-03-38,000218,train,range_angle,images/2019-09-16-13-03-38/000218.png,labels/2019-09-16-13-03-38/000218.txt
2019-09-16-13-03-38_000219,2019-09-16-13-03-38,000219,train,range_angle,images/2019-09-16-13-03-38/000219.png,labels/2019-09-16-13-03-38/000219.txt
2019-09-16-13-03-38_000220,2019-09-16-13-03-38,000220,train,range_angle,images/2019-09-16-13-03-38/000220.png,labels/2019-09-16-13-03-38/000220.txt
2019-09-16-13-03-38_000221,2019-09-16-13-03-38,000221,train,range_angle,images/2019-09-16-13-03-38/000221.png,labels/2019-09-16-13-03-38/000221.txt
2019-09-16-13-03-38_000222,2019-09-16-13-03-38,000222,train,range_angle,images/2019-09-16-13-03-38/000222.png,labels/2019-09-16-13-03-38/000222.txt
2019-09-16-13-03-38_000223,2019-09-16-13-03-38,000223,train,range_angle,images/2019-09-16-13-03-38/000223.png,labels/2019-09-16-13-03-38/000223.txt
2019-09-16-13-03-38_000224,2019-09-16-13-03-38,000224,train,range_angle,images/2019-09-16-13-03-38/000224.png,labels/2019-09-16-13-03-38/000224.txt
2019-09-16-13-03-38_000225,2019-09-16-13-03-38,000225,train,range_angle,images/2019-09-16-13-03-38/000225.png,labels/2019-09-16-13-03-38/000225.txt
2019-09-16-13-03-38_000226,2019-09-16-13-03-38,000226,train,range_angle,images/2019-09-16-13-03-38/000226.png,labels/2019-09-16-13-03-38/000226.txt
2019-09-16-13-03-38_000227,2019-09-16-13-03-38,000227,train,range_angle,images/2019-09-16-13-03-38/000227.png,labels/2019-09-16-13-03-38/000227.txt
2019-09-16-13-03-38_000228,2019-09-16-13-03-38,000228,train,range_angle,images/2019-09-16-13-03-38/000228.png,labels/2019-09-16-13-03-38/000228.txt
2019-09-16-13-03-38_000229,2019-09-16-13-03-38,000229,train,range_angle,images/2019-09-16-13-03-38/000229.png,labels/2019-09-16-13-03-38/000229.txt
2019-09-16-13-03-38_000230,2019-09-16-13-03-38,000230,train,range_angle,images/2019-09-16-13-03-38/000230.png,labels/2019-09-16-13-03-38/000230.txt
2019-09-16-13-03-38_000231,2019-09-16-13-03-38,000231,train,range_angle,images/2019-09-16-13-03-38/000231.png,labels/2019-09-16-13-03-38/000231.txt
2019-09-16-13-03-38_000232,2019-09-16-13-03-38,000232,train,range_angle,images/2019-09-16-13-03-38/000232.png,labels/2019-09-16-13-03-38/000232.txt
2019-09-16-13-03-38_000233,2019-09-16-13-03-38,000233,train,range_angle,images/2019-09-16-13-03-38/000233.png,labels/2019-09-16-13-03-38/000233.txt
2019-09-16-13-03-38_000234,2019-09-16-13-03-38,000234,train,range_angle,images/2019-09-16-13-03-38/000234.png,labels/2019-09-16-13-03-38/000234.txt
2019-09-16-13-03-38_000235,2019-09-16-13-03-38,000235,train,range_angle,images/2019-09-16-13-03-38/000235.png,labels/2019-09-16-13-03-38/000235.txt
2019-09-16-13-03-38_000236,2019-09-16-13-03-38,000236,train,range_angle,images/2019-09-16-13-03-38/000236.png,labels/2019-09-16-13-03-38/000236.txt
2019-09-16-13-03-38_000237,2019-09-16-13-03-38,000237,train,range_angle,images/2019-09-16-13-03-38/000237.png,labels/2019-09-16-13-03-38/000237.txt
2019-09-16-13-03-38_000238,2019-09-16-13-03-38,000238,train,range_angle,images/2019-09-16-13-03-38/000238.png,labels/2019-09-16-13-03-38/000238.txt
2019-09-16-13-03-38_000239,2019-09-16-13-03-38,000239,train,range_angle,images/2019-09-16-13-03-38/000239.png,labels/2019-09-16-13-03-38/000239.txt
2019-09-16-13-03-38_000240,2019-09-16-13-03-38,000240,train,range_angle,images/2019-09-16-13-03-38/000240.png,labels/2019-09-16-13-03-38/000240.txt
2019-09-16-13-03-38_000241,2019-09-16-13-03-38,000241,train,range_angle,images/2019-09-16-13-03-38/000241.png,labels/2019-09-16-13-03-38/000241.txt
2019-09-16-13-03-38_000242,2019-09-16-13-03-38,000242,train,range_angle,images/2019-09-16-13-03-38/000242.png,labels/2019-09-16-13-03-38/000242.txt
2019-09-16-13-03-38_000243,2019-09-16-13-03-38,000243,train,range_angle,images/2019-09-16-13-03-38/000243.png,labels/2019-09-16-13-03-38/000243.txt
2019-09-16-13-03-38_000244,2019-09-16-13-03-38,000244,train,range_angle,images/2019-09-16-13-03-38/000244.png,labels/2019-09-16-13-03-38/000244.txt
2019-09-16-13-03-38_000245,2019-09-16-13-03-38,000245,train,range_angle,images/2019-09-16-13-03-38/000245.png,labels/2019-09-16-13-03-38/000245.txt
2019-09-16-13-03-38_000246,2019-09-16-13-03-38,000246,train,range_angle,images/2019-09-16-13-03-38/000246.png,labels/2019-09-16-13-03-38/000246.txt
2019-09-16-13-03-38_000247,2019-09-16-13-03-38,000247,train,range_angle,images/2019-09-16-13-03-38/000247.png,labels/2019-09-16-13-03-38/000247.txt
2019-09-16-13-03-38_000248,2019-09-16-13-03-38,000248,train,range_angle,images/2019-09-16-13-03-38/000248.png,labels/2019-09-16-13-03-38/000248.txt
2019-09-16-13-03-38_000249,2019-09-16-13-03-38,000249,train,range_angle,images/2019-09-16-13-03-38/000249.png,labels/2019-09-16-13-03-38/000249.txt
2019-09-16-13-03-38_000250,2019-09-16-13-03-38,000250,train,range_angle,images/2019-09-16-13-03-38/000250.png,labels/2019-09-16-13-03-38/000250.txt
2019-09-16-13-03-38_000251,2019-09-16-13-03-38,000251,train,range_angle,images/2019-09-16-13-03-38/000251.png,labels/2019-09-16-13-03-38/000251.txt
2019-09-16-13-03-38_000252,2019-09-16-13-03-38,000252,train,range_angle,images/2019-09-16-13-03-38/000252.png,labels/2019-09-16-13-03-38/000252.txt
2019-09-16-13-03-38_000253,2019-09-16-13-03-38,000253,train,range_angle,images/2019-09-16-13-03-38/000253.png,labels/2019-09-16-13-03-38/000253.txt
2019-09-16-13-03-38_000254,2019-09-16-13-03-38,000254,train,range_angle,images/2019-09-16-13-03-38/000254.png,labels/2019-09-16-13-03-38/000254.txt
2019-09-16-13-03-38_000255,2019-09-16-13-03-38,000255,train,range_angle,images/2019-09-16-13-03-38/000255.png,labels/2019-09-16-13-03-38/000255.txt
2019-09-16-13-03-38_000256,2019-09-16-13-03-38,000256,train,range_angle,images/2019-09-16-13-03-38/000256.png,labels/2019-09-16-13-03-38/000256.txt
2019-09-16-13-03-38_000257,2019-09-16-13-03-38,000257,train,range_angle,images/2019-09-16-13-03-38/000257.png,labels/2019-09-16-13-03-38/000257.txt
2019-09-16-13-03-38_000258,2019-09-16-13-03-38,000258,train,range_angle,images/2019-09-16-13-03-38/000258.png,labels/2019-09-16-13-03-38/000258.txt
2019-09-16-13-03-38_000259,2019-09-16-13-03-38,000259,train,range_angle,images/2019-09-16-13-03-38/000259.png,labels/2019-09-16-13-03-38/000259.txt
2019-09-16-13-03-38_000260,2019-09-16-13-03-38,000260,train,range_angle,images/2019-09-16-13-03-38/000260.png,labels/2019-09-16-13-03-38/000260.txt
2019-09-16-13-03-38_000261,2019-09-16-13-03-38,000261,train,range_angle,images/2019-09-16-13-03-38/000261.png,labels/2019-09-16-13-03-38/000261.txt
2019-09-16-13-03-38_000262,2019-09-16-13-03-38,000262,train,range_angle,images/2019-09-16-13-03-38/000262.png,labels/2019-09-16-13-03-38/000262.txt
2019-09-16-13-03-38_000263,2019-09-16-13-03-38,000263,train,range_angle,images/2019-09-16-13-03-38/000263.png,labels/2019-09-16-13-03-38/000263.txt
2019-09-16-13-03-38_000264,2019-09-16-13-03-38,000264,train,range_angle,images/2019-09-16-13-03-38/000264.png,labels/2019-09-16-13-03-38/000264.txt
2019-09-16-13-03-38_000265,2019-09-16-13-03-38,000265,train,range_angle,images/2019-09-16-13-03-38/000265.png,labels/2019-09-16-13-03-38/000265.txt
2019-09-16-13-03-38_000266,2019-09-16-13-03-38,000266,train,range_angle,images/2019-09-16-13-03-38/000266.png,labels/2019-09-16-13-03-38/000266.txt
2019-09-16-13-03-38_000267,2019-09-16-13-03-38,000267,train,range_angle,images/2019-09-16-13-03-38/000267.png,labels/2019-09-16-13-03-38/000267.txt
2019-09-16-13-03-38_000268,2019-09-16-13-03-38,000268,train,range_angle,images/2019-09-16-13-03-38/000268.png,labels/2019-09-16-13-03-38/000268.txt
2019-09-16-13-03-38_000269,2019-09-16-13-03-38,000269,train,range_angle,images/2019-09-16-13-03-38/000269.png,labels/2019-09-16-13-03-38/000269.txt
2019-09-16-13-03-38_000270,2019-09-16-13-03-38,000270,train,range_angle,images/2019-09-16-13-03-38/000270.png,labels/2019-09-16-13-03-38/000270.txt
2019-09-16-13-03-38_000271,2019-09-16-13-03-38,000271,train,range_angle,images/2019-09-16-13-03-38/000271.png,labels/2019-09-16-13-03-38/000271.txt
2019-09-16-13-03-38_000272,2019-09-16-13-03-38,000272,train,range_angle,images/2019-09-16-13-03-38/000272.png,labels/2019-09-16-13-03-38/000272.txt
2019-09-16-13-03-38_000273,2019-09-16-13-03-38,000273,train,range_angle,images/2019-09-16-13-03-38/000273.png,labels/2019-09-16-13-03-38/000273.txt
2019-09-16-13-03-38_000274,2019-09-16-13-03-38,000274,train,range_angle,images/2019-09-16-13-03-38/000274.png,labels/2019-09-16-13-03-38/000274.txt
2019-09-16-13-03-38_000275,2019-09-16-13-03-38,000275,train,range_angle,images/2019-09-16-13-03-38/000275.png,labels/2019-09-16-13-03-38/000275.txt
2019-09-16-13-03-38_000276,2019-09-16-13-03-38,000276,train,range_angle,images/2019-09-16-13-03-38/000276.png,labels/2019-09-16-13-03-38/000276.txt
2019-09-16-13-03-38_000277,2019-09-16-13-03-38,000277,train,range_angle,images/2019-09-16-13-03-38/000277.png,labels/2019-09-16-13-03-38/000277.txt
2019-09-16-13-03-38_000278,2019-09-16-13-03-38,000278,train,range_angle,images/2019-09-16-13-03-38/000278.png,labels/2019-09-16-13-03-38/000278.txt
2019-09-16-13-03-38_000279,2019-09-16-13-03-38,000279,train,range_angle,images/2019-09-16-13-03-38/000279.png,labels/2019-09-16-13-03-38/000279.txt
2019-09-16-13-03-38_000280,2019-09-16-13-03-38,000280,train,range_angle,images/2019-09-16-13-03-38/000280.png,labels/2019-09-16-13-03-38/000280.txt
2019-09-16-13-03-38_000281,2019-09-16-13-03-38,000281,train,range_angle,images/2019-09-16-13-03-38/000281.png,labels/2019-09-16-13-03-38/000281.txt
2019-09-16-13-03-38_000282,2019-09-16-13-03-38,000282,train,range_angle,images/2019-09-16-13-03-38/000282.png,labels/2019-09-16-13-03-38/000282.txt
2019-09-16-13-03-38_000283,2019-09-16-13-03-38,000283,train,range_angle,images/2019-09-16-13-03-38/000283.png,labels/2019-09-16-13-03-38/000283.txt
2019-09-16-13-03-38_000284,2019-09-16-13-03-38,000284,train,range_angle,images/2019-09-16-13-03-38/000284.png,labels/2019-09-16-13-03-38/000284.txt
2019-09-16-13-03-38_000285,2019-09-16-13-03-38,000285,train,range_angle,images/2019-09-16-13-03-38/000285.png,labels/2019-09-16-13-03-38/000285.txt
2019-09-16-13-03-38_000286,2019-09-16-13-03-38,000286,train,range_angle,images/2019-09-16-13-03-38/000286.png,labels/2019-09-16-13-03-38/000286.txt
2019-09-16-13-03-38_000287,2019-09-16-13-03-38,000287,train,range_angle,images/2019-09-16-13-03-38/000287.png,labels/2019-09-16-13-03-38/000287.txt
2019-09-16-13-03-38_000288,2019-09-16-13-03-38,000288,train,range_angle,images/2019-09-16-13-03-38/000288.png,labels/2019-09-16-13-03-38/000288.txt
2019-09-16-13-03-38_000289,2019-09-16-13-03-38,000289,train,range_angle,images/2019-09-16-13-03-38/000289.png,labels/2019-09-16-13-03-38/000289.txt
2019-09-16-13-03-38_000290,2019-09-16-13-03-38,000290,train,range_angle,images/2019-09-16-13-03-38/000290.png,labels/2019-09-16-13-03-38/000290.txt
2019-09-16-13-03-38_000291,2019-09-16-13-03-38,000291,train,range_angle,images/2019-09-16-13-03-38/000291.png,labels/2019-09-16-13-03-38/000291.txt
2019-09-16-13-03-38_000292,2019-09-16-13-03-38,000292,train,range_angle,images/2019-09-16-13-03-38/000292.png,labels/2019-09-16-13-03-38/000292.txt
2019-09-16-13-03-38_000293,2019-09-16-13-03-38,000293,train,range_angle,images/2019-09-16-13-03-38/000293.png,labels/2019-09-16-13-03-38/000293.txt
2019-09-16-13-03-38_000294,2019-09-16-13-03-38,000294,train,range_angle,images/2019-09-16-13-03-38/000294.png,labels/2019-09-16-13-03-38/000294.txt
2019-09-16-13-03-38_000295,2019-09-16-13-03-38,000295,train,range_angle,images/2019-09-16-13-03-38/000295.png,labels/2019-09-16-13-03-38/000295.txt
2019-09-16-13-03-38_000296,2019-09-16-13-03-38,000296,train,range_angle,images/2019-09-16-13-03-38/000296.png,labels/2019-09-16-13-03-38/000296.txt
2019-09-16-13-03-38_000297,2019-09-16-13-03-38,000297,train,range_angle,images/2019-09-16-13-03-38/000297.png,labels/2019-09-16-13-03-38/000297.txt
2019-09-16-13-03-38_000298,2019-09-16-13-03-38,000298,train,range_angle,images/2019-09-16-13-03-38/000298.png,labels/2019-09-16-13-03-38/000298.txt
2019-09-16-13-03-38_000299,2019-09-16-13-03-38,000299,train,range_angle,images/2019-09-16-13-03-38/000299.png,labels/2019-09-16-13-03-38/000299.txt
2019-09-16-13-03-38_000300,2019-09-16-13-03-38,000300,train,range_angle,images/2019-09-16-13-03-38/000300.png,labels/2019-09-16-13-03-38/000300.txt
2019-09-16-13-03-38_000301,2019-09-16-13-03-38,000301,train,range_angle,images/2019-09-16-13-03-38/000301.png,labels/2019-09-16-13-03-38/000301.txt
2019-09-16-13-03-38_000302,2019-09-16-13-03-38,000302,train,range_angle,images/2019-09-16-13-03-38/000302.png,labels/2019-09-16-13-03-38/000302.txt
2019-09-16-13-03-38_000303,2019-09-16-13-03-38,000303,train,range_angle,images/2019-09-16-13-03-38/000303.png,labels/2019-09-16-13-03-38/000303.txt
2019-09-16-13-03-38_000304,2019-09-16-13-03-38,000304,train,range_angle,images/2019-09-16-13-03-38/000304.png,labels/2019-09-16-13-03-38/000304.txt
2019-09-16-13-03-38_000305,2019-09-16-13-03-38,000305,train,range_angle,images/2019-09-16-13-03-38/000305.png,labels/2019-09-16-13-03-38/000305.txt
2019-09-16-13-03-38_000306,2019-09-16-13-03-38,000306,train,range_angle,images/2019-09-16-13-03-38/000306.png,labels/2019-09-16-13-03-38/000306.txt
2019-09-16-13-03-38_000307,2019-09-16-13-03-38,000307,train,range_angle,images/2019-09-16-13-03-38/000307.png,labels/2019-09-16-13-03-38/000307.txt
2019-09-16-13-03-38_000308,2019-09-16-13-03-38,000308,train,range_angle,images/2019-09-16-13-03-38/000308.png,labels/2019-09-16-13-03-38/000308.txt
2019-09-16-13-03-38_000309,2019-09-16-13-03-38,000309,train,range_angle,images/2019-09-16-13-03-38/000309.png,labels/2019-09-16-13-03-38/000309.txt
2019-09-16-13-03-38_000310,2019-09-16-13-03-38,000310,train,range_angle,images/2019-09-16-13-03-38/000310.png,labels/2019-09-16-13-03-38/000310.txt
2019-09-16-13-03-38_000311,2019-09-16-13-03-38,000311,train,range_angle,images/2019-09-16-13-03-38/000311.png,labels/2019-09-16-13-03-38/000311.txt
2019-09-16-13-03-38_000312,2019-09-16-13-03-38,000312,train,range_angle,images/2019-09-16-13-03-38/000312.png,labels/2019-09-16-13-03-38/000312.txt
2019-09-16-13-03-38_000313,2019-09-16-13-03-38,000313,train,range_angle,images/2019-09-16-13-03-38/000313.png,labels/2019-09-16-13-03-38/000313.txt
2019-09-16-13-03-38_000314,2019-09-16-13-03-38,000314,train,range_angle,images/2019-09-16-13-03-38/000314.png,labels/2019-09-16-13-03-38/000314.txt
2019-09-16-13-03-38_000315,2019-09-16-13-03-38,000315,train,range_angle,images/2019-09-16-13-03-38/000315.png,labels/2019-09-16-13-03-38/000315.txt
2019-09-16-13-03-38_000316,2019-09-16-13-03-38,000316,train,range_angle,images/2019-09-16-13-03-38/000316.png,labels/2019-09-16-13-03-38/000316.txt
2019-09-16-13-03-38_000317,2019-09-16-13-03-38,000317,train,range_angle,images/2019-09-16-13-03-38/000317.png,labels/2019-09-16-13-03-38/000317.txt
2019-09-16-13-03-38_000318,2019-09-16-13-03-38,000318,train,range_angle,images/2019-09-16-13-03-38/000318.png,labels/2019-09-16-13-03-38/000318.txt
2019-09-16-13-03-38_000319,2019-09-16-13-03-38,000319,train,range_angle,images/2019-09-16-13-03-38/000319.png,labels/2019-09-16-13-03-38/000319.txt
2019-09-16-13-03-38_000320,2019-09-16-13-03-38,000320,train,range_angle,images/2019-09-16-13-03-38/000320.png,labels/2019-09-16-13-03-38/000320.txt
2019-09-16-13-03-38_000321,2019-09-16-13-03-38,000321,train,range_angle,images/2019-09-16-13-03-38/000321.png,labels/2019-09-16-13-03-38/000321.txt
2019-09-16-13-03-38_000322,2019-09-16-13-03-38,000322,train,range_angle,images/2019-09-16-13-03-38/000322.png,labels/2019-09-16-13-03-38/000322.txt
2019-09-16-13-03-38_000323,2019-09-16-13-03-38,000323,train,range_angle,images/2019-09-16-13-03-38/000323.png,labels/2019-09-16-13-03-38/000323.txt
2019-09-16-13-03-38_000324,2019-09-16-13-03-38,000324,train,range_angle,images/2019-09-16-13-03-38/000324.png,labels/2019-09-16-13-03-38/000324.txt
2019-09-16-13-03-38_000325,2019-09-16-13-03-38,000325,train,range_angle,images/2019-09-16-13-03-38/000325.png,labels/2019-09-16-13-03-38/000325.txt
2019-09-16-13-03-38_000326,2019-09-16-13-03-38,000326,train,range_angle,images/2019-09-16-13-03-38/000326.png,labels/2019-09-16-13-03-38/000326.txt
2019-09-16-13-03-38_000327,2019-09-16-13-03-38,000327,train,range_angle,images/2019-09-16-13-03-38/000327.png,labels/2019-09-16-13-03-38/000327.txt
2019-09-16-13-03-38_000328,2019-09-16-13-03-38,000328,train,range_angle,images/2019-09-16-13-03-38/000328.png,labels/2019-09-16-13-03-38/000328.txt
2019-09-16-13-03-38_000329,2019-09-16-13-03-38,000329,train,range_angle,images/2019-09-16-13-03-38/000329.png,labels/2019-09-16-13-03-38/000329.txt
2019-09-16-13-03-38_000330,2019-09-16-13-03-38,000330,train,range_angle,images/2019-09-16-13-03-38/000330.png,labels/2019-09-16-13-03-38/000330.txt
2019-09-16-13-03-38_000331,2019-09-16-13-03-38,000331,train,range_angle,images/2019-09-16-13-03-38/000331.png,labels/2019-09-16-13-03-38/000331.txt
2019-09-16-13-03-38_000332,2019-09-16-13-03-38,000332,train,range_angle,images/2019-09-16-13-03-38/000332.png,labels/2019-09-16-13-03-38/000332.txt
2019-09-16-13-03-38_000333,2019-09-16-13-03-38,000333,train,range_angle,images/2019-09-16-13-03-38/000333.png,labels/2019-09-16-13-03-38/000333.txt
2019-09-16-13-03-38_000334,2019-09-16-13-03-38,000334,train,range_angle,images/2019-09-16-13-03-38/000334.png,labels/2019-09-16-13-03-38/000334.txt
2019-09-16-13-03-38_000335,2019-09-16-13-03-38,000335,train,range_angle,images/2019-09-16-13-03-38/000335.png,labels/2019-09-16-13-03-38/000335.txt
2019-09-16-13-03-38_000336,2019-09-16-13-03-38,000336,train,range_angle,images/2019-09-16-13-03-38/000336.png,labels/2019-09-16-13-03-38/000336.txt
2019-09-16-13-03-38_000337,2019-09-16-13-03-38,000337,train,range_angle,images/2019-09-16-13-03-38/000337.png,labels/2019-09-16-13-03-38/000337.txt
2019-09-16-13-03-38_000338,2019-09-16-13-03-38,000338,train,range_angle,images/2019-09-16-13-03-38/000338.png,labels/2019-09-16-13-03-38/000338.txt
2019-09-16-13-03-38_000339,2019-09-16-13-03-38,000339,train,range_angle,images/2019-09-16-13-03-38/000339.png,labels/2019-09-16-13-03-38/000339.txt
2019-09-16-13-03-38_000340,2019-09-16-13-03-38,000340,train,range_angle,images/2019-09-16-13-03-38/000340.png,labels/2019-09-16-13-03-38/000340.txt
2019-09-16-13-03-38_000341,2019-09-16-13-03-38,000341,train,range_angle,images/2019-09-16-13-03-38/000341.png,labels/2019-09-16-13-03-38/000341.txt
2019-09-16-13-03-38_000342,2019-09-16-13-03-38,000342,train,range_angle,images/2019-09-16-13-03-38/000342.png,labels/2019-09-16-13-03-38/000342.txt
2019-09-16-13-03-38_000343,2019-09-16-13-03-38,000343,train,range_angle,images/2019-09-16-13-03-38/000343.png,labels/2019-09-16-13-03-38/000343.txt
2019-09-16-13-03-38_000344,2019-09-16-13-03-38,000344,train,range_angle,images/2019-09-16-13-03-38/000344.png,labels/2019-09-16-13-03-38/000344.txt
2019-09-16-13-03-38_000345,2019-09-16-13-03-38,000345,train,range_angle,images/2019-09-16-13-03-38/000345.png,labels/2019-09-16-13-03-38/000345.txt
2019-09-16-13-03-38_000346,2019-09-16-13-03-38,000346,train,range_angle,images/2019-09-16-13-03-38/000346.png,labels/2019-09-16-13-03-38/000346.txt
2019-09-16-13-03-38_000347,2019-09-16-13-03-38,000347,train,range_angle,images/2019-09-16-13-03-38/000347.png,labels/2019-09-16-13-03-38/000347.txt
2019-09-16-13-03-38_000348,2019-09-16-13-03-38,000348,train,range_angle,images/2019-09-16-13-03-38/000348.png,labels/2019-09-16-13-03-38/000348.txt
2019-09-16-13-03-38_000349,2019-09-16-13-03-38,000349,train,range_angle,images/2019-09-16-13-03-38/000349.png,labels/2019-09-16-13-03-38/000349.txt
2019-09-16-13-03-38_000350,2019-09-16-13-03-38,000350,train,range_angle,images/2019-09-16-13-03-38/000350.png,labels/2019-09-16-13-03-38/000350.txt
2019-09-16-13-03-38_000351,2019-09-16-13-03-38,000351,train,range_angle,images/2019-09-16-13-03-38/000351.png,labels/2019-09-16-13-03-38/000351.txt
2019-09-16-13-03-38_000352,2019-09-16-13-03-38,000352,train,range_angle,images/2019-09-16-13-03-38/000352.png,labels/2019-09-16-13-03-38/000352.txt
2019-09-16-13-03-38_000353,2019-09-16-13-03-38,000353,train,range_angle,images/2019-09-16-13-03-38/000353.png,labels/2019-09-16-13-03-38/000353.txt
2019-09-16-13-03-38_000354,2019-09-16-13-03-38,000354,train,range_angle,images/2019-09-16-13-03-38/000354.png,labels/2019-09-16-13-03-38/000354.txt
2019-09-16-13-03-38_000355,2019-09-16-13-03-38,000355,train,range_angle,images/2019-09-16-13-03-38/000355.png,labels/2019-09-16-13-03-38/000355.txt
2019-09-16-13-03-38_000356,2019-09-16-13-03-38,000356,train,range_angle,images/2019-09-16-13-03-38/000356.png,labels/2019-09-16-13-03-38/000356.txt
2019-09-16-13-03-38_000357,2019-09-16-13-03-38,000357,train,range_angle,images/2019-09-16-13-03-38/000357.png,labels/2019-09-16-13-03-38/000357.txt
2019-09-16-13-03-38_000358,2019-09-16-13-03-38,000358,train,range_angle,images/2019-09-16-13-03-38/000358.png,labels/2019-09-16-13-03-38/000358.txt
2019-09-16-13-03-38_000359,2019-09-16-13-03-38,000359,train,range_angle,images/2019-09-16-13-03-38/000359.png,labels/2019-09-16-13-03-38/000359.txt
2019-09-16-13-03-38_000360,2019-09-16-13-03-38,000360,train,range_angle,images/2019-09-16-13-03-38/000360.png,labels/2019-09-16-13-03-38/000360.txt
2019-09-16-13-03-38_000361,2019-09-16-13-03-38,000361,train,range_angle,images/2019-09-16-13-03-38/000361.png,labels/2019-09-16-13-03-38/000361.txt
2019-09-16-13-03-38_000362,2019-09-16-13-03-38,000362,train,range_angle,images/2019-09-16-13-03-38/000362.png,labels/2019-09-16-13-03-38/000362.txt
2019-09-16-13-03-38_000363,2019-09-16-13-03-38,000363,train,range_angle,images/2019-09-16-13-03-38/000363.png,labels/2019-09-16-13-03-38/000363.txt
2019-09-16-13-03-38_000364,2019-09-16-13-03-38,000364,train,range_angle,images/2019-09-16-13-03-38/000364.png,labels/2019-09-16-13-03-38/000364.txt
2019-09-16-13-03-38_000365,2019-09-16-13-03-38,000365,train,range_angle,images/2019-09-16-13-03-38/000365.png,labels/2019-09-16-13-03-38/000365.txt
2019-09-16-13-03-38_000366,2019-09-16-13-03-38,000366,train,range_angle,images/2019-09-16-13-03-38/000366.png,labels/2019-09-16-13-03-38/000366.txt
2019-09-16-13-03-38_000367,2019-09-16-13-03-38,000367,train,range_angle,images/2019-09-16-13-03-38/000367.png,labels/2019-09-16-13-03-38/000367.txt
2019-09-16-13-03-38_000368,2019-09-16-13-03-38,000368,train,range_angle,images/2019-09-16-13-03-38/000368.png,labels/2019-09-16-13-03-38/000368.txt
2019-09-16-13-03-38_000369,2019-09-16-13-03-38,000369,train,range_angle,images/2019-09-16-13-03-38/000369.png,labels/2019-09-16-13-03-38/000369.txt
2019-09-16-13-03-38_000370,2019-09-16-13-03-38,000370,train,range_angle,images/2019-09-16-13-03-38/000370.png,labels/2019-09-16-13-03-38/000370.txt
2019-09-16-13-03-38_000371,2019-09-16-13-03-38,000371,train,range_angle,images/2019-09-16-13-03-38/000371.png,labels/2019-09-16-13-03-38/000371.txt
2019-09-16-13-03-38_000372,2019-09-16-13-03-38,000372,train,range_angle,images/2019-09-16-13-03-38/000372.png,labels/2019-09-16-13-03-38/000372.txt
2019-09-16-13-03-38_000373,2019-09-16-13-03-38,000373,train,range_angle,images/2019-09-16-13-03-38/000373.png,labels/2019-09-16-13-03-38/000373.txt
2019-09-16-13-03-38_000374,2019-09-16-13-03-38,000374,train,range_angle,images/2019-09-16-13-03-38/000374.png,labels/2019-09-16-13-03-38/000374.txt
2019-09-16-13-03-38_000375,2019-09-16-13-03-38,000375,train,range_angle,images/2019-09-16-13-03-38/000375.png,labels/2019-09-16-13-03-38/000375.txt
2019-09-16-13-03-38_000376,2019-09-16-13-03-38,000376,train,range_angle,images/2019-09-16-13-03-38/000376.png,labels/2019-09-16-13-03-38/000376.txt
2019-09-16-13-03-38_000377,2019-09-16-13-03-38,000377,train,range_angle,images/2019-09-16-13-03-38/000377.png,labels/2019-09-16-13-03-38/000377.txt
2019-09-16-13-03-38_000378,2019-09-16-13-03-38,000378,train,range_angle,images/2019-09-16-13-03-38/000378.png,labels/2019-09-16-13-03-38/000378.txt
2019-09-16-13-03-38_000379,2019-09-16-13-03-38,000379,train,range_angle,images/2019-09-16-13-03-38/000379.png,labels/2019-09-16-13-03-38/000379.txt
2019-09-16-13-03-38_000380,2019-09-16-13-03-38,000380,train,range_angle,images/2019-09-16-13-03-38/000380.png,labels/2019-09-16-13-03-38/000380.txt
2019-09-16-13-03-38_000381,2019-09-16-13-03-38,000381,train,range_angle,images/2019-09-16-13-03-38/000381.png,labels/2019-09-16-13-03-38/000381.txt
2019-09-16-13-03-38_000382,2019-09-16-13-03-38,000382,train,range_angle,images/2019-09-16-13-03-38/000382.png,labels/2019-09-16-13-03-38/000382.txt
2019-09-16-13-03-38_000383,2019-09-16-13-03-38,000383,train,range_angle,images/2019-09-16-13-03-38/000383.png,labels/2019-09-16-13-03-38/000383.txt
2019-09-16-13-03-38_000384,2019-09-16-13-03-38,000384,train,range_angle,images/2019-09-16-13-03-38/000384.png,labels/2019-09-16-13-03-38/000384.txt
2019-09-16-13-03-38_000385,2019-09-16-13-03-38,000385,train,range_angle,images/2019-09-16-13-03-38/000385.png,labels/2019-09-16-13-03-38/000385.txt
2019-09-16-13-03-38_000386,2019-09-16-13-03-38,000386,train,range_angle,images/2019-09-16-13-03-38/000386.png,labels/2019-09-16-13-03-38/000386.txt
2019-09-16-13-03-38_000387,2019-09-16-13-03-38,000387,train,range_angle,images/2019-09-16-13-03-38/000387.png,labels/2019-09-16-13-03-38/000387.txt
2019-09-16-13-03-38_000388,2019-09-16-13-03-38,000388,train,range_angle,images/2019-09-16-13-03-38/000388.png,labels/2019-09-16-13-03-38/000388.txt
2019-09-16-13-03-38_000389,2019-09-16-13-03-38,000389,train,range_angle,images/2019-09-16-13-03-38/000389.png,labels/2019-09-16-13-03-38/000389.txt
2019-09-16-13-03-38_000390,2019-09-16-13-03-38,000390,train,range_angle,images/2019-09-16-13-03-38/000390.png,labels/2019-09-16-13-03-38/000390.txt
2019-09-16-13-03-38_000391,2019-09-16-13-03-38,000391,train,range_angle,images/2019-09-16-13-03-38/000391.png,labels/2019-09-16-13-03-38/000391.txt
2019-09-16-13-03-38_000392,2019-09-16-13-03-38,000392,train,range_angle,images/2019-09-16-13-03-38/000392.png,labels/2019-09-16-13-03-38/000392.txt
2019-09-16-13-03-38_000393,2019-09-16-13-03-38,000393,train,range_angle,images/2019-09-16-13-03-38/000393.png,labels/2019-09-16-13-03-38/000393.txt
2019-09-16-13-03-38_000394,2019-09-16-13-03-38,000394,train,range_angle,images/2019-09-16-13-03-38/000394.png,labels/2019-09-16-13-03-38/000394.txt
2019-09-16-13-03-38_000395,2019-09-16-13-03-38,000395,train,range_angle,images/2019-09-16-13-03-38/000395.png,labels/2019-09-16-13-03-38/000395.txt
2019-09-16-13-03-38_000396,2019-09-16-13-03-38,000396,train,range_angle,images/2019-09-16-13-03-38/000396.png,labels/2019-09-16-13-03-38/000396.txt
2019-09-16-13-03-38_000397,2019-09-16-13-03-38,000397,train,range_angle,images/2019-09-16-13-03-38/000397.png,labels/2019-09-16-13-03-38/000397.txt
2019-09-16-13-03-38_000398,2019-09-16-13-03-38,000398,train,range_angle,images/2019-09-16-13-03-38/000398.png,labels/2019-09-16-13-03-38/000398.txt
2019-09-16-13-03-38_000399,2019-09-16-13-03-38,000399,train,range_angle,images/2019-09-16-13-03-38/000399.png,labels/2019-09-16-13-03-38/000399.txt
2019-09-16-13-03-38_000400,2019-09-16-13-03-38,000400,train,range_angle,images/2019-09-16-13-03-38/000400.png,labels/2019-09-16-13-03-38/000400.txt
2019-09-16-13-03-38_000401,2019-09-16-13-03-38,000401,train,range_angle,images/2019-09-16-13-03-38/000401.png,labels/2019-09-16-13-03-38/000401.txt
2019-09-16-13-03-38_000402,2019-09-16-13-03-38,000402,train,range_angle,images/2019-09-16-13-03-38/000402.png,labels/2019-09-16-13-03-38/000402.txt
2019-09-16-13-03-38_000403,2019-09-16-13-03-38,000403,train,range_angle,images/2019-09-16-13-03-38/000403.png,labels/2019-09-16-13-03-38/000403.txt
2019-09-16-13-03-38_000404,2019-09-16-13-03-38,000404,train,range_angle,images/2019-09-16-13-03-38/000404.png,labels/2019-09-16-13-03-38/000404.txt
2019-09-16-13-03-38_000405,2019-09-16-13-03-38,000405,train,range_angle,images/2019-09-16-13-03-38/000405.png,labels/2019-09-16-13-03-38/000405.txt
2019-09-16-13-03-38_000406,2019-09-16-13-03-38,000406,train,range_angle,images/2019-09-16-13-03-38/000406.png,labels/2019-09-16-13-03-38/000406.txt
2019-09-16-13-03-38_000407,2019-09-16-13-03-38,000407,train,range_angle,images/2019-09-16-13-03-38/000407.png,labels/2019-09-16-13-03-38/000407.txt
2019-09-16-13-03-38_000408,2019-09-16-13-03-38,000408,train,range_angle,images/2019-09-16-13-03-38/000408.png,labels/2019-09-16-13-03-38/000408.txt
2019-09-16-13-03-38_000409,2019-09-16-13-03-38,000409,train,range_angle,images/2019-09-16-13-03-38/000409.png,labels/2019-09-16-13-03-38/000409.txt
2019-09-16-13-03-38_000410,2019-09-16-13-03-38,000410,train,range_angle,images/2019-09-16-13-03-38/000410.png,labels/2019-09-16-13-03-38/000410.txt
2019-09-16-13-03-38_000411,2019-09-16-13-03-38,000411,train,range_angle,images/2019-09-16-13-03-38/000411.png,labels/2019-09-16-13-03-38/000411.txt
2019-09-16-13-03-38_000412,2019-09-16-13-03-38,000412,train,range_angle,images/2019-09-16-13-03-38/000412.png,labels/2019-09-16-13-03-38/000412.txt
2019-09-16-13-03-38_000413,2019-09-16-13-03-38,000413,train,range_angle,images/2019-09-16-13-03-38/000413.png,labels/2019-09-16-13-03-38/000413.txt
2019-09-16-13-03-38_000414,2019-09-16-13-03-38,000414,train,range_angle,images/2019-09-16-13-03-38/000414.png,labels/2019-09-16-13-03-38/000414.txt
2019-09-16-13-03-38_000415,2019-09-16-13-03-38,000415,train,range_angle,images/2019-09-16-13-03-38/000415.png,labels/2019-09-16-13-03-38/000415.txt
2019-09-16-13-03-38_000416,2019-09-16-13-03-38,000416,train,range_angle,images/2019-09-16-13-03-38/000416.png,labels/2019-09-16-13-03-38/000416.txt
2019-09-16-13-03-38_000417,2019-09-16-13-03-38,000417,train,range_angle,images/2019-09-16-13-03-38/000417.png,labels/2019-09-16-13-03-38/000417.txt
2019-09-16-13-03-38_000418,2019-09-16-13-03-38,000418,train,range_angle,images/2019-09-16-13-03-38/000418.png,labels/2019-09-16-13-03-38/000418.txt
2019-09-16-13-03-38_000419,2019-09-16-13-03-38,000419,train,range_angle,images/2019-09-16-13-03-38/000419.png,labels/2019-09-16-13-03-38/000419.txt
2019-09-16-13-03-38_000420,2019-09-16-13-03-38,000420,train,range_angle,images/2019-09-16-13-03-38/000420.png,labels/2019-09-16-13-03-38/000420.txt
2019-09-16-13-03-38_000421,2019-09-16-13-03-38,000421,train,range_angle,images/2019-09-16-13-03-38/000421.png,labels/2019-09-16-13-03-38/000421.txt
2019-09-16-13-03-38_000422,2019-09-16-13-03-38,000422,train,range_angle,images/2019-09-16-13-03-38/000422.png,labels/2019-09-16-13-03-38/000422.txt
2019-09-16-13-03-38_000423,2019-09-16-13-03-38,000423,train,range_angle,images/2019-09-16-13-03-38/000423.png,labels/2019-09-16-13-03-38/000423.txt
2019-09-16-13-03-38_000424,2019-09-16-13-03-38,000424,train,range_angle,images/2019-09-16-13-03-38/000424.png,labels/2019-09-16-13-03-38/000424.txt
2019-09-16-13-03-38_000425,2019-09-16-13-03-38,000425,train,range_angle,images/2019-09-16-13-03-38/000425.png,labels/2019-09-16-13-03-38/000425.txt
2019-09-16-13-03-38_000426,2019-09-16-13-03-38,000426,train,range_angle,images/2019-09-16-13-03-38/000426.png,labels/2019-09-16-13-03-38/000426.txt
2019-09-16-13-03-38_000427,2019-09-16-13-03-38,000427,train,range_angle,images/2019-09-16-13-03-38/000427.png,labels/2019-09-16-13-03-38/000427.txt
2019-09-16-13-03-38_000428,2019-09-16-13-03-38,000428,train,range_angle,images/2019-09-16-13-03-38/000428.png,labels/2019-09-16-13-03-38/000428.txt
2019-09-16-13-03-38_000429,2019-09-16-13-03-38,000429,train,range_angle,images/2019-09-16-13-03-38/000429.png,labels/2019-09-16-13-03-38/000429.txt
2019-09-16-13-03-38_000430,2019-09-16-13-03-38,000430,train,range_angle,images/2019-09-16-13-03-38/000430.png,labels/2019-09-16-13-03-38/000430.txt
2019-09-16-13-03-38_000431,2019-09-16-13-03-38,000431,train,range_angle,images/2019-09-16-13-03-38/000431.png,labels/2019-09-16-13-03-38/000431.txt
2019-09-16-13-03-38_000432,2019-09-16-13-03-38,000432,train,range_angle,images/2019-09-16-13-03-38/000432.png,labels/2019-09-16-13-03-38/000432.txt
2019-09-16-13-03-38_000433,2019-09-16-13-03-38,000433,train,range_angle,images/2019-09-16-13-03-38/000433.png,labels/2019-09-16-13-03-38/000433.txt
2019-09-16-13-03-38_000434,2019-09-16-13-03-38,000434,train,range_angle,images/2019-09-16-13-03-38/000434.png,labels/2019-09-16-13-03-38/000434.txt
2019-09-16-13-03-38_000435,2019-09-16-13-03-38,000435,train,range_angle,images/2019-09-16-13-03-38/000435.png,labels/2019-09-16-13-03-38/000435.txt
2019-09-16-13-03-38_000436,2019-09-16-13-03-38,000436,train,range_angle,images/2019-09-16-13-03-38/000436.png,labels/2019-09-16-13-03-38/000436.txt
2019-09-16-13-03-38_000437,2019-09-16-13-03-38,000437,train,range_angle,images/2019-09-16-13-03-38/000437.png,labels/2019-09-16-13-03-38/000437.txt
2019-09-16-13-03-38_000438,2019-09-16-13-03-38,000438,train,range_angle,images/2019-09-16-13-03-38/000438.png,labels/2019-09-16-13-03-38/000438.txt
2019-09-16-13-03-38_000439,2019-09-16-13-03-38,000439,train,range_angle,images/2019-09-16-13-03-38/000439.png,labels/2019-09-16-13-03-38/000439.txt
2019-09-16-13-03-38_000440,2019-09-16-13-03-38,000440,train,range_angle,images/2019-09-16-13-03-38/000440.png,labels/2019-09-16-13-03-38/000440.txt
2019-09-16-13-03-38_000441,2019-09-16-13-03-38,000441,train,range_angle,images/2019-09-16-13-03-38/000441.png,labels/2019-09-16-13-03-38/000441.txt
2019-09-16-13-03-38_000442,2019-09-16-13-03-38,000442,train,range_angle,images/2019-09-16-13-03-38/000442.png,labels/2019-09-16-13-03-38/000442.txt
2019-09-16-13-03-38_000443,2019-09-16-13-03-38,000443,train,range_angle,images/2019-09-16-13-03-38/000443.png,labels/2019-09-16-13-03-38/000443.txt
2019-09-16-13-03-38_000444,2019-09-16-13-03-38,000444,train,range_angle,images/2019-09-16-13-03-38/000444.png,labels/2019-09-16-13-03-38/000444.txt
2019-09-16-13-03-38_000445,2019-09-16-13-03-38,000445,train,range_angle,images/2019-09-16-13-03-38/000445.png,labels/2019-09-16-13-03-38/000445.txt
2019-09-16-13-03-38_000446,2019-09-16-13-03-38,000446,train,range_angle,images/2019-09-16-13-03-38/000446.png,labels/2019-09-16-13-03-38/000446.txt
2019-09-16-13-03-38_000447,2019-09-16-13-03-38,000447,train,range_angle,images/2019-09-16-13-03-38/000447.png,labels/2019-09-16-13-03-38/000447.txt
2019-09-16-13-03-38_000448,2019-09-16-13-03-38,000448,train,range_angle,images/2019-09-16-13-03-38/000448.png,labels/2019-09-16-13-03-38/000448.txt
2019-09-16-13-03-38_000449,2019-09-16-13-03-38,000449,train,range_angle,images/2019-09-16-13-03-38/000449.png,labels/2019-09-16-13-03-38/000449.txt
2019-09-16-13-03-38_000450,2019-09-16-13-03-38,000450,train,range_angle,images/2019-09-16-13-03-38/000450.png,labels/2019-09-16-13-03-38/000450.txt
2019-09-16-13-03-38_000451,2019-09-16-13-03-38,000451,train,range_angle,images/2019-09-16-13-03-38/000451.png,labels/2019-09-16-13-03-38/000451.txt
2019-09-16-13-03-38_000452,2019-09-16-13-03-38,000452,train,range_angle,images/2019-09-16-13-03-38/000452.png,labels/2019-09-16-13-03-38/000452.txt
2019-09-16-13-03-38_000453,2019-09-16-13-03-38,000453,train,range_angle,images/2019-09-16-13-03-38/000453.png,labels/2019-09-16-13-03-38/000453.txt
2019-09-16-13-03-38_000454,2019-09-16-13-03-38,000454,train,range_angle,images/2019-09-16-13-03-38/000454.png,labels/2019-09-16-13-03-38/000454.txt
2019-09-16-13-03-38_000455,2019-09-16-13-03-38,000455,train,range_angle,images/2019-09-16-13-03-38/000455.png,labels/2019-09-16-13-03-38/000455.txt
2019-09-16-13-03-38_000456,2019-09-16-13-03-38,000456,train,range_angle,images/2019-09-16-13-03-38/000456.png,labels/2019-09-16-13-03-38/000456.txt
2019-09-16-13-03-38_000457,2019-09-16-13-03-38,000457,train,range_angle,images/2019-09-16-13-03-38/000457.png,labels/2019-09-16-13-03-38/000457.txt
2019-09-16-13-03-38_000458,2019-09-16-13-03-38,000458,train,range_angle,images/2019-09-16-13-03-38/000458.png,labels/2019-09-16-13-03-38/000458.txt
2019-09-16-13-03-38_000459,2019-09-16-13-03-38,000459,train,range_angle,images/2019-09-16-13-03-38/000459.png,labels/2019-09-16-13-03-38/000459.txt
2019-09-16-13-03-38_000460,2019-09-16-13-03-38,000460,train,range_angle,images/2019-09-16-13-03-38/000460.png,labels/2019-09-16-13-03-38/000460.txt
2019-09-16-13-03-38_000461,2019-09-16-13-03-38,000461,train,range_angle,images/2019-09-16-13-03-38/000461.png,labels/2019-09-16-13-03-38/000461.txt
2019-09-16-13-03-38_000462,2019-09-16-13-03-38,000462,train,range_angle,images/2019-09-16-13-03-38/000462.png,labels/2019-09-16-13-03-38/000462.txt
2019-09-16-13-03-38_000463,2019-09-16-13-03-38,000463,train,range_angle,images/2019-09-16-13-03-38/000463.png,labels/2019-09-16-13-03-38/000463.txt
2019-09-16-13-03-38_000464,2019-09-16-13-03-38,000464,train,range_angle,images/2019-09-16-13-03-38/000464.png,labels/2019-09-16-13-03-38/000464.txt
2019-09-16-13-03-38_000465,2019-09-16-13-03-38,000465,train,range_angle,images/2019-09-16-13-03-38/000465.png,labels/2019-09-16-13-03-38/000465.txt
2019-09-16-13-03-38_000466,2019-09-16-13-03-38,000466,train,range_angle,images/2019-09-16-13-03-38/000466.png,labels/2019-09-16-13-03-38/000466.txt
2019-09-16-13-03-38_000467,2019-09-16-13-03-38,000467,train,range_angle,images/2019-09-16-13-03-38/000467.png,labels/2019-09-16-13-03-38/000467.txt
2019-09-16-13-03-38_000468,2019-09-16-13-03-38,000468,train,range_angle,images/2019-09-16-13-03-38/000468.png,labels/2019-09-16-13-03-38/000468.txt
2019-09-16-13-03-38_000469,2019-09-16-13-03-38,000469,train,range_angle,images/2019-09-16-13-03-38/000469.png,labels/2019-09-16-13-03-38/000469.txt
2019-09-16-13-03-38_000470,2019-09-16-13-03-38,000470,train,range_angle,images/2019-09-16-13-03-38/000470.png,labels/2019-09-16-13-03-38/000470.txt
2019-09-16-13-03-38_000471,2019-09-16-13-03-38,000471,train,range_angle,images/2019-09-16-13-03-38/000471.png,labels/2019-09-16-13-03-38/000471.txt
2019-09-16-13-03-38_000472,2019-09-16-13-03-38,000472,train,range_angle,images/2019-09-16-13-03-38/000472.png,labels/2019-09-16-13-03-38/000472.txt
2019-09-16-13-03-38_000473,2019-09-16-13-03-38,000473,train,range_angle,images/2019-09-16-13-03-38/000473.png,labels/2019-09-16-13-03-38/000473.txt
2019-09-16-13-03-38_000474,2019-09-16-13-03-38,000474,train,range_angle,images/2019-09-16-13-03-38/000474.png,labels/2019-09-16-13-03-38/000474.txt
2019-09-16-13-03-38_000475,2019-09-16-13-03-38,000475,train,range_angle,images/2019-09-16-13-03-38/000475.png,labels/2019-09-16-13-03-38/000475.txt
2019-09-16-13-03-38_000476,2019-09-16-13-03-38,000476,train,range_angle,images/2019-09-16-13-03-38/000476.png,labels/2019-09-16-13-03-38/000476.txt
2019-09-16-13-03-38_000477,2019-09-16-13-03-38,000477,train,range_angle,images/2019-09-16-13-03-38/000477.png,labels/2019-09-16-13-03-38/000477.txt
2019-09-16-13-03-38_000478,2019-09-16-13-03-38,000478,train,range_angle,images/2019-09-16-13-03-38/000478.png,labels/2019-09-16-13-03-38/000478.txt
2019-09-16-13-03-38_000479,2019-09-16-13-03-38,000479,train,range_angle,images/2019-09-16-13-03-38/000479.png,labels/2019-09-16-13-03-38/000479.txt
2019-09-16-13-03-38_000480,2019-09-16-13-03-38,000480,train,range_angle,images/2019-09-16-13-03-38/000480.png,labels/2019-09-16-13-03-38/000480.txt
2019-09-16-13-03-38_000481,2019-09-16-13-03-38,000481,train,range_angle,images/2019-09-16-13-03-38/000481.png,labels/2019-09-16-13-03-38/000481.txt
2019-09-16-13-03-38_000482,2019-09-16-13-03-38,000482,train,range_angle,images/2019-09-16-13-03-38/000482.png,labels/2019-09-16-13-03-38/000482.txt
2019-09-16-13-03-38_000483,2019-09-16-13-03-38,000483,train,range_angle,images/2019-09-16-13-03-38/000483.png,labels/2019-09-16-13-03-38/000483.txt
2019-09-16-13-03-38_000484,2019-09-16-13-03-38,000484,train,range_angle,images/2019-09-16-13-03-38/000484.png,labels/2019-09-16-13-03-38/000484.txt
2019-09-16-13-03-38_000485,2019-09-16-13-03-38,000485,train,range_angle,images/2019-09-16-13-03-38/000485.png,labels/2019-09-16-13-03-38/000485.txt
2019-09-16-13-03-38_000486,2019-09-16-13-03-38,000486,train,range_angle,images/2019-09-16-13-03-38/000486.png,labels/2019-09-16-13-03-38/000486.txt
2019-09-16-13-03-38_000487,2019-09-16-13-03-38,000487,train,range_angle,images/2019-09-16-13-03-38/000487.png,labels/2019-09-16-13-03-38/000487.txt
2019-09-16-13-03-38_000488,2019-09-16-13-03-38,000488,train,range_angle,images/2019-09-16-13-03-38/000488.png,labels/2019-09-16-13-03-38/000488.txt
2019-09-16-13-03-38_000489,2019-09-16-13-03-38,000489,train,range_angle,images/2019-09-16-13-03-38/000489.png,labels/2019-09-16-13-03-38/000489.txt
2019-09-16-13-03-38_000490,2019-09-16-13-03-38,000490,train,range_angle,images/2019-09-16-13-03-38/000490.png,labels/2019-09-16-13-03-38/000490.txt
2019-09-16-13-03-38_000491,2019-09-16-13-03-38,000491,train,range_angle,images/2019-09-16-13-03-38/000491.png,labels/2019-09-16-13-03-38/000491.txt
2019-09-16-13-03-38_000492,2019-09-16-13-03-38,000492,train,range_angle,images/2019-09-16-13-03-38/000492.png,labels/2019-09-16-13-03-38/000492.txt
2019-09-16-13-03-38_000493,2019-09-16-13-03-38,000493,train,range_angle,images/2019-09-16-13-03-38/000493.png,labels/2019-09-16-13-03-38/000493.txt
2019-09-16-13-03-38_000494,2019-09-16-13-03-38,000494,train,range_angle,images/2019-09-16-13-03-38/000494.png,labels/2019-09-16-13-03-38/000494.txt
2019-09-16-13-03-38_000495,2019-09-16-13-03-38,000495,train,range_angle,images/2019-09-16-13-03-38/000495.png,labels/2019-09-16-13-03-38/000495.txt
2019-09-16-13-03-38_000496,2019-09-16-13-03-38,000496,train,range_angle,images/2019-09-16-13-03-38/000496.png,labels/2019-09-16-13-03-38/000496.txt
2019-09-16-13-03-38_000497,2019-09-16-13-03-38,000497,train,range_angle,images/2019-09-16-13-03-38/000497.png,labels/2019-09-16-13-03-38/000497.txt
2019-09-16-13-03-38_000498,2019-09-16-13-03-38,000498,train,range_angle,images/2019-09-16-13-03-38/000498.png,labels/2019-09-16-13-03-38/000498.txt
2019-09-16-13-03-38_000499,2019-09-16-13-03-38,000499,train,range_angle,images/2019-09-16-13-03-38/000499.png,labels/2019-09-16-13-03-38/000499.txt
2019-09-16-13-03-38_000500,2019-09-16-13-03-38,000500,train,range_angle,images/2019-09-16-13-03-38/000500.png,labels/2019-09-16-13-03-38/000500.txt
2019-09-16-13-03-38_000501,2019-09-16-13-03-38,000501,train,range_angle,images/2019-09-16-13-03-38/000501.png,labels/2019-09-16-13-03-38/000501.txt
2019-09-16-13-03-38_000502,2019-09-16-13-03-38,000502,train,range_angle,images/2019-09-16-13-03-38/000502.png,labels/2019-09-16-13-03-38/000502.txt
2019-09-16-13-03-38_000503,2019-09-16-13-03-38,000503,train,range_angle,images/2019-09-16-13-03-38/000503.png,labels/2019-09-16-13-03-38/000503.txt
2019-09-16-13-03-38_000504,2019-09-16-13-03-38,000504,train,range_angle,images/2019-09-16-13-03-38/000504.png,labels/2019-09-16-13-03-38/000504.txt
2019-09-16-13-03-38_000505,2019-09-16-13-03-38,000505,train,range_angle,images/2019-09-16-13-03-38/000505.png,labels/2019-09-16-13-03-38/000505.txt
2019-09-16-13-03-38_000506,2019-09-16-13-03-38,000506,train,range_angle,images/2019-09-16-13-03-38/000506.png,labels/2019-09-16-13-03-38/000506.txt
2019-09-16-13-03-38_000507,2019-09-16-13-03-38,000507,train,range_angle,images/2019-09-16-13-03-38/000507.png,labels/2019-09-16-13-03-38/000507.txt
2019-09-16-13-03-38_000508,2019-09-16-13-03-38,000508,train,range_angle,images/2019-09-16-13-03-38/000508.png,labels/2019-09-16-13-03-38/000508.txt
2019-09-16-13-03-38_000509,2019-09-16-13-03-38,000509,train,range_angle,images/2019-09-16-13-03-38/000509.png,labels/2019-09-16-13-03-38/000509.txt
2019-09-16-13-03-38_000510,2019-09-16-13-03-38,000510,train,range_angle,images/2019-09-16-13-03-38/000510.png,labels/2019-09-16-13-03-38/000510.txt
2019-09-16-13-03-38_000511,2019-09-16-13-03-38,000511,train,range_angle,images/2019-09-16-13-03-38/000511.png,labels/2019-09-16-13-03-38/000511.txt
2019-09-16-13-03-38_000512,2019-09-16-13-03-38,000512,train,range_angle,images/2019-09-16-13-03-38/000512.png,labels/2019-09-16-13-03-38/000512.txt
2019-09-16-13-03-38_000513,2019-09-16-13-03-38,000513,train,range_angle,images/2019-09-16-13-03-38/000513.png,labels/2019-09-16-13-03-38/000513.txt
2019-09-16-13-03-38_000514,2019-09-16-13-03-38,000514,train,range_angle,images/2019-09-16-13-03-38/000514.png,labels/2019-09-16-13-03-38/000514.txt
2019-09-16-13-03-38_000515,2019-09-16-13-03-38,000515,train,range_angle,images/2019-09-16-13-03-38/000515.png,labels/2019-09-16-13-03-38/000515.txt
2019-09-16-13-03-38_000516,2019-09-16-13-03-38,000516,train,range_angle,images/2019-09-16-13-03-38/000516.png,labels/2019-09-16-13-03-38/000516.txt
2019-09-16-13-03-38_000517,2019-09-16-13-03-38,000517,train,range_angle,images/2019-09-16-13-03-38/000517.png,labels/2019-09-16-13-03-38/000517.txt
2019-09-16-13-03-38_000518,2019-09-16-13-03-38,000518,train,range_angle,images/2019-09-16-13-03-38/000518.png,labels/2019-09-16-13-03-38/000518.txt
2019-09-16-13-03-38_000519,2019-09-16-13-03-38,000519,train,range_angle,images/2019-09-16-13-03-38/000519.png,labels/2019-09-16-13-03-38/000519.txt
2019-09-16-13-03-38_000520,2019-09-16-13-03-38,000520,train,range_angle,images/2019-09-16-13-03-38/000520.png,labels/2019-09-16-13-03-38/000520.txt
2019-09-16-13-03-38_000521,2019-09-16-13-03-38,000521,train,range_angle,images/2019-09-16-13-03-38/000521.png,labels/2019-09-16-13-03-38/000521.txt
2019-09-16-13-03-38_000522,2019-09-16-13-03-38,000522,train,range_angle,images/2019-09-16-13-03-38/000522.png,labels/2019-09-16-13-03-38/000522.txt
2019-09-16-13-03-38_000523,2019-09-16-13-03-38,000523,train,range_angle,images/2019-09-16-13-03-38/000523.png,labels/2019-09-16-13-03-38/000523.txt
2019-09-16-13-03-38_000524,2019-09-16-13-03-38,000524,train,range_angle,images/2019-09-16-13-03-38/000524.png,labels/2019-09-16-13-03-38/000524.txt
2019-09-16-13-03-38_000525,2019-09-16-13-03-38,000525,train,range_angle,images/2019-09-16-13-03-38/000525.png,labels/2019-09-16-13-03-38/000525.txt
2019-09-16-13-03-38_000526,2019-09-16-13-03-38,000526,train,range_angle,images/2019-09-16-13-03-38/000526.png,labels/2019-09-16-13-03-38/000526.txt
2019-09-16-13-03-38_000527,2019-09-16-13-03-38,000527,train,range_angle,images/2019-09-16-13-03-38/000527.png,labels/2019-09-16-13-03-38/000527.txt
2019-09-16-13-03-38_000528,2019-09-16-13-03-38,000528,train,range_angle,images/2019-09-16-13-03-38/000528.png,labels/2019-09-16-13-03-38/000528.txt
2019-09-16-13-03-38_000529,2019-09-16-13-03-38,000529,train,range_angle,images/2019-09-16-13-03-38/000529.png,labels/2019-09-16-13-03-38/000529.txt
2019-09-16-13-03-38_000530,2019-09-16-13-03-38,000530,train,range_angle,images/2019-09-16-13-03-38/000530.png,labels/2019-09-16-13-03-38/000530.txt
2019-09-16-13-03-38_000531,2019-09-16-13-03-38,000531,train,range_angle,images/2019-09-16-13-03-38/000531.png,labels/2019-09-16-13-03-38/000531.txt
2019-09-16-13-03-38_000532,2019-09-16-13-03-38,000532,train,range_angle,images/2019-09-16-13-03-38/000532.png,labels/2019-09-16-13-03-38/000532.txt
2019-09-16-13-03-38_000533,2019-09-16-13-03-38,000533,train,range_angle,images/2019-09-16-13-03-38/000533.png,labels/2019-09-16-13-03-38/000533.txt
2019-09-16-13-03-38_000534,2019-09-16-13-03-38,000534,train,range_angle,images/2019-09-16-13-03-38/000534.png,labels/2019-09-16-13-03-38/000534.txt
2019-09-16-13-03-38_000535,2019-09-16-13-03-38,000535,train,range_angle,images/2019-09-16-13-03-38/000535.png,labels/2019-09-16-13-03-38/000535.txt
2019-09-16-13-03-38_000536,2019-09-16-13-03-38,000536,train,range_angle,images/2019-09-16-13-03-38/000536.png,labels/2019-09-16-13-03-38/000536.txt
2019-09-16-13-03-38_000537,2019-09-16-13-03-38,000537,train,range_angle,images/2019-09-16-13-03-38/000537.png,labels/2019-09-16-13-03-38/000537.txt
2019-09-16-13-03-38_000538,2019-09-16-13-03-38,000538,train,range_angle,images/2019-09-16-13-03-38/000538.png,labels/2019-09-16-13-03-38/000538.txt
2019-09-16-13-03-38_000539,2019-09-16-13-03-38,000539,train,range_angle,images/2019-09-16-13-03-38/000539.png,labels/2019-09-16-13-03-38/000539.txt
2019-09-16-13-03-38_000540,2019-09-16-13-03-38,000540,train,range_angle,images/2019-09-16-13-03-38/000540.png,labels/2019-09-16-13-03-38/000540.txt
2019-09-16-13-03-38_000541,2019-09-16-13-03-38,000541,train,range_angle,images/2019-09-16-13-03-38/000541.png,labels/2019-09-16-13-03-38/000541.txt
2019-09-16-13-03-38_000542,2019-09-16-13-03-38,000542,train,range_angle,images/2019-09-16-13-03-38/000542.png,labels/2019-09-16-13-03-38/000542.txt
2019-09-16-13-03-38_000543,2019-09-16-13-03-38,000543,train,range_angle,images/2019-09-16-13-03-38/000543.png,labels/2019-09-16-13-03-38/000543.txt
2019-09-16-13-03-38_000544,2019-09-16-13-03-38,000544,train,range_angle,images/2019-09-16-13-03-38/000544.png,labels/2019-09-16-13-03-38/000544.txt
2019-09-16-13-03-38_000545,2019-09-16-13-03-38,000545,train,range_angle,images/2019-09-16-13-03-38/000545.png,labels/2019-09-16-13-03-38/000545.txt
2019-09-16-13-03-38_000546,2019-09-16-13-03-38,000546,train,range_angle,images/2019-09-16-13-03-38/000546.png,labels/2019-09-16-13-03-38/000546.txt
2019-09-16-13-03-38_000547,2019-09-16-13-03-38,000547,train,range_angle,images/2019-09-16-13-03-38/000547.png,labels/2019-09-16-13-03-38/000547.txt
2019-09-16-13-03-38_000548,2019-09-16-13-03-38,000548,train,range_angle,images/2019-09-16-13-03-38/000548.png,labels/2019-09-16-13-03-38/000548.txt
2019-09-16-13-03-38_000549,2019-09-16-13-03-38,000549,train,range_angle,images/2019-09-16-13-03-38/000549.png,labels/2019-09-16-13-03-38/000549.txt
2019-09-16-13-03-38_000550,2019-09-16-13-03-38,000550,train,range_angle,images/2019-09-16-13-03-38/000550.png,labels/2019-09-16-13-03-38/000550.txt
2019-09-16-13-03-38_000551,2019-09-16-13-03-38,000551,train,range_angle,images/2019-09-16-13-03-38/000551.png,labels/2019-09-16-13-03-38/000551.txt
2019-09-16-13-03-38_000552,2019-09-16-13-03-38,000552,train,range_angle,images/2019-09-16-13-03-38/000552.png,labels/2019-09-16-13-03-38/000552.txt
2019-09-16-13-03-38_000553,2019-09-16-13-03-38,000553,train,range_angle,images/2019-09-16-13-03-38/000553.png,labels/2019-09-16-13-03-38/000553.txt
2019-09-16-13-03-38_000554,2019-09-16-13-03-38,000554,train,range_angle,images/2019-09-16-13-03-38/000554.png,labels/2019-09-16-13-03-38/000554.txt
2019-09-16-13-03-38_000555,2019-09-16-13-03-38,000555,train,range_angle,images/2019-09-16-13-03-38/000555.png,labels/2019-09-16-13-03-38/000555.txt
2019-09-16-13-03-38_000556,2019-09-16-13-03-38,000556,train,range_angle,images/2019-09-16-13-03-38/000556.png,labels/2019-09-16-13-03-38/000556.txt
2019-09-16-13-03-38_000557,2019-09-16-13-03-38,000557,train,range_angle,images/2019-09-16-13-03-38/000557.png,labels/2019-09-16-13-03-38/000557.txt
2019-09-16-13-03-38_000558,2019-09-16-13-03-38,000558,train,range_angle,images/2019-09-16-13-03-38/000558.png,labels/2019-09-16-13-03-38/000558.txt
2019-09-16-13-03-38_000559,2019-09-16-13-03-38,000559,train,range_angle,images/2019-09-16-13-03-38/000559.png,labels/2019-09-16-13-03-38/000559.txt
2019-09-16-13-03-38_000560,2019-09-16-13-03-38,000560,train,range_angle,images/2019-09-16-13-03-38/000560.png,labels/2019-09-16-13-03-38/000560.txt
2019-09-16-13-03-38_000561,2019-09-16-13-03-38,000561,train,range_angle,images/2019-09-16-13-03-38/000561.png,labels/2019-09-16-13-03-38/000561.txt
2019-09-16-13-03-38_000562,2019-09-16-13-03-38,000562,train,range_angle,images/2019-09-16-13-03-38/000562.png,labels/2019-09-16-13-03-38/000562.txt
2019-09-16-13-03-38_000563,2019-09-16-13-03-38,000563,train,range_angle,images/2019-09-16-13-03-38/000563.png,labels/2019-09-16-13-03-38/000563.txt
2019-09-16-13-03-38_000564,2019-09-16-13-03-38,000564,train,range_angle,images/2019-09-16-13-03-38/000564.png,labels/2019-09-16-13-03-38/000564.txt
2019-09-16-13-03-38_000565,2019-09-16-13-03-38,000565,train,range_angle,images/2019-09-16-13-03-38/000565.png,labels/2019-09-16-13-03-38/000565.txt
2019-09-16-13-03-38_000566,2019-09-16-13-03-38,000566,train,range_angle,images/2019-09-16-13-03-38/000566.png,labels/2019-09-16-13-03-38/000566.txt
2019-09-16-13-03-38_000567,2019-09-16-13-03-38,000567,train,range_angle,images/2019-09-16-13-03-38/000567.png,labels/2019-09-16-13-03-38/000567.txt
2019-09-16-13-03-38_000568,2019-09-16-13-03-38,000568,train,range_angle,images/2019-09-16-13-03-38/000568.png,labels/2019-09-16-13-03-38/000568.txt
2019-09-16-13-03-38_000569,2019-09-16-13-03-38,000569,train,range_angle,images/2019-09-16-13-03-38/000569.png,labels/2019-09-16-13-03-38/000569.txt
2019-09-16-13-03-38_000570,2019-09-16-13-03-38,000570,train,range_angle,images/2019-09-16-13-03-38/000570.png,labels/2019-09-16-13-03-38/000570.txt
2019-09-16-13-03-38_000571,2019-09-16-13-03-38,000571,train,range_angle,images/2019-09-16-13-03-38/000571.png,labels/2019-09-16-13-03-38/000571.txt
2019-09-16-13-03-38_000572,2019-09-16-13-03-38,000572,train,range_angle,images/2019-09-16-13-03-38/000572.png,labels/2019-09-16-13-03-38/000572.txt
2019-09-16-13-03-38_000573,2019-09-16-13-03-38,000573,train,range_angle,images/2019-09-16-13-03-38/000573.png,labels/2019-09-16-13-03-38/000573.txt
2019-09-16-13-03-38_000574,2019-09-16-13-03-38,000574,train,range_angle,images/2019-09-16-13-03-38/000574.png,labels/2019-09-16-13-03-38/000574.txt
2019-09-16-13-03-38_000575,2019-09-16-13-03-38,000575,train,range_angle,images/2019-09-16-13-03-38/000575.png,labels/2019-09-16-13-03-38/000575.txt
2019-09-16-13-03-38_000576,2019-09-16-13-03-38,000576,train,range_angle,images/2019-09-16-13-03-38/000576.png,labels/2019-09-16-13-03-38/000576.txt
2019-09-16-13-03-38_000577,2019-09-16-13-03-38,000577,train,range_angle,images/2019-09-16-13-03-38/000577.png,labels/2019-09-16-13-03-38/000577.txt
2019-09-16-13-03-38_000578,2019-09-16-13-03-38,000578,train,range_angle,images/2019-09-16-13-03-38/000578.png,labels/2019-09-16-13-03-38/000578.txt
2019-09-16-13-03-38_000579,2019-09-16-13-03-38,000579,train,range_angle,images/2019-09-16-13-03-38/000579.png,labels/2019-09-16-13-03-38/000579.txt
2019-09-16-13-03-38_000580,2019-09-16-13-03-38,000580,train,range_angle,images/2019-09-16-13-03-38/000580.png,labels/2019-09-16-13-03-38/000580.txt
2019-09-16-13-03-38_000581,2019-09-16-13-03-38,000581,train,range_angle,images/2019-09-16-13-03-38/000581.png,labels/2019-09-16-13-03-38/000581.txt
2019-09-16-13-03-38_000582,2019-09-16-13-03-38,000582,train,range_angle,images/2019-09-16-13-03-38/000582.png,labels/2019-09-16-13-03-38/000582.txt
2019-09-16-13-03-38_000583,2019-09-16-13-03-38,000583,train,range_angle,images/2019-09-16-13-03-38/000583.png,labels/2019-09-16-13-03-38/000583.txt
2019-09-16-13-03-38_000584,2019-09-16-13-03-38,000584,train,range_angle,images/2019-09-16-13-03-38/000584.png,labels/2019-09-16-13-03-38/000584.txt
2019-09-16-13-03-38_000585,2019-09-16-13-03-38,000585,train,range_angle,images/2019-09-16-13-03-38/000585.png,labels/2019-09-16-13-03-38/000585.txt
2019-09-16-13-03-38_000586,2019-09-16-13-03-38,000586,train,range_angle,images/2019-09-16-13-03-38/000586.png,labels/2019-09-16-13-03-38/000586.txt
2019-09-16-13-03-38_000587,2019-09-16-13-03-38,000587,train,range_angle,images/2019-09-16-13-03-38/000587.png,labels/2019-09-16-13-03-38/000587.txt
2019-09-16-13-03-38_000588,2019-09-16-13-03-38,000588,train,range_angle,images/2019-09-16-13-03-38/000588.png,labels/2019-09-16-13-03-38/000588.txt
2019-09-16-13-03-38_000589,2019-09-16-13-03-38,000589,train,range_angle,images/2019-09-16-13-03-38/000589.png,labels/2019-09-16-13-03-38/000589.txt
2019-09-16-13-03-38_000590,2019-09-16-13-03-38,000590,train,range_angle,images/2019-09-16-13-03-38/000590.png,labels/2019-09-16-13-03-38/000590.txt
2019-09-16-13-03-38_000591,2019-09-16-13-03-38,000591,train,range_angle,images/2019-09-16-13-03-38/000591.png,labels/2019-09-16-13-03-38/000591.txt
2019-09-16-13-03-38_000592,2019-09-16-13-03-38,000592,train,range_angle,images/2019-09-16-13-03-38/000592.png,labels/2019-09-16-13-03-38/000592.txt
2019-09-16-13-03-38_000593,2019-09-16-13-03-38,000593,train,range_angle,images/2019-09-16-13-03-38/000593.png,labels/2019-09-16-13-03-38/000593.txt
2019-09-16-13-03-38_000594,2019-09-16-13-03-38,000594,train,range_angle,images/2019-09-16-13-03-38/000594.png,labels/2019-09-16-13-03-38/000594.txt
2019-09-16-13-03-38_000595,2019-09-16-13-03-38,000595,train,range_angle,images/2019-09-16-13-03-38/000595.png,labels/2019-09-16-13-03-38/000595.txt
2019-09-16-13-03-38_000596,2019-09-16-13-03-38,000596,train,range_angle,images/2019-09-16-13-03-38/000596.png,labels/2019-09-16-13-03-38/000596.txt
2019-09-16-13-03-38_000597,2019-09-16-13-03-38,000597,train,range_angle,images/2019-09-16-13-03-38/000597.png,labels/2019-09-16-13-03-38/000597.txt
2019-09-16-13-03-38_000598,2019-09-16-13-03-38,000598,train,range_angle,images/2019-09-16-13-03-38/000598.png,labels/2019-09-16-13-03-38/000598.txt
2019-09-16-13-03-38_000599,2019-09-16-13-03-38,000599,train,range_angle,images/2019-09-16-13-03-38/000599.png,labels/2019-09-16-13-03-38/000599.txt
2019-09-16-13-03-38_000600,2019-09-16-13-03-38,000600,train,range_angle,images/2019-09-16-13-03-38/000600.png,labels/2019-09-16-13-03-38/000600.txt
2019-09-16-13-03-38_000601,2019-09-16-13-03-38,000601,train,range_angle,images/2019-09-16-13-03-38/000601.png,labels/2019-09-16-13-03-38/000601.txt
2019-09-16-13-03-38_000602,2019-09-16-13-03-38,000602,train,range_angle,images/2019-09-16-13-03-38/000602.png,labels/2019-09-16-13-03-38/000602.txt
2019-09-16-13-03-38_000603,2019-09-16-13-03-38,000603,train,range_angle,images/2019-09-16-13-03-38/000603.png,labels/2019-09-16-13-03-38/000603.txt
2019-09-16-13-03-38_000604,2019-09-16-13-03-38,000604,train,range_angle,images/2019-09-16-13-03-38/000604.png,labels/2019-09-16-13-03-38/000604.txt
2019-09-16-13-03-38_000605,2019-09-16-13-03-38,000605,train,range_angle,images/2019-09-16-13-03-38/000605.png,labels/2019-09-16-13-03-38/000605.txt
2019-09-16-13-03-38_000606,2019-09-16-13-03-38,000606,train,range_angle,images/2019-09-16-13-03-38/000606.png,labels/2019-09-16-13-03-38/000606.txt
2019-09-16-13-03-38_000607,2019-09-16-13-03-38,000607,train,range_angle,images/2019-09-16-13-03-38/000607.png,labels/2019-09-16-13-03-38/000607.txt
2019-09-16-13-03-38_000608,2019-09-16-13-03-38,000608,train,range_angle,images/2019-09-16-13-03-38/000608.png,labels/2019-09-16-13-03-38/000608.txt
2019-09-16-13-03-38_000609,2019-09-16-13-03-38,000609,train,range_angle,images/2019-09-16-13-03-38/000609.png,labels/2019-09-16-13-03-38/000609.txt
2019-09-16-13-03-38_000610,2019-09-16-13-03-38,000610,train,range_angle,images/2019-09-16-13-03-38/000610.png,labels/2019-09-16-13-03-38/000610.txt
2019-09-16-13-03-38_000611,2019-09-16-13-03-38,000611,train,range_angle,images/2019-09-16-13-03-38/000611.png,labels/2019-09-16-13-03-38/000611.txt
2019-09-16-13-03-38_000612,2019-09-16-13-03-38,000612,train,range_angle,images/2019-09-16-13-03-38/000612.png,labels/2019-09-16-13-03-38/000612.txt
2019-09-16-13-03-38_000613,2019-09-16-13-03-38,000613,train,range_angle,images/2019-09-16-13-03-38/000613.png,labels/2019-09-16-13-03-38/000613.txt
2019-09-16-13-03-38_000614,2019-09-16-13-03-38,000614,train,range_angle,images/2019-09-16-13-03-38/000614.png,labels/2019-09-16-13-03-38/000614.txt
2019-09-16-13-03-38_000615,2019-09-16-13-03-38,000615,train,range_angle,images/2019-09-16-13-03-38/000615.png,labels/2019-09-16-13-03-38/000615.txt
2019-09-16-13-03-38_000616,2019-09-16-13-03-38,000616,train,range_angle,images/2019-09-16-13-03-38/000616.png,labels/2019-09-16-13-03-38/000616.txt
2019-09-16-13-03-38_000617,2019-09-16-13-03-38,000617,train,range_angle,images/2019-09-16-13-03-38/000617.png,labels/2019-09-16-13-03-38/000617.txt
2019-09-16-13-03-38_000618,2019-09-16-13-03-38,000618,train,range_angle,images/2019-09-16-13-03-38/000618.png,labels/2019-09-16-13-03-38/000618.txt
2019-09-16-13-03-38_000619,2019-09-16-13-03-38,000619,train,range_angle,images/2019-09-16-13-03-38/000619.png,labels/2019-09-16-13-03-38/000619.txt
2019-09-16-13-03-38_000620,2019-09-16-13-03-38,000620,train,range_angle,images/2019-09-16-13-03-38/000620.png,labels/2019-09-16-13-03-38/000620.txt
2019-09-16-13-03-38_000621,2019-09-16-13-03-38,000621,train,range_angle,images/2019-09-16-13-03-38/000621.png,labels/2019-09-16-13-03-38/000621.txt
2019-09-16-13-03-38_000622,2019-09-16-13-03-38,000622,train,range_angle,images/2019-09-16-13-03-38/000622.png,labels/2019-09-16-13-03-38/000622.txt
2019-09-16-13-03-38_000623,2019-09-16-13-03-38,000623,train,range_angle,images/2019-09-16-13-03-38/000623.png,labels/2019-09-16-13-03-38/000623.txt
2019-09-16-13-03-38_000624,2019-09-16-13-03-38,000624,train,range_angle,images/2019-09-16-13-03-38/000624.png,labels/2019-09-16-13-03-38/000624.txt
2019-09-16-13-03-38_000625,2019-09-16-13-03-38,000625,train,range_angle,images/2019-09-16-13-03-38/000625.png,labels/2019-09-16-13-03-38/000625.txt
2019-09-16-13-03-38_000626,2019-09-16-13-03-38,000626,train,range_angle,images/2019-09-16-13-03-38/000626.png,labels/2019-09-16-13-03-38/000626.txt
2019-09-16-13-03-38_000627,2019-09-16-13-03-38,000627,train,range_angle,images/2019-09-16-13-03-38/000627.png,labels/2019-09-16-13-03-38/000627.txt
2019-09-16-13-03-38_000628,2019-09-16-13-03-38,000628,train,range_angle,images/2019-09-16-13-03-38/000628.png,labels/2019-09-16-13-03-38/000628.txt
2019-09-16-13-03-38_000629,2019-09-16-13-03-38,000629,train,range_angle,images/2019-09-16-13-03-38/000629.png,labels/2019-09-16-13-03-38/000629.txt
2019-09-16-13-03-38_000630,2019-09-16-13-03-38,000630,train,range_angle,images/2019-09-16-13-03-38/000630.png,labels/2019-09-16-13-03-38/000630.txt
2019-09-16-13-03-38_000631,2019-09-16-13-03-38,000631,train,range_angle,images/2019-09-16-13-03-38/000631.png,labels/2019-09-16-13-03-38/000631.txt
2019-09-16-13-03-38_000632,2019-09-16-13-03-38,000632,train,range_angle,images/2019-09-16-13-03-38/000632.png,labels/2019-09-16-13-03-38/000632.txt
2019-09-16-13-03-38_000633,2019-09-16-13-03-38,000633,train,range_angle,images/2019-09-16-13-03-38/000633.png,labels/2019-09-16-13-03-38/000633.txt
2019-09-16-13-03-38_000634,2019-09-16-13-03-38,000634,train,range_angle,images/2019-09-16-13-03-38/000634.png,labels/2019-09-16-13-03-38/000634.txt
2019-09-16-13-03-38_000635,2019-09-16-13-03-38,000635,train,range_angle,images/2019-09-16-13-03-38/000635.png,labels/2019-09-16-13-03-38/000635.txt
2019-09-16-13-03-38_000636,2019-09-16-13-03-38,000636,train,range_angle,images/2019-09-16-13-03-38/000636.png,labels/2019-09-16-13-03-38/000636.txt
2019-09-16-13-03-38_000637,2019-09-16-13-03-38,000637,train,range_angle,images/2019-09-16-13-03-38/000637.png,labels/2019-09-16-13-03-38/000637.txt
2019-09-16-13-03-38_000638,2019-09-16-13-03-38,000638,train,range_angle,images/2019-09-16-13-03-38/000638.png,labels/2019-09-16-13-03-38/000638.txt
2019-09-16-13-03-38_000639,2019-09-16-13-03-38,000639,train,range_angle,images/2019-09-16-13-03-38/000639.png,labels/2019-09-16-13-03-38/000639.txt
2019-09-16-13-03-38_000640,2019-09-16-13-03-38,000640,train,range_angle,images/2019-09-16-13-03-38/000640.png,labels/2019-09-16-13-03-38/000640.txt
2019-09-16-13-03-38_000641,2019-09-16-13-03-38,000641,train,range_angle,images/2019-09-16-13-03-38/000641.png,labels/2019-09-16-13-03-38/000641.txt
2019-09-16-13-03-38_000642,2019-09-16-13-03-38,000642,train,range_angle,images/2019-09-16-13-03-38/000642.png,labels/2019-09-16-13-03-38/000642.txt
2019-09-16-13-03-38_000643,2019-09-16-13-03-38,000643,train,range_angle,images/2019-09-16-13-03-38/000643.png,labels/2019-09-16-13-03-38/000643.txt
2019-09-16-13-03-38_000644,2019-09-16-13-03-38,000644,train,range_angle,images/2019-09-16-13-03-38/000644.png,labels/2019-09-16-13-03-38/000644.txt
2019-09-16-13-03-38_000645,2019-09-16-13-03-38,000645,train,range_angle,images/2019-09-16-13-03-38/000645.png,labels/2019-09-16-13-03-38/000645.txt
2019-09-16-13-03-38_000646,2019-09-16-13-03-38,000646,train,range_angle,images/2019-09-16-13-03-38/000646.png,labels/2019-09-16-13-03-38/000646.txt
2019-09-16-13-03-38_000647,2019-09-16-13-03-38,000647,train,range_angle,images/2019-09-16-13-03-38/000647.png,labels/2019-09-16-13-03-38/000647.txt
2019-09-16-13-03-38_000648,2019-09-16-13-03-38,000648,train,range_angle,images/2019-09-16-13-03-38/000648.png,labels/2019-09-16-13-03-38/000648.txt
2019-09-16-13-03-38_000649,2019-09-16-13-03-38,000649,train,range_angle,images/2019-09-16-13-03-38/000649.png,labels/2019-09-16-13-03-38/000649.txt
2019-09-16-13-03-38_000650,2019-09-16-13-03-38,000650,train,range_angle,images/2019-09-16-13-03-38/000650.png,labels/2019-09-16-13-03-38/000650.txt
2019-09-16-13-03-38_000651,2019-09-16-13-03-38,000651,train,range_angle,images/2019-09-16-13-03-38/000651.png,labels/2019-09-16-13-03-38/000651.txt
2019-09-16-13-03-38_000652,2019-09-16-13-03-38,000652,train,range_angle,images/2019-09-16-13-03-38/000652.png,labels/2019-09-16-13-03-38/000652.txt
2019-09-16-13-03-38_000653,2019-09-16-13-03-38,000653,train,range_angle,images/2019-09-16-13-03-38/000653.png,labels/2019-09-16-13-03-38/000653.txt
2019-09-16-13-03-38_000654,2019-09-16-13-03-38,000654,train,range_angle,images/2019-09-16-13-03-38/000654.png,labels/2019-09-16-13-03-38/000654.txt
2019-09-16-13-03-38_000655,2019-09-16-13-03-38,000655,train,range_angle,images/2019-09-16-13-03-38/000655.png,labels/2019-09-16-13-03-38/000655.txt
2019-09-16-13-03-38_000656,2019-09-16-13-03-38,000656,train,range_angle,images/2019-09-16-13-03-38/000656.png,labels/2019-09-16-13-03-38/000656.txt
2019-09-16-13-03-38_000657,2019-09-16-13-03-38,000657,train,range_angle,images/2019-09-16-13-03-38/000657.png,labels/2019-09-16-13-03-38/000657.txt
2019-09-16-13-03-38_000658,2019-09-16-13-03-38,000658,train,range_angle,images/2019-09-16-13-03-38/000658.png,labels/2019-09-16-13-03-38/000658.txt
2019-09-16-13-03-38_000659,2019-09-16-13-03-38,000659,train,range_angle,images/2019-09-16-13-03-38/000659.png,labels/2019-09-16-13-03-38/000659.txt
2019-09-16-13-03-38_000660,2019-09-16-13-03-38,000660,train,range_angle,images/2019-09-16-13-03-38/000660.png,labels/2019-09-16-13-03-38/000660.txt
2019-09-16-13-03-38_000661,2019-09-16-13-03-38,000661,train,range_angle,images/2019-09-16-13-03-38/000661.png,labels/2019-09-16-13-03-38/000661.txt
2019-09-16-13-03-38_000662,2019-09-16-13-03-38,000662,train,range_angle,images/2019-09-16-13-03-38/000662.png,labels/2019-09-16-13-03-38/000662.txt
2019-09-16-13-03-38_000663,2019-09-16-13-03-38,000663,train,range_angle,images/2019-09-16-13-03-38/000663.png,labels/2019-09-16-13-03-38/000663.txt
2019-09-16-13-03-38_000664,2019-09-16-13-03-38,000664,train,range_angle,images/2019-09-16-13-03-38/000664.png,labels/2019-09-16-13-03-38/000664.txt
2019-09-16-13-03-38_000665,2019-09-16-13-03-38,000665,train,range_angle,images/2019-09-16-13-03-38/000665.png,labels/2019-09-16-13-03-38/000665.txt
2019-09-16-13-03-38_000666,2019-09-16-13-03-38,000666,train,range_angle,images/2019-09-16-13-03-38/000666.png,labels/2019-09-16-13-03-38/000666.txt
2019-09-16-13-03-38_000667,2019-09-16-13-03-38,000667,train,range_angle,images/2019-09-16-13-03-38/000667.png,labels/2019-09-16-13-03-38/000667.txt
2019-09-16-13-03-38_000668,2019-09-16-13-03-38,000668,train,range_angle,images/2019-09-16-13-03-38/000668.png,labels/2019-09-16-13-03-38/000668.txt
2019-09-16-13-03-38_000669,2019-09-16-13-03-38,000669,train,range_angle,images/2019-09-16-13-03-38/000669.png,labels/2019-09-16-13-03-38/000669.txt
2019-09-16-13-03-38_000670,2019-09-16-13-03-38,000670,train,range_angle,images/2019-09-16-13-03-38/000670.png,labels/2019-09-16-13-03-38/000670.txt
2019-09-16-13-03-38_000671,2019-09-16-13-03-38,000671,train,range_angle,images/2019-09-16-13-03-38/000671.png,labels/2019-09-16-13-03-38/000671.txt
2019-09-16-13-03-38_000672,2019-09-16-13-03-38,000672,train,range_angle,images/2019-09-16-13-03-38/000672.png,labels/2019-09-16-13-03-38/000672.txt
2019-09-16-13-03-38_000673,2019-09-16-13-03-38,000673,train,range_angle,images/2019-09-16-13-03-38/000673.png,labels/2019-09-16-13-03-38/000673.txt
2019-09-16-13-03-38_000674,2019-09-16-13-03-38,000674,train,range_angle,images/2019-09-16-13-03-38/000674.png,labels/2019-09-16-13-03-38/000674.txt
2019-09-16-13-03-38_000675,2019-09-16-13-03-38,000675,train,range_angle,images/2019-09-16-13-03-38/000675.png,labels/2019-09-16-13-03-38/000675.txt
2019-09-16-13-03-38_000676,2019-09-16-13-03-38,000676,train,range_angle,images/2019-09-16-13-03-38/000676.png,labels/2019-09-16-13-03-38/000676.txt
2019-09-16-13-03-38_000677,2019-09-16-13-03-38,000677,train,range_angle,images/2019-09-16-13-03-38/000677.png,labels/2019-09-16-13-03-38/000677.txt
2019-09-16-13-03-38_000678,2019-09-16-13-03-38,000678,train,range_angle,images/2019-09-16-13-03-38/000678.png,labels/2019-09-16-13-03-38/000678.txt
2019-09-16-13-03-38_000679,2019-09-16-13-03-38,000679,train,range_angle,images/2019-09-16-13-03-38/000679.png,labels/2019-09-16-13-03-38/000679.txt
2019-09-16-13-03-38_000680,2019-09-16-13-03-38,000680,train,range_angle,images/2019-09-16-13-03-38/000680.png,labels/2019-09-16-13-03-38/000680.txt
2019-09-16-13-03-38_000681,2019-09-16-13-03-38,000681,train,range_angle,images/2019-09-16-13-03-38/000681.png,labels/2019-09-16-13-03-38/000681.txt
2019-09-16-13-03-38_000682,2019-09-16-13-03-38,000682,train,range_angle,images/2019-09-16-13-03-38/000682.png,labels/2019-09-16-13-03-38/000682.txt
2019-09-16-13-03-38_000683,2019-09-16-13-03-38,000683,train,range_angle,images/2019-09-16-13-03-38/000683.png,labels/2019-09-16-13-03-38/000683.txt
2019-09-16-13-03-38_000684,2019-09-16-13-03-38,000684,train,range_angle,images/2019-09-16-13-03-38/000684.png,labels/2019-09-16-13-03-38/000684.txt
2019-09-16-13-03-38_000685,2019-09-16-13-03-38,000685,train,range_angle,images/2019-09-16-13-03-38/000685.png,labels/2019-09-16-13-03-38/000685.txt
2019-09-16-13-03-38_000686,2019-09-16-13-03-38,000686,train,range_angle,images/2019-09-16-13-03-38/000686.png,labels/2019-09-16-13-03-38/000686.txt
2019-09-16-13-03-38_000687,2019-09-16-13-03-38,000687,train,range_angle,images/2019-09-16-13-03-38/000687.png,labels/2019-09-16-13-03-38/000687.txt
2019-09-16-13-03-38_000688,2019-09-16-13-03-38,000688,train,range_angle,images/2019-09-16-13-03-38/000688.png,labels/2019-09-16-13-03-38/000688.txt
2019-09-16-13-03-38_000689,2019-09-16-13-03-38,000689,train,range_angle,images/2019-09-16-13-03-38/000689.png,labels/2019-09-16-13-03-38/000689.txt
2019-09-16-13-03-38_000690,2019-09-16-13-03-38,000690,train,range_angle,images/2019-09-16-13-03-38/000690.png,labels/2019-09-16-13-03-38/000690.txt
2019-09-16-13-03-38_000691,2019-09-16-13-03-38,000691,train,range_angle,images/2019-09-16-13-03-38/000691.png,labels/2019-09-16-13-03-38/000691.txt
2019-09-16-13-03-38_000692,2019-09-16-13-03-38,000692,train,range_angle,images/2019-09-16-13-03-38/000692.png,labels/2019-09-16-13-03-38/000692.txt
2019-09-16-13-03-38_000693,2019-09-16-13-03-38,000693,train,range_angle,images/2019-09-16-13-03-38/000693.png,labels/2019-09-16-13-03-38/000693.txt
2019-09-16-13-03-38_000694,2019-09-16-13-03-38,000694,train,range_angle,images/2019-09-16-13-03-38/000694.png,labels/2019-09-16-13-03-38/000694.txt
2019-09-16-13-03-38_000695,2019-09-16-13-03-38,000695,train,range_angle,images/2019-09-16-13-03-38/000695.png,labels/2019-09-16-13-03-38/000695.txt
2019-09-16-13-03-38_000696,2019-09-16-13-03-38,000696,train,range_angle,images/2019-09-16-13-03-38/000696.png,labels/2019-09-16-13-03-38/000696.txt
2019-09-16-13-03-38_000697,2019-09-16-13-03-38,000697,train,range_angle,images/2019-09-16-13-03-38/000697.png,labels/2019-09-16-13-03-38/000697.txt
2019-09-16-13-03-38_000698,2019-09-16-13-03-38,000698,train,range_angle,images/2019-09-16-13-03-38/000698.png,labels/2019-09-16-13-03-38/000698.txt
2019-09-16-13-03-38_000699,2019-09-16-13-03-38,000699,train,range_angle,images/2019-09-16-13-03-38/000699.png,labels/2019-09-16-13-03-38/000699.txt
2019-09-16-13-03-38_000700,2019-09-16-13-03-38,000700,train,range_angle,images/2019-09-16-13-03-38/000700.png,labels/2019-09-16-13-03-38/000700.txt
2019-09-16-13-03-38_000701,2019-09-16-13-03-38,000701,train,range_angle,images/2019-09-16-13-03-38/000701.png,labels/2019-09-16-13-03-38/000701.txt
2019-09-16-13-03-38_000702,2019-09-16-13-03-38,000702,train,range_angle,images/2019-09-16-13-03-38/000702.png,labels/2019-09-16-13-03-38/000702.txt
2019-09-16-13-03-38_000703,2019-09-16-13-03-38,000703,train,range_angle,images/2019-09-16-13-03-38/000703.png,labels/2019-09-16-13-03-38/000703.txt
2019-09-16-13-03-38_000704,2019-09-16-13-03-38,000704,train,range_angle,images/2019-09-16-13-03-38/000704.png,labels/2019-09-16-13-03-38/000704.txt
2019-09-16-13-03-38_000705,2019-09-16-13-03-38,000705,train,range_angle,images/2019-09-16-13-03-38/000705.png,labels/2019-09-16-13-03-38/000705.txt
2019-09-16-13-03-38_000706,2019-09-16-13-03-38,000706,train,range_angle,images/2019-09-16-13-03-38/000706.png,labels/2019-09-16-13-03-38/000706.txt
2019-09-16-13-03-38_000707,2019-09-16-13-03-38,000707,train,range_angle,images/2019-09-16-13-03-38/000707.png,labels/2019-09-16-13-03-38/000707.txt
2019-09-16-13-03-38_000708,2019-09-16-13-03-38,000708,train,range_angle,images/2019-09-16-13-03-38/000708.png,labels/2019-09-16-13-03-38/000708.txt
2019-09-16-13-03-38_000709,2019-09-16-13-03-38,000709,train,range_angle,images/2019-09-16-13-03-38/000709.png,labels/2019-09-16-13-03-38/000709.txt
2019-09-16-13-03-38_000710,2019-09-16-13-03-38,000710,train,range_angle,images/2019-09-16-13-03-38/000710.png,labels/2019-09-16-13-03-38/000710.txt
2019-09-16-13-03-38_000711,2019-09-16-13-03-38,000711,train,range_angle,images/2019-09-16-13-03-38/000711.png,labels/2019-09-16-13-03-38/000711.txt
2019-09-16-13-03-38_000712,2019-09-16-13-03-38,000712,train,range_angle,images/2019-09-16-13-03-38/000712.png,labels/2019-09-16-13-03-38/000712.txt
2019-09-16-13-03-38_000713,2019-09-16-13-03-38,000713,train,range_angle,images/2019-09-16-13-03-38/000713.png,labels/2019-09-16-13-03-38/000713.txt
2019-09-16-13-03-38_000714,2019-09-16-13-03-38,000714,train,range_angle,images/2019-09-16-13-03-38/000714.png,labels/2019-09-16-13-03-38/000714.txt
2019-09-16-13-03-38_000715,2019-09-16-13-03-38,000715,train,range_angle,images/2019-09-16-13-03-38/000715.png,labels/2019-09-16-13-03-38/000715.txt
2019-09-16-13-03-38_000716,2019-09-16-13-03-38,000716,train,range_angle,images/2019-09-16-13-03-38/000716.png,labels/2019-09-16-13-03-38/000716.txt
2019-09-16-13-03-38_000717,2019-09-16-13-03-38,000717,train,range_angle,images/2019-09-16-13-03-38/000717.png,labels/2019-09-16-13-03-38/000717.txt
2019-09-16-13-03-38_000718,2019-09-16-13-03-38,000718,train,range_angle,images/2019-09-16-13-03-38/000718.png,labels/2019-09-16-13-03-38/000718.txt
2019-09-16-13-03-38_000719,2019-09-16-13-03-38,000719,train,range_angle,images/2019-09-16-13-03-38/000719.png,labels/2019-09-16-13-03-38/000719.txt
2019-09-16-13-03-38_000720,2019-09-16-13-03-38,000720,train,range_angle,images/2019-09-16-13-03-38/000720.png,labels/2019-09-16-13-03-38/000720.txt
2019-09-16-13-03-38_000721,2019-09-16-13-03-38,000721,train,range_angle,images/2019-09-16-13-03-38/000721.png,labels/2019-09-16-13-03-38/000721.txt
2019-09-16-13-03-38_000722,2019-09-16-13-03-38,000722,train,range_angle,images/2019-09-16-13-03-38/000722.png,labels/2019-09-16-13-03-38/000722.txt
2019-09-16-13-03-38_000723,2019-09-16-13-03-38,000723,train,range_angle,images/2019-09-16-13-03-38/000723.png,labels/2019-09-16-13-03-38/000723.txt
2019-09-16-13-03-38_000724,2019-09-16-13-03-38,000724,train,range_angle,images/2019-09-16-13-03-38/000724.png,labels/2019-09-16-13-03-38/000724.txt
2019-09-16-13-03-38_000725,2019-09-16-13-03-38,000725,train,range_angle,images/2019-09-16-13-03-38/000725.png,labels/2019-09-16-13-03-38/000725.txt
2019-09-16-13-03-38_000726,2019-09-16-13-03-38,000726,train,range_angle,images/2019-09-16-13-03-38/000726.png,labels/2019-09-16-13-03-38/000726.txt
2019-09-16-13-03-38_000727,2019-09-16-13-03-38,000727,train,range_angle,images/2019-09-16-13-03-38/000727.png,labels/2019-09-16-13-03-38/000727.txt
2019-09-16-13-03-38_000728,2019-09-16-13-03-38,000728,train,range_angle,images/2019-09-16-13-03-38/000728.png,labels/2019-09-16-13-03-38/000728.txt
2019-09-16-13-03-38_000729,2019-09-16-13-03-38,000729,train,range_angle,images/2019-09-16-13-03-38/000729.png,labels/2019-09-16-13-03-38/000729.txt
2019-09-16-13-03-38_000730,2019-09-16-13-03-38,000730,train,range_angle,images/2019-09-16-13-03-38/000730.png,labels/2019-09-16-13-03-38/000730.txt
2019-09-16-13-03-38_000731,2019-09-16-13-03-38,000731,train,range_angle,images/2019-09-16-13-03-38/000731.png,labels/2019-09-16-13-03-38/000731.txt
2019-09-16-13-03-38_000732,2019-09-16-13-03-38,000732,train,range_angle,images/2019-09-16-13-03-38/000732.png,labels/2019-09-16-13-03-38/000732.txt
2019-09-16-13-03-38_000733,2019-09-16-13-03-38,000733,train,range_angle,images/2019-09-16-13-03-38/000733.png,labels/2019-09-16-13-03-38/000733.txt
2019-09-16-13-03-38_000734,2019-09-16-13-03-38,000734,train,range_angle,images/2019-09-16-13-03-38/000734.png,labels/2019-09-16-13-03-38/000734.txt
2019-09-16-13-03-38_000735,2019-09-16-13-03-38,000735,train,range_angle,images/2019-09-16-13-03-38/000735.png,labels/2019-09-16-13-03-38/000735.txt
2019-09-16-13-03-38_000736,2019-09-16-13-03-38,000736,train,range_angle,images/2019-09-16-13-03-38/000736.png,labels/2019-09-16-13-03-38/000736.txt
2019-09-16-13-03-38_000737,2019-09-16-13-03-38,000737,train,range_angle,images/2019-09-16-13-03-38/000737.png,labels/2019-09-16-13-03-38/000737.txt
2019-09-16-13-03-38_000738,2019-09-16-13-03-38,000738,train,range_angle,images/2019-09-16-13-03-38/000738.png,labels/2019-09-16-13-03-38/000738.txt
2019-09-16-13-03-38_000739,2019-09-16-13-03-38,000739,train,range_angle,images/2019-09-16-13-03-38/000739.png,labels/2019-09-16-13-03-38/000739.txt
2019-09-16-13-03-38_000740,2019-09-16-13-03-38,000740,train,range_angle,images/2019-09-16-13-03-38/000740.png,labels/2019-09-16-13-03-38/000740.txt
2019-09-16-13-03-38_000741,2019-09-16-13-03-38,000741,train,range_angle,images/2019-09-16-13-03-38/000741.png,labels/2019-09-16-13-03-38/000741.txt
2019-09-16-13-03-38_000742,2019-09-16-13-03-38,000742,train,range_angle,images/2019-09-16-13-03-38/000742.png,labels/2019-09-16-13-03-38/000742.txt
2019-09-16-13-03-38_000743,2019-09-16-13-03-38,000743,train,range_angle,images/2019-09-16-13-03-38/000743.png,labels/2019-09-16-13-03-38/000743.txt
2019-09-16-13-03-38_000744,2019-09-16-13-03-38,000744,train,range_angle,images/2019-09-16-13-03-38/000744.png,labels/2019-09-16-13-03-38/000744.txt
2019-09-16-13-03-38_000745,2019-09-16-13-03-38,000745,train,range_angle,images/2019-09-16-13-03-38/000745.png,labels/2019-09-16-13-03-38/000745.txt
2019-09-16-13-03-38_000746,2019-09-16-13-03-38,000746,train,range_angle,images/2019-09-16-13-03-38/000746.png,labels/2019-09-16-13-03-38/000746.txt
2019-09-16-13-03-38_000747,2019-09-16-13-03-38,000747,train,range_angle,images/2019-09-16-13-03-38/000747.png,labels/2019-09-16-13-03-38/000747.txt
2019-09-16-13-03-38_000748,2019-09-16-13-03-38,000748,train,range_angle,images/2019-09-16-13-03-38/000748.png,labels/2019-09-16-13-03-38/000748.txt
2019-09-16-13-03-38_000749,2019-09-16-13-03-38,000749,train,range_angle,images/2019-09-16-13-03-38/000749.png,labels/2019-09-16-13-03-38/000749.txt
2019-09-16-13-03-38_000750,2019-09-16-13-03-38,000750,train,range_angle,images/2019-09-16-13-03-38/000750.png,labels/2019-09-16-13-03-38/000750.txt
2019-09-16-13-03-38_000751,2019-09-16-13-03-38,000751,train,range_angle,images/2019-09-16-13-03-38/000751.png,labels/2019-09-16-13-03-38/000751.txt
2019-09-16-13-03-38_000752,2019-09-16-13-03-38,000752,train,range_angle,images/2019-09-16-13-03-38/000752.png,labels/2019-09-16-13-03-38/000752.txt
2019-09-16-13-03-38_000753,2019-09-16-13-03-38,000753,train,range_angle,images/2019-09-16-13-03-38/000753.png,labels/2019-09-16-13-03-38/000753.txt
2019-09-16-13-03-38_000754,2019-09-16-13-03-38,000754,train,range_angle,images/2019-09-16-13-03-38/000754.png,labels/2019-09-16-13-03-38/000754.txt
2019-09-16-13-03-38_000755,2019-09-16-13-03-38,000755,train,range_angle,images/2019-09-16-13-03-38/000755.png,labels/2019-09-16-13-03-38/000755.txt
2019-09-16-13-03-38_000756,2019-09-16-13-03-38,000756,train,range_angle,images/2019-09-16-13-03-38/000756.png,labels/2019-09-16-13-03-38/000756.txt
2019-09-16-13-03-38_000757,2019-09-16-13-03-38,000757,train,range_angle,images/2019-09-16-13-03-38/000757.png,labels/2019-09-16-13-03-38/000757.txt
2019-09-16-13-03-38_000758,2019-09-16-13-03-38,000758,train,range_angle,images/2019-09-16-13-03-38/000758.png,labels/2019-09-16-13-03-38/000758.txt
2019-09-16-13-03-38_000759,2019-09-16-13-03-38,000759,train,range_angle,images/2019-09-16-13-03-38/000759.png,labels/2019-09-16-13-03-38/000759.txt
2019-09-16-13-03-38_000760,2019-09-16-13-03-38,000760,train,range_angle,images/2019-09-16-13-03-38/000760.png,labels/2019-09-16-13-03-38/000760.txt
2019-09-16-13-03-38_000761,2019-09-16-13-03-38,000761,train,range_angle,images/2019-09-16-13-03-38/000761.png,labels/2019-09-16-13-03-38/000761.txt
2019-09-16-13-03-38_000762,2019-09-16-13-03-38,000762,train,range_angle,images/2019-09-16-13-03-38/000762.png,labels/2019-09-16-13-03-38/000762.txt
2019-09-16-13-03-38_000763,2019-09-16-13-03-38,000763,train,range_angle,images/2019-09-16-13-03-38/000763.png,labels/2019-09-16-13-03-38/000763.txt
2019-09-16-13-03-38_000764,2019-09-16-13-03-38,000764,train,range_angle,images/2019-09-16-13-03-38/000764.png,labels/2019-09-16-13-03-38/000764.txt
2019-09-16-13-03-38_000765,2019-09-16-13-03-38,000765,train,range_angle,images/2019-09-16-13-03-38/000765.png,labels/2019-09-16-13-03-38/000765.txt
2019-09-16-13-03-38_000766,2019-09-16-13-03-38,000766,train,range_angle,images/2019-09-16-13-03-38/000766.png,labels/2019-09-16-13-03-38/000766.txt
2019-09-16-13-03-38_000767,2019-09-16-13-03-38,000767,train,range_angle,images/2019-09-16-13-03-38/000767.png,labels/2019-09-16-13-03-38/000767.txt
2019-09-16-13-03-38_000768,2019-09-16-13-03-38,000768,train,range_angle,images/2019-09-16-13-03-38/000768.png,labels/2019-09-16-13-03-38/000768.txt
2019-09-16-13-03-38_000769,2019-09-16-13-03-38,000769,train,range_angle,images/2019-09-16-13-03-38/000769.png,labels/2019-09-16-13-03-38/000769.txt
2019-09-16-13-03-38_000770,2019-09-16-13-03-38,000770,train,range_angle,images/2019-09-16-13-03-38/000770.png,labels/2019-09-16-13-03-38/000770.txt
2019-09-16-13-03-38_000771,2019-09-16-13-03-38,000771,train,range_angle,images/2019-09-16-13-03-38/000771.png,labels/2019-09-16-13-03-38/000771.txt
2019-09-16-13-03-38_000772,2019-09-16-13-03-38,000772,train,range_angle,images/2019-09-16-13-03-38/000772.png,labels/2019-09-16-13-03-38/000772.txt
2019-09-16-13-03-38_000773,2019-09-16-13-03-38,000773,train,range_angle,images/2019-09-16-13-03-38/000773.png,labels/2019-09-16-13-03-38/000773.txt
2019-09-16-13-03-38_000774,2019-09-16-13-03-38,000774,train,range_angle,images/2019-09-16-13-03-38/000774.png,labels/2019-09-16-13-03-38/000774.txt
2019-09-16-13-03-38_000775,2019-09-16-13-03-38,000775,train,range_angle,images/2019-09-16-13-03-38/000775.png,labels/2019-09-16-13-03-38/000775.txt
2019-09-16-13-03-38_000776,2019-09-16-13-03-38,000776,train,range_angle,images/2019-09-16-13-03-38/000776.png,labels/2019-09-16-13-03-38/000776.txt
2019-09-16-13-03-38_000777,2019-09-16-13-03-38,000777,train,range_angle,images/2019-09-16-13-03-38/000777.png,labels/2019-09-16-13-03-38/000777.txt
2019-09-16-13-03-38_000778,2019-09-16-13-03-38,000778,train,range_angle,images/2019-09-16-13-03-38/000778.png,labels/2019-09-16-13-03-38/000778.txt
2019-09-16-13-03-38_000779,2019-09-16-13-03-38,000779,train,range_angle,images/2019-09-16-13-03-38/000779.png,labels/2019-09-16-13-03-38/000779.txt
2019-09-16-13-03-38_000780,2019-09-16-13-03-38,000780,train,range_angle,images/2019-09-16-13-03-38/000780.png,labels/2019-09-16-13-03-38/000780.txt
2019-09-16-13-03-38_000781,2019-09-16-13-03-38,000781,train,range_angle,images/2019-09-16-13-03-38/000781.png,labels/2019-09-16-13-03-38/000781.txt
2019-09-16-13-03-38_000782,2019-09-16-13-03-38,000782,train,range_angle,images/2019-09-16-13-03-38/000782.png,labels/2019-09-16-13-03-38/000782.txt
2019-09-16-13-03-38_000783,2019-09-16-13-03-38,000783,train,range_angle,images/2019-09-16-13-03-38/000783.png,labels/2019-09-16-13-03-38/000783.txt
2019-09-16-13-03-38_000784,2019-09-16-13-03-38,000784,train,range_angle,images/2019-09-16-13-03-38/000784.png,labels/2019-09-16-13-03-38/000784.txt
2019-09-16-13-03-38_000785,2019-09-16-13-03-38,000785,train,range_angle,images/2019-09-16-13-03-38/000785.png,labels/2019-09-16-13-03-38/000785.txt
2019-09-16-13-03-38_000786,2019-09-16-13-03-38,000786,train,range_angle,images/2019-09-16-13-03-38/000786.png,labels/2019-09-16-13-03-38/000786.txt
2019-09-16-13-03-38_000787,2019-09-16-13-03-38,000787,train,range_angle,images/2019-09-16-13-03-38/000787.png,labels/2019-09-16-13-03-38/000787.txt
2019-09-16-13-03-38_000788,2019-09-16-13-03-38,000788,train,range_angle,images/2019-09-16-13-03-38/000788.png,labels/2019-09-16-13-03-38/000788.txt
2019-09-16-13-03-38_000789,2019-09-16-13-03-38,000789,train,range_angle,images/2019-09-16-13-03-38/000789.png,labels/2019-09-16-13-03-38/000789.txt
2019-09-16-13-03-38_000790,2019-09-16-13-03-38,000790,train,range_angle,images/2019-09-16-13-03-38/000790.png,labels/2019-09-16-13-03-38/000790.txt
2019-09-16-13-03-38_000791,2019-09-16-13-03-38,000791,train,range_angle,images/2019-09-16-13-03-38/000791.png,labels/2019-09-16-13-03-38/000791.txt
2019-09-16-13-03-38_000792,2019-09-16-13-03-38,000792,train,range_angle,images/2019-09-16-13-03-38/000792.png,labels/2019-09-16-13-03-38/000792.txt
2019-09-16-13-03-38_000793,2019-09-16-13-03-38,000793,train,range_angle,images/2019-09-16-13-03-38/000793.png,labels/2019-09-16-13-03-38/000793.txt
2019-09-16-13-03-38_000794,2019-09-16-13-03-38,000794,train,range_angle,images/2019-09-16-13-03-38/000794.png,labels/2019-09-16-13-03-38/000794.txt
2019-09-16-13-03-38_000795,2019-09-16-13-03-38,000795,train,range_angle,images/2019-09-16-13-03-38/000795.png,labels/2019-09-16-13-03-38/000795.txt
2019-09-16-13-03-38_000796,2019-09-16-13-03-38,000796,train,range_angle,images/2019-09-16-13-03-38/000796.png,labels/2019-09-16-13-03-38/000796.txt
2019-09-16-13-03-38_000797,2019-09-16-13-03-38,000797,train,range_angle,images/2019-09-16-13-03-38/000797.png,labels/2019-09-16-13-03-38/000797.txt
2019-09-16-13-03-38_000798,2019-09-16-13-03-38,000798,train,range_angle,images/2019-09-16-13-03-38/000798.png,labels/2019-09-16-13-03-38/000798.txt
2019-09-16-13-03-38_000799,2019-09-16-13-03-38,000799,train,range_angle,images/2019-09-16-13-03-38/000799.png,labels/2019-09-16-13-03-38/000799.txt
2019-09-16-13-03-38_000800,2019-09-16-13-03-38,000800,train,range_angle,images/2019-09-16-13-03-38/000800.png,labels/2019-09-16-13-03-38/000800.txt
2019-09-16-13-03-38_000801,2019-09-16-13-03-38,000801,train,range_angle,images/2019-09-16-13-03-38/000801.png,labels/2019-09-16-13-03-38/000801.txt
2019-09-16-13-03-38_000802,2019-09-16-13-03-38,000802,train,range_angle,images/2019-09-16-13-03-38/000802.png,labels/2019-09-16-13-03-38/000802.txt
2019-09-16-13-03-38_000803,2019-09-16-13-03-38,000803,train,range_angle,images/2019-09-16-13-03-38/000803.png,labels/2019-09-16-13-03-38/000803.txt
2019-09-16-13-03-38_000804,2019-09-16-13-03-38,000804,train,range_angle,images/2019-09-16-13-03-38/000804.png,labels/2019-09-16-13-03-38/000804.txt
2019-09-16-13-03-38_000805,2019-09-16-13-03-38,000805,train,range_angle,images/2019-09-16-13-03-38/000805.png,labels/2019-09-16-13-03-38/000805.txt
2019-09-16-13-03-38_000806,2019-09-16-13-03-38,000806,train,range_angle,images/2019-09-16-13-03-38/000806.png,labels/2019-09-16-13-03-38/000806.txt
2019-09-16-13-03-38_000807,2019-09-16-13-03-38,000807,train,range_angle,images/2019-09-16-13-03-38/000807.png,labels/2019-09-16-13-03-38/000807.txt
2019-09-16-13-03-38_000808,2019-09-16-13-03-38,000808,train,range_angle,images/2019-09-16-13-03-38/000808.png,labels/2019-09-16-13-03-38/000808.txt
2019-09-16-13-03-38_000809,2019-09-16-13-03-38,000809,train,range_angle,images/2019-09-16-13-03-38/000809.png,labels/2019-09-16-13-03-38/000809.txt
2019-09-16-13-03-38_000810,2019-09-16-13-03-38,000810,train,range_angle,images/2019-09-16-13-03-38/000810.png,labels/2019-09-16-13-03-38/000810.txt
2019-09-16-13-03-38_000811,2019-09-16-13-03-38,000811,train,range_angle,images/2019-09-16-13-03-38/000811.png,labels/2019-09-16-13-03-38/000811.txt
2019-09-16-13-03-38_000812,2019-09-16-13-03-38,000812,train,range_angle,images/2019-09-16-13-03-38/000812.png,labels/2019-09-16-13-03-38/000812.txt
2019-09-16-13-03-38_000813,2019-09-16-13-03-38,000813,train,range_angle,images/2019-09-16-13-03-38/000813.png,labels/2019-09-16-13-03-38/000813.txt
2019-09-16-13-03-38_000814,2019-09-16-13-03-38,000814,train,range_angle,images/2019-09-16-13-03-38/000814.png,labels/2019-09-16-13-03-38/000814.txt
2019-09-16-13-03-38_000815,2019-09-16-13-03-38,000815,train,range_angle,images/2019-09-16-13-03-38/000815.png,labels/2019-09-16-13-03-38/000815.txt
2019-09-16-13-03-38_000816,2019-09-16-13-03-38,000816,train,range_angle,images/2019-09-16-13-03-38/000816.png,labels/2019-09-16-13-03-38/000816.txt
2019-09-16-13-03-38_000817,2019-09-16-13-03-38,000817,train,range_angle,images/2019-09-16-13-03-38/000817.png,labels/2019-09-16-13-03-38/000817.txt
2019-09-16-13-03-38_000818,2019-09-16-13-03-38,000818,train,range_angle,images/2019-09-16-13-03-38/000818.png,labels/2019-09-16-13-03-38/000818.txt
2019-09-16-13-03-38_000819,2019-09-16-13-03-38,000819,train,range_angle,images/2019-09-16-13-03-38/000819.png,labels/2019-09-16-13-03-38/000819.txt
2019-09-16-13-03-38_000820,2019-09-16-13-03-38,000820,train,range_angle,images/2019-09-16-13-03-38/000820.png,labels/2019-09-16-13-03-38/000820.txt
2019-09-16-13-03-38_000821,2019-09-16-13-03-38,000821,train,range_angle,images/2019-09-16-13-03-38/000821.png,labels/2019-09-16-13-03-38/000821.txt
2019-09-16-13-03-38_000822,2019-09-16-13-03-38,000822,train,range_angle,images/2019-09-16-13-03-38/000822.png,labels/2019-09-16-13-03-38/000822.txt
2019-09-16-13-03-38_000823,2019-09-16-13-03-38,000823,train,range_angle,images/2019-09-16-13-03-38/000823.png,labels/2019-09-16-13-03-38/000823.txt
2019-09-16-13-03-38_000824,2019-09-16-13-03-38,000824,train,range_angle,images/2019-09-16-13-03-38/000824.png,labels/2019-09-16-13-03-38/000824.txt
2019-09-16-13-03-38_000825,2019-09-16-13-03-38,000825,train,range_angle,images/2019-09-16-13-03-38/000825.png,labels/2019-09-16-13-03-38/000825.txt
2019-09-16-13-03-38_000826,2019-09-16-13-03-38,000826,train,range_angle,images/2019-09-16-13-03-38/000826.png,labels/2019-09-16-13-03-38/000826.txt
2019-09-16-13-03-38_000827,2019-09-16-13-03-38,000827,train,range_angle,images/2019-09-16-13-03-38/000827.png,labels/2019-09-16-13-03-38/000827.txt
2019-09-16-13-03-38_000828,2019-09-16-13-03-38,000828,train,range_angle,images/2019-09-16-13-03-38/000828.png,labels/2019-09-16-13-03-38/000828.txt
2019-09-16-13-03-38_000829,2019-09-16-13-03-38,000829,train,range_angle,images/2019-09-16-13-03-38/000829.png,labels/2019-09-16-13-03-38/000829.txt
2019-09-16-13-03-38_000830,2019-09-16-13-03-38,000830,train,range_angle,images/2019-09-16-13-03-38/000830.png,labels/2019-09-16-13-03-38/000830.txt
2019-09-16-13-03-38_000831,2019-09-16-13-03-38,000831,train,range_angle,images/2019-09-16-13-03-38/000831.png,labels/2019-09-16-13-03-38/000831.txt
2019-09-16-13-03-38_000832,2019-09-16-13-03-38,000832,train,range_angle,images/2019-09-16-13-03-38/000832.png,labels/2019-09-16-13-03-38/000832.txt
2019-09-16-13-03-38_000833,2019-09-16-13-03-38,000833,train,range_angle,images/2019-09-16-13-03-38/000833.png,labels/2019-09-16-13-03-38/000833.txt
2019-09-16-13-06-41_000000,2019-09-16-13-06-41,000000,val,range_angle,images/2019-09-16-13-06-41/000000.png,labels/2019-09-16-13-06-41/000000.txt
2019-09-16-13-06-41_000001,2019-09-16-13-06-41,000001,val,range_angle,images/2019-09-16-13-06-41/000001.png,labels/2019-09-16-13-06-41/000001.txt
2019-09-16-13-06-41_000002,2019-09-16-13-06-41,000002,val,range_angle,images/2019-09-16-13-06-41/000002.png,labels/2019-09-16-13-06-41/000002.txt
2019-09-16-13-06-41_000003,2019-09-16-13-06-41,000003,val,range_angle,images/2019-09-16-13-06-41/000003.png,labels/2019-09-16-13-06-41/000003.txt
2019-09-16-13-06-41_000004,2019-09-16-13-06-41,000004,val,range_angle,images/2019-09-16-13-06-41/000004.png,labels/2019-09-16-13-06-41/000004.txt
2019-09-16-13-06-41_000005,2019-09-16-13-06-41,000005,val,range_angle,images/2019-09-16-13-06-41/000005.png,labels/2019-09-16-13-06-41/000005.txt
2019-09-16-13-06-41_000006,2019-09-16-13-06-41,000006,val,range_angle,images/2019-09-16-13-06-41/000006.png,labels/2019-09-16-13-06-41/000006.txt
2019-09-16-13-06-41_000007,2019-09-16-13-06-41,000007,val,range_angle,images/2019-09-16-13-06-41/000007.png,labels/2019-09-16-13-06-41/000007.txt
2019-09-16-13-06-41_000008,2019-09-16-13-06-41,000008,val,range_angle,images/2019-09-16-13-06-41/000008.png,labels/2019-09-16-13-06-41/000008.txt
2019-09-16-13-06-41_000009,2019-09-16-13-06-41,000009,val,range_angle,images/2019-09-16-13-06-41/000009.png,labels/2019-09-16-13-06-41/000009.txt
2019-09-16-13-06-41_000010,2019-09-16-13-06-41,000010,val,range_angle,images/2019-09-16-13-06-41/000010.png,labels/2019-09-16-13-06-41/000010.txt
2019-09-16-13-06-41_000011,2019-09-16-13-06-41,000011,val,range_angle,images/2019-09-16-13-06-41/000011.png,labels/2019-09-16-13-06-41/000011.txt
2019-09-16-13-06-41_000012,2019-09-16-13-06-41,000012,val,range_angle,images/2019-09-16-13-06-41/000012.png,labels/2019-09-16-13-06-41/000012.txt
2019-09-16-13-06-41_000013,2019-09-16-13-06-41,000013,val,range_angle,images/2019-09-16-13-06-41/000013.png,labels/2019-09-16-13-06-41/000013.txt
2019-09-16-13-06-41_000014,2019-09-16-13-06-41,000014,val,range_angle,images/2019-09-16-13-06-41/000014.png,labels/2019-09-16-13-06-41/000014.txt
2019-09-16-13-06-41_000015,2019-09-16-13-06-41,000015,val,range_angle,images/2019-09-16-13-06-41/000015.png,labels/2019-09-16-13-06-41/000015.txt
2019-09-16-13-06-41_000016,2019-09-16-13-06-41,000016,val,range_angle,images/2019-09-16-13-06-41/000016.png,labels/2019-09-16-13-06-41/000016.txt
2019-09-16-13-06-41_000017,2019-09-16-13-06-41,000017,val,range_angle,images/2019-09-16-13-06-41/000017.png,labels/2019-09-16-13-06-41/000017.txt
2019-09-16-13-06-41_000018,2019-09-16-13-06-41,000018,val,range_angle,images/2019-09-16-13-06-41/000018.png,labels/2019-09-16-13-06-41/000018.txt
2019-09-16-13-06-41_000019,2019-09-16-13-06-41,000019,val,range_angle,images/2019-09-16-13-06-41/000019.png,labels/2019-09-16-13-06-41/000019.txt
2019-09-16-13-06-41_000020,2019-09-16-13-06-41,000020,val,range_angle,images/2019-09-16-13-06-41/000020.png,labels/2019-09-16-13-06-41/000020.txt
2019-09-16-13-06-41_000021,2019-09-16-13-06-41,000021,val,range_angle,images/2019-09-16-13-06-41/000021.png,labels/2019-09-16-13-06-41/000021.txt
2019-09-16-13-06-41_000022,2019-09-16-13-06-41,000022,val,range_angle,images/2019-09-16-13-06-41/000022.png,labels/2019-09-16-13-06-41/000022.txt
2019-09-16-13-06-41_000023,2019-09-16-13-06-41,000023,val,range_angle,images/2019-09-16-13-06-41/000023.png,labels/2019-09-16-13-06-41/000023.txt
2019-09-16-13-06-41_000024,2019-09-16-13-06-41,000024,val,range_angle,images/2019-09-16-13-06-41/000024.png,labels/2019-09-16-13-06-41/000024.txt
2019-09-16-13-06-41_000025,2019-09-16-13-06-41,000025,val,range_angle,images/2019-09-16-13-06-41/000025.png,labels/2019-09-16-13-06-41/000025.txt
2019-09-16-13-06-41_000026,2019-09-16-13-06-41,000026,val,range_angle,images/2019-09-16-13-06-41/000026.png,labels/2019-09-16-13-06-41/000026.txt
2019-09-16-13-06-41_000027,2019-09-16-13-06-41,000027,val,range_angle,images/2019-09-16-13-06-41/000027.png,labels/2019-09-16-13-06-41/000027.txt
2019-09-16-13-06-41_000028,2019-09-16-13-06-41,000028,val,range_angle,images/2019-09-16-13-06-41/000028.png,labels/2019-09-16-13-06-41/000028.txt
2019-09-16-13-06-41_000029,2019-09-16-13-06-41,000029,val,range_angle,images/2019-09-16-13-06-41/000029.png,labels/2019-09-16-13-06-41/000029.txt
2019-09-16-13-06-41_000030,2019-09-16-13-06-41,000030,val,range_angle,images/2019-09-16-13-06-41/000030.png,labels/2019-09-16-13-06-41/000030.txt
2019-09-16-13-06-41_000031,2019-09-16-13-06-41,000031,val,range_angle,images/2019-09-16-13-06-41/000031.png,labels/2019-09-16-13-06-41/000031.txt
2019-09-16-13-06-41_000032,2019-09-16-13-06-41,000032,val,range_angle,images/2019-09-16-13-06-41/000032.png,labels/2019-09-16-13-06-41/000032.txt
2019-09-16-13-06-41_000033,2019-09-16-13-06-41,000033,val,range_angle,images/2019-09-16-13-06-41/000033.png,labels/2019-09-16-13-06-41/000033.txt
2019-09-16-13-06-41_000034,2019-09-16-13-06-41,000034,val,range_angle,images/2019-09-16-13-06-41/000034.png,labels/2019-09-16-13-06-41/000034.txt
2019-09-16-13-06-41_000035,2019-09-16-13-06-41,000035,val,range_angle,images/2019-09-16-13-06-41/000035.png,labels/2019-09-16-13-06-41/000035.txt
2019-09-16-13-06-41_000036,2019-09-16-13-06-41,000036,val,range_angle,images/2019-09-16-13-06-41/000036.png,labels/2019-09-16-13-06-41/000036.txt
2019-09-16-13-06-41_000037,2019-09-16-13-06-41,000037,val,range_angle,images/2019-09-16-13-06-41/000037.png,labels/2019-09-16-13-06-41/000037.txt
2019-09-16-13-06-41_000038,2019-09-16-13-06-41,000038,val,range_angle,images/2019-09-16-13-06-41/000038.png,labels/2019-09-16-13-06-41/000038.txt
2019-09-16-13-06-41_000039,2019-09-16-13-06-41,000039,val,range_angle,images/2019-09-16-13-06-41/000039.png,labels/2019-09-16-13-06-41/000039.txt
2019-09-16-13-06-41_000040,2019-09-16-13-06-41,000040,val,range_angle,images/2019-09-16-13-06-41/000040.png,labels/2019-09-16-13-06-41/000040.txt
2019-09-16-13-06-41_000041,2019-09-16-13-06-41,000041,val,range_angle,images/2019-09-16-13-06-41/000041.png,labels/2019-09-16-13-06-41/000041.txt
2019-09-16-13-06-41_000042,2019-09-16-13-06-41,000042,val,range_angle,images/2019-09-16-13-06-41/000042.png,labels/2019-09-16-13-06-41/000042.txt
2019-09-16-13-06-41_000043,2019-09-16-13-06-41,000043,val,range_angle,images/2019-09-16-13-06-41/000043.png,labels/2019-09-16-13-06-41/000043.txt
2019-09-16-13-06-41_000044,2019-09-16-13-06-41,000044,val,range_angle,images/2019-09-16-13-06-41/000044.png,labels/2019-09-16-13-06-41/000044.txt
2019-09-16-13-06-41_000045,2019-09-16-13-06-41,000045,val,range_angle,images/2019-09-16-13-06-41/000045.png,labels/2019-09-16-13-06-41/000045.txt
2019-09-16-13-06-41_000046,2019-09-16-13-06-41,000046,val,range_angle,images/2019-09-16-13-06-41/000046.png,labels/2019-09-16-13-06-41/000046.txt
2019-09-16-13-06-41_000047,2019-09-16-13-06-41,000047,val,range_angle,images/2019-09-16-13-06-41/000047.png,labels/2019-09-16-13-06-41/000047.txt
2019-09-16-13-06-41_000048,2019-09-16-13-06-41,000048,val,range_angle,images/2019-09-16-13-06-41/000048.png,labels/2019-09-16-13-06-41/000048.txt
2019-09-16-13-06-41_000049,2019-09-16-13-06-41,000049,val,range_angle,images/2019-09-16-13-06-41/000049.png,labels/2019-09-16-13-06-41/000049.txt
2019-09-16-13-06-41_000050,2019-09-16-13-06-41,000050,val,range_angle,images/2019-09-16-13-06-41/000050.png,labels/2019-09-16-13-06-41/000050.txt
2019-09-16-13-06-41_000051,2019-09-16-13-06-41,000051,val,range_angle,images/2019-09-16-13-06-41/000051.png,labels/2019-09-16-13-06-41/000051.txt
2019-09-16-13-06-41_000052,2019-09-16-13-06-41,000052,val,range_angle,images/2019-09-16-13-06-41/000052.png,labels/2019-09-16-13-06-41/000052.txt
2019-09-16-13-06-41_000053,2019-09-16-13-06-41,000053,val,range_angle,images/2019-09-16-13-06-41/000053.png,labels/2019-09-16-13-06-41/000053.txt
2019-09-16-13-06-41_000054,2019-09-16-13-06-41,000054,val,range_angle,images/2019-09-16-13-06-41/000054.png,labels/2019-09-16-13-06-41/000054.txt
2019-09-16-13-06-41_000055,2019-09-16-13-06-41,000055,val,range_angle,images/2019-09-16-13-06-41/000055.png,labels/2019-09-16-13-06-41/000055.txt
2019-09-16-13-06-41_000056,2019-09-16-13-06-41,000056,val,range_angle,images/2019-09-16-13-06-41/000056.png,labels/2019-09-16-13-06-41/000056.txt
2019-09-16-13-06-41_000057,2019-09-16-13-06-41,000057,val,range_angle,images/2019-09-16-13-06-41/000057.png,labels/2019-09-16-13-06-41/000057.txt
2019-09-16-13-06-41_000058,2019-09-16-13-06-41,000058,val,range_angle,images/2019-09-16-13-06-41/000058.png,labels/2019-09-16-13-06-41/000058.txt
2019-09-16-13-06-41_000059,2019-09-16-13-06-41,000059,val,range_angle,images/2019-09-16-13-06-41/000059.png,labels/2019-09-16-13-06-41/000059.txt
2019-09-16-13-06-41_000060,2019-09-16-13-06-41,000060,val,range_angle,images/2019-09-16-13-06-41/000060.png,labels/2019-09-16-13-06-41/000060.txt
2019-09-16-13-06-41_000061,2019-09-16-13-06-41,000061,val,range_angle,images/2019-09-16-13-06-41/000061.png,labels/2019-09-16-13-06-41/000061.txt
2019-09-16-13-06-41_000062,2019-09-16-13-06-41,000062,val,range_angle,images/2019-09-16-13-06-41/000062.png,labels/2019-09-16-13-06-41/000062.txt
2019-09-16-13-06-41_000063,2019-09-16-13-06-41,000063,val,range_angle,images/2019-09-16-13-06-41/000063.png,labels/2019-09-16-13-06-41/000063.txt
2019-09-16-13-06-41_000064,2019-09-16-13-06-41,000064,val,range_angle,images/2019-09-16-13-06-41/000064.png,labels/2019-09-16-13-06-41/000064.txt
2019-09-16-13-06-41_000065,2019-09-16-13-06-41,000065,val,range_angle,images/2019-09-16-13-06-41/000065.png,labels/2019-09-16-13-06-41/000065.txt
2019-09-16-13-06-41_000066,2019-09-16-13-06-41,000066,val,range_angle,images/2019-09-16-13-06-41/000066.png,labels/2019-09-16-13-06-41/000066.txt
2019-09-16-13-06-41_000067,2019-09-16-13-06-41,000067,val,range_angle,images/2019-09-16-13-06-41/000067.png,labels/2019-09-16-13-06-41/000067.txt
2019-09-16-13-06-41_000068,2019-09-16-13-06-41,000068,val,range_angle,images/2019-09-16-13-06-41/000068.png,labels/2019-09-16-13-06-41/000068.txt
2019-09-16-13-06-41_000069,2019-09-16-13-06-41,000069,val,range_angle,images/2019-09-16-13-06-41/000069.png,labels/2019-09-16-13-06-41/000069.txt
2019-09-16-13-06-41_000070,2019-09-16-13-06-41,000070,val,range_angle,images/2019-09-16-13-06-41/000070.png,labels/2019-09-16-13-06-41/000070.txt
2019-09-16-13-06-41_000071,2019-09-16-13-06-41,000071,val,range_angle,images/2019-09-16-13-06-41/000071.png,labels/2019-09-16-13-06-41/000071.txt
2019-09-16-13-06-41_000072,2019-09-16-13-06-41,000072,val,range_angle,images/2019-09-16-13-06-41/000072.png,labels/2019-09-16-13-06-41/000072.txt
2019-09-16-13-06-41_000073,2019-09-16-13-06-41,000073,val,range_angle,images/2019-09-16-13-06-41/000073.png,labels/2019-09-16-13-06-41/000073.txt
2019-09-16-13-06-41_000074,2019-09-16-13-06-41,000074,val,range_angle,images/2019-09-16-13-06-41/000074.png,labels/2019-09-16-13-06-41/000074.txt
2019-09-16-13-06-41_000075,2019-09-16-13-06-41,000075,val,range_angle,images/2019-09-16-13-06-41/000075.png,labels/2019-09-16-13-06-41/000075.txt
2019-09-16-13-06-41_000076,2019-09-16-13-06-41,000076,val,range_angle,images/2019-09-16-13-06-41/000076.png,labels/2019-09-16-13-06-41/000076.txt
2019-09-16-13-06-41_000077,2019-09-16-13-06-41,000077,val,range_angle,images/2019-09-16-13-06-41/000077.png,labels/2019-09-16-13-06-41/000077.txt
2019-09-16-13-06-41_000078,2019-09-16-13-06-41,000078,val,range_angle,images/2019-09-16-13-06-41/000078.png,labels/2019-09-16-13-06-41/000078.txt
2019-09-16-13-06-41_000079,2019-09-16-13-06-41,000079,val,range_angle,images/2019-09-16-13-06-41/000079.png,labels/2019-09-16-13-06-41/000079.txt
2019-09-16-13-06-41_000080,2019-09-16-13-06-41,000080,val,range_angle,images/2019-09-16-13-06-41/000080.png,labels/2019-09-16-13-06-41/000080.txt
2019-09-16-13-06-41_000081,2019-09-16-13-06-41,000081,val,range_angle,images/2019-09-16-13-06-41/000081.png,labels/2019-09-16-13-06-41/000081.txt
2019-09-16-13-06-41_000082,2019-09-16-13-06-41,000082,val,range_angle,images/2019-09-16-13-06-41/000082.png,labels/2019-09-16-13-06-41/000082.txt
2019-09-16-13-06-41_000083,2019-09-16-13-06-41,000083,val,range_angle,images/2019-09-16-13-06-41/000083.png,labels/2019-09-16-13-06-41/000083.txt
2019-09-16-13-06-41_000084,2019-09-16-13-06-41,000084,val,range_angle,images/2019-09-16-13-06-41/000084.png,labels/2019-09-16-13-06-41/000084.txt
2019-09-16-13-06-41_000085,2019-09-16-13-06-41,000085,val,range_angle,images/2019-09-16-13-06-41/000085.png,labels/2019-09-16-13-06-41/000085.txt
2019-09-16-13-06-41_000086,2019-09-16-13-06-41,000086,val,range_angle,images/2019-09-16-13-06-41/000086.png,labels/2019-09-16-13-06-41/000086.txt
2019-09-16-13-06-41_000087,2019-09-16-13-06-41,000087,val,range_angle,images/2019-09-16-13-06-41/000087.png,labels/2019-09-16-13-06-41/000087.txt
2019-09-16-13-06-41_000088,2019-09-16-13-06-41,000088,val,range_angle,images/2019-09-16-13-06-41/000088.png,labels/2019-09-16-13-06-41/000088.txt
2019-09-16-13-06-41_000089,2019-09-16-13-06-41,000089,val,range_angle,images/2019-09-16-13-06-41/000089.png,labels/2019-09-16-13-06-41/000089.txt
2019-09-16-13-06-41_000090,2019-09-16-13-06-41,000090,val,range_angle,images/2019-09-16-13-06-41/000090.png,labels/2019-09-16-13-06-41/000090.txt
2019-09-16-13-06-41_000091,2019-09-16-13-06-41,000091,val,range_angle,images/2019-09-16-13-06-41/000091.png,labels/2019-09-16-13-06-41/000091.txt
2019-09-16-13-06-41_000092,2019-09-16-13-06-41,000092,val,range_angle,images/2019-09-16-13-06-41/000092.png,labels/2019-09-16-13-06-41/000092.txt
2019-09-16-13-06-41_000093,2019-09-16-13-06-41,000093,val,range_angle,images/2019-09-16-13-06-41/000093.png,labels/2019-09-16-13-06-41/000093.txt
2019-09-16-13-06-41_000094,2019-09-16-13-06-41,000094,val,range_angle,images/2019-09-16-13-06-41/000094.png,labels/2019-09-16-13-06-41/000094.txt
2019-09-16-13-06-41_000095,2019-09-16-13-06-41,000095,val,range_angle,images/2019-09-16-13-06-41/000095.png,labels/2019-09-16-13-06-41/000095.txt
2019-09-16-13-06-41_000096,2019-09-16-13-06-41,000096,val,range_angle,images/2019-09-16-13-06-41/000096.png,labels/2019-09-16-13-06-41/000096.txt
2019-09-16-13-06-41_000097,2019-09-16-13-06-41,000097,val,range_angle,images/2019-09-16-13-06-41/000097.png,labels/2019-09-16-13-06-41/000097.txt
2019-09-16-13-06-41_000098,2019-09-16-13-06-41,000098,val,range_angle,images/2019-09-16-13-06-41/000098.png,labels/2019-09-16-13-06-41/000098.txt
2019-09-16-13-06-41_000099,2019-09-16-13-06-41,000099,val,range_angle,images/2019-09-16-13-06-41/000099.png,labels/2019-09-16-13-06-41/000099.txt
2019-09-16-13-06-41_000100,2019-09-16-13-06-41,000100,val,range_angle,images/2019-09-16-13-06-41/000100.png,labels/2019-09-16-13-06-41/000100.txt
2019-09-16-13-06-41_000101,2019-09-16-13-06-41,000101,val,range_angle,images/2019-09-16-13-06-41/000101.png,labels/2019-09-16-13-06-41/000101.txt
2019-09-16-13-06-41_000102,2019-09-16-13-06-41,000102,val,range_angle,images/2019-09-16-13-06-41/000102.png,labels/2019-09-16-13-06-41/000102.txt
2019-09-16-13-06-41_000103,2019-09-16-13-06-41,000103,val,range_angle,images/2019-09-16-13-06-41/000103.png,labels/2019-09-16-13-06-41/000103.txt
2019-09-16-13-06-41_000104,2019-09-16-13-06-41,000104,val,range_angle,images/2019-09-16-13-06-41/000104.png,labels/2019-09-16-13-06-41/000104.txt
2019-09-16-13-06-41_000105,2019-09-16-13-06-41,000105,val,range_angle,images/2019-09-16-13-06-41/000105.png,labels/2019-09-16-13-06-41/000105.txt
2019-09-16-13-06-41_000106,2019-09-16-13-06-41,000106,val,range_angle,images/2019-09-16-13-06-41/000106.png,labels/2019-09-16-13-06-41/000106.txt
2019-09-16-13-06-41_000107,2019-09-16-13-06-41,000107,val,range_angle,images/2019-09-16-13-06-41/000107.png,labels/2019-09-16-13-06-41/000107.txt
2019-09-16-13-06-41_000108,2019-09-16-13-06-41,000108,val,range_angle,images/2019-09-16-13-06-41/000108.png,labels/2019-09-16-13-06-41/000108.txt
2019-09-16-13-06-41_000109,2019-09-16-13-06-41,000109,val,range_angle,images/2019-09-16-13-06-41/000109.png,labels/2019-09-16-13-06-41/000109.txt
2019-09-16-13-06-41_000110,2019-09-16-13-06-41,000110,val,range_angle,images/2019-09-16-13-06-41/000110.png,labels/2019-09-16-13-06-41/000110.txt
2019-09-16-13-06-41_000111,2019-09-16-13-06-41,000111,val,range_angle,images/2019-09-16-13-06-41/000111.png,labels/2019-09-16-13-06-41/000111.txt
2019-09-16-13-06-41_000112,2019-09-16-13-06-41,000112,val,range_angle,images/2019-09-16-13-06-41/000112.png,labels/2019-09-16-13-06-41/000112.txt
2019-09-16-13-06-41_000113,2019-09-16-13-06-41,000113,val,range_angle,images/2019-09-16-13-06-41/000113.png,labels/2019-09-16-13-06-41/000113.txt
2019-09-16-13-06-41_000114,2019-09-16-13-06-41,000114,val,range_angle,images/2019-09-16-13-06-41/000114.png,labels/2019-09-16-13-06-41/000114.txt
2019-09-16-13-06-41_000115,2019-09-16-13-06-41,000115,val,range_angle,images/2019-09-16-13-06-41/000115.png,labels/2019-09-16-13-06-41/000115.txt
2019-09-16-13-06-41_000116,2019-09-16-13-06-41,000116,val,range_angle,images/2019-09-16-13-06-41/000116.png,labels/2019-09-16-13-06-41/000116.txt
2019-09-16-13-06-41_000117,2019-09-16-13-06-41,000117,val,range_angle,images/2019-09-16-13-06-41/000117.png,labels/2019-09-16-13-06-41/000117.txt
2019-09-16-13-06-41_000118,2019-09-16-13-06-41,000118,val,range_angle,images/2019-09-16-13-06-41/000118.png,labels/2019-09-16-13-06-41/000118.txt
2019-09-16-13-06-41_000119,2019-09-16-13-06-41,000119,val,range_angle,images/2019-09-16-13-06-41/000119.png,labels/2019-09-16-13-06-41/000119.txt
2019-09-16-13-06-41_000120,2019-09-16-13-06-41,000120,val,range_angle,images/2019-09-16-13-06-41/000120.png,labels/2019-09-16-13-06-41/000120.txt
2019-09-16-13-06-41_000121,2019-09-16-13-06-41,000121,val,range_angle,images/2019-09-16-13-06-41/000121.png,labels/2019-09-16-13-06-41/000121.txt
2019-09-16-13-06-41_000122,2019-09-16-13-06-41,000122,val,range_angle,images/2019-09-16-13-06-41/000122.png,labels/2019-09-16-13-06-41/000122.txt
2019-09-16-13-06-41_000123,2019-09-16-13-06-41,000123,val,range_angle,images/2019-09-16-13-06-41/000123.png,labels/2019-09-16-13-06-41/000123.txt
2019-09-16-13-06-41_000124,2019-09-16-13-06-41,000124,val,range_angle,images/2019-09-16-13-06-41/000124.png,labels/2019-09-16-13-06-41/000124.txt
2019-09-16-13-06-41_000125,2019-09-16-13-06-41,000125,val,range_angle,images/2019-09-16-13-06-41/000125.png,labels/2019-09-16-13-06-41/000125.txt
2019-09-16-13-06-41_000126,2019-09-16-13-06-41,000126,val,range_angle,images/2019-09-16-13-06-41/000126.png,labels/2019-09-16-13-06-41/000126.txt
2019-09-16-13-06-41_000127,2019-09-16-13-06-41,000127,val,range_angle,images/2019-09-16-13-06-41/000127.png,labels/2019-09-16-13-06-41/000127.txt
2019-09-16-13-06-41_000128,2019-09-16-13-06-41,000128,val,range_angle,images/2019-09-16-13-06-41/000128.png,labels/2019-09-16-13-06-41/000128.txt
2019-09-16-13-06-41_000129,2019-09-16-13-06-41,000129,val,range_angle,images/2019-09-16-13-06-41/000129.png,labels/2019-09-16-13-06-41/000129.txt
2019-09-16-13-06-41_000130,2019-09-16-13-06-41,000130,val,range_angle,images/2019-09-16-13-06-41/000130.png,labels/2019-09-16-13-06-41/000130.txt
2019-09-16-13-06-41_000131,2019-09-16-13-06-41,000131,val,range_angle,images/2019-09-16-13-06-41/000131.png,labels/2019-09-16-13-06-41/000131.txt
2019-09-16-13-06-41_000132,2019-09-16-13-06-41,000132,val,range_angle,images/2019-09-16-13-06-41/000132.png,labels/2019-09-16-13-06-41/000132.txt
2019-09-16-13-06-41_000133,2019-09-16-13-06-41,000133,val,range_angle,images/2019-09-16-13-06-41/000133.png,labels/2019-09-16-13-06-41/000133.txt
2019-09-16-13-06-41_000134,2019-09-16-13-06-41,000134,val,range_angle,images/2019-09-16-13-06-41/000134.png,labels/2019-09-16-13-06-41/000134.txt
2019-09-16-13-06-41_000135,2019-09-16-13-06-41,000135,val,range_angle,images/2019-09-16-13-06-41/000135.png,labels/2019-09-16-13-06-41/000135.txt
2019-09-16-13-06-41_000136,2019-09-16-13-06-41,000136,val,range_angle,images/2019-09-16-13-06-41/000136.png,labels/2019-09-16-13-06-41/000136.txt
2019-09-16-13-06-41_000137,2019-09-16-13-06-41,000137,val,range_angle,images/2019-09-16-13-06-41/000137.png,labels/2019-09-16-13-06-41/000137.txt
2019-09-16-13-06-41_000138,2019-09-16-13-06-41,000138,val,range_angle,images/2019-09-16-13-06-41/000138.png,labels/2019-09-16-13-06-41/000138.txt
2019-09-16-13-06-41_000139,2019-09-16-13-06-41,000139,val,range_angle,images/2019-09-16-13-06-41/000139.png,labels/2019-09-16-13-06-41/000139.txt
2019-09-16-13-06-41_000140,2019-09-16-13-06-41,000140,val,range_angle,images/2019-09-16-13-06-41/000140.png,labels/2019-09-16-13-06-41/000140.txt
2019-09-16-13-06-41_000141,2019-09-16-13-06-41,000141,val,range_angle,images/2019-09-16-13-06-41/000141.png,labels/2019-09-16-13-06-41/000141.txt
2019-09-16-13-06-41_000142,2019-09-16-13-06-41,000142,val,range_angle,images/2019-09-16-13-06-41/000142.png,labels/2019-09-16-13-06-41/000142.txt
2019-09-16-13-06-41_000143,2019-09-16-13-06-41,000143,val,range_angle,images/2019-09-16-13-06-41/000143.png,labels/2019-09-16-13-06-41/000143.txt
2019-09-16-13-06-41_000144,2019-09-16-13-06-41,000144,val,range_angle,images/2019-09-16-13-06-41/000144.png,labels/2019-09-16-13-06-41/000144.txt
2019-09-16-13-06-41_000145,2019-09-16-13-06-41,000145,val,range_angle,images/2019-09-16-13-06-41/000145.png,labels/2019-09-16-13-06-41/000145.txt
2019-09-16-13-06-41_000146,2019-09-16-13-06-41,000146,val,range_angle,images/2019-09-16-13-06-41/000146.png,labels/2019-09-16-13-06-41/000146.txt
2019-09-16-13-06-41_000147,2019-09-16-13-06-41,000147,val,range_angle,images/2019-09-16-13-06-41/000147.png,labels/2019-09-16-13-06-41/000147.txt
2019-09-16-13-06-41_000148,2019-09-16-13-06-41,000148,val,range_angle,images/2019-09-16-13-06-41/000148.png,labels/2019-09-16-13-06-41/000148.txt
2019-09-16-13-06-41_000149,2019-09-16-13-06-41,000149,val,range_angle,images/2019-09-16-13-06-41/000149.png,labels/2019-09-16-13-06-41/000149.txt
2019-09-16-13-06-41_000150,2019-09-16-13-06-41,000150,val,range_angle,images/2019-09-16-13-06-41/000150.png,labels/2019-09-16-13-06-41/000150.txt
2019-09-16-13-06-41_000151,2019-09-16-13-06-41,000151,val,range_angle,images/2019-09-16-13-06-41/000151.png,labels/2019-09-16-13-06-41/000151.txt
2019-09-16-13-06-41_000152,2019-09-16-13-06-41,000152,val,range_angle,images/2019-09-16-13-06-41/000152.png,labels/2019-09-16-13-06-41/000152.txt
2019-09-16-13-06-41_000153,2019-09-16-13-06-41,000153,val,range_angle,images/2019-09-16-13-06-41/000153.png,labels/2019-09-16-13-06-41/000153.txt
2019-09-16-13-06-41_000154,2019-09-16-13-06-41,000154,val,range_angle,images/2019-09-16-13-06-41/000154.png,labels/2019-09-16-13-06-41/000154.txt
2019-09-16-13-06-41_000155,2019-09-16-13-06-41,000155,val,range_angle,images/2019-09-16-13-06-41/000155.png,labels/2019-09-16-13-06-41/000155.txt
2019-09-16-13-06-41_000156,2019-09-16-13-06-41,000156,val,range_angle,images/2019-09-16-13-06-41/000156.png,labels/2019-09-16-13-06-41/000156.txt
2019-09-16-13-06-41_000157,2019-09-16-13-06-41,000157,val,range_angle,images/2019-09-16-13-06-41/000157.png,labels/2019-09-16-13-06-41/000157.txt
2019-09-16-13-06-41_000158,2019-09-16-13-06-41,000158,val,range_angle,images/2019-09-16-13-06-41/000158.png,labels/2019-09-16-13-06-41/000158.txt
2019-09-16-13-06-41_000159,2019-09-16-13-06-41,000159,val,range_angle,images/2019-09-16-13-06-41/000159.png,labels/2019-09-16-13-06-41/000159.txt
2019-09-16-13-06-41_000160,2019-09-16-13-06-41,000160,val,range_angle,images/2019-09-16-13-06-41/000160.png,labels/2019-09-16-13-06-41/000160.txt
2019-09-16-13-06-41_000161,2019-09-16-13-06-41,000161,val,range_angle,images/2019-09-16-13-06-41/000161.png,labels/2019-09-16-13-06-41/000161.txt
2019-09-16-13-06-41_000162,2019-09-16-13-06-41,000162,val,range_angle,images/2019-09-16-13-06-41/000162.png,labels/2019-09-16-13-06-41/000162.txt
2019-09-16-13-06-41_000163,2019-09-16-13-06-41,000163,val,range_angle,images/2019-09-16-13-06-41/000163.png,labels/2019-09-16-13-06-41/000163.txt
2019-09-16-13-06-41_000164,2019-09-16-13-06-41,000164,val,range_angle,images/2019-09-16-13-06-41/000164.png,labels/2019-09-16-13-06-41/000164.txt
2019-09-16-13-06-41_000165,2019-09-16-13-06-41,000165,val,range_angle,images/2019-09-16-13-06-41/000165.png,labels/2019-09-16-13-06-41/000165.txt
2019-09-16-13-06-41_000166,2019-09-16-13-06-41,000166,val,range_angle,images/2019-09-16-13-06-41/000166.png,labels/2019-09-16-13-06-41/000166.txt
2019-09-16-13-06-41_000167,2019-09-16-13-06-41,000167,val,range_angle,images/2019-09-16-13-06-41/000167.png,labels/2019-09-16-13-06-41/000167.txt
2019-09-16-13-06-41_000168,2019-09-16-13-06-41,000168,val,range_angle,images/2019-09-16-13-06-41/000168.png,labels/2019-09-16-13-06-41/000168.txt
2019-09-16-13-06-41_000169,2019-09-16-13-06-41,000169,val,range_angle,images/2019-09-16-13-06-41/000169.png,labels/2019-09-16-13-06-41/000169.txt
2019-09-16-13-06-41_000170,2019-09-16-13-06-41,000170,val,range_angle,images/2019-09-16-13-06-41/000170.png,labels/2019-09-16-13-06-41/000170.txt
2019-09-16-13-06-41_000171,2019-09-16-13-06-41,000171,val,range_angle,images/2019-09-16-13-06-41/000171.png,labels/2019-09-16-13-06-41/000171.txt
2019-09-16-13-06-41_000172,2019-09-16-13-06-41,000172,val,range_angle,images/2019-09-16-13-06-41/000172.png,labels/2019-09-16-13-06-41/000172.txt
2019-09-16-13-06-41_000173,2019-09-16-13-06-41,000173,val,range_angle,images/2019-09-16-13-06-41/000173.png,labels/2019-09-16-13-06-41/000173.txt
2019-09-16-13-06-41_000174,2019-09-16-13-06-41,000174,val,range_angle,images/2019-09-16-13-06-41/000174.png,labels/2019-09-16-13-06-41/000174.txt
2019-09-16-13-06-41_000175,2019-09-16-13-06-41,000175,val,range_angle,images/2019-09-16-13-06-41/000175.png,labels/2019-09-16-13-06-41/000175.txt
2019-09-16-13-06-41_000176,2019-09-16-13-06-41,000176,val,range_angle,images/2019-09-16-13-06-41/000176.png,labels/2019-09-16-13-06-41/000176.txt
2019-09-16-13-06-41_000177,2019-09-16-13-06-41,000177,val,range_angle,images/2019-09-16-13-06-41/000177.png,labels/2019-09-16-13-06-41/000177.txt
2019-09-16-13-06-41_000178,2019-09-16-13-06-41,000178,val,range_angle,images/2019-09-16-13-06-41/000178.png,labels/2019-09-16-13-06-41/000178.txt
2019-09-16-13-06-41_000179,2019-09-16-13-06-41,000179,val,range_angle,images/2019-09-16-13-06-41/000179.png,labels/2019-09-16-13-06-41/000179.txt
2019-09-16-13-06-41_000180,2019-09-16-13-06-41,000180,val,range_angle,images/2019-09-16-13-06-41/000180.png,labels/2019-09-16-13-06-41/000180.txt
2019-09-16-13-06-41_000181,2019-09-16-13-06-41,000181,val,range_angle,images/2019-09-16-13-06-41/000181.png,labels/2019-09-16-13-06-41/000181.txt
2019-09-16-13-06-41_000182,2019-09-16-13-06-41,000182,val,range_angle,images/2019-09-16-13-06-41/000182.png,labels/2019-09-16-13-06-41/000182.txt
2019-09-16-13-06-41_000183,2019-09-16-13-06-41,000183,val,range_angle,images/2019-09-16-13-06-41/000183.png,labels/2019-09-16-13-06-41/000183.txt
2019-09-16-13-06-41_000184,2019-09-16-13-06-41,000184,val,range_angle,images/2019-09-16-13-06-41/000184.png,labels/2019-09-16-13-06-41/000184.txt
2019-09-16-13-06-41_000185,2019-09-16-13-06-41,000185,val,range_angle,images/2019-09-16-13-06-41/000185.png,labels/2019-09-16-13-06-41/000185.txt
2019-09-16-13-06-41_000186,2019-09-16-13-06-41,000186,val,range_angle,images/2019-09-16-13-06-41/000186.png,labels/2019-09-16-13-06-41/000186.txt
2019-09-16-13-06-41_000187,2019-09-16-13-06-41,000187,val,range_angle,images/2019-09-16-13-06-41/000187.png,labels/2019-09-16-13-06-41/000187.txt
2019-09-16-13-06-41_000188,2019-09-16-13-06-41,000188,val,range_angle,images/2019-09-16-13-06-41/000188.png,labels/2019-09-16-13-06-41/000188.txt
2019-09-16-13-06-41_000189,2019-09-16-13-06-41,000189,val,range_angle,images/2019-09-16-13-06-41/000189.png,labels/2019-09-16-13-06-41/000189.txt
2019-09-16-13-06-41_000190,2019-09-16-13-06-41,000190,val,range_angle,images/2019-09-16-13-06-41/000190.png,labels/2019-09-16-13-06-41/000190.txt
2019-09-16-13-06-41_000191,2019-09-16-13-06-41,000191,val,range_angle,images/2019-09-16-13-06-41/000191.png,labels/2019-09-16-13-06-41/000191.txt
2019-09-16-13-06-41_000192,2019-09-16-13-06-41,000192,val,range_angle,images/2019-09-16-13-06-41/000192.png,labels/2019-09-16-13-06-41/000192.txt
2019-09-16-13-06-41_000193,2019-09-16-13-06-41,000193,val,range_angle,images/2019-09-16-13-06-41/000193.png,labels/2019-09-16-13-06-41/000193.txt
2019-09-16-13-06-41_000194,2019-09-16-13-06-41,000194,val,range_angle,images/2019-09-16-13-06-41/000194.png,labels/2019-09-16-13-06-41/000194.txt
2019-09-16-13-06-41_000195,2019-09-16-13-06-41,000195,val,range_angle,images/2019-09-16-13-06-41/000195.png,labels/2019-09-16-13-06-41/000195.txt
2019-09-16-13-06-41_000196,2019-09-16-13-06-41,000196,val,range_angle,images/2019-09-16-13-06-41/000196.png,labels/2019-09-16-13-06-41/000196.txt
2019-09-16-13-06-41_000197,2019-09-16-13-06-41,000197,val,range_angle,images/2019-09-16-13-06-41/000197.png,labels/2019-09-16-13-06-41/000197.txt
2019-09-16-13-06-41_000198,2019-09-16-13-06-41,000198,val,range_angle,images/2019-09-16-13-06-41/000198.png,labels/2019-09-16-13-06-41/000198.txt
2019-09-16-13-06-41_000199,2019-09-16-13-06-41,000199,val,range_angle,images/2019-09-16-13-06-41/000199.png,labels/2019-09-16-13-06-41/000199.txt
2019-09-16-13-06-41_000200,2019-09-16-13-06-41,000200,val,range_angle,images/2019-09-16-13-06-41/000200.png,labels/2019-09-16-13-06-41/000200.txt
2019-09-16-13-06-41_000201,2019-09-16-13-06-41,000201,val,range_angle,images/2019-09-16-13-06-41/000201.png,labels/2019-09-16-13-06-41/000201.txt
2019-09-16-13-06-41_000202,2019-09-16-13-06-41,000202,val,range_angle,images/2019-09-16-13-06-41/000202.png,labels/2019-09-16-13-06-41/000202.txt
2019-09-16-13-06-41_000203,2019-09-16-13-06-41,000203,val,range_angle,images/2019-09-16-13-06-41/000203.png,labels/2019-09-16-13-06-41/000203.txt
2019-09-16-13-06-41_000204,2019-09-16-13-06-41,000204,val,range_angle,images/2019-09-16-13-06-41/000204.png,labels/2019-09-16-13-06-41/000204.txt
2019-09-16-13-06-41_000205,2019-09-16-13-06-41,000205,val,range_angle,images/2019-09-16-13-06-41/000205.png,labels/2019-09-16-13-06-41/000205.txt
2019-09-16-13-06-41_000206,2019-09-16-13-06-41,000206,val,range_angle,images/2019-09-16-13-06-41/000206.png,labels/2019-09-16-13-06-41/000206.txt
2019-09-16-13-06-41_000207,2019-09-16-13-06-41,000207,val,range_angle,images/2019-09-16-13-06-41/000207.png,labels/2019-09-16-13-06-41/000207.txt
2019-09-16-13-06-41_000208,2019-09-16-13-06-41,000208,val,range_angle,images/2019-09-16-13-06-41/000208.png,labels/2019-09-16-13-06-41/000208.txt
2019-09-16-13-06-41_000209,2019-09-16-13-06-41,000209,val,range_angle,images/2019-09-16-13-06-41/000209.png,labels/2019-09-16-13-06-41/000209.txt
2019-09-16-13-06-41_000210,2019-09-16-13-06-41,000210,val,range_angle,images/2019-09-16-13-06-41/000210.png,labels/2019-09-16-13-06-41/000210.txt
2019-09-16-13-06-41_000211,2019-09-16-13-06-41,000211,val,range_angle,images/2019-09-16-13-06-41/000211.png,labels/2019-09-16-13-06-41/000211.txt
2019-09-16-13-06-41_000212,2019-09-16-13-06-41,000212,val,range_angle,images/2019-09-16-13-06-41/000212.png,labels/2019-09-16-13-06-41/000212.txt
2019-09-16-13-06-41_000213,2019-09-16-13-06-41,000213,val,range_angle,images/2019-09-16-13-06-41/000213.png,labels/2019-09-16-13-06-41/000213.txt
2019-09-16-13-06-41_000214,2019-09-16-13-06-41,000214,val,range_angle,images/2019-09-16-13-06-41/000214.png,labels/2019-09-16-13-06-41/000214.txt
2019-09-16-13-06-41_000215,2019-09-16-13-06-41,000215,val,range_angle,images/2019-09-16-13-06-41/000215.png,labels/2019-09-16-13-06-41/000215.txt
2019-09-16-13-06-41_000216,2019-09-16-13-06-41,000216,val,range_angle,images/2019-09-16-13-06-41/000216.png,labels/2019-09-16-13-06-41/000216.txt
2019-09-16-13-06-41_000217,2019-09-16-13-06-41,000217,val,range_angle,images/2019-09-16-13-06-41/000217.png,labels/2019-09-16-13-06-41/000217.txt
2019-09-16-13-06-41_000218,2019-09-16-13-06-41,000218,val,range_angle,images/2019-09-16-13-06-41/000218.png,labels/2019-09-16-13-06-41/000218.txt
2019-09-16-13-06-41_000219,2019-09-16-13-06-41,000219,val,range_angle,images/2019-09-16-13-06-41/000219.png,labels/2019-09-16-13-06-41/000219.txt
2019-09-16-13-06-41_000220,2019-09-16-13-06-41,000220,val,range_angle,images/2019-09-16-13-06-41/000220.png,labels/2019-09-16-13-06-41/000220.txt
2019-09-16-13-06-41_000221,2019-09-16-13-06-41,000221,val,range_angle,images/2019-09-16-13-06-41/000221.png,labels/2019-09-16-13-06-41/000221.txt
2019-09-16-13-06-41_000222,2019-09-16-13-06-41,000222,val,range_angle,images/2019-09-16-13-06-41/000222.png,labels/2019-09-16-13-06-41/000222.txt
2019-09-16-13-06-41_000223,2019-09-16-13-06-41,000223,val,range_angle,images/2019-09-16-13-06-41/000223.png,labels/2019-09-16-13-06-41/000223.txt
2019-09-16-13-06-41_000224,2019-09-16-13-06-41,000224,val,range_angle,images/2019-09-16-13-06-41/000224.png,labels/2019-09-16-13-06-41/000224.txt
2019-09-16-13-06-41_000225,2019-09-16-13-06-41,000225,val,range_angle,images/2019-09-16-13-06-41/000225.png,labels/2019-09-16-13-06-41/000225.txt
2019-09-16-13-06-41_000226,2019-09-16-13-06-41,000226,val,range_angle,images/2019-09-16-13-06-41/000226.png,labels/2019-09-16-13-06-41/000226.txt
2019-09-16-13-06-41_000227,2019-09-16-13-06-41,000227,val,range_angle,images/2019-09-16-13-06-41/000227.png,labels/2019-09-16-13-06-41/000227.txt
2019-09-16-13-06-41_000228,2019-09-16-13-06-41,000228,val,range_angle,images/2019-09-16-13-06-41/000228.png,labels/2019-09-16-13-06-41/000228.txt
2019-09-16-13-06-41_000229,2019-09-16-13-06-41,000229,val,range_angle,images/2019-09-16-13-06-41/000229.png,labels/2019-09-16-13-06-41/000229.txt
2019-09-16-13-06-41_000230,2019-09-16-13-06-41,000230,val,range_angle,images/2019-09-16-13-06-41/000230.png,labels/2019-09-16-13-06-41/000230.txt
2019-09-16-13-06-41_000231,2019-09-16-13-06-41,000231,val,range_angle,images/2019-09-16-13-06-41/000231.png,labels/2019-09-16-13-06-41/000231.txt
2019-09-16-13-06-41_000232,2019-09-16-13-06-41,000232,val,range_angle,images/2019-09-16-13-06-41/000232.png,labels/2019-09-16-13-06-41/000232.txt
2019-09-16-13-06-41_000233,2019-09-16-13-06-41,000233,val,range_angle,images/2019-09-16-13-06-41/000233.png,labels/2019-09-16-13-06-41/000233.txt
2019-09-16-13-06-41_000234,2019-09-16-13-06-41,000234,val,range_angle,images/2019-09-16-13-06-41/000234.png,labels/2019-09-16-13-06-41/000234.txt
2019-09-16-13-06-41_000235,2019-09-16-13-06-41,000235,val,range_angle,images/2019-09-16-13-06-41/000235.png,labels/2019-09-16-13-06-41/000235.txt
2019-09-16-13-06-41_000236,2019-09-16-13-06-41,000236,val,range_angle,images/2019-09-16-13-06-41/000236.png,labels/2019-09-16-13-06-41/000236.txt
2019-09-16-13-06-41_000237,2019-09-16-13-06-41,000237,val,range_angle,images/2019-09-16-13-06-41/000237.png,labels/2019-09-16-13-06-41/000237.txt
2019-09-16-13-06-41_000238,2019-09-16-13-06-41,000238,val,range_angle,images/2019-09-16-13-06-41/000238.png,labels/2019-09-16-13-06-41/000238.txt
2019-09-16-13-06-41_000239,2019-09-16-13-06-41,000239,val,range_angle,images/2019-09-16-13-06-41/000239.png,labels/2019-09-16-13-06-41/000239.txt
2019-09-16-13-06-41_000240,2019-09-16-13-06-41,000240,val,range_angle,images/2019-09-16-13-06-41/000240.png,labels/2019-09-16-13-06-41/000240.txt
2019-09-16-13-06-41_000241,2019-09-16-13-06-41,000241,val,range_angle,images/2019-09-16-13-06-41/000241.png,labels/2019-09-16-13-06-41/000241.txt
2019-09-16-13-06-41_000242,2019-09-16-13-06-41,000242,val,range_angle,images/2019-09-16-13-06-41/000242.png,labels/2019-09-16-13-06-41/000242.txt
2019-09-16-13-06-41_000243,2019-09-16-13-06-41,000243,val,range_angle,images/2019-09-16-13-06-41/000243.png,labels/2019-09-16-13-06-41/000243.txt
2019-09-16-13-06-41_000244,2019-09-16-13-06-41,000244,val,range_angle,images/2019-09-16-13-06-41/000244.png,labels/2019-09-16-13-06-41/000244.txt
2019-09-16-13-06-41_000245,2019-09-16-13-06-41,000245,val,range_angle,images/2019-09-16-13-06-41/000245.png,labels/2019-09-16-13-06-41/000245.txt
2019-09-16-13-06-41_000246,2019-09-16-13-06-41,000246,val,range_angle,images/2019-09-16-13-06-41/000246.png,labels/2019-09-16-13-06-41/000246.txt
2019-09-16-13-06-41_000247,2019-09-16-13-06-41,000247,val,range_angle,images/2019-09-16-13-06-41/000247.png,labels/2019-09-16-13-06-41/000247.txt
2019-09-16-13-06-41_000248,2019-09-16-13-06-41,000248,val,range_angle,images/2019-09-16-13-06-41/000248.png,labels/2019-09-16-13-06-41/000248.txt
2019-09-16-13-06-41_000249,2019-09-16-13-06-41,000249,val,range_angle,images/2019-09-16-13-06-41/000249.png,labels/2019-09-16-13-06-41/000249.txt
2019-09-16-13-06-41_000250,2019-09-16-13-06-41,000250,val,range_angle,images/2019-09-16-13-06-41/000250.png,labels/2019-09-16-13-06-41/000250.txt
2019-09-16-13-06-41_000251,2019-09-16-13-06-41,000251,val,range_angle,images/2019-09-16-13-06-41/000251.png,labels/2019-09-16-13-06-41/000251.txt
2019-09-16-13-06-41_000252,2019-09-16-13-06-41,000252,val,range_angle,images/2019-09-16-13-06-41/000252.png,labels/2019-09-16-13-06-41/000252.txt
2019-09-16-13-06-41_000253,2019-09-16-13-06-41,000253,val,range_angle,images/2019-09-16-13-06-41/000253.png,labels/2019-09-16-13-06-41/000253.txt
2019-09-16-13-06-41_000254,2019-09-16-13-06-41,000254,val,range_angle,images/2019-09-16-13-06-41/000254.png,labels/2019-09-16-13-06-41/000254.txt
2019-09-16-13-06-41_000255,2019-09-16-13-06-41,000255,val,range_angle,images/2019-09-16-13-06-41/000255.png,labels/2019-09-16-13-06-41/000255.txt
2019-09-16-13-06-41_000256,2019-09-16-13-06-41,000256,val,range_angle,images/2019-09-16-13-06-41/000256.png,labels/2019-09-16-13-06-41/000256.txt
2019-09-16-13-06-41_000257,2019-09-16-13-06-41,000257,val,range_angle,images/2019-09-16-13-06-41/000257.png,labels/2019-09-16-13-06-41/000257.txt
2019-09-16-13-06-41_000258,2019-09-16-13-06-41,000258,val,range_angle,images/2019-09-16-13-06-41/000258.png,labels/2019-09-16-13-06-41/000258.txt
2019-09-16-13-06-41_000259,2019-09-16-13-06-41,000259,val,range_angle,images/2019-09-16-13-06-41/000259.png,labels/2019-09-16-13-06-41/000259.txt
2019-09-16-13-06-41_000260,2019-09-16-13-06-41,000260,val,range_angle,images/2019-09-16-13-06-41/000260.png,labels/2019-09-16-13-06-41/000260.txt
2019-09-16-13-06-41_000261,2019-09-16-13-06-41,000261,val,range_angle,images/2019-09-16-13-06-41/000261.png,labels/2019-09-16-13-06-41/000261.txt
2019-09-16-13-06-41_000262,2019-09-16-13-06-41,000262,val,range_angle,images/2019-09-16-13-06-41/000262.png,labels/2019-09-16-13-06-41/000262.txt
2019-09-16-13-06-41_000263,2019-09-16-13-06-41,000263,val,range_angle,images/2019-09-16-13-06-41/000263.png,labels/2019-09-16-13-06-41/000263.txt
2019-09-16-13-06-41_000264,2019-09-16-13-06-41,000264,val,range_angle,images/2019-09-16-13-06-41/000264.png,labels/2019-09-16-13-06-41/000264.txt
2019-09-16-13-06-41_000265,2019-09-16-13-06-41,000265,val,range_angle,images/2019-09-16-13-06-41/000265.png,labels/2019-09-16-13-06-41/000265.txt
2019-09-16-13-06-41_000266,2019-09-16-13-06-41,000266,val,range_angle,images/2019-09-16-13-06-41/000266.png,labels/2019-09-16-13-06-41/000266.txt
2019-09-16-13-06-41_000267,2019-09-16-13-06-41,000267,val,range_angle,images/2019-09-16-13-06-41/000267.png,labels/2019-09-16-13-06-41/000267.txt
2019-09-16-13-06-41_000268,2019-09-16-13-06-41,000268,val,range_angle,images/2019-09-16-13-06-41/000268.png,labels/2019-09-16-13-06-41/000268.txt
2019-09-16-13-06-41_000269,2019-09-16-13-06-41,000269,val,range_angle,images/2019-09-16-13-06-41/000269.png,labels/2019-09-16-13-06-41/000269.txt
2019-09-16-13-06-41_000270,2019-09-16-13-06-41,000270,val,range_angle,images/2019-09-16-13-06-41/000270.png,labels/2019-09-16-13-06-41/000270.txt
2019-09-16-13-06-41_000271,2019-09-16-13-06-41,000271,val,range_angle,images/2019-09-16-13-06-41/000271.png,labels/2019-09-16-13-06-41/000271.txt
2019-09-16-13-06-41_000272,2019-09-16-13-06-41,000272,val,range_angle,images/2019-09-16-13-06-41/000272.png,labels/2019-09-16-13-06-41/000272.txt
2019-09-16-13-06-41_000273,2019-09-16-13-06-41,000273,val,range_angle,images/2019-09-16-13-06-41/000273.png,labels/2019-09-16-13-06-41/000273.txt
2019-09-16-13-06-41_000274,2019-09-16-13-06-41,000274,val,range_angle,images/2019-09-16-13-06-41/000274.png,labels/2019-09-16-13-06-41/000274.txt
2019-09-16-13-06-41_000275,2019-09-16-13-06-41,000275,val,range_angle,images/2019-09-16-13-06-41/000275.png,labels/2019-09-16-13-06-41/000275.txt
2019-09-16-13-06-41_000276,2019-09-16-13-06-41,000276,val,range_angle,images/2019-09-16-13-06-41/000276.png,labels/2019-09-16-13-06-41/000276.txt
2019-09-16-13-06-41_000277,2019-09-16-13-06-41,000277,val,range_angle,images/2019-09-16-13-06-41/000277.png,labels/2019-09-16-13-06-41/000277.txt
2019-09-16-13-06-41_000278,2019-09-16-13-06-41,000278,val,range_angle,images/2019-09-16-13-06-41/000278.png,labels/2019-09-16-13-06-41/000278.txt
2019-09-16-13-06-41_000279,2019-09-16-13-06-41,000279,val,range_angle,images/2019-09-16-13-06-41/000279.png,labels/2019-09-16-13-06-41/000279.txt
2019-09-16-13-06-41_000280,2019-09-16-13-06-41,000280,val,range_angle,images/2019-09-16-13-06-41/000280.png,labels/2019-09-16-13-06-41/000280.txt
2019-09-16-13-06-41_000281,2019-09-16-13-06-41,000281,val,range_angle,images/2019-09-16-13-06-41/000281.png,labels/2019-09-16-13-06-41/000281.txt
2019-09-16-13-06-41_000282,2019-09-16-13-06-41,000282,val,range_angle,images/2019-09-16-13-06-41/000282.png,labels/2019-09-16-13-06-41/000282.txt
2019-09-16-13-06-41_000283,2019-09-16-13-06-41,000283,val,range_angle,images/2019-09-16-13-06-41/000283.png,labels/2019-09-16-13-06-41/000283.txt
2019-09-16-13-06-41_000284,2019-09-16-13-06-41,000284,val,range_angle,images/2019-09-16-13-06-41/000284.png,labels/2019-09-16-13-06-41/000284.txt
2019-09-16-13-06-41_000285,2019-09-16-13-06-41,000285,val,range_angle,images/2019-09-16-13-06-41/000285.png,labels/2019-09-16-13-06-41/000285.txt
2019-09-16-13-06-41_000286,2019-09-16-13-06-41,000286,val,range_angle,images/2019-09-16-13-06-41/000286.png,labels/2019-09-16-13-06-41/000286.txt
2019-09-16-13-06-41_000287,2019-09-16-13-06-41,000287,val,range_angle,images/2019-09-16-13-06-41/000287.png,labels/2019-09-16-13-06-41/000287.txt
2019-09-16-13-06-41_000288,2019-09-16-13-06-41,000288,val,range_angle,images/2019-09-16-13-06-41/000288.png,labels/2019-09-16-13-06-41/000288.txt
2019-09-16-13-06-41_000289,2019-09-16-13-06-41,000289,val,range_angle,images/2019-09-16-13-06-41/000289.png,labels/2019-09-16-13-06-41/000289.txt
2019-09-16-13-06-41_000290,2019-09-16-13-06-41,000290,val,range_angle,images/2019-09-16-13-06-41/000290.png,labels/2019-09-16-13-06-41/000290.txt
2019-09-16-13-06-41_000291,2019-09-16-13-06-41,000291,val,range_angle,images/2019-09-16-13-06-41/000291.png,labels/2019-09-16-13-06-41/000291.txt
2019-09-16-13-06-41_000292,2019-09-16-13-06-41,000292,val,range_angle,images/2019-09-16-13-06-41/000292.png,labels/2019-09-16-13-06-41/000292.txt
2019-09-16-13-06-41_000293,2019-09-16-13-06-41,000293,val,range_angle,images/2019-09-16-13-06-41/000293.png,labels/2019-09-16-13-06-41/000293.txt
2019-09-16-13-06-41_000294,2019-09-16-13-06-41,000294,val,range_angle,images/2019-09-16-13-06-41/000294.png,labels/2019-09-16-13-06-41/000294.txt
2019-09-16-13-06-41_000295,2019-09-16-13-06-41,000295,val,range_angle,images/2019-09-16-13-06-41/000295.png,labels/2019-09-16-13-06-41/000295.txt
2019-09-16-13-06-41_000296,2019-09-16-13-06-41,000296,val,range_angle,images/2019-09-16-13-06-41/000296.png,labels/2019-09-16-13-06-41/000296.txt
2019-09-16-13-06-41_000297,2019-09-16-13-06-41,000297,val,range_angle,images/2019-09-16-13-06-41/000297.png,labels/2019-09-16-13-06-41/000297.txt
2019-09-16-13-06-41_000298,2019-09-16-13-06-41,000298,val,range_angle,images/2019-09-16-13-06-41/000298.png,labels/2019-09-16-13-06-41/000298.txt
2019-09-16-13-06-41_000299,2019-09-16-13-06-41,000299,val,range_angle,images/2019-09-16-13-06-41/000299.png,labels/2019-09-16-13-06-41/000299.txt
2019-09-16-13-06-41_000300,2019-09-16-13-06-41,000300,val,range_angle,images/2019-09-16-13-06-41/000300.png,labels/2019-09-16-13-06-41/000300.txt
2019-09-16-13-06-41_000301,2019-09-16-13-06-41,000301,val,range_angle,images/2019-09-16-13-06-41/000301.png,labels/2019-09-16-13-06-41/000301.txt
2019-09-16-13-06-41_000302,2019-09-16-13-06-41,000302,val,range_angle,images/2019-09-16-13-06-41/000302.png,labels/2019-09-16-13-06-41/000302.txt
2019-09-16-13-06-41_000303,2019-09-16-13-06-41,000303,val,range_angle,images/2019-09-16-13-06-41/000303.png,labels/2019-09-16-13-06-41/000303.txt
2019-09-16-13-06-41_000304,2019-09-16-13-06-41,000304,val,range_angle,images/2019-09-16-13-06-41/000304.png,labels/2019-09-16-13-06-41/000304.txt
2019-09-16-13-06-41_000305,2019-09-16-13-06-41,000305,val,range_angle,images/2019-09-16-13-06-41/000305.png,labels/2019-09-16-13-06-41/000305.txt
2019-09-16-13-06-41_000306,2019-09-16-13-06-41,000306,val,range_angle,images/2019-09-16-13-06-41/000306.png,labels/2019-09-16-13-06-41/000306.txt
2019-09-16-13-06-41_000307,2019-09-16-13-06-41,000307,val,range_angle,images/2019-09-16-13-06-41/000307.png,labels/2019-09-16-13-06-41/000307.txt
2019-09-16-13-06-41_000308,2019-09-16-13-06-41,000308,val,range_angle,images/2019-09-16-13-06-41/000308.png,labels/2019-09-16-13-06-41/000308.txt
2019-09-16-13-06-41_000309,2019-09-16-13-06-41,000309,val,range_angle,images/2019-09-16-13-06-41/000309.png,labels/2019-09-16-13-06-41/000309.txt
2019-09-16-13-06-41_000310,2019-09-16-13-06-41,000310,val,range_angle,images/2019-09-16-13-06-41/000310.png,labels/2019-09-16-13-06-41/000310.txt
2019-09-16-13-06-41_000311,2019-09-16-13-06-41,000311,val,range_angle,images/2019-09-16-13-06-41/000311.png,labels/2019-09-16-13-06-41/000311.txt
2019-09-16-13-06-41_000312,2019-09-16-13-06-41,000312,val,range_angle,images/2019-09-16-13-06-41/000312.png,labels/2019-09-16-13-06-41/000312.txt
2019-09-16-13-06-41_000313,2019-09-16-13-06-41,000313,val,range_angle,images/2019-09-16-13-06-41/000313.png,labels/2019-09-16-13-06-41/000313.txt
2019-09-16-13-06-41_000314,2019-09-16-13-06-41,000314,val,range_angle,images/2019-09-16-13-06-41/000314.png,labels/2019-09-16-13-06-41/000314.txt
2019-09-16-13-06-41_000315,2019-09-16-13-06-41,000315,val,range_angle,images/2019-09-16-13-06-41/000315.png,labels/2019-09-16-13-06-41/000315.txt
2019-09-16-13-06-41_000316,2019-09-16-13-06-41,000316,val,range_angle,images/2019-09-16-13-06-41/000316.png,labels/2019-09-16-13-06-41/000316.txt
2019-09-16-13-06-41_000317,2019-09-16-13-06-41,000317,val,range_angle,images/2019-09-16-13-06-41/000317.png,labels/2019-09-16-13-06-41/000317.txt
2019-09-16-13-06-41_000318,2019-09-16-13-06-41,000318,val,range_angle,images/2019-09-16-13-06-41/000318.png,labels/2019-09-16-13-06-41/000318.txt
2019-09-16-13-06-41_000319,2019-09-16-13-06-41,000319,val,range_angle,images/2019-09-16-13-06-41/000319.png,labels/2019-09-16-13-06-41/000319.txt
2019-09-16-13-06-41_000320,2019-09-16-13-06-41,000320,val,range_angle,images/2019-09-16-13-06-41/000320.png,labels/2019-09-16-13-06-41/000320.txt
2019-09-16-13-06-41_000321,2019-09-16-13-06-41,000321,val,range_angle,images/2019-09-16-13-06-41/000321.png,labels/2019-09-16-13-06-41/000321.txt
2019-09-16-13-06-41_000322,2019-09-16-13-06-41,000322,val,range_angle,images/2019-09-16-13-06-41/000322.png,labels/2019-09-16-13-06-41/000322.txt
2019-09-16-13-06-41_000323,2019-09-16-13-06-41,000323,val,range_angle,images/2019-09-16-13-06-41/000323.png,labels/2019-09-16-13-06-41/000323.txt
2019-09-16-13-06-41_000324,2019-09-16-13-06-41,000324,val,range_angle,images/2019-09-16-13-06-41/000324.png,labels/2019-09-16-13-06-41/000324.txt
2019-09-16-13-06-41_000325,2019-09-16-13-06-41,000325,val,range_angle,images/2019-09-16-13-06-41/000325.png,labels/2019-09-16-13-06-41/000325.txt
2019-09-16-13-06-41_000326,2019-09-16-13-06-41,000326,val,range_angle,images/2019-09-16-13-06-41/000326.png,labels/2019-09-16-13-06-41/000326.txt
2019-09-16-13-06-41_000327,2019-09-16-13-06-41,000327,val,range_angle,images/2019-09-16-13-06-41/000327.png,labels/2019-09-16-13-06-41/000327.txt
2019-09-16-13-06-41_000328,2019-09-16-13-06-41,000328,val,range_angle,images/2019-09-16-13-06-41/000328.png,labels/2019-09-16-13-06-41/000328.txt
2019-09-16-13-06-41_000329,2019-09-16-13-06-41,000329,val,range_angle,images/2019-09-16-13-06-41/000329.png,labels/2019-09-16-13-06-41/000329.txt
2019-09-16-13-06-41_000330,2019-09-16-13-06-41,000330,val,range_angle,images/2019-09-16-13-06-41/000330.png,labels/2019-09-16-13-06-41/000330.txt
2019-09-16-13-06-41_000331,2019-09-16-13-06-41,000331,val,range_angle,images/2019-09-16-13-06-41/000331.png,labels/2019-09-16-13-06-41/000331.txt
2019-09-16-13-06-41_000332,2019-09-16-13-06-41,000332,val,range_angle,images/2019-09-16-13-06-41/000332.png,labels/2019-09-16-13-06-41/000332.txt
2019-09-16-13-06-41_000333,2019-09-16-13-06-41,000333,val,range_angle,images/2019-09-16-13-06-41/000333.png,labels/2019-09-16-13-06-41/000333.txt
2019-09-16-13-06-41_000334,2019-09-16-13-06-41,000334,val,range_angle,images/2019-09-16-13-06-41/000334.png,labels/2019-09-16-13-06-41/000334.txt
2019-09-16-13-06-41_000335,2019-09-16-13-06-41,000335,val,range_angle,images/2019-09-16-13-06-41/000335.png,labels/2019-09-16-13-06-41/000335.txt
2019-09-16-13-06-41_000336,2019-09-16-13-06-41,000336,val,range_angle,images/2019-09-16-13-06-41/000336.png,labels/2019-09-16-13-06-41/000336.txt
2019-09-16-13-06-41_000337,2019-09-16-13-06-41,000337,val,range_angle,images/2019-09-16-13-06-41/000337.png,labels/2019-09-16-13-06-41/000337.txt
2019-09-16-13-06-41_000338,2019-09-16-13-06-41,000338,val,range_angle,images/2019-09-16-13-06-41/000338.png,labels/2019-09-16-13-06-41/000338.txt
2019-09-16-13-06-41_000339,2019-09-16-13-06-41,000339,val,range_angle,images/2019-09-16-13-06-41/000339.png,labels/2019-09-16-13-06-41/000339.txt
2019-09-16-13-06-41_000340,2019-09-16-13-06-41,000340,val,range_angle,images/2019-09-16-13-06-41/000340.png,labels/2019-09-16-13-06-41/000340.txt
2019-09-16-13-06-41_000341,2019-09-16-13-06-41,000341,val,range_angle,images/2019-09-16-13-06-41/000341.png,labels/2019-09-16-13-06-41/000341.txt
2019-09-16-13-06-41_000342,2019-09-16-13-06-41,000342,val,range_angle,images/2019-09-16-13-06-41/000342.png,labels/2019-09-16-13-06-41/000342.txt
2019-09-16-13-06-41_000343,2019-09-16-13-06-41,000343,val,range_angle,images/2019-09-16-13-06-41/000343.png,labels/2019-09-16-13-06-41/000343.txt
2019-09-16-13-06-41_000344,2019-09-16-13-06-41,000344,val,range_angle,images/2019-09-16-13-06-41/000344.png,labels/2019-09-16-13-06-41/000344.txt
2019-09-16-13-06-41_000345,2019-09-16-13-06-41,000345,val,range_angle,images/2019-09-16-13-06-41/000345.png,labels/2019-09-16-13-06-41/000345.txt
2019-09-16-13-06-41_000346,2019-09-16-13-06-41,000346,val,range_angle,images/2019-09-16-13-06-41/000346.png,labels/2019-09-16-13-06-41/000346.txt
2019-09-16-13-06-41_000347,2019-09-16-13-06-41,000347,val,range_angle,images/2019-09-16-13-06-41/000347.png,labels/2019-09-16-13-06-41/000347.txt
2019-09-16-13-06-41_000348,2019-09-16-13-06-41,000348,val,range_angle,images/2019-09-16-13-06-41/000348.png,labels/2019-09-16-13-06-41/000348.txt
2019-09-16-13-06-41_000349,2019-09-16-13-06-41,000349,val,range_angle,images/2019-09-16-13-06-41/000349.png,labels/2019-09-16-13-06-41/000349.txt
2019-09-16-13-06-41_000350,2019-09-16-13-06-41,000350,val,range_angle,images/2019-09-16-13-06-41/000350.png,labels/2019-09-16-13-06-41/000350.txt
2019-09-16-13-06-41_000351,2019-09-16-13-06-41,000351,val,range_angle,images/2019-09-16-13-06-41/000351.png,labels/2019-09-16-13-06-41/000351.txt
2019-09-16-13-06-41_000352,2019-09-16-13-06-41,000352,val,range_angle,images/2019-09-16-13-06-41/000352.png,labels/2019-09-16-13-06-41/000352.txt
2019-09-16-13-06-41_000353,2019-09-16-13-06-41,000353,val,range_angle,images/2019-09-16-13-06-41/000353.png,labels/2019-09-16-13-06-41/000353.txt
2019-09-16-13-06-41_000354,2019-09-16-13-06-41,000354,val,range_angle,images/2019-09-16-13-06-41/000354.png,labels/2019-09-16-13-06-41/000354.txt
2019-09-16-13-06-41_000355,2019-09-16-13-06-41,000355,val,range_angle,images/2019-09-16-13-06-41/000355.png,labels/2019-09-16-13-06-41/000355.txt
2019-09-16-13-06-41_000356,2019-09-16-13-06-41,000356,val,range_angle,images/2019-09-16-13-06-41/000356.png,labels/2019-09-16-13-06-41/000356.txt
2019-09-16-13-06-41_000357,2019-09-16-13-06-41,000357,val,range_angle,images/2019-09-16-13-06-41/000357.png,labels/2019-09-16-13-06-41/000357.txt
2019-09-16-13-06-41_000358,2019-09-16-13-06-41,000358,val,range_angle,images/2019-09-16-13-06-41/000358.png,labels/2019-09-16-13-06-41/000358.txt
2019-09-16-13-06-41_000359,2019-09-16-13-06-41,000359,val,range_angle,images/2019-09-16-13-06-41/000359.png,labels/2019-09-16-13-06-41/000359.txt
2019-09-16-13-06-41_000360,2019-09-16-13-06-41,000360,val,range_angle,images/2019-09-16-13-06-41/000360.png,labels/2019-09-16-13-06-41/000360.txt
2019-09-16-13-06-41_000361,2019-09-16-13-06-41,000361,val,range_angle,images/2019-09-16-13-06-41/000361.png,labels/2019-09-16-13-06-41/000361.txt
2019-09-16-13-06-41_000362,2019-09-16-13-06-41,000362,val,range_angle,images/2019-09-16-13-06-41/000362.png,labels/2019-09-16-13-06-41/000362.txt
2019-09-16-13-06-41_000363,2019-09-16-13-06-41,000363,val,range_angle,images/2019-09-16-13-06-41/000363.png,labels/2019-09-16-13-06-41/000363.txt
2019-09-16-13-06-41_000364,2019-09-16-13-06-41,000364,val,range_angle,images/2019-09-16-13-06-41/000364.png,labels/2019-09-16-13-06-41/000364.txt
2019-09-16-13-06-41_000365,2019-09-16-13-06-41,000365,val,range_angle,images/2019-09-16-13-06-41/000365.png,labels/2019-09-16-13-06-41/000365.txt
2019-09-16-13-06-41_000366,2019-09-16-13-06-41,000366,val,range_angle,images/2019-09-16-13-06-41/000366.png,labels/2019-09-16-13-06-41/000366.txt
2019-09-16-13-06-41_000367,2019-09-16-13-06-41,000367,val,range_angle,images/2019-09-16-13-06-41/000367.png,labels/2019-09-16-13-06-41/000367.txt
2019-09-16-13-06-41_000368,2019-09-16-13-06-41,000368,val,range_angle,images/2019-09-16-13-06-41/000368.png,labels/2019-09-16-13-06-41/000368.txt
2019-09-16-13-06-41_000369,2019-09-16-13-06-41,000369,val,range_angle,images/2019-09-16-13-06-41/000369.png,labels/2019-09-16-13-06-41/000369.txt
2019-09-16-13-06-41_000370,2019-09-16-13-06-41,000370,val,range_angle,images/2019-09-16-13-06-41/000370.png,labels/2019-09-16-13-06-41/000370.txt
2019-09-16-13-06-41_000371,2019-09-16-13-06-41,000371,val,range_angle,images/2019-09-16-13-06-41/000371.png,labels/2019-09-16-13-06-41/000371.txt
2019-09-16-13-06-41_000372,2019-09-16-13-06-41,000372,val,range_angle,images/2019-09-16-13-06-41/000372.png,labels/2019-09-16-13-06-41/000372.txt
2019-09-16-13-06-41_000373,2019-09-16-13-06-41,000373,val,range_angle,images/2019-09-16-13-06-41/000373.png,labels/2019-09-16-13-06-41/000373.txt
2019-09-16-13-06-41_000374,2019-09-16-13-06-41,000374,val,range_angle,images/2019-09-16-13-06-41/000374.png,labels/2019-09-16-13-06-41/000374.txt
2019-09-16-13-06-41_000375,2019-09-16-13-06-41,000375,val,range_angle,images/2019-09-16-13-06-41/000375.png,labels/2019-09-16-13-06-41/000375.txt
2019-09-16-13-06-41_000376,2019-09-16-13-06-41,000376,val,range_angle,images/2019-09-16-13-06-41/000376.png,labels/2019-09-16-13-06-41/000376.txt
2019-09-16-13-06-41_000377,2019-09-16-13-06-41,000377,val,range_angle,images/2019-09-16-13-06-41/000377.png,labels/2019-09-16-13-06-41/000377.txt
2019-09-16-13-06-41_000378,2019-09-16-13-06-41,000378,val,range_angle,images/2019-09-16-13-06-41/000378.png,labels/2019-09-16-13-06-41/000378.txt
2019-09-16-13-06-41_000379,2019-09-16-13-06-41,000379,val,range_angle,images/2019-09-16-13-06-41/000379.png,labels/2019-09-16-13-06-41/000379.txt
2019-09-16-13-06-41_000380,2019-09-16-13-06-41,000380,val,range_angle,images/2019-09-16-13-06-41/000380.png,labels/2019-09-16-13-06-41/000380.txt
2019-09-16-13-06-41_000381,2019-09-16-13-06-41,000381,val,range_angle,images/2019-09-16-13-06-41/000381.png,labels/2019-09-16-13-06-41/000381.txt
2019-09-16-13-06-41_000382,2019-09-16-13-06-41,000382,val,range_angle,images/2019-09-16-13-06-41/000382.png,labels/2019-09-16-13-06-41/000382.txt
2019-09-16-13-06-41_000383,2019-09-16-13-06-41,000383,val,range_angle,images/2019-09-16-13-06-41/000383.png,labels/2019-09-16-13-06-41/000383.txt
2019-09-16-13-06-41_000384,2019-09-16-13-06-41,000384,val,range_angle,images/2019-09-16-13-06-41/000384.png,labels/2019-09-16-13-06-41/000384.txt
2019-09-16-13-06-41_000385,2019-09-16-13-06-41,000385,val,range_angle,images/2019-09-16-13-06-41/000385.png,labels/2019-09-16-13-06-41/000385.txt
2019-09-16-13-06-41_000386,2019-09-16-13-06-41,000386,val,range_angle,images/2019-09-16-13-06-41/000386.png,labels/2019-09-16-13-06-41/000386.txt
2019-09-16-13-06-41_000387,2019-09-16-13-06-41,000387,val,range_angle,images/2019-09-16-13-06-41/000387.png,labels/2019-09-16-13-06-41/000387.txt
2019-09-16-13-06-41_000388,2019-09-16-13-06-41,000388,val,range_angle,images/2019-09-16-13-06-41/000388.png,labels/2019-09-16-13-06-41/000388.txt
2019-09-16-13-06-41_000389,2019-09-16-13-06-41,000389,val,range_angle,images/2019-09-16-13-06-41/000389.png,labels/2019-09-16-13-06-41/000389.txt
2019-09-16-13-06-41_000390,2019-09-16-13-06-41,000390,val,range_angle,images/2019-09-16-13-06-41/000390.png,labels/2019-09-16-13-06-41/000390.txt
2019-09-16-13-06-41_000391,2019-09-16-13-06-41,000391,val,range_angle,images/2019-09-16-13-06-41/000391.png,labels/2019-09-16-13-06-41/000391.txt
2019-09-16-13-06-41_000392,2019-09-16-13-06-41,000392,val,range_angle,images/2019-09-16-13-06-41/000392.png,labels/2019-09-16-13-06-41/000392.txt
2019-09-16-13-06-41_000393,2019-09-16-13-06-41,000393,val,range_angle,images/2019-09-16-13-06-41/000393.png,labels/2019-09-16-13-06-41/000393.txt
2019-09-16-13-06-41_000394,2019-09-16-13-06-41,000394,val,range_angle,images/2019-09-16-13-06-41/000394.png,labels/2019-09-16-13-06-41/000394.txt
2019-09-16-13-06-41_000395,2019-09-16-13-06-41,000395,val,range_angle,images/2019-09-16-13-06-41/000395.png,labels/2019-09-16-13-06-41/000395.txt
2019-09-16-13-06-41_000396,2019-09-16-13-06-41,000396,val,range_angle,images/2019-09-16-13-06-41/000396.png,labels/2019-09-16-13-06-41/000396.txt
2019-09-16-13-06-41_000397,2019-09-16-13-06-41,000397,val,range_angle,images/2019-09-16-13-06-41/000397.png,labels/2019-09-16-13-06-41/000397.txt
2019-09-16-13-06-41_000398,2019-09-16-13-06-41,000398,val,range_angle,images/2019-09-16-13-06-41/000398.png,labels/2019-09-16-13-06-41/000398.txt
2019-09-16-13-06-41_000399,2019-09-16-13-06-41,000399,val,range_angle,images/2019-09-16-13-06-41/000399.png,labels/2019-09-16-13-06-41/000399.txt
2019-09-16-13-06-41_000400,2019-09-16-13-06-41,000400,val,range_angle,images/2019-09-16-13-06-41/000400.png,labels/2019-09-16-13-06-41/000400.txt
2019-09-16-13-06-41_000401,2019-09-16-13-06-41,000401,val,range_angle,images/2019-09-16-13-06-41/000401.png,labels/2019-09-16-13-06-41/000401.txt
2019-09-16-13-06-41_000402,2019-09-16-13-06-41,000402,val,range_angle,images/2019-09-16-13-06-41/000402.png,labels/2019-09-16-13-06-41/000402.txt
2019-09-16-13-06-41_000403,2019-09-16-13-06-41,000403,val,range_angle,images/2019-09-16-13-06-41/000403.png,labels/2019-09-16-13-06-41/000403.txt
2019-09-16-13-06-41_000404,2019-09-16-13-06-41,000404,val,range_angle,images/2019-09-16-13-06-41/000404.png,labels/2019-09-16-13-06-41/000404.txt
2019-09-16-13-06-41_000405,2019-09-16-13-06-41,000405,val,range_angle,images/2019-09-16-13-06-41/000405.png,labels/2019-09-16-13-06-41/000405.txt
2019-09-16-13-06-41_000406,2019-09-16-13-06-41,000406,val,range_angle,images/2019-09-16-13-06-41/000406.png,labels/2019-09-16-13-06-41/000406.txt
2019-09-16-13-06-41_000407,2019-09-16-13-06-41,000407,val,range_angle,images/2019-09-16-13-06-41/000407.png,labels/2019-09-16-13-06-41/000407.txt
2019-09-16-13-06-41_000408,2019-09-16-13-06-41,000408,val,range_angle,images/2019-09-16-13-06-41/000408.png,labels/2019-09-16-13-06-41/000408.txt
2019-09-16-13-06-41_000409,2019-09-16-13-06-41,000409,val,range_angle,images/2019-09-16-13-06-41/000409.png,labels/2019-09-16-13-06-41/000409.txt
2019-09-16-13-06-41_000410,2019-09-16-13-06-41,000410,val,range_angle,images/2019-09-16-13-06-41/000410.png,labels/2019-09-16-13-06-41/000410.txt
2019-09-16-13-06-41_000411,2019-09-16-13-06-41,000411,val,range_angle,images/2019-09-16-13-06-41/000411.png,labels/2019-09-16-13-06-41/000411.txt
2019-09-16-13-06-41_000412,2019-09-16-13-06-41,000412,val,range_angle,images/2019-09-16-13-06-41/000412.png,labels/2019-09-16-13-06-41/000412.txt
2019-09-16-13-06-41_000413,2019-09-16-13-06-41,000413,val,range_angle,images/2019-09-16-13-06-41/000413.png,labels/2019-09-16-13-06-41/000413.txt
2019-09-16-13-06-41_000414,2019-09-16-13-06-41,000414,val,range_angle,images/2019-09-16-13-06-41/000414.png,labels/2019-09-16-13-06-41/000414.txt
2019-09-16-13-06-41_000415,2019-09-16-13-06-41,000415,val,range_angle,images/2019-09-16-13-06-41/000415.png,labels/2019-09-16-13-06-41/000415.txt
2019-09-16-13-06-41_000416,2019-09-16-13-06-41,000416,val,range_angle,images/2019-09-16-13-06-41/000416.png,labels/2019-09-16-13-06-41/000416.txt
2019-09-16-13-06-41_000417,2019-09-16-13-06-41,000417,val,range_angle,images/2019-09-16-13-06-41/000417.png,labels/2019-09-16-13-06-41/000417.txt
2019-09-16-13-06-41_000418,2019-09-16-13-06-41,000418,val,range_angle,images/2019-09-16-13-06-41/000418.png,labels/2019-09-16-13-06-41/000418.txt
2019-09-16-13-06-41_000419,2019-09-16-13-06-41,000419,val,range_angle,images/2019-09-16-13-06-41/000419.png,labels/2019-09-16-13-06-41/000419.txt
2019-09-16-13-06-41_000420,2019-09-16-13-06-41,000420,val,range_angle,images/2019-09-16-13-06-41/000420.png,labels/2019-09-16-13-06-41/000420.txt
2019-09-16-13-06-41_000421,2019-09-16-13-06-41,000421,val,range_angle,images/2019-09-16-13-06-41/000421.png,labels/2019-09-16-13-06-41/000421.txt
2019-09-16-13-06-41_000422,2019-09-16-13-06-41,000422,val,range_angle,images/2019-09-16-13-06-41/000422.png,labels/2019-09-16-13-06-41/000422.txt
2019-09-16-13-06-41_000423,2019-09-16-13-06-41,000423,val,range_angle,images/2019-09-16-13-06-41/000423.png,labels/2019-09-16-13-06-41/000423.txt
2019-09-16-13-06-41_000424,2019-09-16-13-06-41,000424,val,range_angle,images/2019-09-16-13-06-41/000424.png,labels/2019-09-16-13-06-41/000424.txt
2019-09-16-13-06-41_000425,2019-09-16-13-06-41,000425,val,range_angle,images/2019-09-16-13-06-41/000425.png,labels/2019-09-16-13-06-41/000425.txt
2019-09-16-13-06-41_000426,2019-09-16-13-06-41,000426,val,range_angle,images/2019-09-16-13-06-41/000426.png,labels/2019-09-16-13-06-41/000426.txt
2019-09-16-13-06-41_000427,2019-09-16-13-06-41,000427,val,range_angle,images/2019-09-16-13-06-41/000427.png,labels/2019-09-16-13-06-41/000427.txt
2019-09-16-13-06-41_000428,2019-09-16-13-06-41,000428,val,range_angle,images/2019-09-16-13-06-41/000428.png,labels/2019-09-16-13-06-41/000428.txt
2019-09-16-13-06-41_000429,2019-09-16-13-06-41,000429,val,range_angle,images/2019-09-16-13-06-41/000429.png,labels/2019-09-16-13-06-41/000429.txt
2019-09-16-13-06-41_000430,2019-09-16-13-06-41,000430,val,range_angle,images/2019-09-16-13-06-41/000430.png,labels/2019-09-16-13-06-41/000430.txt
2019-09-16-13-06-41_000431,2019-09-16-13-06-41,000431,val,range_angle,images/2019-09-16-13-06-41/000431.png,labels/2019-09-16-13-06-41/000431.txt
2019-09-16-13-06-41_000432,2019-09-16-13-06-41,000432,val,range_angle,images/2019-09-16-13-06-41/000432.png,labels/2019-09-16-13-06-41/000432.txt
2019-09-16-13-06-41_000433,2019-09-16-13-06-41,000433,val,range_angle,images/2019-09-16-13-06-41/000433.png,labels/2019-09-16-13-06-41/000433.txt
2019-09-16-13-06-41_000434,2019-09-16-13-06-41,000434,val,range_angle,images/2019-09-16-13-06-41/000434.png,labels/2019-09-16-13-06-41/000434.txt
2019-09-16-13-06-41_000435,2019-09-16-13-06-41,000435,val,range_angle,images/2019-09-16-13-06-41/000435.png,labels/2019-09-16-13-06-41/000435.txt
2019-09-16-13-06-41_000436,2019-09-16-13-06-41,000436,val,range_angle,images/2019-09-16-13-06-41/000436.png,labels/2019-09-16-13-06-41/000436.txt
2019-09-16-13-06-41_000437,2019-09-16-13-06-41,000437,val,range_angle,images/2019-09-16-13-06-41/000437.png,labels/2019-09-16-13-06-41/000437.txt
2019-09-16-13-06-41_000438,2019-09-16-13-06-41,000438,val,range_angle,images/2019-09-16-13-06-41/000438.png,labels/2019-09-16-13-06-41/000438.txt
2019-09-16-13-06-41_000439,2019-09-16-13-06-41,000439,val,range_angle,images/2019-09-16-13-06-41/000439.png,labels/2019-09-16-13-06-41/000439.txt
2019-09-16-13-06-41_000440,2019-09-16-13-06-41,000440,val,range_angle,images/2019-09-16-13-06-41/000440.png,labels/2019-09-16-13-06-41/000440.txt
2019-09-16-13-06-41_000441,2019-09-16-13-06-41,000441,val,range_angle,images/2019-09-16-13-06-41/000441.png,labels/2019-09-16-13-06-41/000441.txt
2019-09-16-13-06-41_000442,2019-09-16-13-06-41,000442,val,range_angle,images/2019-09-16-13-06-41/000442.png,labels/2019-09-16-13-06-41/000442.txt
2019-09-16-13-06-41_000443,2019-09-16-13-06-41,000443,val,range_angle,images/2019-09-16-13-06-41/000443.png,labels/2019-09-16-13-06-41/000443.txt
2019-09-16-13-06-41_000444,2019-09-16-13-06-41,000444,val,range_angle,images/2019-09-16-13-06-41/000444.png,labels/2019-09-16-13-06-41/000444.txt
2019-09-16-13-06-41_000445,2019-09-16-13-06-41,000445,val,range_angle,images/2019-09-16-13-06-41/000445.png,labels/2019-09-16-13-06-41/000445.txt
2019-09-16-13-06-41_000446,2019-09-16-13-06-41,000446,val,range_angle,images/2019-09-16-13-06-41/000446.png,labels/2019-09-16-13-06-41/000446.txt
2019-09-16-13-06-41_000447,2019-09-16-13-06-41,000447,val,range_angle,images/2019-09-16-13-06-41/000447.png,labels/2019-09-16-13-06-41/000447.txt
2019-09-16-13-06-41_000448,2019-09-16-13-06-41,000448,val,range_angle,images/2019-09-16-13-06-41/000448.png,labels/2019-09-16-13-06-41/000448.txt
2019-09-16-13-06-41_000449,2019-09-16-13-06-41,000449,val,range_angle,images/2019-09-16-13-06-41/000449.png,labels/2019-09-16-13-06-41/000449.txt
2019-09-16-13-06-41_000450,2019-09-16-13-06-41,000450,val,range_angle,images/2019-09-16-13-06-41/000450.png,labels/2019-09-16-13-06-41/000450.txt
2019-09-16-13-06-41_000451,2019-09-16-13-06-41,000451,val,range_angle,images/2019-09-16-13-06-41/000451.png,labels/2019-09-16-13-06-41/000451.txt
2019-09-16-13-06-41_000452,2019-09-16-13-06-41,000452,val,range_angle,images/2019-09-16-13-06-41/000452.png,labels/2019-09-16-13-06-41/000452.txt
2019-09-16-13-06-41_000453,2019-09-16-13-06-41,000453,val,range_angle,images/2019-09-16-13-06-41/000453.png,labels/2019-09-16-13-06-41/000453.txt
2019-09-16-13-06-41_000454,2019-09-16-13-06-41,000454,val,range_angle,images/2019-09-16-13-06-41/000454.png,labels/2019-09-16-13-06-41/000454.txt
2019-09-16-13-06-41_000455,2019-09-16-13-06-41,000455,val,range_angle,images/2019-09-16-13-06-41/000455.png,labels/2019-09-16-13-06-41/000455.txt
2019-09-16-13-06-41_000456,2019-09-16-13-06-41,000456,val,range_angle,images/2019-09-16-13-06-41/000456.png,labels/2019-09-16-13-06-41/000456.txt
2019-09-16-13-06-41_000457,2019-09-16-13-06-41,000457,val,range_angle,images/2019-09-16-13-06-41/000457.png,labels/2019-09-16-13-06-41/000457.txt
2019-09-16-13-06-41_000458,2019-09-16-13-06-41,000458,val,range_angle,images/2019-09-16-13-06-41/000458.png,labels/2019-09-16-13-06-41/000458.txt
2019-09-16-13-06-41_000459,2019-09-16-13-06-41,000459,val,range_angle,images/2019-09-16-13-06-41/000459.png,labels/2019-09-16-13-06-41/000459.txt
2019-09-16-13-06-41_000460,2019-09-16-13-06-41,000460,val,range_angle,images/2019-09-16-13-06-41/000460.png,labels/2019-09-16-13-06-41/000460.txt
2019-09-16-13-06-41_000461,2019-09-16-13-06-41,000461,val,range_angle,images/2019-09-16-13-06-41/000461.png,labels/2019-09-16-13-06-41/000461.txt
2019-09-16-13-06-41_000462,2019-09-16-13-06-41,000462,val,range_angle,images/2019-09-16-13-06-41/000462.png,labels/2019-09-16-13-06-41/000462.txt
2019-09-16-13-06-41_000463,2019-09-16-13-06-41,000463,val,range_angle,images/2019-09-16-13-06-41/000463.png,labels/2019-09-16-13-06-41/000463.txt
2019-09-16-13-06-41_000464,2019-09-16-13-06-41,000464,val,range_angle,images/2019-09-16-13-06-41/000464.png,labels/2019-09-16-13-06-41/000464.txt
2019-09-16-13-06-41_000465,2019-09-16-13-06-41,000465,val,range_angle,images/2019-09-16-13-06-41/000465.png,labels/2019-09-16-13-06-41/000465.txt
2019-09-16-13-06-41_000466,2019-09-16-13-06-41,000466,val,range_angle,images/2019-09-16-13-06-41/000466.png,labels/2019-09-16-13-06-41/000466.txt
2019-09-16-13-06-41_000467,2019-09-16-13-06-41,000467,val,range_angle,images/2019-09-16-13-06-41/000467.png,labels/2019-09-16-13-06-41/000467.txt
2019-09-16-13-06-41_000468,2019-09-16-13-06-41,000468,val,range_angle,images/2019-09-16-13-06-41/000468.png,labels/2019-09-16-13-06-41/000468.txt
2019-09-16-13-06-41_000469,2019-09-16-13-06-41,000469,val,range_angle,images/2019-09-16-13-06-41/000469.png,labels/2019-09-16-13-06-41/000469.txt
2019-09-16-13-06-41_000470,2019-09-16-13-06-41,000470,val,range_angle,images/2019-09-16-13-06-41/000470.png,labels/2019-09-16-13-06-41/000470.txt
2019-09-16-13-06-41_000471,2019-09-16-13-06-41,000471,val,range_angle,images/2019-09-16-13-06-41/000471.png,labels/2019-09-16-13-06-41/000471.txt
2019-09-16-13-06-41_000472,2019-09-16-13-06-41,000472,val,range_angle,images/2019-09-16-13-06-41/000472.png,labels/2019-09-16-13-06-41/000472.txt
2019-09-16-13-06-41_000473,2019-09-16-13-06-41,000473,val,range_angle,images/2019-09-16-13-06-41/000473.png,labels/2019-09-16-13-06-41/000473.txt
2019-09-16-13-06-41_000474,2019-09-16-13-06-41,000474,val,range_angle,images/2019-09-16-13-06-41/000474.png,labels/2019-09-16-13-06-41/000474.txt
2019-09-16-13-06-41_000475,2019-09-16-13-06-41,000475,val,range_angle,images/2019-09-16-13-06-41/000475.png,labels/2019-09-16-13-06-41/000475.txt
2019-09-16-13-06-41_000476,2019-09-16-13-06-41,000476,val,range_angle,images/2019-09-16-13-06-41/000476.png,labels/2019-09-16-13-06-41/000476.txt
2019-09-16-13-06-41_000477,2019-09-16-13-06-41,000477,val,range_angle,images/2019-09-16-13-06-41/000477.png,labels/2019-09-16-13-06-41/000477.txt
2019-09-16-13-06-41_000478,2019-09-16-13-06-41,000478,val,range_angle,images/2019-09-16-13-06-41/000478.png,labels/2019-09-16-13-06-41/000478.txt
2019-09-16-13-06-41_000479,2019-09-16-13-06-41,000479,val,range_angle,images/2019-09-16-13-06-41/000479.png,labels/2019-09-16-13-06-41/000479.txt
2019-09-16-13-06-41_000480,2019-09-16-13-06-41,000480,val,range_angle,images/2019-09-16-13-06-41/000480.png,labels/2019-09-16-13-06-41/000480.txt
2019-09-16-13-06-41_000481,2019-09-16-13-06-41,000481,val,range_angle,images/2019-09-16-13-06-41/000481.png,labels/2019-09-16-13-06-41/000481.txt
2019-09-16-13-06-41_000482,2019-09-16-13-06-41,000482,val,range_angle,images/2019-09-16-13-06-41/000482.png,labels/2019-09-16-13-06-41/000482.txt
2019-09-16-13-06-41_000483,2019-09-16-13-06-41,000483,val,range_angle,images/2019-09-16-13-06-41/000483.png,labels/2019-09-16-13-06-41/000483.txt
2019-09-16-13-06-41_000484,2019-09-16-13-06-41,000484,val,range_angle,images/2019-09-16-13-06-41/000484.png,labels/2019-09-16-13-06-41/000484.txt
2019-09-16-13-06-41_000485,2019-09-16-13-06-41,000485,val,range_angle,images/2019-09-16-13-06-41/000485.png,labels/2019-09-16-13-06-41/000485.txt
2019-09-16-13-06-41_000486,2019-09-16-13-06-41,000486,val,range_angle,images/2019-09-16-13-06-41/000486.png,labels/2019-09-16-13-06-41/000486.txt
2019-09-16-13-06-41_000487,2019-09-16-13-06-41,000487,val,range_angle,images/2019-09-16-13-06-41/000487.png,labels/2019-09-16-13-06-41/000487.txt
2019-09-16-13-06-41_000488,2019-09-16-13-06-41,000488,val,range_angle,images/2019-09-16-13-06-41/000488.png,labels/2019-09-16-13-06-41/000488.txt
2019-09-16-13-06-41_000489,2019-09-16-13-06-41,000489,val,range_angle,images/2019-09-16-13-06-41/000489.png,labels/2019-09-16-13-06-41/000489.txt
2019-09-16-13-06-41_000490,2019-09-16-13-06-41,000490,val,range_angle,images/2019-09-16-13-06-41/000490.png,labels/2019-09-16-13-06-41/000490.txt
2019-09-16-13-06-41_000491,2019-09-16-13-06-41,000491,val,range_angle,images/2019-09-16-13-06-41/000491.png,labels/2019-09-16-13-06-41/000491.txt
2019-09-16-13-06-41_000492,2019-09-16-13-06-41,000492,val,range_angle,images/2019-09-16-13-06-41/000492.png,labels/2019-09-16-13-06-41/000492.txt
2019-09-16-13-06-41_000493,2019-09-16-13-06-41,000493,val,range_angle,images/2019-09-16-13-06-41/000493.png,labels/2019-09-16-13-06-41/000493.txt
2019-09-16-13-06-41_000494,2019-09-16-13-06-41,000494,val,range_angle,images/2019-09-16-13-06-41/000494.png,labels/2019-09-16-13-06-41/000494.txt
2019-09-16-13-06-41_000495,2019-09-16-13-06-41,000495,val,range_angle,images/2019-09-16-13-06-41/000495.png,labels/2019-09-16-13-06-41/000495.txt
2019-09-16-13-06-41_000496,2019-09-16-13-06-41,000496,val,range_angle,images/2019-09-16-13-06-41/000496.png,labels/2019-09-16-13-06-41/000496.txt
2019-09-16-13-06-41_000497,2019-09-16-13-06-41,000497,val,range_angle,images/2019-09-16-13-06-41/000497.png,labels/2019-09-16-13-06-41/000497.txt
2019-09-16-13-06-41_000498,2019-09-16-13-06-41,000498,val,range_angle,images/2019-09-16-13-06-41/000498.png,labels/2019-09-16-13-06-41/000498.txt
2019-09-16-13-06-41_000499,2019-09-16-13-06-41,000499,val,range_angle,images/2019-09-16-13-06-41/000499.png,labels/2019-09-16-13-06-41/000499.txt
2019-09-16-13-06-41_000500,2019-09-16-13-06-41,000500,val,range_angle,images/2019-09-16-13-06-41/000500.png,labels/2019-09-16-13-06-41/000500.txt
2019-09-16-13-06-41_000501,2019-09-16-13-06-41,000501,val,range_angle,images/2019-09-16-13-06-41/000501.png,labels/2019-09-16-13-06-41/000501.txt
2019-09-16-13-06-41_000502,2019-09-16-13-06-41,000502,val,range_angle,images/2019-09-16-13-06-41/000502.png,labels/2019-09-16-13-06-41/000502.txt
2019-09-16-13-06-41_000503,2019-09-16-13-06-41,000503,val,range_angle,images/2019-09-16-13-06-41/000503.png,labels/2019-09-16-13-06-41/000503.txt
2019-09-16-13-06-41_000504,2019-09-16-13-06-41,000504,val,range_angle,images/2019-09-16-13-06-41/000504.png,labels/2019-09-16-13-06-41/000504.txt
2019-09-16-13-06-41_000505,2019-09-16-13-06-41,000505,val,range_angle,images/2019-09-16-13-06-41/000505.png,labels/2019-09-16-13-06-41/000505.txt
2019-09-16-13-06-41_000506,2019-09-16-13-06-41,000506,val,range_angle,images/2019-09-16-13-06-41/000506.png,labels/2019-09-16-13-06-41/000506.txt
2019-09-16-13-06-41_000507,2019-09-16-13-06-41,000507,val,range_angle,images/2019-09-16-13-06-41/000507.png,labels/2019-09-16-13-06-41/000507.txt
2019-09-16-13-06-41_000508,2019-09-16-13-06-41,000508,val,range_angle,images/2019-09-16-13-06-41/000508.png,labels/2019-09-16-13-06-41/000508.txt
2019-09-16-13-06-41_000509,2019-09-16-13-06-41,000509,val,range_angle,images/2019-09-16-13-06-41/000509.png,labels/2019-09-16-13-06-41/000509.txt
2019-09-16-13-06-41_000510,2019-09-16-13-06-41,000510,val,range_angle,images/2019-09-16-13-06-41/000510.png,labels/2019-09-16-13-06-41/000510.txt
2019-09-16-13-06-41_000511,2019-09-16-13-06-41,000511,val,range_angle,images/2019-09-16-13-06-41/000511.png,labels/2019-09-16-13-06-41/000511.txt
2019-09-16-13-06-41_000512,2019-09-16-13-06-41,000512,val,range_angle,images/2019-09-16-13-06-41/000512.png,labels/2019-09-16-13-06-41/000512.txt
2019-09-16-13-06-41_000513,2019-09-16-13-06-41,000513,val,range_angle,images/2019-09-16-13-06-41/000513.png,labels/2019-09-16-13-06-41/000513.txt
2019-09-16-13-06-41_000514,2019-09-16-13-06-41,000514,val,range_angle,images/2019-09-16-13-06-41/000514.png,labels/2019-09-16-13-06-41/000514.txt
2019-09-16-13-06-41_000515,2019-09-16-13-06-41,000515,val,range_angle,images/2019-09-16-13-06-41/000515.png,labels/2019-09-16-13-06-41/000515.txt
2019-09-16-13-06-41_000516,2019-09-16-13-06-41,000516,val,range_angle,images/2019-09-16-13-06-41/000516.png,labels/2019-09-16-13-06-41/000516.txt
2019-09-16-13-06-41_000517,2019-09-16-13-06-41,000517,val,range_angle,images/2019-09-16-13-06-41/000517.png,labels/2019-09-16-13-06-41/000517.txt
2019-09-16-13-06-41_000518,2019-09-16-13-06-41,000518,val,range_angle,images/2019-09-16-13-06-41/000518.png,labels/2019-09-16-13-06-41/000518.txt
2019-09-16-13-06-41_000519,2019-09-16-13-06-41,000519,val,range_angle,images/2019-09-16-13-06-41/000519.png,labels/2019-09-16-13-06-41/000519.txt
2019-09-16-13-06-41_000520,2019-09-16-13-06-41,000520,val,range_angle,images/2019-09-16-13-06-41/000520.png,labels/2019-09-16-13-06-41/000520.txt
2019-09-16-13-06-41_000521,2019-09-16-13-06-41,000521,val,range_angle,images/2019-09-16-13-06-41/000521.png,labels/2019-09-16-13-06-41/000521.txt
2019-09-16-13-06-41_000522,2019-09-16-13-06-41,000522,val,range_angle,images/2019-09-16-13-06-41/000522.png,labels/2019-09-16-13-06-41/000522.txt
2019-09-16-13-06-41_000523,2019-09-16-13-06-41,000523,val,range_angle,images/2019-09-16-13-06-41/000523.png,labels/2019-09-16-13-06-41/000523.txt
2019-09-16-13-06-41_000524,2019-09-16-13-06-41,000524,val,range_angle,images/2019-09-16-13-06-41/000524.png,labels/2019-09-16-13-06-41/000524.txt
2019-09-16-13-06-41_000525,2019-09-16-13-06-41,000525,val,range_angle,images/2019-09-16-13-06-41/000525.png,labels/2019-09-16-13-06-41/000525.txt
2019-09-16-13-06-41_000526,2019-09-16-13-06-41,000526,val,range_angle,images/2019-09-16-13-06-41/000526.png,labels/2019-09-16-13-06-41/000526.txt
2019-09-16-13-06-41_000527,2019-09-16-13-06-41,000527,val,range_angle,images/2019-09-16-13-06-41/000527.png,labels/2019-09-16-13-06-41/000527.txt
2019-09-16-13-06-41_000528,2019-09-16-13-06-41,000528,val,range_angle,images/2019-09-16-13-06-41/000528.png,labels/2019-09-16-13-06-41/000528.txt
2019-09-16-13-06-41_000529,2019-09-16-13-06-41,000529,val,range_angle,images/2019-09-16-13-06-41/000529.png,labels/2019-09-16-13-06-41/000529.txt
2019-09-16-13-06-41_000530,2019-09-16-13-06-41,000530,val,range_angle,images/2019-09-16-13-06-41/000530.png,labels/2019-09-16-13-06-41/000530.txt
2019-09-16-13-06-41_000531,2019-09-16-13-06-41,000531,val,range_angle,images/2019-09-16-13-06-41/000531.png,labels/2019-09-16-13-06-41/000531.txt
2019-09-16-13-06-41_000532,2019-09-16-13-06-41,000532,val,range_angle,images/2019-09-16-13-06-41/000532.png,labels/2019-09-16-13-06-41/000532.txt
2019-09-16-13-06-41_000533,2019-09-16-13-06-41,000533,val,range_angle,images/2019-09-16-13-06-41/000533.png,labels/2019-09-16-13-06-41/000533.txt
2019-09-16-13-06-41_000534,2019-09-16-13-06-41,000534,val,range_angle,images/2019-09-16-13-06-41/000534.png,labels/2019-09-16-13-06-41/000534.txt
2019-09-16-13-06-41_000535,2019-09-16-13-06-41,000535,val,range_angle,images/2019-09-16-13-06-41/000535.png,labels/2019-09-16-13-06-41/000535.txt
2019-09-16-13-06-41_000536,2019-09-16-13-06-41,000536,val,range_angle,images/2019-09-16-13-06-41/000536.png,labels/2019-09-16-13-06-41/000536.txt
2019-09-16-13-06-41_000537,2019-09-16-13-06-41,000537,val,range_angle,images/2019-09-16-13-06-41/000537.png,labels/2019-09-16-13-06-41/000537.txt
2019-09-16-13-06-41_000538,2019-09-16-13-06-41,000538,val,range_angle,images/2019-09-16-13-06-41/000538.png,labels/2019-09-16-13-06-41/000538.txt
2019-09-16-13-06-41_000539,2019-09-16-13-06-41,000539,val,range_angle,images/2019-09-16-13-06-41/000539.png,labels/2019-09-16-13-06-41/000539.txt
2019-09-16-13-06-41_000540,2019-09-16-13-06-41,000540,val,range_angle,images/2019-09-16-13-06-41/000540.png,labels/2019-09-16-13-06-41/000540.txt
2019-09-16-13-06-41_000541,2019-09-16-13-06-41,000541,val,range_angle,images/2019-09-16-13-06-41/000541.png,labels/2019-09-16-13-06-41/000541.txt
2019-09-16-13-06-41_000542,2019-09-16-13-06-41,000542,val,range_angle,images/2019-09-16-13-06-41/000542.png,labels/2019-09-16-13-06-41/000542.txt
2019-09-16-13-06-41_000543,2019-09-16-13-06-41,000543,val,range_angle,images/2019-09-16-13-06-41/000543.png,labels/2019-09-16-13-06-41/000543.txt
2019-09-16-13-06-41_000544,2019-09-16-13-06-41,000544,val,range_angle,images/2019-09-16-13-06-41/000544.png,labels/2019-09-16-13-06-41/000544.txt
2019-09-16-13-06-41_000545,2019-09-16-13-06-41,000545,val,range_angle,images/2019-09-16-13-06-41/000545.png,labels/2019-09-16-13-06-41/000545.txt
2019-09-16-13-06-41_000546,2019-09-16-13-06-41,000546,val,range_angle,images/2019-09-16-13-06-41/000546.png,labels/2019-09-16-13-06-41/000546.txt
2019-09-16-13-06-41_000547,2019-09-16-13-06-41,000547,val,range_angle,images/2019-09-16-13-06-41/000547.png,labels/2019-09-16-13-06-41/000547.txt
2019-09-16-13-06-41_000548,2019-09-16-13-06-41,000548,val,range_angle,images/2019-09-16-13-06-41/000548.png,labels/2019-09-16-13-06-41/000548.txt
2019-09-16-13-06-41_000549,2019-09-16-13-06-41,000549,val,range_angle,images/2019-09-16-13-06-41/000549.png,labels/2019-09-16-13-06-41/000549.txt
2019-09-16-13-06-41_000550,2019-09-16-13-06-41,000550,val,range_angle,images/2019-09-16-13-06-41/000550.png,labels/2019-09-16-13-06-41/000550.txt
2019-09-16-13-06-41_000551,2019-09-16-13-06-41,000551,val,range_angle,images/2019-09-16-13-06-41/000551.png,labels/2019-09-16-13-06-41/000551.txt
2019-09-16-13-06-41_000552,2019-09-16-13-06-41,000552,val,range_angle,images/2019-09-16-13-06-41/000552.png,labels/2019-09-16-13-06-41/000552.txt
2019-09-16-13-06-41_000553,2019-09-16-13-06-41,000553,val,range_angle,images/2019-09-16-13-06-41/000553.png,labels/2019-09-16-13-06-41/000553.txt
2019-09-16-13-06-41_000554,2019-09-16-13-06-41,000554,val,range_angle,images/2019-09-16-13-06-41/000554.png,labels/2019-09-16-13-06-41/000554.txt
2019-09-16-13-06-41_000555,2019-09-16-13-06-41,000555,val,range_angle,images/2019-09-16-13-06-41/000555.png,labels/2019-09-16-13-06-41/000555.txt
2019-09-16-13-06-41_000556,2019-09-16-13-06-41,000556,val,range_angle,images/2019-09-16-13-06-41/000556.png,labels/2019-09-16-13-06-41/000556.txt
2019-09-16-13-06-41_000557,2019-09-16-13-06-41,000557,val,range_angle,images/2019-09-16-13-06-41/000557.png,labels/2019-09-16-13-06-41/000557.txt
2019-09-16-13-06-41_000558,2019-09-16-13-06-41,000558,val,range_angle,images/2019-09-16-13-06-41/000558.png,labels/2019-09-16-13-06-41/000558.txt
2019-09-16-13-06-41_000559,2019-09-16-13-06-41,000559,val,range_angle,images/2019-09-16-13-06-41/000559.png,labels/2019-09-16-13-06-41/000559.txt
2019-09-16-13-06-41_000560,2019-09-16-13-06-41,000560,val,range_angle,images/2019-09-16-13-06-41/000560.png,labels/2019-09-16-13-06-41/000560.txt
2019-09-16-13-06-41_000561,2019-09-16-13-06-41,000561,val,range_angle,images/2019-09-16-13-06-41/000561.png,labels/2019-09-16-13-06-41/000561.txt
2019-09-16-13-06-41_000562,2019-09-16-13-06-41,000562,val,range_angle,images/2019-09-16-13-06-41/000562.png,labels/2019-09-16-13-06-41/000562.txt
2019-09-16-13-06-41_000563,2019-09-16-13-06-41,000563,val,range_angle,images/2019-09-16-13-06-41/000563.png,labels/2019-09-16-13-06-41/000563.txt
2019-09-16-13-06-41_000564,2019-09-16-13-06-41,000564,val,range_angle,images/2019-09-16-13-06-41/000564.png,labels/2019-09-16-13-06-41/000564.txt
2019-09-16-13-06-41_000565,2019-09-16-13-06-41,000565,val,range_angle,images/2019-09-16-13-06-41/000565.png,labels/2019-09-16-13-06-41/000565.txt
2019-09-16-13-06-41_000566,2019-09-16-13-06-41,000566,val,range_angle,images/2019-09-16-13-06-41/000566.png,labels/2019-09-16-13-06-41/000566.txt
2019-09-16-13-06-41_000567,2019-09-16-13-06-41,000567,val,range_angle,images/2019-09-16-13-06-41/000567.png,labels/2019-09-16-13-06-41/000567.txt
2019-09-16-13-06-41_000568,2019-09-16-13-06-41,000568,val,range_angle,images/2019-09-16-13-06-41/000568.png,labels/2019-09-16-13-06-41/000568.txt
2019-09-16-13-06-41_000569,2019-09-16-13-06-41,000569,val,range_angle,images/2019-09-16-13-06-41/000569.png,labels/2019-09-16-13-06-41/000569.txt
2019-09-16-13-06-41_000570,2019-09-16-13-06-41,000570,val,range_angle,images/2019-09-16-13-06-41/000570.png,labels/2019-09-16-13-06-41/000570.txt
2019-09-16-13-06-41_000571,2019-09-16-13-06-41,000571,val,range_angle,images/2019-09-16-13-06-41/000571.png,labels/2019-09-16-13-06-41/000571.txt
2019-09-16-13-06-41_000572,2019-09-16-13-06-41,000572,val,range_angle,images/2019-09-16-13-06-41/000572.png,labels/2019-09-16-13-06-41/000572.txt
2019-09-16-13-06-41_000573,2019-09-16-13-06-41,000573,val,range_angle,images/2019-09-16-13-06-41/000573.png,labels/2019-09-16-13-06-41/000573.txt
2019-09-16-13-06-41_000574,2019-09-16-13-06-41,000574,val,range_angle,images/2019-09-16-13-06-41/000574.png,labels/2019-09-16-13-06-41/000574.txt
2019-09-16-13-06-41_000575,2019-09-16-13-06-41,000575,val,range_angle,images/2019-09-16-13-06-41/000575.png,labels/2019-09-16-13-06-41/000575.txt
2019-09-16-13-06-41_000576,2019-09-16-13-06-41,000576,val,range_angle,images/2019-09-16-13-06-41/000576.png,labels/2019-09-16-13-06-41/000576.txt
2019-09-16-13-06-41_000577,2019-09-16-13-06-41,000577,val,range_angle,images/2019-09-16-13-06-41/000577.png,labels/2019-09-16-13-06-41/000577.txt
2019-09-16-13-06-41_000578,2019-09-16-13-06-41,000578,val,range_angle,images/2019-09-16-13-06-41/000578.png,labels/2019-09-16-13-06-41/000578.txt
2019-09-16-13-06-41_000579,2019-09-16-13-06-41,000579,val,range_angle,images/2019-09-16-13-06-41/000579.png,labels/2019-09-16-13-06-41/000579.txt
2019-09-16-13-06-41_000580,2019-09-16-13-06-41,000580,val,range_angle,images/2019-09-16-13-06-41/000580.png,labels/2019-09-16-13-06-41/000580.txt
2019-09-16-13-06-41_000581,2019-09-16-13-06-41,000581,val,range_angle,images/2019-09-16-13-06-41/000581.png,labels/2019-09-16-13-06-41/000581.txt
2019-09-16-13-06-41_000582,2019-09-16-13-06-41,000582,val,range_angle,images/2019-09-16-13-06-41/000582.png,labels/2019-09-16-13-06-41/000582.txt
2019-09-16-13-06-41_000583,2019-09-16-13-06-41,000583,val,range_angle,images/2019-09-16-13-06-41/000583.png,labels/2019-09-16-13-06-41/000583.txt
2019-09-16-13-06-41_000584,2019-09-16-13-06-41,000584,val,range_angle,images/2019-09-16-13-06-41/000584.png,labels/2019-09-16-13-06-41/000584.txt
2019-09-16-13-06-41_000585,2019-09-16-13-06-41,000585,val,range_angle,images/2019-09-16-13-06-41/000585.png,labels/2019-09-16-13-06-41/000585.txt
2019-09-16-13-06-41_000586,2019-09-16-13-06-41,000586,val,range_angle,images/2019-09-16-13-06-41/000586.png,labels/2019-09-16-13-06-41/000586.txt
2019-09-16-13-06-41_000587,2019-09-16-13-06-41,000587,val,range_angle,images/2019-09-16-13-06-41/000587.png,labels/2019-09-16-13-06-41/000587.txt
2019-09-16-13-06-41_000588,2019-09-16-13-06-41,000588,val,range_angle,images/2019-09-16-13-06-41/000588.png,labels/2019-09-16-13-06-41/000588.txt
2019-09-16-13-06-41_000589,2019-09-16-13-06-41,000589,val,range_angle,images/2019-09-16-13-06-41/000589.png,labels/2019-09-16-13-06-41/000589.txt
2019-09-16-13-06-41_000590,2019-09-16-13-06-41,000590,val,range_angle,images/2019-09-16-13-06-41/000590.png,labels/2019-09-16-13-06-41/000590.txt
2019-09-16-13-06-41_000591,2019-09-16-13-06-41,000591,val,range_angle,images/2019-09-16-13-06-41/000591.png,labels/2019-09-16-13-06-41/000591.txt
2019-09-16-13-06-41_000592,2019-09-16-13-06-41,000592,val,range_angle,images/2019-09-16-13-06-41/000592.png,labels/2019-09-16-13-06-41/000592.txt
2019-09-16-13-06-41_000593,2019-09-16-13-06-41,000593,val,range_angle,images/2019-09-16-13-06-41/000593.png,labels/2019-09-16-13-06-41/000593.txt
2019-09-16-13-06-41_000594,2019-09-16-13-06-41,000594,val,range_angle,images/2019-09-16-13-06-41/000594.png,labels/2019-09-16-13-06-41/000594.txt
2019-09-16-13-06-41_000595,2019-09-16-13-06-41,000595,val,range_angle,images/2019-09-16-13-06-41/000595.png,labels/2019-09-16-13-06-41/000595.txt
2019-09-16-13-06-41_000596,2019-09-16-13-06-41,000596,val,range_angle,images/2019-09-16-13-06-41/000596.png,labels/2019-09-16-13-06-41/000596.txt
2019-09-16-13-06-41_000597,2019-09-16-13-06-41,000597,val,range_angle,images/2019-09-16-13-06-41/000597.png,labels/2019-09-16-13-06-41/000597.txt
2019-09-16-13-06-41_000598,2019-09-16-13-06-41,000598,val,range_angle,images/2019-09-16-13-06-41/000598.png,labels/2019-09-16-13-06-41/000598.txt
2019-09-16-13-06-41_000599,2019-09-16-13-06-41,000599,val,range_angle,images/2019-09-16-13-06-41/000599.png,labels/2019-09-16-13-06-41/000599.txt
2019-09-16-13-06-41_000600,2019-09-16-13-06-41,000600,val,range_angle,images/2019-09-16-13-06-41/000600.png,labels/2019-09-16-13-06-41/000600.txt
2019-09-16-13-06-41_000601,2019-09-16-13-06-41,000601,val,range_angle,images/2019-09-16-13-06-41/000601.png,labels/2019-09-16-13-06-41/000601.txt
2019-09-16-13-06-41_000602,2019-09-16-13-06-41,000602,val,range_angle,images/2019-09-16-13-06-41/000602.png,labels/2019-09-16-13-06-41/000602.txt
2019-09-16-13-06-41_000603,2019-09-16-13-06-41,000603,val,range_angle,images/2019-09-16-13-06-41/000603.png,labels/2019-09-16-13-06-41/000603.txt
2019-09-16-13-06-41_000604,2019-09-16-13-06-41,000604,val,range_angle,images/2019-09-16-13-06-41/000604.png,labels/2019-09-16-13-06-41/000604.txt
2019-09-16-13-06-41_000605,2019-09-16-13-06-41,000605,val,range_angle,images/2019-09-16-13-06-41/000605.png,labels/2019-09-16-13-06-41/000605.txt
2019-09-16-13-06-41_000606,2019-09-16-13-06-41,000606,val,range_angle,images/2019-09-16-13-06-41/000606.png,labels/2019-09-16-13-06-41/000606.txt
2019-09-16-13-06-41_000607,2019-09-16-13-06-41,000607,val,range_angle,images/2019-09-16-13-06-41/000607.png,labels/2019-09-16-13-06-41/000607.txt
2019-09-16-13-06-41_000608,2019-09-16-13-06-41,000608,val,range_angle,images/2019-09-16-13-06-41/000608.png,labels/2019-09-16-13-06-41/000608.txt
2019-09-16-13-06-41_000609,2019-09-16-13-06-41,000609,val,range_angle,images/2019-09-16-13-06-41/000609.png,labels/2019-09-16-13-06-41/000609.txt
2019-09-16-13-06-41_000610,2019-09-16-13-06-41,000610,val,range_angle,images/2019-09-16-13-06-41/000610.png,labels/2019-09-16-13-06-41/000610.txt
2019-09-16-13-06-41_000611,2019-09-16-13-06-41,000611,val,range_angle,images/2019-09-16-13-06-41/000611.png,labels/2019-09-16-13-06-41/000611.txt
2019-09-16-13-06-41_000612,2019-09-16-13-06-41,000612,val,range_angle,images/2019-09-16-13-06-41/000612.png,labels/2019-09-16-13-06-41/000612.txt
2019-09-16-13-06-41_000613,2019-09-16-13-06-41,000613,val,range_angle,images/2019-09-16-13-06-41/000613.png,labels/2019-09-16-13-06-41/000613.txt
2019-09-16-13-06-41_000614,2019-09-16-13-06-41,000614,val,range_angle,images/2019-09-16-13-06-41/000614.png,labels/2019-09-16-13-06-41/000614.txt
2019-09-16-13-06-41_000615,2019-09-16-13-06-41,000615,val,range_angle,images/2019-09-16-13-06-41/000615.png,labels/2019-09-16-13-06-41/000615.txt
2019-09-16-13-06-41_000616,2019-09-16-13-06-41,000616,val,range_angle,images/2019-09-16-13-06-41/000616.png,labels/2019-09-16-13-06-41/000616.txt
2019-09-16-13-06-41_000617,2019-09-16-13-06-41,000617,val,range_angle,images/2019-09-16-13-06-41/000617.png,labels/2019-09-16-13-06-41/000617.txt
2019-09-16-13-06-41_000618,2019-09-16-13-06-41,000618,val,range_angle,images/2019-09-16-13-06-41/000618.png,labels/2019-09-16-13-06-41/000618.txt
2019-09-16-13-06-41_000619,2019-09-16-13-06-41,000619,val,range_angle,images/2019-09-16-13-06-41/000619.png,labels/2019-09-16-13-06-41/000619.txt
2019-09-16-13-06-41_000620,2019-09-16-13-06-41,000620,val,range_angle,images/2019-09-16-13-06-41/000620.png,labels/2019-09-16-13-06-41/000620.txt
2019-09-16-13-06-41_000621,2019-09-16-13-06-41,000621,val,range_angle,images/2019-09-16-13-06-41/000621.png,labels/2019-09-16-13-06-41/000621.txt
2019-09-16-13-06-41_000622,2019-09-16-13-06-41,000622,val,range_angle,images/2019-09-16-13-06-41/000622.png,labels/2019-09-16-13-06-41/000622.txt
2019-09-16-13-06-41_000623,2019-09-16-13-06-41,000623,val,range_angle,images/2019-09-16-13-06-41/000623.png,labels/2019-09-16-13-06-41/000623.txt
2019-09-16-13-06-41_000624,2019-09-16-13-06-41,000624,val,range_angle,images/2019-09-16-13-06-41/000624.png,labels/2019-09-16-13-06-41/000624.txt
2019-09-16-13-06-41_000625,2019-09-16-13-06-41,000625,val,range_angle,images/2019-09-16-13-06-41/000625.png,labels/2019-09-16-13-06-41/000625.txt
2019-09-16-13-06-41_000626,2019-09-16-13-06-41,000626,val,range_angle,images/2019-09-16-13-06-41/000626.png,labels/2019-09-16-13-06-41/000626.txt
2019-09-16-13-06-41_000627,2019-09-16-13-06-41,000627,val,range_angle,images/2019-09-16-13-06-41/000627.png,labels/2019-09-16-13-06-41/000627.txt
2019-09-16-13-06-41_000628,2019-09-16-13-06-41,000628,val,range_angle,images/2019-09-16-13-06-41/000628.png,labels/2019-09-16-13-06-41/000628.txt
2019-09-16-13-06-41_000629,2019-09-16-13-06-41,000629,val,range_angle,images/2019-09-16-13-06-41/000629.png,labels/2019-09-16-13-06-41/000629.txt
2019-09-16-13-06-41_000630,2019-09-16-13-06-41,000630,val,range_angle,images/2019-09-16-13-06-41/000630.png,labels/2019-09-16-13-06-41/000630.txt
2019-09-16-13-06-41_000631,2019-09-16-13-06-41,000631,val,range_angle,images/2019-09-16-13-06-41/000631.png,labels/2019-09-16-13-06-41/000631.txt
2019-09-16-13-06-41_000632,2019-09-16-13-06-41,000632,val,range_angle,images/2019-09-16-13-06-41/000632.png,labels/2019-09-16-13-06-41/000632.txt
2019-09-16-13-06-41_000633,2019-09-16-13-06-41,000633,val,range_angle,images/2019-09-16-13-06-41/000633.png,labels/2019-09-16-13-06-41/000633.txt
2019-09-16-13-06-41_000634,2019-09-16-13-06-41,000634,val,range_angle,images/2019-09-16-13-06-41/000634.png,labels/2019-09-16-13-06-41/000634.txt
2019-09-16-13-06-41_000635,2019-09-16-13-06-41,000635,val,range_angle,images/2019-09-16-13-06-41/000635.png,labels/2019-09-16-13-06-41/000635.txt
2019-09-16-13-06-41_000636,2019-09-16-13-06-41,000636,val,range_angle,images/2019-09-16-13-06-41/000636.png,labels/2019-09-16-13-06-41/000636.txt
2019-09-16-13-06-41_000637,2019-09-16-13-06-41,000637,val,range_angle,images/2019-09-16-13-06-41/000637.png,labels/2019-09-16-13-06-41/000637.txt
2019-09-16-13-06-41_000638,2019-09-16-13-06-41,000638,val,range_angle,images/2019-09-16-13-06-41/000638.png,labels/2019-09-16-13-06-41/000638.txt
2019-09-16-13-06-41_000639,2019-09-16-13-06-41,000639,val,range_angle,images/2019-09-16-13-06-41/000639.png,labels/2019-09-16-13-06-41/000639.txt
2019-09-16-13-06-41_000640,2019-09-16-13-06-41,000640,val,range_angle,images/2019-09-16-13-06-41/000640.png,labels/2019-09-16-13-06-41/000640.txt
2019-09-16-13-06-41_000641,2019-09-16-13-06-41,000641,val,range_angle,images/2019-09-16-13-06-41/000641.png,labels/2019-09-16-13-06-41/000641.txt
2019-09-16-13-06-41_000642,2019-09-16-13-06-41,000642,val,range_angle,images/2019-09-16-13-06-41/000642.png,labels/2019-09-16-13-06-41/000642.txt
2019-09-16-13-06-41_000643,2019-09-16-13-06-41,000643,val,range_angle,images/2019-09-16-13-06-41/000643.png,labels/2019-09-16-13-06-41/000643.txt
2019-09-16-13-06-41_000644,2019-09-16-13-06-41,000644,val,range_angle,images/2019-09-16-13-06-41/000644.png,labels/2019-09-16-13-06-41/000644.txt
2019-09-16-13-06-41_000645,2019-09-16-13-06-41,000645,val,range_angle,images/2019-09-16-13-06-41/000645.png,labels/2019-09-16-13-06-41/000645.txt
2019-09-16-13-06-41_000646,2019-09-16-13-06-41,000646,val,range_angle,images/2019-09-16-13-06-41/000646.png,labels/2019-09-16-13-06-41/000646.txt
2019-09-16-13-06-41_000647,2019-09-16-13-06-41,000647,val,range_angle,images/2019-09-16-13-06-41/000647.png,labels/2019-09-16-13-06-41/000647.txt
2019-09-16-13-06-41_000648,2019-09-16-13-06-41,000648,val,range_angle,images/2019-09-16-13-06-41/000648.png,labels/2019-09-16-13-06-41/000648.txt
2019-09-16-13-06-41_000649,2019-09-16-13-06-41,000649,val,range_angle,images/2019-09-16-13-06-41/000649.png,labels/2019-09-16-13-06-41/000649.txt
2019-09-16-13-06-41_000650,2019-09-16-13-06-41,000650,val,range_angle,images/2019-09-16-13-06-41/000650.png,labels/2019-09-16-13-06-41/000650.txt
2019-09-16-13-06-41_000651,2019-09-16-13-06-41,000651,val,range_angle,images/2019-09-16-13-06-41/000651.png,labels/2019-09-16-13-06-41/000651.txt
2019-09-16-13-06-41_000652,2019-09-16-13-06-41,000652,val,range_angle,images/2019-09-16-13-06-41/000652.png,labels/2019-09-16-13-06-41/000652.txt
2019-09-16-13-06-41_000653,2019-09-16-13-06-41,000653,val,range_angle,images/2019-09-16-13-06-41/000653.png,labels/2019-09-16-13-06-41/000653.txt
2019-09-16-13-06-41_000654,2019-09-16-13-06-41,000654,val,range_angle,images/2019-09-16-13-06-41/000654.png,labels/2019-09-16-13-06-41/000654.txt
2019-09-16-13-06-41_000655,2019-09-16-13-06-41,000655,val,range_angle,images/2019-09-16-13-06-41/000655.png,labels/2019-09-16-13-06-41/000655.txt
2019-09-16-13-06-41_000656,2019-09-16-13-06-41,000656,val,range_angle,images/2019-09-16-13-06-41/000656.png,labels/2019-09-16-13-06-41/000656.txt
2019-09-16-13-06-41_000657,2019-09-16-13-06-41,000657,val,range_angle,images/2019-09-16-13-06-41/000657.png,labels/2019-09-16-13-06-41/000657.txt
2019-09-16-13-06-41_000658,2019-09-16-13-06-41,000658,val,range_angle,images/2019-09-16-13-06-41/000658.png,labels/2019-09-16-13-06-41/000658.txt
2019-09-16-13-06-41_000659,2019-09-16-13-06-41,000659,val,range_angle,images/2019-09-16-13-06-41/000659.png,labels/2019-09-16-13-06-41/000659.txt
2019-09-16-13-06-41_000660,2019-09-16-13-06-41,000660,val,range_angle,images/2019-09-16-13-06-41/000660.png,labels/2019-09-16-13-06-41/000660.txt
2019-09-16-13-06-41_000661,2019-09-16-13-06-41,000661,val,range_angle,images/2019-09-16-13-06-41/000661.png,labels/2019-09-16-13-06-41/000661.txt
2019-09-16-13-06-41_000662,2019-09-16-13-06-41,000662,val,range_angle,images/2019-09-16-13-06-41/000662.png,labels/2019-09-16-13-06-41/000662.txt
2019-09-16-13-06-41_000663,2019-09-16-13-06-41,000663,val,range_angle,images/2019-09-16-13-06-41/000663.png,labels/2019-09-16-13-06-41/000663.txt
2019-09-16-13-06-41_000664,2019-09-16-13-06-41,000664,val,range_angle,images/2019-09-16-13-06-41/000664.png,labels/2019-09-16-13-06-41/000664.txt
2019-09-16-13-06-41_000665,2019-09-16-13-06-41,000665,val,range_angle,images/2019-09-16-13-06-41/000665.png,labels/2019-09-16-13-06-41/000665.txt
2019-09-16-13-06-41_000666,2019-09-16-13-06-41,000666,val,range_angle,images/2019-09-16-13-06-41/000666.png,labels/2019-09-16-13-06-41/000666.txt
2019-09-16-13-06-41_000667,2019-09-16-13-06-41,000667,val,range_angle,images/2019-09-16-13-06-41/000667.png,labels/2019-09-16-13-06-41/000667.txt
2019-09-16-13-06-41_000668,2019-09-16-13-06-41,000668,val,range_angle,images/2019-09-16-13-06-41/000668.png,labels/2019-09-16-13-06-41/000668.txt
2019-09-16-13-06-41_000669,2019-09-16-13-06-41,000669,val,range_angle,images/2019-09-16-13-06-41/000669.png,labels/2019-09-16-13-06-41/000669.txt
2019-09-16-13-06-41_000670,2019-09-16-13-06-41,000670,val,range_angle,images/2019-09-16-13-06-41/000670.png,labels/2019-09-16-13-06-41/000670.txt
2019-09-16-13-06-41_000671,2019-09-16-13-06-41,000671,val,range_angle,images/2019-09-16-13-06-41/000671.png,labels/2019-09-16-13-06-41/000671.txt
2019-09-16-13-06-41_000672,2019-09-16-13-06-41,000672,val,range_angle,images/2019-09-16-13-06-41/000672.png,labels/2019-09-16-13-06-41/000672.txt
2019-09-16-13-06-41_000673,2019-09-16-13-06-41,000673,val,range_angle,images/2019-09-16-13-06-41/000673.png,labels/2019-09-16-13-06-41/000673.txt
2019-09-16-13-06-41_000674,2019-09-16-13-06-41,000674,val,range_angle,images/2019-09-16-13-06-41/000674.png,labels/2019-09-16-13-06-41/000674.txt
2019-09-16-13-06-41_000675,2019-09-16-13-06-41,000675,val,range_angle,images/2019-09-16-13-06-41/000675.png,labels/2019-09-16-13-06-41/000675.txt
2019-09-16-13-06-41_000676,2019-09-16-13-06-41,000676,val,range_angle,images/2019-09-16-13-06-41/000676.png,labels/2019-09-16-13-06-41/000676.txt
2019-09-16-13-06-41_000677,2019-09-16-13-06-41,000677,val,range_angle,images/2019-09-16-13-06-41/000677.png,labels/2019-09-16-13-06-41/000677.txt
2019-09-16-13-06-41_000678,2019-09-16-13-06-41,000678,val,range_angle,images/2019-09-16-13-06-41/000678.png,labels/2019-09-16-13-06-41/000678.txt
2019-09-16-13-06-41_000679,2019-09-16-13-06-41,000679,val,range_angle,images/2019-09-16-13-06-41/000679.png,labels/2019-09-16-13-06-41/000679.txt
2019-09-16-13-06-41_000680,2019-09-16-13-06-41,000680,val,range_angle,images/2019-09-16-13-06-41/000680.png,labels/2019-09-16-13-06-41/000680.txt
2019-09-16-13-06-41_000681,2019-09-16-13-06-41,000681,val,range_angle,images/2019-09-16-13-06-41/000681.png,labels/2019-09-16-13-06-41/000681.txt
2019-09-16-13-06-41_000682,2019-09-16-13-06-41,000682,val,range_angle,images/2019-09-16-13-06-41/000682.png,labels/2019-09-16-13-06-41/000682.txt
2019-09-16-13-06-41_000683,2019-09-16-13-06-41,000683,val,range_angle,images/2019-09-16-13-06-41/000683.png,labels/2019-09-16-13-06-41/000683.txt
2019-09-16-13-06-41_000684,2019-09-16-13-06-41,000684,val,range_angle,images/2019-09-16-13-06-41/000684.png,labels/2019-09-16-13-06-41/000684.txt
2019-09-16-13-06-41_000685,2019-09-16-13-06-41,000685,val,range_angle,images/2019-09-16-13-06-41/000685.png,labels/2019-09-16-13-06-41/000685.txt
2019-09-16-13-06-41_000686,2019-09-16-13-06-41,000686,val,range_angle,images/2019-09-16-13-06-41/000686.png,labels/2019-09-16-13-06-41/000686.txt
2019-09-16-13-06-41_000687,2019-09-16-13-06-41,000687,val,range_angle,images/2019-09-16-13-06-41/000687.png,labels/2019-09-16-13-06-41/000687.txt
2019-09-16-13-06-41_000688,2019-09-16-13-06-41,000688,val,range_angle,images/2019-09-16-13-06-41/000688.png,labels/2019-09-16-13-06-41/000688.txt
2019-09-16-13-06-41_000689,2019-09-16-13-06-41,000689,val,range_angle,images/2019-09-16-13-06-41/000689.png,labels/2019-09-16-13-06-41/000689.txt
2019-09-16-13-06-41_000690,2019-09-16-13-06-41,000690,val,range_angle,images/2019-09-16-13-06-41/000690.png,labels/2019-09-16-13-06-41/000690.txt
2019-09-16-13-06-41_000691,2019-09-16-13-06-41,000691,val,range_angle,images/2019-09-16-13-06-41/000691.png,labels/2019-09-16-13-06-41/000691.txt
2019-09-16-13-06-41_000692,2019-09-16-13-06-41,000692,val,range_angle,images/2019-09-16-13-06-41/000692.png,labels/2019-09-16-13-06-41/000692.txt
2019-09-16-13-06-41_000693,2019-09-16-13-06-41,000693,val,range_angle,images/2019-09-16-13-06-41/000693.png,labels/2019-09-16-13-06-41/000693.txt
2019-09-16-13-06-41_000694,2019-09-16-13-06-41,000694,val,range_angle,images/2019-09-16-13-06-41/000694.png,labels/2019-09-16-13-06-41/000694.txt
2019-09-16-13-06-41_000695,2019-09-16-13-06-41,000695,val,range_angle,images/2019-09-16-13-06-41/000695.png,labels/2019-09-16-13-06-41/000695.txt
2019-09-16-13-06-41_000696,2019-09-16-13-06-41,000696,val,range_angle,images/2019-09-16-13-06-41/000696.png,labels/2019-09-16-13-06-41/000696.txt
2019-09-16-13-06-41_000697,2019-09-16-13-06-41,000697,val,range_angle,images/2019-09-16-13-06-41/000697.png,labels/2019-09-16-13-06-41/000697.txt
2019-09-16-13-06-41_000698,2019-09-16-13-06-41,000698,val,range_angle,images/2019-09-16-13-06-41/000698.png,labels/2019-09-16-13-06-41/000698.txt
2019-09-16-13-06-41_000699,2019-09-16-13-06-41,000699,val,range_angle,images/2019-09-16-13-06-41/000699.png,labels/2019-09-16-13-06-41/000699.txt
2019-09-16-13-06-41_000700,2019-09-16-13-06-41,000700,val,range_angle,images/2019-09-16-13-06-41/000700.png,labels/2019-09-16-13-06-41/000700.txt
2019-09-16-13-06-41_000701,2019-09-16-13-06-41,000701,val,range_angle,images/2019-09-16-13-06-41/000701.png,labels/2019-09-16-13-06-41/000701.txt
2019-09-16-13-06-41_000702,2019-09-16-13-06-41,000702,val,range_angle,images/2019-09-16-13-06-41/000702.png,labels/2019-09-16-13-06-41/000702.txt
2019-09-16-13-06-41_000703,2019-09-16-13-06-41,000703,val,range_angle,images/2019-09-16-13-06-41/000703.png,labels/2019-09-16-13-06-41/000703.txt
2019-09-16-13-11-12_000000,2019-09-16-13-11-12,000000,train,range_angle,images/2019-09-16-13-11-12/000000.png,labels/2019-09-16-13-11-12/000000.txt
2019-09-16-13-11-12_000001,2019-09-16-13-11-12,000001,train,range_angle,images/2019-09-16-13-11-12/000001.png,labels/2019-09-16-13-11-12/000001.txt
2019-09-16-13-11-12_000002,2019-09-16-13-11-12,000002,train,range_angle,images/2019-09-16-13-11-12/000002.png,labels/2019-09-16-13-11-12/000002.txt
2019-09-16-13-11-12_000003,2019-09-16-13-11-12,000003,train,range_angle,images/2019-09-16-13-11-12/000003.png,labels/2019-09-16-13-11-12/000003.txt
2019-09-16-13-11-12_000004,2019-09-16-13-11-12,000004,train,range_angle,images/2019-09-16-13-11-12/000004.png,labels/2019-09-16-13-11-12/000004.txt
2019-09-16-13-11-12_000005,2019-09-16-13-11-12,000005,train,range_angle,images/2019-09-16-13-11-12/000005.png,labels/2019-09-16-13-11-12/000005.txt
2019-09-16-13-11-12_000006,2019-09-16-13-11-12,000006,train,range_angle,images/2019-09-16-13-11-12/000006.png,labels/2019-09-16-13-11-12/000006.txt
2019-09-16-13-11-12_000007,2019-09-16-13-11-12,000007,train,range_angle,images/2019-09-16-13-11-12/000007.png,labels/2019-09-16-13-11-12/000007.txt
2019-09-16-13-11-12_000008,2019-09-16-13-11-12,000008,train,range_angle,images/2019-09-16-13-11-12/000008.png,labels/2019-09-16-13-11-12/000008.txt
2019-09-16-13-11-12_000009,2019-09-16-13-11-12,000009,train,range_angle,images/2019-09-16-13-11-12/000009.png,labels/2019-09-16-13-11-12/000009.txt
2019-09-16-13-11-12_000010,2019-09-16-13-11-12,000010,train,range_angle,images/2019-09-16-13-11-12/000010.png,labels/2019-09-16-13-11-12/000010.txt
2019-09-16-13-11-12_000011,2019-09-16-13-11-12,000011,train,range_angle,images/2019-09-16-13-11-12/000011.png,labels/2019-09-16-13-11-12/000011.txt
2019-09-16-13-11-12_000012,2019-09-16-13-11-12,000012,train,range_angle,images/2019-09-16-13-11-12/000012.png,labels/2019-09-16-13-11-12/000012.txt
2019-09-16-13-11-12_000013,2019-09-16-13-11-12,000013,train,range_angle,images/2019-09-16-13-11-12/000013.png,labels/2019-09-16-13-11-12/000013.txt
2019-09-16-13-11-12_000014,2019-09-16-13-11-12,000014,train,range_angle,images/2019-09-16-13-11-12/000014.png,labels/2019-09-16-13-11-12/000014.txt
2019-09-16-13-11-12_000015,2019-09-16-13-11-12,000015,train,range_angle,images/2019-09-16-13-11-12/000015.png,labels/2019-09-16-13-11-12/000015.txt
2019-09-16-13-11-12_000016,2019-09-16-13-11-12,000016,train,range_angle,images/2019-09-16-13-11-12/000016.png,labels/2019-09-16-13-11-12/000016.txt
2019-09-16-13-11-12_000017,2019-09-16-13-11-12,000017,train,range_angle,images/2019-09-16-13-11-12/000017.png,labels/2019-09-16-13-11-12/000017.txt
2019-09-16-13-11-12_000018,2019-09-16-13-11-12,000018,train,range_angle,images/2019-09-16-13-11-12/000018.png,labels/2019-09-16-13-11-12/000018.txt
2019-09-16-13-11-12_000019,2019-09-16-13-11-12,000019,train,range_angle,images/2019-09-16-13-11-12/000019.png,labels/2019-09-16-13-11-12/000019.txt
2019-09-16-13-11-12_000020,2019-09-16-13-11-12,000020,train,range_angle,images/2019-09-16-13-11-12/000020.png,labels/2019-09-16-13-11-12/000020.txt
2019-09-16-13-11-12_000021,2019-09-16-13-11-12,000021,train,range_angle,images/2019-09-16-13-11-12/000021.png,labels/2019-09-16-13-11-12/000021.txt
2019-09-16-13-11-12_000022,2019-09-16-13-11-12,000022,train,range_angle,images/2019-09-16-13-11-12/000022.png,labels/2019-09-16-13-11-12/000022.txt
2019-09-16-13-11-12_000023,2019-09-16-13-11-12,000023,train,range_angle,images/2019-09-16-13-11-12/000023.png,labels/2019-09-16-13-11-12/000023.txt
2019-09-16-13-11-12_000024,2019-09-16-13-11-12,000024,train,range_angle,images/2019-09-16-13-11-12/000024.png,labels/2019-09-16-13-11-12/000024.txt
2019-09-16-13-11-12_000025,2019-09-16-13-11-12,000025,train,range_angle,images/2019-09-16-13-11-12/000025.png,labels/2019-09-16-13-11-12/000025.txt
2019-09-16-13-11-12_000026,2019-09-16-13-11-12,000026,train,range_angle,images/2019-09-16-13-11-12/000026.png,labels/2019-09-16-13-11-12/000026.txt
2019-09-16-13-11-12_000027,2019-09-16-13-11-12,000027,train,range_angle,images/2019-09-16-13-11-12/000027.png,labels/2019-09-16-13-11-12/000027.txt
2019-09-16-13-11-12_000028,2019-09-16-13-11-12,000028,train,range_angle,images/2019-09-16-13-11-12/000028.png,labels/2019-09-16-13-11-12/000028.txt
2019-09-16-13-11-12_000029,2019-09-16-13-11-12,000029,train,range_angle,images/2019-09-16-13-11-12/000029.png,labels/2019-09-16-13-11-12/000029.txt
2019-09-16-13-11-12_000030,2019-09-16-13-11-12,000030,train,range_angle,images/2019-09-16-13-11-12/000030.png,labels/2019-09-16-13-11-12/000030.txt
2019-09-16-13-11-12_000031,2019-09-16-13-11-12,000031,train,range_angle,images/2019-09-16-13-11-12/000031.png,labels/2019-09-16-13-11-12/000031.txt
2019-09-16-13-11-12_000032,2019-09-16-13-11-12,000032,train,range_angle,images/2019-09-16-13-11-12/000032.png,labels/2019-09-16-13-11-12/000032.txt
2019-09-16-13-11-12_000033,2019-09-16-13-11-12,000033,train,range_angle,images/2019-09-16-13-11-12/000033.png,labels/2019-09-16-13-11-12/000033.txt
2019-09-16-13-11-12_000034,2019-09-16-13-11-12,000034,train,range_angle,images/2019-09-16-13-11-12/000034.png,labels/2019-09-16-13-11-12/000034.txt
2019-09-16-13-11-12_000035,2019-09-16-13-11-12,000035,train,range_angle,images/2019-09-16-13-11-12/000035.png,labels/2019-09-16-13-11-12/000035.txt
2019-09-16-13-11-12_000036,2019-09-16-13-11-12,000036,train,range_angle,images/2019-09-16-13-11-12/000036.png,labels/2019-09-16-13-11-12/000036.txt
2019-09-16-13-11-12_000037,2019-09-16-13-11-12,000037,train,range_angle,images/2019-09-16-13-11-12/000037.png,labels/2019-09-16-13-11-12/000037.txt
2019-09-16-13-11-12_000038,2019-09-16-13-11-12,000038,train,range_angle,images/2019-09-16-13-11-12/000038.png,labels/2019-09-16-13-11-12/000038.txt
2019-09-16-13-11-12_000039,2019-09-16-13-11-12,000039,train,range_angle,images/2019-09-16-13-11-12/000039.png,labels/2019-09-16-13-11-12/000039.txt
2019-09-16-13-11-12_000040,2019-09-16-13-11-12,000040,train,range_angle,images/2019-09-16-13-11-12/000040.png,labels/2019-09-16-13-11-12/000040.txt
2019-09-16-13-11-12_000041,2019-09-16-13-11-12,000041,train,range_angle,images/2019-09-16-13-11-12/000041.png,labels/2019-09-16-13-11-12/000041.txt
2019-09-16-13-11-12_000042,2019-09-16-13-11-12,000042,train,range_angle,images/2019-09-16-13-11-12/000042.png,labels/2019-09-16-13-11-12/000042.txt
2019-09-16-13-11-12_000043,2019-09-16-13-11-12,000043,train,range_angle,images/2019-09-16-13-11-12/000043.png,labels/2019-09-16-13-11-12/000043.txt
2019-09-16-13-11-12_000044,2019-09-16-13-11-12,000044,train,range_angle,images/2019-09-16-13-11-12/000044.png,labels/2019-09-16-13-11-12/000044.txt
2019-09-16-13-11-12_000045,2019-09-16-13-11-12,000045,train,range_angle,images/2019-09-16-13-11-12/000045.png,labels/2019-09-16-13-11-12/000045.txt
2019-09-16-13-11-12_000046,2019-09-16-13-11-12,000046,train,range_angle,images/2019-09-16-13-11-12/000046.png,labels/2019-09-16-13-11-12/000046.txt
2019-09-16-13-11-12_000047,2019-09-16-13-11-12,000047,train,range_angle,images/2019-09-16-13-11-12/000047.png,labels/2019-09-16-13-11-12/000047.txt
2019-09-16-13-11-12_000048,2019-09-16-13-11-12,000048,train,range_angle,images/2019-09-16-13-11-12/000048.png,labels/2019-09-16-13-11-12/000048.txt
2019-09-16-13-11-12_000049,2019-09-16-13-11-12,000049,train,range_angle,images/2019-09-16-13-11-12/000049.png,labels/2019-09-16-13-11-12/000049.txt
2019-09-16-13-11-12_000050,2019-09-16-13-11-12,000050,train,range_angle,images/2019-09-16-13-11-12/000050.png,labels/2019-09-16-13-11-12/000050.txt
2019-09-16-13-11-12_000051,2019-09-16-13-11-12,000051,train,range_angle,images/2019-09-16-13-11-12/000051.png,labels/2019-09-16-13-11-12/000051.txt
2019-09-16-13-11-12_000052,2019-09-16-13-11-12,000052,train,range_angle,images/2019-09-16-13-11-12/000052.png,labels/2019-09-16-13-11-12/000052.txt
2019-09-16-13-11-12_000053,2019-09-16-13-11-12,000053,train,range_angle,images/2019-09-16-13-11-12/000053.png,labels/2019-09-16-13-11-12/000053.txt
2019-09-16-13-11-12_000054,2019-09-16-13-11-12,000054,train,range_angle,images/2019-09-16-13-11-12/000054.png,labels/2019-09-16-13-11-12/000054.txt
2019-09-16-13-11-12_000055,2019-09-16-13-11-12,000055,train,range_angle,images/2019-09-16-13-11-12/000055.png,labels/2019-09-16-13-11-12/000055.txt
2019-09-16-13-11-12_000056,2019-09-16-13-11-12,000056,train,range_angle,images/2019-09-16-13-11-12/000056.png,labels/2019-09-16-13-11-12/000056.txt
2019-09-16-13-11-12_000057,2019-09-16-13-11-12,000057,train,range_angle,images/2019-09-16-13-11-12/000057.png,labels/2019-09-16-13-11-12/000057.txt
2019-09-16-13-11-12_000058,2019-09-16-13-11-12,000058,train,range_angle,images/2019-09-16-13-11-12/000058.png,labels/2019-09-16-13-11-12/000058.txt
2019-09-16-13-11-12_000059,2019-09-16-13-11-12,000059,train,range_angle,images/2019-09-16-13-11-12/000059.png,labels/2019-09-16-13-11-12/000059.txt
2019-09-16-13-11-12_000060,2019-09-16-13-11-12,000060,train,range_angle,images/2019-09-16-13-11-12/000060.png,labels/2019-09-16-13-11-12/000060.txt
2019-09-16-13-11-12_000061,2019-09-16-13-11-12,000061,train,range_angle,images/2019-09-16-13-11-12/000061.png,labels/2019-09-16-13-11-12/000061.txt
2019-09-16-13-11-12_000062,2019-09-16-13-11-12,000062,train,range_angle,images/2019-09-16-13-11-12/000062.png,labels/2019-09-16-13-11-12/000062.txt
2019-09-16-13-11-12_000063,2019-09-16-13-11-12,000063,train,range_angle,images/2019-09-16-13-11-12/000063.png,labels/2019-09-16-13-11-12/000063.txt
2019-09-16-13-11-12_000064,2019-09-16-13-11-12,000064,train,range_angle,images/2019-09-16-13-11-12/000064.png,labels/2019-09-16-13-11-12/000064.txt
2019-09-16-13-11-12_000065,2019-09-16-13-11-12,000065,train,range_angle,images/2019-09-16-13-11-12/000065.png,labels/2019-09-16-13-11-12/000065.txt
2019-09-16-13-11-12_000066,2019-09-16-13-11-12,000066,train,range_angle,images/2019-09-16-13-11-12/000066.png,labels/2019-09-16-13-11-12/000066.txt
2019-09-16-13-11-12_000067,2019-09-16-13-11-12,000067,train,range_angle,images/2019-09-16-13-11-12/000067.png,labels/2019-09-16-13-11-12/000067.txt
2019-09-16-13-11-12_000068,2019-09-16-13-11-12,000068,train,range_angle,images/2019-09-16-13-11-12/000068.png,labels/2019-09-16-13-11-12/000068.txt
2019-09-16-13-11-12_000069,2019-09-16-13-11-12,000069,train,range_angle,images/2019-09-16-13-11-12/000069.png,labels/2019-09-16-13-11-12/000069.txt
2019-09-16-13-11-12_000070,2019-09-16-13-11-12,000070,train,range_angle,images/2019-09-16-13-11-12/000070.png,labels/2019-09-16-13-11-12/000070.txt
2019-09-16-13-11-12_000071,2019-09-16-13-11-12,000071,train,range_angle,images/2019-09-16-13-11-12/000071.png,labels/2019-09-16-13-11-12/000071.txt
2019-09-16-13-11-12_000072,2019-09-16-13-11-12,000072,train,range_angle,images/2019-09-16-13-11-12/000072.png,labels/2019-09-16-13-11-12/000072.txt
2019-09-16-13-11-12_000073,2019-09-16-13-11-12,000073,train,range_angle,images/2019-09-16-13-11-12/000073.png,labels/2019-09-16-13-11-12/000073.txt
2019-09-16-13-11-12_000074,2019-09-16-13-11-12,000074,train,range_angle,images/2019-09-16-13-11-12/000074.png,labels/2019-09-16-13-11-12/000074.txt
2019-09-16-13-11-12_000075,2019-09-16-13-11-12,000075,train,range_angle,images/2019-09-16-13-11-12/000075.png,labels/2019-09-16-13-11-12/000075.txt
2019-09-16-13-11-12_000076,2019-09-16-13-11-12,000076,train,range_angle,images/2019-09-16-13-11-12/000076.png,labels/2019-09-16-13-11-12/000076.txt
2019-09-16-13-11-12_000077,2019-09-16-13-11-12,000077,train,range_angle,images/2019-09-16-13-11-12/000077.png,labels/2019-09-16-13-11-12/000077.txt
2019-09-16-13-11-12_000078,2019-09-16-13-11-12,000078,train,range_angle,images/2019-09-16-13-11-12/000078.png,labels/2019-09-16-13-11-12/000078.txt
2019-09-16-13-11-12_000079,2019-09-16-13-11-12,000079,train,range_angle,images/2019-09-16-13-11-12/000079.png,labels/2019-09-16-13-11-12/000079.txt
2019-09-16-13-11-12_000080,2019-09-16-13-11-12,000080,train,range_angle,images/2019-09-16-13-11-12/000080.png,labels/2019-09-16-13-11-12/000080.txt
2019-09-16-13-11-12_000081,2019-09-16-13-11-12,000081,train,range_angle,images/2019-09-16-13-11-12/000081.png,labels/2019-09-16-13-11-12/000081.txt
2019-09-16-13-11-12_000082,2019-09-16-13-11-12,000082,train,range_angle,images/2019-09-16-13-11-12/000082.png,labels/2019-09-16-13-11-12/000082.txt
2019-09-16-13-11-12_000083,2019-09-16-13-11-12,000083,train,range_angle,images/2019-09-16-13-11-12/000083.png,labels/2019-09-16-13-11-12/000083.txt
2019-09-16-13-11-12_000084,2019-09-16-13-11-12,000084,train,range_angle,images/2019-09-16-13-11-12/000084.png,labels/2019-09-16-13-11-12/000084.txt
2019-09-16-13-11-12_000085,2019-09-16-13-11-12,000085,train,range_angle,images/2019-09-16-13-11-12/000085.png,labels/2019-09-16-13-11-12/000085.txt
2019-09-16-13-11-12_000086,2019-09-16-13-11-12,000086,train,range_angle,images/2019-09-16-13-11-12/000086.png,labels/2019-09-16-13-11-12/000086.txt
2019-09-16-13-11-12_000087,2019-09-16-13-11-12,000087,train,range_angle,images/2019-09-16-13-11-12/000087.png,labels/2019-09-16-13-11-12/000087.txt
2019-09-16-13-11-12_000088,2019-09-16-13-11-12,000088,train,range_angle,images/2019-09-16-13-11-12/000088.png,labels/2019-09-16-13-11-12/000088.txt
2019-09-16-13-11-12_000089,2019-09-16-13-11-12,000089,train,range_angle,images/2019-09-16-13-11-12/000089.png,labels/2019-09-16-13-11-12/000089.txt
2019-09-16-13-11-12_000090,2019-09-16-13-11-12,000090,train,range_angle,images/2019-09-16-13-11-12/000090.png,labels/2019-09-16-13-11-12/000090.txt
2019-09-16-13-11-12_000091,2019-09-16-13-11-12,000091,train,range_angle,images/2019-09-16-13-11-12/000091.png,labels/2019-09-16-13-11-12/000091.txt
2019-09-16-13-11-12_000092,2019-09-16-13-11-12,000092,train,range_angle,images/2019-09-16-13-11-12/000092.png,labels/2019-09-16-13-11-12/000092.txt
2019-09-16-13-11-12_000093,2019-09-16-13-11-12,000093,train,range_angle,images/2019-09-16-13-11-12/000093.png,labels/2019-09-16-13-11-12/000093.txt
2019-09-16-13-11-12_000094,2019-09-16-13-11-12,000094,train,range_angle,images/2019-09-16-13-11-12/000094.png,labels/2019-09-16-13-11-12/000094.txt
2019-09-16-13-11-12_000095,2019-09-16-13-11-12,000095,train,range_angle,images/2019-09-16-13-11-12/000095.png,labels/2019-09-16-13-11-12/000095.txt
2019-09-16-13-11-12_000096,2019-09-16-13-11-12,000096,train,range_angle,images/2019-09-16-13-11-12/000096.png,labels/2019-09-16-13-11-12/000096.txt
2019-09-16-13-11-12_000097,2019-09-16-13-11-12,000097,train,range_angle,images/2019-09-16-13-11-12/000097.png,labels/2019-09-16-13-11-12/000097.txt
2019-09-16-13-11-12_000098,2019-09-16-13-11-12,000098,train,range_angle,images/2019-09-16-13-11-12/000098.png,labels/2019-09-16-13-11-12/000098.txt
2019-09-16-13-11-12_000099,2019-09-16-13-11-12,000099,train,range_angle,images/2019-09-16-13-11-12/000099.png,labels/2019-09-16-13-11-12/000099.txt
2019-09-16-13-11-12_000100,2019-09-16-13-11-12,000100,train,range_angle,images/2019-09-16-13-11-12/000100.png,labels/2019-09-16-13-11-12/000100.txt
2019-09-16-13-11-12_000101,2019-09-16-13-11-12,000101,train,range_angle,images/2019-09-16-13-11-12/000101.png,labels/2019-09-16-13-11-12/000101.txt
2019-09-16-13-11-12_000102,2019-09-16-13-11-12,000102,train,range_angle,images/2019-09-16-13-11-12/000102.png,labels/2019-09-16-13-11-12/000102.txt
2019-09-16-13-11-12_000103,2019-09-16-13-11-12,000103,train,range_angle,images/2019-09-16-13-11-12/000103.png,labels/2019-09-16-13-11-12/000103.txt
2019-09-16-13-11-12_000104,2019-09-16-13-11-12,000104,train,range_angle,images/2019-09-16-13-11-12/000104.png,labels/2019-09-16-13-11-12/000104.txt
2019-09-16-13-11-12_000105,2019-09-16-13-11-12,000105,train,range_angle,images/2019-09-16-13-11-12/000105.png,labels/2019-09-16-13-11-12/000105.txt
2019-09-16-13-11-12_000106,2019-09-16-13-11-12,000106,train,range_angle,images/2019-09-16-13-11-12/000106.png,labels/2019-09-16-13-11-12/000106.txt
2019-09-16-13-11-12_000107,2019-09-16-13-11-12,000107,train,range_angle,images/2019-09-16-13-11-12/000107.png,labels/2019-09-16-13-11-12/000107.txt
2019-09-16-13-11-12_000108,2019-09-16-13-11-12,000108,train,range_angle,images/2019-09-16-13-11-12/000108.png,labels/2019-09-16-13-11-12/000108.txt
2019-09-16-13-11-12_000109,2019-09-16-13-11-12,000109,train,range_angle,images/2019-09-16-13-11-12/000109.png,labels/2019-09-16-13-11-12/000109.txt
2019-09-16-13-11-12_000110,2019-09-16-13-11-12,000110,train,range_angle,images/2019-09-16-13-11-12/000110.png,labels/2019-09-16-13-11-12/000110.txt
2019-09-16-13-11-12_000111,2019-09-16-13-11-12,000111,train,range_angle,images/2019-09-16-13-11-12/000111.png,labels/2019-09-16-13-11-12/000111.txt
2019-09-16-13-11-12_000112,2019-09-16-13-11-12,000112,train,range_angle,images/2019-09-16-13-11-12/000112.png,labels/2019-09-16-13-11-12/000112.txt
2019-09-16-13-11-12_000113,2019-09-16-13-11-12,000113,train,range_angle,images/2019-09-16-13-11-12/000113.png,labels/2019-09-16-13-11-12/000113.txt
2019-09-16-13-11-12_000114,2019-09-16-13-11-12,000114,train,range_angle,images/2019-09-16-13-11-12/000114.png,labels/2019-09-16-13-11-12/000114.txt
2019-09-16-13-11-12_000115,2019-09-16-13-11-12,000115,train,range_angle,images/2019-09-16-13-11-12/000115.png,labels/2019-09-16-13-11-12/000115.txt
2019-09-16-13-11-12_000116,2019-09-16-13-11-12,000116,train,range_angle,images/2019-09-16-13-11-12/000116.png,labels/2019-09-16-13-11-12/000116.txt
2019-09-16-13-11-12_000117,2019-09-16-13-11-12,000117,train,range_angle,images/2019-09-16-13-11-12/000117.png,labels/2019-09-16-13-11-12/000117.txt
2019-09-16-13-11-12_000118,2019-09-16-13-11-12,000118,train,range_angle,images/2019-09-16-13-11-12/000118.png,labels/2019-09-16-13-11-12/000118.txt
2019-09-16-13-11-12_000119,2019-09-16-13-11-12,000119,train,range_angle,images/2019-09-16-13-11-12/000119.png,labels/2019-09-16-13-11-12/000119.txt
2019-09-16-13-11-12_000120,2019-09-16-13-11-12,000120,train,range_angle,images/2019-09-16-13-11-12/000120.png,labels/2019-09-16-13-11-12/000120.txt
2019-09-16-13-11-12_000121,2019-09-16-13-11-12,000121,train,range_angle,images/2019-09-16-13-11-12/000121.png,labels/2019-09-16-13-11-12/000121.txt
2019-09-16-13-11-12_000122,2019-09-16-13-11-12,000122,train,range_angle,images/2019-09-16-13-11-12/000122.png,labels/2019-09-16-13-11-12/000122.txt
2019-09-16-13-11-12_000123,2019-09-16-13-11-12,000123,train,range_angle,images/2019-09-16-13-11-12/000123.png,labels/2019-09-16-13-11-12/000123.txt
2019-09-16-13-11-12_000124,2019-09-16-13-11-12,000124,train,range_angle,images/2019-09-16-13-11-12/000124.png,labels/2019-09-16-13-11-12/000124.txt
2019-09-16-13-11-12_000125,2019-09-16-13-11-12,000125,train,range_angle,images/2019-09-16-13-11-12/000125.png,labels/2019-09-16-13-11-12/000125.txt
2019-09-16-13-11-12_000126,2019-09-16-13-11-12,000126,train,range_angle,images/2019-09-16-13-11-12/000126.png,labels/2019-09-16-13-11-12/000126.txt
2019-09-16-13-11-12_000127,2019-09-16-13-11-12,000127,train,range_angle,images/2019-09-16-13-11-12/000127.png,labels/2019-09-16-13-11-12/000127.txt
2019-09-16-13-11-12_000128,2019-09-16-13-11-12,000128,train,range_angle,images/2019-09-16-13-11-12/000128.png,labels/2019-09-16-13-11-12/000128.txt
2019-09-16-13-11-12_000129,2019-09-16-13-11-12,000129,train,range_angle,images/2019-09-16-13-11-12/000129.png,labels/2019-09-16-13-11-12/000129.txt
2019-09-16-13-11-12_000130,2019-09-16-13-11-12,000130,train,range_angle,images/2019-09-16-13-11-12/000130.png,labels/2019-09-16-13-11-12/000130.txt
2019-09-16-13-11-12_000131,2019-09-16-13-11-12,000131,train,range_angle,images/2019-09-16-13-11-12/000131.png,labels/2019-09-16-13-11-12/000131.txt
2019-09-16-13-11-12_000132,2019-09-16-13-11-12,000132,train,range_angle,images/2019-09-16-13-11-12/000132.png,labels/2019-09-16-13-11-12/000132.txt
2019-09-16-13-11-12_000133,2019-09-16-13-11-12,000133,train,range_angle,images/2019-09-16-13-11-12/000133.png,labels/2019-09-16-13-11-12/000133.txt
2019-09-16-13-11-12_000134,2019-09-16-13-11-12,000134,train,range_angle,images/2019-09-16-13-11-12/000134.png,labels/2019-09-16-13-11-12/000134.txt
2019-09-16-13-11-12_000135,2019-09-16-13-11-12,000135,train,range_angle,images/2019-09-16-13-11-12/000135.png,labels/2019-09-16-13-11-12/000135.txt
2019-09-16-13-11-12_000136,2019-09-16-13-11-12,000136,train,range_angle,images/2019-09-16-13-11-12/000136.png,labels/2019-09-16-13-11-12/000136.txt
2019-09-16-13-11-12_000137,2019-09-16-13-11-12,000137,train,range_angle,images/2019-09-16-13-11-12/000137.png,labels/2019-09-16-13-11-12/000137.txt
2019-09-16-13-11-12_000138,2019-09-16-13-11-12,000138,train,range_angle,images/2019-09-16-13-11-12/000138.png,labels/2019-09-16-13-11-12/000138.txt
2019-09-16-13-11-12_000139,2019-09-16-13-11-12,000139,train,range_angle,images/2019-09-16-13-11-12/000139.png,labels/2019-09-16-13-11-12/000139.txt
2019-09-16-13-11-12_000140,2019-09-16-13-11-12,000140,train,range_angle,images/2019-09-16-13-11-12/000140.png,labels/2019-09-16-13-11-12/000140.txt
2019-09-16-13-11-12_000141,2019-09-16-13-11-12,000141,train,range_angle,images/2019-09-16-13-11-12/000141.png,labels/2019-09-16-13-11-12/000141.txt
2019-09-16-13-11-12_000142,2019-09-16-13-11-12,000142,train,range_angle,images/2019-09-16-13-11-12/000142.png,labels/2019-09-16-13-11-12/000142.txt
2019-09-16-13-11-12_000143,2019-09-16-13-11-12,000143,train,range_angle,images/2019-09-16-13-11-12/000143.png,labels/2019-09-16-13-11-12/000143.txt
2019-09-16-13-11-12_000144,2019-09-16-13-11-12,000144,train,range_angle,images/2019-09-16-13-11-12/000144.png,labels/2019-09-16-13-11-12/000144.txt
2019-09-16-13-11-12_000145,2019-09-16-13-11-12,000145,train,range_angle,images/2019-09-16-13-11-12/000145.png,labels/2019-09-16-13-11-12/000145.txt
2019-09-16-13-11-12_000146,2019-09-16-13-11-12,000146,train,range_angle,images/2019-09-16-13-11-12/000146.png,labels/2019-09-16-13-11-12/000146.txt
2019-09-16-13-11-12_000147,2019-09-16-13-11-12,000147,train,range_angle,images/2019-09-16-13-11-12/000147.png,labels/2019-09-16-13-11-12/000147.txt
2019-09-16-13-11-12_000148,2019-09-16-13-11-12,000148,train,range_angle,images/2019-09-16-13-11-12/000148.png,labels/2019-09-16-13-11-12/000148.txt
2019-09-16-13-11-12_000149,2019-09-16-13-11-12,000149,train,range_angle,images/2019-09-16-13-11-12/000149.png,labels/2019-09-16-13-11-12/000149.txt
2019-09-16-13-11-12_000150,2019-09-16-13-11-12,000150,train,range_angle,images/2019-09-16-13-11-12/000150.png,labels/2019-09-16-13-11-12/000150.txt
2019-09-16-13-11-12_000151,2019-09-16-13-11-12,000151,train,range_angle,images/2019-09-16-13-11-12/000151.png,labels/2019-09-16-13-11-12/000151.txt
2019-09-16-13-11-12_000152,2019-09-16-13-11-12,000152,train,range_angle,images/2019-09-16-13-11-12/000152.png,labels/2019-09-16-13-11-12/000152.txt
2019-09-16-13-11-12_000153,2019-09-16-13-11-12,000153,train,range_angle,images/2019-09-16-13-11-12/000153.png,labels/2019-09-16-13-11-12/000153.txt
2019-09-16-13-11-12_000154,2019-09-16-13-11-12,000154,train,range_angle,images/2019-09-16-13-11-12/000154.png,labels/2019-09-16-13-11-12/000154.txt
2019-09-16-13-11-12_000155,2019-09-16-13-11-12,000155,train,range_angle,images/2019-09-16-13-11-12/000155.png,labels/2019-09-16-13-11-12/000155.txt
2019-09-16-13-11-12_000156,2019-09-16-13-11-12,000156,train,range_angle,images/2019-09-16-13-11-12/000156.png,labels/2019-09-16-13-11-12/000156.txt
2019-09-16-13-11-12_000157,2019-09-16-13-11-12,000157,train,range_angle,images/2019-09-16-13-11-12/000157.png,labels/2019-09-16-13-11-12/000157.txt
2019-09-16-13-11-12_000158,2019-09-16-13-11-12,000158,train,range_angle,images/2019-09-16-13-11-12/000158.png,labels/2019-09-16-13-11-12/000158.txt
2019-09-16-13-11-12_000159,2019-09-16-13-11-12,000159,train,range_angle,images/2019-09-16-13-11-12/000159.png,labels/2019-09-16-13-11-12/000159.txt
2019-09-16-13-11-12_000160,2019-09-16-13-11-12,000160,train,range_angle,images/2019-09-16-13-11-12/000160.png,labels/2019-09-16-13-11-12/000160.txt
2019-09-16-13-11-12_000161,2019-09-16-13-11-12,000161,train,range_angle,images/2019-09-16-13-11-12/000161.png,labels/2019-09-16-13-11-12/000161.txt
2019-09-16-13-11-12_000162,2019-09-16-13-11-12,000162,train,range_angle,images/2019-09-16-13-11-12/000162.png,labels/2019-09-16-13-11-12/000162.txt
2019-09-16-13-11-12_000163,2019-09-16-13-11-12,000163,train,range_angle,images/2019-09-16-13-11-12/000163.png,labels/2019-09-16-13-11-12/000163.txt
2019-09-16-13-11-12_000164,2019-09-16-13-11-12,000164,train,range_angle,images/2019-09-16-13-11-12/000164.png,labels/2019-09-16-13-11-12/000164.txt
2019-09-16-13-11-12_000165,2019-09-16-13-11-12,000165,train,range_angle,images/2019-09-16-13-11-12/000165.png,labels/2019-09-16-13-11-12/000165.txt
2019-09-16-13-11-12_000166,2019-09-16-13-11-12,000166,train,range_angle,images/2019-09-16-13-11-12/000166.png,labels/2019-09-16-13-11-12/000166.txt
2019-09-16-13-11-12_000167,2019-09-16-13-11-12,000167,train,range_angle,images/2019-09-16-13-11-12/000167.png,labels/2019-09-16-13-11-12/000167.txt
2019-09-16-13-11-12_000168,2019-09-16-13-11-12,000168,train,range_angle,images/2019-09-16-13-11-12/000168.png,labels/2019-09-16-13-11-12/000168.txt
2019-09-16-13-11-12_000169,2019-09-16-13-11-12,000169,train,range_angle,images/2019-09-16-13-11-12/000169.png,labels/2019-09-16-13-11-12/000169.txt
2019-09-16-13-11-12_000170,2019-09-16-13-11-12,000170,train,range_angle,images/2019-09-16-13-11-12/000170.png,labels/2019-09-16-13-11-12/000170.txt
2019-09-16-13-11-12_000171,2019-09-16-13-11-12,000171,train,range_angle,images/2019-09-16-13-11-12/000171.png,labels/2019-09-16-13-11-12/000171.txt
2019-09-16-13-11-12_000172,2019-09-16-13-11-12,000172,train,range_angle,images/2019-09-16-13-11-12/000172.png,labels/2019-09-16-13-11-12/000172.txt
2019-09-16-13-11-12_000173,2019-09-16-13-11-12,000173,train,range_angle,images/2019-09-16-13-11-12/000173.png,labels/2019-09-16-13-11-12/000173.txt
2019-09-16-13-11-12_000174,2019-09-16-13-11-12,000174,train,range_angle,images/2019-09-16-13-11-12/000174.png,labels/2019-09-16-13-11-12/000174.txt
2019-09-16-13-11-12_000175,2019-09-16-13-11-12,000175,train,range_angle,images/2019-09-16-13-11-12/000175.png,labels/2019-09-16-13-11-12/000175.txt
2019-09-16-13-11-12_000176,2019-09-16-13-11-12,000176,train,range_angle,images/2019-09-16-13-11-12/000176.png,labels/2019-09-16-13-11-12/000176.txt
2019-09-16-13-11-12_000177,2019-09-16-13-11-12,000177,train,range_angle,images/2019-09-16-13-11-12/000177.png,labels/2019-09-16-13-11-12/000177.txt
2019-09-16-13-11-12_000178,2019-09-16-13-11-12,000178,train,range_angle,images/2019-09-16-13-11-12/000178.png,labels/2019-09-16-13-11-12/000178.txt
2019-09-16-13-11-12_000179,2019-09-16-13-11-12,000179,train,range_angle,images/2019-09-16-13-11-12/000179.png,labels/2019-09-16-13-11-12/000179.txt
2019-09-16-13-11-12_000180,2019-09-16-13-11-12,000180,train,range_angle,images/2019-09-16-13-11-12/000180.png,labels/2019-09-16-13-11-12/000180.txt
2019-09-16-13-11-12_000181,2019-09-16-13-11-12,000181,train,range_angle,images/2019-09-16-13-11-12/000181.png,labels/2019-09-16-13-11-12/000181.txt
2019-09-16-13-11-12_000182,2019-09-16-13-11-12,000182,train,range_angle,images/2019-09-16-13-11-12/000182.png,labels/2019-09-16-13-11-12/000182.txt
2019-09-16-13-11-12_000183,2019-09-16-13-11-12,000183,train,range_angle,images/2019-09-16-13-11-12/000183.png,labels/2019-09-16-13-11-12/000183.txt
2019-09-16-13-11-12_000184,2019-09-16-13-11-12,000184,train,range_angle,images/2019-09-16-13-11-12/000184.png,labels/2019-09-16-13-11-12/000184.txt
2019-09-16-13-11-12_000185,2019-09-16-13-11-12,000185,train,range_angle,images/2019-09-16-13-11-12/000185.png,labels/2019-09-16-13-11-12/000185.txt
2019-09-16-13-11-12_000186,2019-09-16-13-11-12,000186,train,range_angle,images/2019-09-16-13-11-12/000186.png,labels/2019-09-16-13-11-12/000186.txt
2019-09-16-13-11-12_000187,2019-09-16-13-11-12,000187,train,range_angle,images/2019-09-16-13-11-12/000187.png,labels/2019-09-16-13-11-12/000187.txt
2019-09-16-13-11-12_000188,2019-09-16-13-11-12,000188,train,range_angle,images/2019-09-16-13-11-12/000188.png,labels/2019-09-16-13-11-12/000188.txt
2019-09-16-13-11-12_000189,2019-09-16-13-11-12,000189,train,range_angle,images/2019-09-16-13-11-12/000189.png,labels/2019-09-16-13-11-12/000189.txt
2019-09-16-13-11-12_000190,2019-09-16-13-11-12,000190,train,range_angle,images/2019-09-16-13-11-12/000190.png,labels/2019-09-16-13-11-12/000190.txt
2019-09-16-13-11-12_000191,2019-09-16-13-11-12,000191,train,range_angle,images/2019-09-16-13-11-12/000191.png,labels/2019-09-16-13-11-12/000191.txt
2019-09-16-13-11-12_000192,2019-09-16-13-11-12,000192,train,range_angle,images/2019-09-16-13-11-12/000192.png,labels/2019-09-16-13-11-12/000192.txt
2019-09-16-13-11-12_000193,2019-09-16-13-11-12,000193,train,range_angle,images/2019-09-16-13-11-12/000193.png,labels/2019-09-16-13-11-12/000193.txt
2019-09-16-13-11-12_000194,2019-09-16-13-11-12,000194,train,range_angle,images/2019-09-16-13-11-12/000194.png,labels/2019-09-16-13-11-12/000194.txt
2019-09-16-13-11-12_000195,2019-09-16-13-11-12,000195,train,range_angle,images/2019-09-16-13-11-12/000195.png,labels/2019-09-16-13-11-12/000195.txt
2019-09-16-13-11-12_000196,2019-09-16-13-11-12,000196,train,range_angle,images/2019-09-16-13-11-12/000196.png,labels/2019-09-16-13-11-12/000196.txt
2019-09-16-13-11-12_000197,2019-09-16-13-11-12,000197,train,range_angle,images/2019-09-16-13-11-12/000197.png,labels/2019-09-16-13-11-12/000197.txt
2019-09-16-13-11-12_000198,2019-09-16-13-11-12,000198,train,range_angle,images/2019-09-16-13-11-12/000198.png,labels/2019-09-16-13-11-12/000198.txt
2019-09-16-13-11-12_000199,2019-09-16-13-11-12,000199,train,range_angle,images/2019-09-16-13-11-12/000199.png,labels/2019-09-16-13-11-12/000199.txt
2019-09-16-13-11-12_000200,2019-09-16-13-11-12,000200,train,range_angle,images/2019-09-16-13-11-12/000200.png,labels/2019-09-16-13-11-12/000200.txt
2019-09-16-13-11-12_000201,2019-09-16-13-11-12,000201,train,range_angle,images/2019-09-16-13-11-12/000201.png,labels/2019-09-16-13-11-12/000201.txt
2019-09-16-13-11-12_000202,2019-09-16-13-11-12,000202,train,range_angle,images/2019-09-16-13-11-12/000202.png,labels/2019-09-16-13-11-12/000202.txt
2019-09-16-13-11-12_000203,2019-09-16-13-11-12,000203,train,range_angle,images/2019-09-16-13-11-12/000203.png,labels/2019-09-16-13-11-12/000203.txt
2019-09-16-13-11-12_000204,2019-09-16-13-11-12,000204,train,range_angle,images/2019-09-16-13-11-12/000204.png,labels/2019-09-16-13-11-12/000204.txt
2019-09-16-13-11-12_000205,2019-09-16-13-11-12,000205,train,range_angle,images/2019-09-16-13-11-12/000205.png,labels/2019-09-16-13-11-12/000205.txt
2019-09-16-13-11-12_000206,2019-09-16-13-11-12,000206,train,range_angle,images/2019-09-16-13-11-12/000206.png,labels/2019-09-16-13-11-12/000206.txt
2019-09-16-13-11-12_000207,2019-09-16-13-11-12,000207,train,range_angle,images/2019-09-16-13-11-12/000207.png,labels/2019-09-16-13-11-12/000207.txt
2019-09-16-13-11-12_000208,2019-09-16-13-11-12,000208,train,range_angle,images/2019-09-16-13-11-12/000208.png,labels/2019-09-16-13-11-12/000208.txt
2019-09-16-13-11-12_000209,2019-09-16-13-11-12,000209,train,range_angle,images/2019-09-16-13-11-12/000209.png,labels/2019-09-16-13-11-12/000209.txt
2019-09-16-13-11-12_000210,2019-09-16-13-11-12,000210,train,range_angle,images/2019-09-16-13-11-12/000210.png,labels/2019-09-16-13-11-12/000210.txt
2019-09-16-13-11-12_000211,2019-09-16-13-11-12,000211,train,range_angle,images/2019-09-16-13-11-12/000211.png,labels/2019-09-16-13-11-12/000211.txt
2019-09-16-13-11-12_000212,2019-09-16-13-11-12,000212,train,range_angle,images/2019-09-16-13-11-12/000212.png,labels/2019-09-16-13-11-12/000212.txt
2019-09-16-13-11-12_000213,2019-09-16-13-11-12,000213,train,range_angle,images/2019-09-16-13-11-12/000213.png,labels/2019-09-16-13-11-12/000213.txt
2019-09-16-13-11-12_000214,2019-09-16-13-11-12,000214,train,range_angle,images/2019-09-16-13-11-12/000214.png,labels/2019-09-16-13-11-12/000214.txt
2019-09-16-13-11-12_000215,2019-09-16-13-11-12,000215,train,range_angle,images/2019-09-16-13-11-12/000215.png,labels/2019-09-16-13-11-12/000215.txt
2019-09-16-13-11-12_000216,2019-09-16-13-11-12,000216,train,range_angle,images/2019-09-16-13-11-12/000216.png,labels/2019-09-16-13-11-12/000216.txt
2019-09-16-13-11-12_000217,2019-09-16-13-11-12,000217,train,range_angle,images/2019-09-16-13-11-12/000217.png,labels/2019-09-16-13-11-12/000217.txt
2019-09-16-13-11-12_000218,2019-09-16-13-11-12,000218,train,range_angle,images/2019-09-16-13-11-12/000218.png,labels/2019-09-16-13-11-12/000218.txt
2019-09-16-13-11-12_000219,2019-09-16-13-11-12,000219,train,range_angle,images/2019-09-16-13-11-12/000219.png,labels/2019-09-16-13-11-12/000219.txt
2019-09-16-13-11-12_000220,2019-09-16-13-11-12,000220,train,range_angle,images/2019-09-16-13-11-12/000220.png,labels/2019-09-16-13-11-12/000220.txt
2019-09-16-13-11-12_000221,2019-09-16-13-11-12,000221,train,range_angle,images/2019-09-16-13-11-12/000221.png,labels/2019-09-16-13-11-12/000221.txt
2019-09-16-13-11-12_000222,2019-09-16-13-11-12,000222,train,range_angle,images/2019-09-16-13-11-12/000222.png,labels/2019-09-16-13-11-12/000222.txt
2019-09-16-13-11-12_000223,2019-09-16-13-11-12,000223,train,range_angle,images/2019-09-16-13-11-12/000223.png,labels/2019-09-16-13-11-12/000223.txt
2019-09-16-13-11-12_000224,2019-09-16-13-11-12,000224,train,range_angle,images/2019-09-16-13-11-12/000224.png,labels/2019-09-16-13-11-12/000224.txt
2019-09-16-13-11-12_000225,2019-09-16-13-11-12,000225,train,range_angle,images/2019-09-16-13-11-12/000225.png,labels/2019-09-16-13-11-12/000225.txt
2019-09-16-13-11-12_000226,2019-09-16-13-11-12,000226,train,range_angle,images/2019-09-16-13-11-12/000226.png,labels/2019-09-16-13-11-12/000226.txt
2019-09-16-13-11-12_000227,2019-09-16-13-11-12,000227,train,range_angle,images/2019-09-16-13-11-12/000227.png,labels/2019-09-16-13-11-12/000227.txt
2019-09-16-13-11-12_000228,2019-09-16-13-11-12,000228,train,range_angle,images/2019-09-16-13-11-12/000228.png,labels/2019-09-16-13-11-12/000228.txt
2019-09-16-13-11-12_000229,2019-09-16-13-11-12,000229,train,range_angle,images/2019-09-16-13-11-12/000229.png,labels/2019-09-16-13-11-12/000229.txt
2019-09-16-13-11-12_000230,2019-09-16-13-11-12,000230,train,range_angle,images/2019-09-16-13-11-12/000230.png,labels/2019-09-16-13-11-12/000230.txt
2019-09-16-13-11-12_000231,2019-09-16-13-11-12,000231,train,range_angle,images/2019-09-16-13-11-12/000231.png,labels/2019-09-16-13-11-12/000231.txt
2019-09-16-13-11-12_000232,2019-09-16-13-11-12,000232,train,range_angle,images/2019-09-16-13-11-12/000232.png,labels/2019-09-16-13-11-12/000232.txt
2019-09-16-13-11-12_000233,2019-09-16-13-11-12,000233,train,range_angle,images/2019-09-16-13-11-12/000233.png,labels/2019-09-16-13-11-12/000233.txt
2019-09-16-13-11-12_000234,2019-09-16-13-11-12,000234,train,range_angle,images/2019-09-16-13-11-12/000234.png,labels/2019-09-16-13-11-12/000234.txt
2019-09-16-13-11-12_000235,2019-09-16-13-11-12,000235,train,range_angle,images/2019-09-16-13-11-12/000235.png,labels/2019-09-16-13-11-12/000235.txt
2019-09-16-13-11-12_000236,2019-09-16-13-11-12,000236,train,range_angle,images/2019-09-16-13-11-12/000236.png,labels/2019-09-16-13-11-12/000236.txt
2019-09-16-13-11-12_000237,2019-09-16-13-11-12,000237,train,range_angle,images/2019-09-16-13-11-12/000237.png,labels/2019-09-16-13-11-12/000237.txt
2019-09-16-13-11-12_000238,2019-09-16-13-11-12,000238,train,range_angle,images/2019-09-16-13-11-12/000238.png,labels/2019-09-16-13-11-12/000238.txt
2019-09-16-13-11-12_000239,2019-09-16-13-11-12,000239,train,range_angle,images/2019-09-16-13-11-12/000239.png,labels/2019-09-16-13-11-12/000239.txt
2019-09-16-13-11-12_000240,2019-09-16-13-11-12,000240,train,range_angle,images/2019-09-16-13-11-12/000240.png,labels/2019-09-16-13-11-12/000240.txt
2019-09-16-13-11-12_000241,2019-09-16-13-11-12,000241,train,range_angle,images/2019-09-16-13-11-12/000241.png,labels/2019-09-16-13-11-12/000241.txt
2019-09-16-13-11-12_000242,2019-09-16-13-11-12,000242,train,range_angle,images/2019-09-16-13-11-12/000242.png,labels/2019-09-16-13-11-12/000242.txt
2019-09-16-13-11-12_000243,2019-09-16-13-11-12,000243,train,range_angle,images/2019-09-16-13-11-12/000243.png,labels/2019-09-16-13-11-12/000243.txt
2019-09-16-13-11-12_000244,2019-09-16-13-11-12,000244,train,range_angle,images/2019-09-16-13-11-12/000244.png,labels/2019-09-16-13-11-12/000244.txt
2019-09-16-13-11-12_000245,2019-09-16-13-11-12,000245,train,range_angle,images/2019-09-16-13-11-12/000245.png,labels/2019-09-16-13-11-12/000245.txt
2019-09-16-13-11-12_000246,2019-09-16-13-11-12,000246,train,range_angle,images/2019-09-16-13-11-12/000246.png,labels/2019-09-16-13-11-12/000246.txt
2019-09-16-13-11-12_000247,2019-09-16-13-11-12,000247,train,range_angle,images/2019-09-16-13-11-12/000247.png,labels/2019-09-16-13-11-12/000247.txt
2019-09-16-13-11-12_000248,2019-09-16-13-11-12,000248,train,range_angle,images/2019-09-16-13-11-12/000248.png,labels/2019-09-16-13-11-12/000248.txt
2019-09-16-13-11-12_000249,2019-09-16-13-11-12,000249,train,range_angle,images/2019-09-16-13-11-12/000249.png,labels/2019-09-16-13-11-12/000249.txt
2019-09-16-13-11-12_000250,2019-09-16-13-11-12,000250,train,range_angle,images/2019-09-16-13-11-12/000250.png,labels/2019-09-16-13-11-12/000250.txt
2019-09-16-13-11-12_000251,2019-09-16-13-11-12,000251,train,range_angle,images/2019-09-16-13-11-12/000251.png,labels/2019-09-16-13-11-12/000251.txt
2019-09-16-13-11-12_000252,2019-09-16-13-11-12,000252,train,range_angle,images/2019-09-16-13-11-12/000252.png,labels/2019-09-16-13-11-12/000252.txt
2019-09-16-13-11-12_000253,2019-09-16-13-11-12,000253,train,range_angle,images/2019-09-16-13-11-12/000253.png,labels/2019-09-16-13-11-12/000253.txt
2019-09-16-13-11-12_000254,2019-09-16-13-11-12,000254,train,range_angle,images/2019-09-16-13-11-12/000254.png,labels/2019-09-16-13-11-12/000254.txt
2019-09-16-13-11-12_000255,2019-09-16-13-11-12,000255,train,range_angle,images/2019-09-16-13-11-12/000255.png,labels/2019-09-16-13-11-12/000255.txt
2019-09-16-13-11-12_000256,2019-09-16-13-11-12,000256,train,range_angle,images/2019-09-16-13-11-12/000256.png,labels/2019-09-16-13-11-12/000256.txt
2019-09-16-13-11-12_000257,2019-09-16-13-11-12,000257,train,range_angle,images/2019-09-16-13-11-12/000257.png,labels/2019-09-16-13-11-12/000257.txt
2019-09-16-13-11-12_000258,2019-09-16-13-11-12,000258,train,range_angle,images/2019-09-16-13-11-12/000258.png,labels/2019-09-16-13-11-12/000258.txt
2019-09-16-13-11-12_000259,2019-09-16-13-11-12,000259,train,range_angle,images/2019-09-16-13-11-12/000259.png,labels/2019-09-16-13-11-12/000259.txt
2019-09-16-13-11-12_000260,2019-09-16-13-11-12,000260,train,range_angle,images/2019-09-16-13-11-12/000260.png,labels/2019-09-16-13-11-12/000260.txt
2019-09-16-13-11-12_000261,2019-09-16-13-11-12,000261,train,range_angle,images/2019-09-16-13-11-12/000261.png,labels/2019-09-16-13-11-12/000261.txt
2019-09-16-13-11-12_000262,2019-09-16-13-11-12,000262,train,range_angle,images/2019-09-16-13-11-12/000262.png,labels/2019-09-16-13-11-12/000262.txt
2019-09-16-13-11-12_000263,2019-09-16-13-11-12,000263,train,range_angle,images/2019-09-16-13-11-12/000263.png,labels/2019-09-16-13-11-12/000263.txt
2019-09-16-13-11-12_000264,2019-09-16-13-11-12,000264,train,range_angle,images/2019-09-16-13-11-12/000264.png,labels/2019-09-16-13-11-12/000264.txt
2019-09-16-13-11-12_000265,2019-09-16-13-11-12,000265,train,range_angle,images/2019-09-16-13-11-12/000265.png,labels/2019-09-16-13-11-12/000265.txt
2019-09-16-13-11-12_000266,2019-09-16-13-11-12,000266,train,range_angle,images/2019-09-16-13-11-12/000266.png,labels/2019-09-16-13-11-12/000266.txt
2019-09-16-13-11-12_000267,2019-09-16-13-11-12,000267,train,range_angle,images/2019-09-16-13-11-12/000267.png,labels/2019-09-16-13-11-12/000267.txt
2019-09-16-13-11-12_000268,2019-09-16-13-11-12,000268,train,range_angle,images/2019-09-16-13-11-12/000268.png,labels/2019-09-16-13-11-12/000268.txt
2019-09-16-13-11-12_000269,2019-09-16-13-11-12,000269,train,range_angle,images/2019-09-16-13-11-12/000269.png,labels/2019-09-16-13-11-12/000269.txt
2019-09-16-13-11-12_000270,2019-09-16-13-11-12,000270,train,range_angle,images/2019-09-16-13-11-12/000270.png,labels/2019-09-16-13-11-12/000270.txt
2019-09-16-13-11-12_000271,2019-09-16-13-11-12,000271,train,range_angle,images/2019-09-16-13-11-12/000271.png,labels/2019-09-16-13-11-12/000271.txt
2019-09-16-13-11-12_000272,2019-09-16-13-11-12,000272,train,range_angle,images/2019-09-16-13-11-12/000272.png,labels/2019-09-16-13-11-12/000272.txt
2019-09-16-13-11-12_000273,2019-09-16-13-11-12,000273,train,range_angle,images/2019-09-16-13-11-12/000273.png,labels/2019-09-16-13-11-12/000273.txt
2019-09-16-13-11-12_000274,2019-09-16-13-11-12,000274,train,range_angle,images/2019-09-16-13-11-12/000274.png,labels/2019-09-16-13-11-12/000274.txt
2019-09-16-13-11-12_000275,2019-09-16-13-11-12,000275,train,range_angle,images/2019-09-16-13-11-12/000275.png,labels/2019-09-16-13-11-12/000275.txt
2019-09-16-13-11-12_000276,2019-09-16-13-11-12,000276,train,range_angle,images/2019-09-16-13-11-12/000276.png,labels/2019-09-16-13-11-12/000276.txt
2019-09-16-13-11-12_000277,2019-09-16-13-11-12,000277,train,range_angle,images/2019-09-16-13-11-12/000277.png,labels/2019-09-16-13-11-12/000277.txt
2019-09-16-13-11-12_000278,2019-09-16-13-11-12,000278,train,range_angle,images/2019-09-16-13-11-12/000278.png,labels/2019-09-16-13-11-12/000278.txt
2019-09-16-13-11-12_000279,2019-09-16-13-11-12,000279,train,range_angle,images/2019-09-16-13-11-12/000279.png,labels/2019-09-16-13-11-12/000279.txt
2019-09-16-13-11-12_000280,2019-09-16-13-11-12,000280,train,range_angle,images/2019-09-16-13-11-12/000280.png,labels/2019-09-16-13-11-12/000280.txt
2019-09-16-13-11-12_000281,2019-09-16-13-11-12,000281,train,range_angle,images/2019-09-16-13-11-12/000281.png,labels/2019-09-16-13-11-12/000281.txt
2019-09-16-13-11-12_000282,2019-09-16-13-11-12,000282,train,range_angle,images/2019-09-16-13-11-12/000282.png,labels/2019-09-16-13-11-12/000282.txt
2019-09-16-13-11-12_000283,2019-09-16-13-11-12,000283,train,range_angle,images/2019-09-16-13-11-12/000283.png,labels/2019-09-16-13-11-12/000283.txt
2019-09-16-13-11-12_000284,2019-09-16-13-11-12,000284,train,range_angle,images/2019-09-16-13-11-12/000284.png,labels/2019-09-16-13-11-12/000284.txt
2019-09-16-13-11-12_000285,2019-09-16-13-11-12,000285,train,range_angle,images/2019-09-16-13-11-12/000285.png,labels/2019-09-16-13-11-12/000285.txt
2019-09-16-13-11-12_000286,2019-09-16-13-11-12,000286,train,range_angle,images/2019-09-16-13-11-12/000286.png,labels/2019-09-16-13-11-12/000286.txt
2019-09-16-13-11-12_000287,2019-09-16-13-11-12,000287,train,range_angle,images/2019-09-16-13-11-12/000287.png,labels/2019-09-16-13-11-12/000287.txt
2019-09-16-13-11-12_000288,2019-09-16-13-11-12,000288,train,range_angle,images/2019-09-16-13-11-12/000288.png,labels/2019-09-16-13-11-12/000288.txt
2019-09-16-13-11-12_000289,2019-09-16-13-11-12,000289,train,range_angle,images/2019-09-16-13-11-12/000289.png,labels/2019-09-16-13-11-12/000289.txt
2019-09-16-13-11-12_000290,2019-09-16-13-11-12,000290,train,range_angle,images/2019-09-16-13-11-12/000290.png,labels/2019-09-16-13-11-12/000290.txt
2019-09-16-13-11-12_000291,2019-09-16-13-11-12,000291,train,range_angle,images/2019-09-16-13-11-12/000291.png,labels/2019-09-16-13-11-12/000291.txt
2019-09-16-13-11-12_000292,2019-09-16-13-11-12,000292,train,range_angle,images/2019-09-16-13-11-12/000292.png,labels/2019-09-16-13-11-12/000292.txt
2019-09-16-13-11-12_000293,2019-09-16-13-11-12,000293,train,range_angle,images/2019-09-16-13-11-12/000293.png,labels/2019-09-16-13-11-12/000293.txt
2019-09-16-13-11-12_000294,2019-09-16-13-11-12,000294,train,range_angle,images/2019-09-16-13-11-12/000294.png,labels/2019-09-16-13-11-12/000294.txt
2019-09-16-13-11-12_000295,2019-09-16-13-11-12,000295,train,range_angle,images/2019-09-16-13-11-12/000295.png,labels/2019-09-16-13-11-12/000295.txt
2019-09-16-13-11-12_000296,2019-09-16-13-11-12,000296,train,range_angle,images/2019-09-16-13-11-12/000296.png,labels/2019-09-16-13-11-12/000296.txt
2019-09-16-13-11-12_000297,2019-09-16-13-11-12,000297,train,range_angle,images/2019-09-16-13-11-12/000297.png,labels/2019-09-16-13-11-12/000297.txt
2019-09-16-13-11-12_000298,2019-09-16-13-11-12,000298,train,range_angle,images/2019-09-16-13-11-12/000298.png,labels/2019-09-16-13-11-12/000298.txt
2019-09-16-13-11-12_000299,2019-09-16-13-11-12,000299,train,range_angle,images/2019-09-16-13-11-12/000299.png,labels/2019-09-16-13-11-12/000299.txt
2019-09-16-13-11-12_000300,2019-09-16-13-11-12,000300,train,range_angle,images/2019-09-16-13-11-12/000300.png,labels/2019-09-16-13-11-12/000300.txt
2019-09-16-13-11-12_000301,2019-09-16-13-11-12,000301,train,range_angle,images/2019-09-16-13-11-12/000301.png,labels/2019-09-16-13-11-12/000301.txt
2019-09-16-13-11-12_000302,2019-09-16-13-11-12,000302,train,range_angle,images/2019-09-16-13-11-12/000302.png,labels/2019-09-16-13-11-12/000302.txt
2019-09-16-13-11-12_000303,2019-09-16-13-11-12,000303,train,range_angle,images/2019-09-16-13-11-12/000303.png,labels/2019-09-16-13-11-12/000303.txt
2019-09-16-13-11-12_000304,2019-09-16-13-11-12,000304,train,range_angle,images/2019-09-16-13-11-12/000304.png,labels/2019-09-16-13-11-12/000304.txt
2019-09-16-13-11-12_000305,2019-09-16-13-11-12,000305,train,range_angle,images/2019-09-16-13-11-12/000305.png,labels/2019-09-16-13-11-12/000305.txt
2019-09-16-13-11-12_000306,2019-09-16-13-11-12,000306,train,range_angle,images/2019-09-16-13-11-12/000306.png,labels/2019-09-16-13-11-12/000306.txt
2019-09-16-13-11-12_000307,2019-09-16-13-11-12,000307,train,range_angle,images/2019-09-16-13-11-12/000307.png,labels/2019-09-16-13-11-12/000307.txt
2019-09-16-13-11-12_000308,2019-09-16-13-11-12,000308,train,range_angle,images/2019-09-16-13-11-12/000308.png,labels/2019-09-16-13-11-12/000308.txt
2019-09-16-13-11-12_000309,2019-09-16-13-11-12,000309,train,range_angle,images/2019-09-16-13-11-12/000309.png,labels/2019-09-16-13-11-12/000309.txt
2019-09-16-13-11-12_000310,2019-09-16-13-11-12,000310,train,range_angle,images/2019-09-16-13-11-12/000310.png,labels/2019-09-16-13-11-12/000310.txt
2019-09-16-13-11-12_000311,2019-09-16-13-11-12,000311,train,range_angle,images/2019-09-16-13-11-12/000311.png,labels/2019-09-16-13-11-12/000311.txt
2019-09-16-13-11-12_000312,2019-09-16-13-11-12,000312,train,range_angle,images/2019-09-16-13-11-12/000312.png,labels/2019-09-16-13-11-12/000312.txt
2019-09-16-13-11-12_000313,2019-09-16-13-11-12,000313,train,range_angle,images/2019-09-16-13-11-12/000313.png,labels/2019-09-16-13-11-12/000313.txt
2019-09-16-13-11-12_000314,2019-09-16-13-11-12,000314,train,range_angle,images/2019-09-16-13-11-12/000314.png,labels/2019-09-16-13-11-12/000314.txt
2019-09-16-13-11-12_000315,2019-09-16-13-11-12,000315,train,range_angle,images/2019-09-16-13-11-12/000315.png,labels/2019-09-16-13-11-12/000315.txt
2019-09-16-13-11-12_000316,2019-09-16-13-11-12,000316,train,range_angle,images/2019-09-16-13-11-12/000316.png,labels/2019-09-16-13-11-12/000316.txt
2019-09-16-13-11-12_000317,2019-09-16-13-11-12,000317,train,range_angle,images/2019-09-16-13-11-12/000317.png,labels/2019-09-16-13-11-12/000317.txt
2019-09-16-13-11-12_000318,2019-09-16-13-11-12,000318,train,range_angle,images/2019-09-16-13-11-12/000318.png,labels/2019-09-16-13-11-12/000318.txt
2019-09-16-13-11-12_000319,2019-09-16-13-11-12,000319,train,range_angle,images/2019-09-16-13-11-12/000319.png,labels/2019-09-16-13-11-12/000319.txt
2019-09-16-13-11-12_000320,2019-09-16-13-11-12,000320,train,range_angle,images/2019-09-16-13-11-12/000320.png,labels/2019-09-16-13-11-12/000320.txt
2019-09-16-13-11-12_000321,2019-09-16-13-11-12,000321,train,range_angle,images/2019-09-16-13-11-12/000321.png,labels/2019-09-16-13-11-12/000321.txt
2019-09-16-13-11-12_000322,2019-09-16-13-11-12,000322,train,range_angle,images/2019-09-16-13-11-12/000322.png,labels/2019-09-16-13-11-12/000322.txt
2019-09-16-13-11-12_000323,2019-09-16-13-11-12,000323,train,range_angle,images/2019-09-16-13-11-12/000323.png,labels/2019-09-16-13-11-12/000323.txt
2019-09-16-13-11-12_000324,2019-09-16-13-11-12,000324,train,range_angle,images/2019-09-16-13-11-12/000324.png,labels/2019-09-16-13-11-12/000324.txt
2019-09-16-13-11-12_000325,2019-09-16-13-11-12,000325,train,range_angle,images/2019-09-16-13-11-12/000325.png,labels/2019-09-16-13-11-12/000325.txt
2019-09-16-13-11-12_000326,2019-09-16-13-11-12,000326,train,range_angle,images/2019-09-16-13-11-12/000326.png,labels/2019-09-16-13-11-12/000326.txt
2019-09-16-13-11-12_000327,2019-09-16-13-11-12,000327,train,range_angle,images/2019-09-16-13-11-12/000327.png,labels/2019-09-16-13-11-12/000327.txt
2019-09-16-13-11-12_000328,2019-09-16-13-11-12,000328,train,range_angle,images/2019-09-16-13-11-12/000328.png,labels/2019-09-16-13-11-12/000328.txt
2019-09-16-13-11-12_000329,2019-09-16-13-11-12,000329,train,range_angle,images/2019-09-16-13-11-12/000329.png,labels/2019-09-16-13-11-12/000329.txt
2019-09-16-13-11-12_000330,2019-09-16-13-11-12,000330,train,range_angle,images/2019-09-16-13-11-12/000330.png,labels/2019-09-16-13-11-12/000330.txt
2019-09-16-13-11-12_000331,2019-09-16-13-11-12,000331,train,range_angle,images/2019-09-16-13-11-12/000331.png,labels/2019-09-16-13-11-12/000331.txt
2019-09-16-13-11-12_000332,2019-09-16-13-11-12,000332,train,range_angle,images/2019-09-16-13-11-12/000332.png,labels/2019-09-16-13-11-12/000332.txt
2019-09-16-13-11-12_000333,2019-09-16-13-11-12,000333,train,range_angle,images/2019-09-16-13-11-12/000333.png,labels/2019-09-16-13-11-12/000333.txt
2019-09-16-13-11-12_000334,2019-09-16-13-11-12,000334,train,range_angle,images/2019-09-16-13-11-12/000334.png,labels/2019-09-16-13-11-12/000334.txt
2019-09-16-13-11-12_000335,2019-09-16-13-11-12,000335,train,range_angle,images/2019-09-16-13-11-12/000335.png,labels/2019-09-16-13-11-12/000335.txt
2019-09-16-13-11-12_000336,2019-09-16-13-11-12,000336,train,range_angle,images/2019-09-16-13-11-12/000336.png,labels/2019-09-16-13-11-12/000336.txt
2019-09-16-13-11-12_000337,2019-09-16-13-11-12,000337,train,range_angle,images/2019-09-16-13-11-12/000337.png,labels/2019-09-16-13-11-12/000337.txt
2019-09-16-13-11-12_000338,2019-09-16-13-11-12,000338,train,range_angle,images/2019-09-16-13-11-12/000338.png,labels/2019-09-16-13-11-12/000338.txt
2019-09-16-13-11-12_000339,2019-09-16-13-11-12,000339,train,range_angle,images/2019-09-16-13-11-12/000339.png,labels/2019-09-16-13-11-12/000339.txt
2019-09-16-13-11-12_000340,2019-09-16-13-11-12,000340,train,range_angle,images/2019-09-16-13-11-12/000340.png,labels/2019-09-16-13-11-12/000340.txt
2019-09-16-13-11-12_000341,2019-09-16-13-11-12,000341,train,range_angle,images/2019-09-16-13-11-12/000341.png,labels/2019-09-16-13-11-12/000341.txt
2019-09-16-13-11-12_000342,2019-09-16-13-11-12,000342,train,range_angle,images/2019-09-16-13-11-12/000342.png,labels/2019-09-16-13-11-12/000342.txt
2019-09-16-13-11-12_000343,2019-09-16-13-11-12,000343,train,range_angle,images/2019-09-16-13-11-12/000343.png,labels/2019-09-16-13-11-12/000343.txt
2019-09-16-13-11-12_000344,2019-09-16-13-11-12,000344,train,range_angle,images/2019-09-16-13-11-12/000344.png,labels/2019-09-16-13-11-12/000344.txt
2019-09-16-13-11-12_000345,2019-09-16-13-11-12,000345,train,range_angle,images/2019-09-16-13-11-12/000345.png,labels/2019-09-16-13-11-12/000345.txt
2019-09-16-13-11-12_000346,2019-09-16-13-11-12,000346,train,range_angle,images/2019-09-16-13-11-12/000346.png,labels/2019-09-16-13-11-12/000346.txt
2019-09-16-13-11-12_000347,2019-09-16-13-11-12,000347,train,range_angle,images/2019-09-16-13-11-12/000347.png,labels/2019-09-16-13-11-12/000347.txt
2019-09-16-13-11-12_000348,2019-09-16-13-11-12,000348,train,range_angle,images/2019-09-16-13-11-12/000348.png,labels/2019-09-16-13-11-12/000348.txt
2019-09-16-13-11-12_000349,2019-09-16-13-11-12,000349,train,range_angle,images/2019-09-16-13-11-12/000349.png,labels/2019-09-16-13-11-12/000349.txt
2019-09-16-13-11-12_000350,2019-09-16-13-11-12,000350,train,range_angle,images/2019-09-16-13-11-12/000350.png,labels/2019-09-16-13-11-12/000350.txt
2019-09-16-13-11-12_000351,2019-09-16-13-11-12,000351,train,range_angle,images/2019-09-16-13-11-12/000351.png,labels/2019-09-16-13-11-12/000351.txt
2019-09-16-13-11-12_000352,2019-09-16-13-11-12,000352,train,range_angle,images/2019-09-16-13-11-12/000352.png,labels/2019-09-16-13-11-12/000352.txt
2019-09-16-13-11-12_000353,2019-09-16-13-11-12,000353,train,range_angle,images/2019-09-16-13-11-12/000353.png,labels/2019-09-16-13-11-12/000353.txt
2019-09-16-13-11-12_000354,2019-09-16-13-11-12,000354,train,range_angle,images/2019-09-16-13-11-12/000354.png,labels/2019-09-16-13-11-12/000354.txt
2019-09-16-13-11-12_000355,2019-09-16-13-11-12,000355,train,range_angle,images/2019-09-16-13-11-12/000355.png,labels/2019-09-16-13-11-12/000355.txt
2019-09-16-13-11-12_000356,2019-09-16-13-11-12,000356,train,range_angle,images/2019-09-16-13-11-12/000356.png,labels/2019-09-16-13-11-12/000356.txt
2019-09-16-13-11-12_000357,2019-09-16-13-11-12,000357,train,range_angle,images/2019-09-16-13-11-12/000357.png,labels/2019-09-16-13-11-12/000357.txt
2019-09-16-13-11-12_000358,2019-09-16-13-11-12,000358,train,range_angle,images/2019-09-16-13-11-12/000358.png,labels/2019-09-16-13-11-12/000358.txt
2019-09-16-13-11-12_000359,2019-09-16-13-11-12,000359,train,range_angle,images/2019-09-16-13-11-12/000359.png,labels/2019-09-16-13-11-12/000359.txt
2019-09-16-13-11-12_000360,2019-09-16-13-11-12,000360,train,range_angle,images/2019-09-16-13-11-12/000360.png,labels/2019-09-16-13-11-12/000360.txt
2019-09-16-13-11-12_000361,2019-09-16-13-11-12,000361,train,range_angle,images/2019-09-16-13-11-12/000361.png,labels/2019-09-16-13-11-12/000361.txt
2019-09-16-13-11-12_000362,2019-09-16-13-11-12,000362,train,range_angle,images/2019-09-16-13-11-12/000362.png,labels/2019-09-16-13-11-12/000362.txt
2019-09-16-13-11-12_000363,2019-09-16-13-11-12,000363,train,range_angle,images/2019-09-16-13-11-12/000363.png,labels/2019-09-16-13-11-12/000363.txt
2019-09-16-13-11-12_000364,2019-09-16-13-11-12,000364,train,range_angle,images/2019-09-16-13-11-12/000364.png,labels/2019-09-16-13-11-12/000364.txt
2019-09-16-13-11-12_000365,2019-09-16-13-11-12,000365,train,range_angle,images/2019-09-16-13-11-12/000365.png,labels/2019-09-16-13-11-12/000365.txt
2019-09-16-13-11-12_000366,2019-09-16-13-11-12,000366,train,range_angle,images/2019-09-16-13-11-12/000366.png,labels/2019-09-16-13-11-12/000366.txt
2019-09-16-13-11-12_000367,2019-09-16-13-11-12,000367,train,range_angle,images/2019-09-16-13-11-12/000367.png,labels/2019-09-16-13-11-12/000367.txt
2019-09-16-13-11-12_000368,2019-09-16-13-11-12,000368,train,range_angle,images/2019-09-16-13-11-12/000368.png,labels/2019-09-16-13-11-12/000368.txt
2019-09-16-13-11-12_000369,2019-09-16-13-11-12,000369,train,range_angle,images/2019-09-16-13-11-12/000369.png,labels/2019-09-16-13-11-12/000369.txt
2019-09-16-13-11-12_000370,2019-09-16-13-11-12,000370,train,range_angle,images/2019-09-16-13-11-12/000370.png,labels/2019-09-16-13-11-12/000370.txt
2019-09-16-13-11-12_000371,2019-09-16-13-11-12,000371,train,range_angle,images/2019-09-16-13-11-12/000371.png,labels/2019-09-16-13-11-12/000371.txt
2019-09-16-13-11-12_000372,2019-09-16-13-11-12,000372,train,range_angle,images/2019-09-16-13-11-12/000372.png,labels/2019-09-16-13-11-12/000372.txt
2019-09-16-13-11-12_000373,2019-09-16-13-11-12,000373,train,range_angle,images/2019-09-16-13-11-12/000373.png,labels/2019-09-16-13-11-12/000373.txt
2019-09-16-13-11-12_000374,2019-09-16-13-11-12,000374,train,range_angle,images/2019-09-16-13-11-12/000374.png,labels/2019-09-16-13-11-12/000374.txt
2019-09-16-13-11-12_000375,2019-09-16-13-11-12,000375,train,range_angle,images/2019-09-16-13-11-12/000375.png,labels/2019-09-16-13-11-12/000375.txt
2019-09-16-13-11-12_000376,2019-09-16-13-11-12,000376,train,range_angle,images/2019-09-16-13-11-12/000376.png,labels/2019-09-16-13-11-12/000376.txt
2019-09-16-13-11-12_000377,2019-09-16-13-11-12,000377,train,range_angle,images/2019-09-16-13-11-12/000377.png,labels/2019-09-16-13-11-12/000377.txt
2019-09-16-13-11-12_000378,2019-09-16-13-11-12,000378,train,range_angle,images/2019-09-16-13-11-12/000378.png,labels/2019-09-16-13-11-12/000378.txt
2019-09-16-13-11-12_000379,2019-09-16-13-11-12,000379,train,range_angle,images/2019-09-16-13-11-12/000379.png,labels/2019-09-16-13-11-12/000379.txt
2019-09-16-13-14-29_000000,2019-09-16-13-14-29,000000,train,range_angle,images/2019-09-16-13-14-29/000000.png,labels/2019-09-16-13-14-29/000000.txt
2019-09-16-13-14-29_000001,2019-09-16-13-14-29,000001,train,range_angle,images/2019-09-16-13-14-29/000001.png,labels/2019-09-16-13-14-29/000001.txt
2019-09-16-13-14-29_000002,2019-09-16-13-14-29,000002,train,range_angle,images/2019-09-16-13-14-29/000002.png,labels/2019-09-16-13-14-29/000002.txt
2019-09-16-13-14-29_000003,2019-09-16-13-14-29,000003,train,range_angle,images/2019-09-16-13-14-29/000003.png,labels/2019-09-16-13-14-29/000003.txt
2019-09-16-13-14-29_000004,2019-09-16-13-14-29,000004,train,range_angle,images/2019-09-16-13-14-29/000004.png,labels/2019-09-16-13-14-29/000004.txt
2019-09-16-13-14-29_000005,2019-09-16-13-14-29,000005,train,range_angle,images/2019-09-16-13-14-29/000005.png,labels/2019-09-16-13-14-29/000005.txt
2019-09-16-13-14-29_000006,2019-09-16-13-14-29,000006,train,range_angle,images/2019-09-16-13-14-29/000006.png,labels/2019-09-16-13-14-29/000006.txt
2019-09-16-13-14-29_000007,2019-09-16-13-14-29,000007,train,range_angle,images/2019-09-16-13-14-29/000007.png,labels/2019-09-16-13-14-29/000007.txt
2019-09-16-13-14-29_000008,2019-09-16-13-14-29,000008,train,range_angle,images/2019-09-16-13-14-29/000008.png,labels/2019-09-16-13-14-29/000008.txt
2019-09-16-13-14-29_000009,2019-09-16-13-14-29,000009,train,range_angle,images/2019-09-16-13-14-29/000009.png,labels/2019-09-16-13-14-29/000009.txt
2019-09-16-13-14-29_000010,2019-09-16-13-14-29,000010,train,range_angle,images/2019-09-16-13-14-29/000010.png,labels/2019-09-16-13-14-29/000010.txt
2019-09-16-13-14-29_000011,2019-09-16-13-14-29,000011,train,range_angle,images/2019-09-16-13-14-29/000011.png,labels/2019-09-16-13-14-29/000011.txt
2019-09-16-13-14-29_000012,2019-09-16-13-14-29,000012,train,range_angle,images/2019-09-16-13-14-29/000012.png,labels/2019-09-16-13-14-29/000012.txt
2019-09-16-13-14-29_000013,2019-09-16-13-14-29,000013,train,range_angle,images/2019-09-16-13-14-29/000013.png,labels/2019-09-16-13-14-29/000013.txt
2019-09-16-13-14-29_000014,2019-09-16-13-14-29,000014,train,range_angle,images/2019-09-16-13-14-29/000014.png,labels/2019-09-16-13-14-29/000014.txt
2019-09-16-13-14-29_000015,2019-09-16-13-14-29,000015,train,range_angle,images/2019-09-16-13-14-29/000015.png,labels/2019-09-16-13-14-29/000015.txt
2019-09-16-13-14-29_000016,2019-09-16-13-14-29,000016,train,range_angle,images/2019-09-16-13-14-29/000016.png,labels/2019-09-16-13-14-29/000016.txt
2019-09-16-13-14-29_000017,2019-09-16-13-14-29,000017,train,range_angle,images/2019-09-16-13-14-29/000017.png,labels/2019-09-16-13-14-29/000017.txt
2019-09-16-13-14-29_000018,2019-09-16-13-14-29,000018,train,range_angle,images/2019-09-16-13-14-29/000018.png,labels/2019-09-16-13-14-29/000018.txt
2019-09-16-13-14-29_000019,2019-09-16-13-14-29,000019,train,range_angle,images/2019-09-16-13-14-29/000019.png,labels/2019-09-16-13-14-29/000019.txt
2019-09-16-13-14-29_000020,2019-09-16-13-14-29,000020,train,range_angle,images/2019-09-16-13-14-29/000020.png,labels/2019-09-16-13-14-29/000020.txt
2019-09-16-13-14-29_000021,2019-09-16-13-14-29,000021,train,range_angle,images/2019-09-16-13-14-29/000021.png,labels/2019-09-16-13-14-29/000021.txt
2019-09-16-13-14-29_000022,2019-09-16-13-14-29,000022,train,range_angle,images/2019-09-16-13-14-29/000022.png,labels/2019-09-16-13-14-29/000022.txt
2019-09-16-13-14-29_000023,2019-09-16-13-14-29,000023,train,range_angle,images/2019-09-16-13-14-29/000023.png,labels/2019-09-16-13-14-29/000023.txt
2019-09-16-13-14-29_000024,2019-09-16-13-14-29,000024,train,range_angle,images/2019-09-16-13-14-29/000024.png,labels/2019-09-16-13-14-29/000024.txt
2019-09-16-13-14-29_000025,2019-09-16-13-14-29,000025,train,range_angle,images/2019-09-16-13-14-29/000025.png,labels/2019-09-16-13-14-29/000025.txt
2019-09-16-13-14-29_000026,2019-09-16-13-14-29,000026,train,range_angle,images/2019-09-16-13-14-29/000026.png,labels/2019-09-16-13-14-29/000026.txt
2019-09-16-13-14-29_000027,2019-09-16-13-14-29,000027,train,range_angle,images/2019-09-16-13-14-29/000027.png,labels/2019-09-16-13-14-29/000027.txt
2019-09-16-13-14-29_000028,2019-09-16-13-14-29,000028,train,range_angle,images/2019-09-16-13-14-29/000028.png,labels/2019-09-16-13-14-29/000028.txt
2019-09-16-13-14-29_000029,2019-09-16-13-14-29,000029,train,range_angle,images/2019-09-16-13-14-29/000029.png,labels/2019-09-16-13-14-29/000029.txt
2019-09-16-13-14-29_000030,2019-09-16-13-14-29,000030,train,range_angle,images/2019-09-16-13-14-29/000030.png,labels/2019-09-16-13-14-29/000030.txt
2019-09-16-13-14-29_000031,2019-09-16-13-14-29,000031,train,range_angle,images/2019-09-16-13-14-29/000031.png,labels/2019-09-16-13-14-29/000031.txt
2019-09-16-13-14-29_000032,2019-09-16-13-14-29,000032,train,range_angle,images/2019-09-16-13-14-29/000032.png,labels/2019-09-16-13-14-29/000032.txt
2019-09-16-13-14-29_000033,2019-09-16-13-14-29,000033,train,range_angle,images/2019-09-16-13-14-29/000033.png,labels/2019-09-16-13-14-29/000033.txt
2019-09-16-13-14-29_000034,2019-09-16-13-14-29,000034,train,range_angle,images/2019-09-16-13-14-29/000034.png,labels/2019-09-16-13-14-29/000034.txt
2019-09-16-13-14-29_000035,2019-09-16-13-14-29,000035,train,range_angle,images/2019-09-16-13-14-29/000035.png,labels/2019-09-16-13-14-29/000035.txt
2019-09-16-13-14-29_000036,2019-09-16-13-14-29,000036,train,range_angle,images/2019-09-16-13-14-29/000036.png,labels/2019-09-16-13-14-29/000036.txt
2019-09-16-13-14-29_000037,2019-09-16-13-14-29,000037,train,range_angle,images/2019-09-16-13-14-29/000037.png,labels/2019-09-16-13-14-29/000037.txt
2019-09-16-13-14-29_000038,2019-09-16-13-14-29,000038,train,range_angle,images/2019-09-16-13-14-29/000038.png,labels/2019-09-16-13-14-29/000038.txt
2019-09-16-13-14-29_000039,2019-09-16-13-14-29,000039,train,range_angle,images/2019-09-16-13-14-29/000039.png,labels/2019-09-16-13-14-29/000039.txt
2019-09-16-13-14-29_000040,2019-09-16-13-14-29,000040,train,range_angle,images/2019-09-16-13-14-29/000040.png,labels/2019-09-16-13-14-29/000040.txt
2019-09-16-13-14-29_000041,2019-09-16-13-14-29,000041,train,range_angle,images/2019-09-16-13-14-29/000041.png,labels/2019-09-16-13-14-29/000041.txt
2019-09-16-13-14-29_000042,2019-09-16-13-14-29,000042,train,range_angle,images/2019-09-16-13-14-29/000042.png,labels/2019-09-16-13-14-29/000042.txt
2019-09-16-13-14-29_000043,2019-09-16-13-14-29,000043,train,range_angle,images/2019-09-16-13-14-29/000043.png,labels/2019-09-16-13-14-29/000043.txt
2019-09-16-13-14-29_000044,2019-09-16-13-14-29,000044,train,range_angle,images/2019-09-16-13-14-29/000044.png,labels/2019-09-16-13-14-29/000044.txt
2019-09-16-13-14-29_000045,2019-09-16-13-14-29,000045,train,range_angle,images/2019-09-16-13-14-29/000045.png,labels/2019-09-16-13-14-29/000045.txt
2019-09-16-13-14-29_000046,2019-09-16-13-14-29,000046,train,range_angle,images/2019-09-16-13-14-29/000046.png,labels/2019-09-16-13-14-29/000046.txt
2019-09-16-13-14-29_000047,2019-09-16-13-14-29,000047,train,range_angle,images/2019-09-16-13-14-29/000047.png,labels/2019-09-16-13-14-29/000047.txt
2019-09-16-13-14-29_000048,2019-09-16-13-14-29,000048,train,range_angle,images/2019-09-16-13-14-29/000048.png,labels/2019-09-16-13-14-29/000048.txt
2019-09-16-13-14-29_000049,2019-09-16-13-14-29,000049,train,range_angle,images/2019-09-16-13-14-29/000049.png,labels/2019-09-16-13-14-29/000049.txt
2019-09-16-13-14-29_000050,2019-09-16-13-14-29,000050,train,range_angle,images/2019-09-16-13-14-29/000050.png,labels/2019-09-16-13-14-29/000050.txt
2019-09-16-13-14-29_000051,2019-09-16-13-14-29,000051,train,range_angle,images/2019-09-16-13-14-29/000051.png,labels/2019-09-16-13-14-29/000051.txt
2019-09-16-13-14-29_000052,2019-09-16-13-14-29,000052,train,range_angle,images/2019-09-16-13-14-29/000052.png,labels/2019-09-16-13-14-29/000052.txt
2019-09-16-13-14-29_000053,2019-09-16-13-14-29,000053,train,range_angle,images/2019-09-16-13-14-29/000053.png,labels/2019-09-16-13-14-29/000053.txt
2019-09-16-13-14-29_000054,2019-09-16-13-14-29,000054,train,range_angle,images/2019-09-16-13-14-29/000054.png,labels/2019-09-16-13-14-29/000054.txt
2019-09-16-13-14-29_000055,2019-09-16-13-14-29,000055,train,range_angle,images/2019-09-16-13-14-29/000055.png,labels/2019-09-16-13-14-29/000055.txt
2019-09-16-13-14-29_000056,2019-09-16-13-14-29,000056,train,range_angle,images/2019-09-16-13-14-29/000056.png,labels/2019-09-16-13-14-29/000056.txt
2019-09-16-13-14-29_000057,2019-09-16-13-14-29,000057,train,range_angle,images/2019-09-16-13-14-29/000057.png,labels/2019-09-16-13-14-29/000057.txt
2019-09-16-13-14-29_000058,2019-09-16-13-14-29,000058,train,range_angle,images/2019-09-16-13-14-29/000058.png,labels/2019-09-16-13-14-29/000058.txt
2019-09-16-13-14-29_000059,2019-09-16-13-14-29,000059,train,range_angle,images/2019-09-16-13-14-29/000059.png,labels/2019-09-16-13-14-29/000059.txt
2019-09-16-13-14-29_000060,2019-09-16-13-14-29,000060,train,range_angle,images/2019-09-16-13-14-29/000060.png,labels/2019-09-16-13-14-29/000060.txt
2019-09-16-13-14-29_000061,2019-09-16-13-14-29,000061,train,range_angle,images/2019-09-16-13-14-29/000061.png,labels/2019-09-16-13-14-29/000061.txt
2019-09-16-13-14-29_000062,2019-09-16-13-14-29,000062,train,range_angle,images/2019-09-16-13-14-29/000062.png,labels/2019-09-16-13-14-29/000062.txt
2019-09-16-13-14-29_000063,2019-09-16-13-14-29,000063,train,range_angle,images/2019-09-16-13-14-29/000063.png,labels/2019-09-16-13-14-29/000063.txt
2019-09-16-13-14-29_000064,2019-09-16-13-14-29,000064,train,range_angle,images/2019-09-16-13-14-29/000064.png,labels/2019-09-16-13-14-29/000064.txt
2019-09-16-13-14-29_000065,2019-09-16-13-14-29,000065,train,range_angle,images/2019-09-16-13-14-29/000065.png,labels/2019-09-16-13-14-29/000065.txt
2019-09-16-13-14-29_000066,2019-09-16-13-14-29,000066,train,range_angle,images/2019-09-16-13-14-29/000066.png,labels/2019-09-16-13-14-29/000066.txt
2019-09-16-13-14-29_000067,2019-09-16-13-14-29,000067,train,range_angle,images/2019-09-16-13-14-29/000067.png,labels/2019-09-16-13-14-29/000067.txt
2019-09-16-13-14-29_000068,2019-09-16-13-14-29,000068,train,range_angle,images/2019-09-16-13-14-29/000068.png,labels/2019-09-16-13-14-29/000068.txt
2019-09-16-13-14-29_000069,2019-09-16-13-14-29,000069,train,range_angle,images/2019-09-16-13-14-29/000069.png,labels/2019-09-16-13-14-29/000069.txt
2019-09-16-13-14-29_000070,2019-09-16-13-14-29,000070,train,range_angle,images/2019-09-16-13-14-29/000070.png,labels/2019-09-16-13-14-29/000070.txt
2019-09-16-13-14-29_000071,2019-09-16-13-14-29,000071,train,range_angle,images/2019-09-16-13-14-29/000071.png,labels/2019-09-16-13-14-29/000071.txt
2019-09-16-13-14-29_000072,2019-09-16-13-14-29,000072,train,range_angle,images/2019-09-16-13-14-29/000072.png,labels/2019-09-16-13-14-29/000072.txt
2019-09-16-13-14-29_000073,2019-09-16-13-14-29,000073,train,range_angle,images/2019-09-16-13-14-29/000073.png,labels/2019-09-16-13-14-29/000073.txt
2019-09-16-13-14-29_000074,2019-09-16-13-14-29,000074,train,range_angle,images/2019-09-16-13-14-29/000074.png,labels/2019-09-16-13-14-29/000074.txt
2019-09-16-13-14-29_000075,2019-09-16-13-14-29,000075,train,range_angle,images/2019-09-16-13-14-29/000075.png,labels/2019-09-16-13-14-29/000075.txt
2019-09-16-13-14-29_000076,2019-09-16-13-14-29,000076,train,range_angle,images/2019-09-16-13-14-29/000076.png,labels/2019-09-16-13-14-29/000076.txt
2019-09-16-13-14-29_000077,2019-09-16-13-14-29,000077,train,range_angle,images/2019-09-16-13-14-29/000077.png,labels/2019-09-16-13-14-29/000077.txt
2019-09-16-13-14-29_000078,2019-09-16-13-14-29,000078,train,range_angle,images/2019-09-16-13-14-29/000078.png,labels/2019-09-16-13-14-29/000078.txt
2019-09-16-13-14-29_000079,2019-09-16-13-14-29,000079,train,range_angle,images/2019-09-16-13-14-29/000079.png,labels/2019-09-16-13-14-29/000079.txt
2019-09-16-13-14-29_000080,2019-09-16-13-14-29,000080,train,range_angle,images/2019-09-16-13-14-29/000080.png,labels/2019-09-16-13-14-29/000080.txt
2019-09-16-13-14-29_000081,2019-09-16-13-14-29,000081,train,range_angle,images/2019-09-16-13-14-29/000081.png,labels/2019-09-16-13-14-29/000081.txt
2019-09-16-13-14-29_000082,2019-09-16-13-14-29,000082,train,range_angle,images/2019-09-16-13-14-29/000082.png,labels/2019-09-16-13-14-29/000082.txt
2019-09-16-13-14-29_000083,2019-09-16-13-14-29,000083,train,range_angle,images/2019-09-16-13-14-29/000083.png,labels/2019-09-16-13-14-29/000083.txt
2019-09-16-13-14-29_000084,2019-09-16-13-14-29,000084,train,range_angle,images/2019-09-16-13-14-29/000084.png,labels/2019-09-16-13-14-29/000084.txt
2019-09-16-13-14-29_000085,2019-09-16-13-14-29,000085,train,range_angle,images/2019-09-16-13-14-29/000085.png,labels/2019-09-16-13-14-29/000085.txt
2019-09-16-13-14-29_000086,2019-09-16-13-14-29,000086,train,range_angle,images/2019-09-16-13-14-29/000086.png,labels/2019-09-16-13-14-29/000086.txt
2019-09-16-13-14-29_000087,2019-09-16-13-14-29,000087,train,range_angle,images/2019-09-16-13-14-29/000087.png,labels/2019-09-16-13-14-29/000087.txt
2019-09-16-13-14-29_000088,2019-09-16-13-14-29,000088,train,range_angle,images/2019-09-16-13-14-29/000088.png,labels/2019-09-16-13-14-29/000088.txt
2019-09-16-13-14-29_000089,2019-09-16-13-14-29,000089,train,range_angle,images/2019-09-16-13-14-29/000089.png,labels/2019-09-16-13-14-29/000089.txt
2019-09-16-13-14-29_000090,2019-09-16-13-14-29,000090,train,range_angle,images/2019-09-16-13-14-29/000090.png,labels/2019-09-16-13-14-29/000090.txt
2019-09-16-13-14-29_000091,2019-09-16-13-14-29,000091,train,range_angle,images/2019-09-16-13-14-29/000091.png,labels/2019-09-16-13-14-29/000091.txt
2019-09-16-13-14-29_000092,2019-09-16-13-14-29,000092,train,range_angle,images/2019-09-16-13-14-29/000092.png,labels/2019-09-16-13-14-29/000092.txt
2019-09-16-13-14-29_000093,2019-09-16-13-14-29,000093,train,range_angle,images/2019-09-16-13-14-29/000093.png,labels/2019-09-16-13-14-29/000093.txt
2019-09-16-13-14-29_000094,2019-09-16-13-14-29,000094,train,range_angle,images/2019-09-16-13-14-29/000094.png,labels/2019-09-16-13-14-29/000094.txt
2019-09-16-13-14-29_000095,2019-09-16-13-14-29,000095,train,range_angle,images/2019-09-16-13-14-29/000095.png,labels/2019-09-16-13-14-29/000095.txt
2019-09-16-13-14-29_000096,2019-09-16-13-14-29,000096,train,range_angle,images/2019-09-16-13-14-29/000096.png,labels/2019-09-16-13-14-29/000096.txt
2019-09-16-13-14-29_000097,2019-09-16-13-14-29,000097,train,range_angle,images/2019-09-16-13-14-29/000097.png,labels/2019-09-16-13-14-29/000097.txt
2019-09-16-13-14-29_000098,2019-09-16-13-14-29,000098,train,range_angle,images/2019-09-16-13-14-29/000098.png,labels/2019-09-16-13-14-29/000098.txt
2019-09-16-13-14-29_000099,2019-09-16-13-14-29,000099,train,range_angle,images/2019-09-16-13-14-29/000099.png,labels/2019-09-16-13-14-29/000099.txt
2019-09-16-13-14-29_000100,2019-09-16-13-14-29,000100,train,range_angle,images/2019-09-16-13-14-29/000100.png,labels/2019-09-16-13-14-29/000100.txt
2019-09-16-13-14-29_000101,2019-09-16-13-14-29,000101,train,range_angle,images/2019-09-16-13-14-29/000101.png,labels/2019-09-16-13-14-29/000101.txt
2019-09-16-13-14-29_000102,2019-09-16-13-14-29,000102,train,range_angle,images/2019-09-16-13-14-29/000102.png,labels/2019-09-16-13-14-29/000102.txt
2019-09-16-13-14-29_000103,2019-09-16-13-14-29,000103,train,range_angle,images/2019-09-16-13-14-29/000103.png,labels/2019-09-16-13-14-29/000103.txt
2019-09-16-13-14-29_000104,2019-09-16-13-14-29,000104,train,range_angle,images/2019-09-16-13-14-29/000104.png,labels/2019-09-16-13-14-29/000104.txt
2019-09-16-13-14-29_000105,2019-09-16-13-14-29,000105,train,range_angle,images/2019-09-16-13-14-29/000105.png,labels/2019-09-16-13-14-29/000105.txt
2019-09-16-13-14-29_000106,2019-09-16-13-14-29,000106,train,range_angle,images/2019-09-16-13-14-29/000106.png,labels/2019-09-16-13-14-29/000106.txt
2019-09-16-13-14-29_000107,2019-09-16-13-14-29,000107,train,range_angle,images/2019-09-16-13-14-29/000107.png,labels/2019-09-16-13-14-29/000107.txt
2019-09-16-13-14-29_000108,2019-09-16-13-14-29,000108,train,range_angle,images/2019-09-16-13-14-29/000108.png,labels/2019-09-16-13-14-29/000108.txt
2019-09-16-13-14-29_000109,2019-09-16-13-14-29,000109,train,range_angle,images/2019-09-16-13-14-29/000109.png,labels/2019-09-16-13-14-29/000109.txt
2019-09-16-13-14-29_000110,2019-09-16-13-14-29,000110,train,range_angle,images/2019-09-16-13-14-29/000110.png,labels/2019-09-16-13-14-29/000110.txt
2019-09-16-13-14-29_000111,2019-09-16-13-14-29,000111,train,range_angle,images/2019-09-16-13-14-29/000111.png,labels/2019-09-16-13-14-29/000111.txt
2019-09-16-13-14-29_000112,2019-09-16-13-14-29,000112,train,range_angle,images/2019-09-16-13-14-29/000112.png,labels/2019-09-16-13-14-29/000112.txt
2019-09-16-13-14-29_000113,2019-09-16-13-14-29,000113,train,range_angle,images/2019-09-16-13-14-29/000113.png,labels/2019-09-16-13-14-29/000113.txt
2019-09-16-13-14-29_000114,2019-09-16-13-14-29,000114,train,range_angle,images/2019-09-16-13-14-29/000114.png,labels/2019-09-16-13-14-29/000114.txt
2019-09-16-13-14-29_000115,2019-09-16-13-14-29,000115,train,range_angle,images/2019-09-16-13-14-29/000115.png,labels/2019-09-16-13-14-29/000115.txt
2019-09-16-13-14-29_000116,2019-09-16-13-14-29,000116,train,range_angle,images/2019-09-16-13-14-29/000116.png,labels/2019-09-16-13-14-29/000116.txt
2019-09-16-13-14-29_000117,2019-09-16-13-14-29,000117,train,range_angle,images/2019-09-16-13-14-29/000117.png,labels/2019-09-16-13-14-29/000117.txt
2019-09-16-13-14-29_000118,2019-09-16-13-14-29,000118,train,range_angle,images/2019-09-16-13-14-29/000118.png,labels/2019-09-16-13-14-29/000118.txt
2019-09-16-13-14-29_000119,2019-09-16-13-14-29,000119,train,range_angle,images/2019-09-16-13-14-29/000119.png,labels/2019-09-16-13-14-29/000119.txt
2019-09-16-13-14-29_000120,2019-09-16-13-14-29,000120,train,range_angle,images/2019-09-16-13-14-29/000120.png,labels/2019-09-16-13-14-29/000120.txt
2019-09-16-13-14-29_000121,2019-09-16-13-14-29,000121,train,range_angle,images/2019-09-16-13-14-29/000121.png,labels/2019-09-16-13-14-29/000121.txt
2019-09-16-13-14-29_000122,2019-09-16-13-14-29,000122,train,range_angle,images/2019-09-16-13-14-29/000122.png,labels/2019-09-16-13-14-29/000122.txt
2019-09-16-13-14-29_000123,2019-09-16-13-14-29,000123,train,range_angle,images/2019-09-16-13-14-29/000123.png,labels/2019-09-16-13-14-29/000123.txt
2019-09-16-13-14-29_000124,2019-09-16-13-14-29,000124,train,range_angle,images/2019-09-16-13-14-29/000124.png,labels/2019-09-16-13-14-29/000124.txt
2019-09-16-13-14-29_000125,2019-09-16-13-14-29,000125,train,range_angle,images/2019-09-16-13-14-29/000125.png,labels/2019-09-16-13-14-29/000125.txt
2019-09-16-13-14-29_000126,2019-09-16-13-14-29,000126,train,range_angle,images/2019-09-16-13-14-29/000126.png,labels/2019-09-16-13-14-29/000126.txt
2019-09-16-13-14-29_000127,2019-09-16-13-14-29,000127,train,range_angle,images/2019-09-16-13-14-29/000127.png,labels/2019-09-16-13-14-29/000127.txt
2019-09-16-13-14-29_000128,2019-09-16-13-14-29,000128,train,range_angle,images/2019-09-16-13-14-29/000128.png,labels/2019-09-16-13-14-29/000128.txt
2019-09-16-13-14-29_000129,2019-09-16-13-14-29,000129,train,range_angle,images/2019-09-16-13-14-29/000129.png,labels/2019-09-16-13-14-29/000129.txt
2019-09-16-13-14-29_000130,2019-09-16-13-14-29,000130,train,range_angle,images/2019-09-16-13-14-29/000130.png,labels/2019-09-16-13-14-29/000130.txt
2019-09-16-13-14-29_000131,2019-09-16-13-14-29,000131,train,range_angle,images/2019-09-16-13-14-29/000131.png,labels/2019-09-16-13-14-29/000131.txt
2019-09-16-13-14-29_000132,2019-09-16-13-14-29,000132,train,range_angle,images/2019-09-16-13-14-29/000132.png,labels/2019-09-16-13-14-29/000132.txt
2019-09-16-13-14-29_000133,2019-09-16-13-14-29,000133,train,range_angle,images/2019-09-16-13-14-29/000133.png,labels/2019-09-16-13-14-29/000133.txt
2019-09-16-13-14-29_000134,2019-09-16-13-14-29,000134,train,range_angle,images/2019-09-16-13-14-29/000134.png,labels/2019-09-16-13-14-29/000134.txt
2019-09-16-13-14-29_000135,2019-09-16-13-14-29,000135,train,range_angle,images/2019-09-16-13-14-29/000135.png,labels/2019-09-16-13-14-29/000135.txt
2019-09-16-13-14-29_000136,2019-09-16-13-14-29,000136,train,range_angle,images/2019-09-16-13-14-29/000136.png,labels/2019-09-16-13-14-29/000136.txt
2019-09-16-13-14-29_000137,2019-09-16-13-14-29,000137,train,range_angle,images/2019-09-16-13-14-29/000137.png,labels/2019-09-16-13-14-29/000137.txt
2019-09-16-13-14-29_000138,2019-09-16-13-14-29,000138,train,range_angle,images/2019-09-16-13-14-29/000138.png,labels/2019-09-16-13-14-29/000138.txt
2019-09-16-13-14-29_000139,2019-09-16-13-14-29,000139,train,range_angle,images/2019-09-16-13-14-29/000139.png,labels/2019-09-16-13-14-29/000139.txt
2019-09-16-13-14-29_000140,2019-09-16-13-14-29,000140,train,range_angle,images/2019-09-16-13-14-29/000140.png,labels/2019-09-16-13-14-29/000140.txt
2019-09-16-13-14-29_000141,2019-09-16-13-14-29,000141,train,range_angle,images/2019-09-16-13-14-29/000141.png,labels/2019-09-16-13-14-29/000141.txt
2019-09-16-13-14-29_000142,2019-09-16-13-14-29,000142,train,range_angle,images/2019-09-16-13-14-29/000142.png,labels/2019-09-16-13-14-29/000142.txt
2019-09-16-13-14-29_000143,2019-09-16-13-14-29,000143,train,range_angle,images/2019-09-16-13-14-29/000143.png,labels/2019-09-16-13-14-29/000143.txt
2019-09-16-13-14-29_000144,2019-09-16-13-14-29,000144,train,range_angle,images/2019-09-16-13-14-29/000144.png,labels/2019-09-16-13-14-29/000144.txt
2019-09-16-13-14-29_000145,2019-09-16-13-14-29,000145,train,range_angle,images/2019-09-16-13-14-29/000145.png,labels/2019-09-16-13-14-29/000145.txt
2019-09-16-13-14-29_000146,2019-09-16-13-14-29,000146,train,range_angle,images/2019-09-16-13-14-29/000146.png,labels/2019-09-16-13-14-29/000146.txt
2019-09-16-13-14-29_000147,2019-09-16-13-14-29,000147,train,range_angle,images/2019-09-16-13-14-29/000147.png,labels/2019-09-16-13-14-29/000147.txt
2019-09-16-13-14-29_000148,2019-09-16-13-14-29,000148,train,range_angle,images/2019-09-16-13-14-29/000148.png,labels/2019-09-16-13-14-29/000148.txt
2019-09-16-13-14-29_000149,2019-09-16-13-14-29,000149,train,range_angle,images/2019-09-16-13-14-29/000149.png,labels/2019-09-16-13-14-29/000149.txt
2019-09-16-13-14-29_000150,2019-09-16-13-14-29,000150,train,range_angle,images/2019-09-16-13-14-29/000150.png,labels/2019-09-16-13-14-29/000150.txt
2019-09-16-13-14-29_000151,2019-09-16-13-14-29,000151,train,range_angle,images/2019-09-16-13-14-29/000151.png,labels/2019-09-16-13-14-29/000151.txt
2019-09-16-13-14-29_000152,2019-09-16-13-14-29,000152,train,range_angle,images/2019-09-16-13-14-29/000152.png,labels/2019-09-16-13-14-29/000152.txt
2019-09-16-13-14-29_000153,2019-09-16-13-14-29,000153,train,range_angle,images/2019-09-16-13-14-29/000153.png,labels/2019-09-16-13-14-29/000153.txt
2019-09-16-13-14-29_000154,2019-09-16-13-14-29,000154,train,range_angle,images/2019-09-16-13-14-29/000154.png,labels/2019-09-16-13-14-29/000154.txt
2019-09-16-13-14-29_000155,2019-09-16-13-14-29,000155,train,range_angle,images/2019-09-16-13-14-29/000155.png,labels/2019-09-16-13-14-29/000155.txt
2019-09-16-13-14-29_000156,2019-09-16-13-14-29,000156,train,range_angle,images/2019-09-16-13-14-29/000156.png,labels/2019-09-16-13-14-29/000156.txt
2019-09-16-13-14-29_000157,2019-09-16-13-14-29,000157,train,range_angle,images/2019-09-16-13-14-29/000157.png,labels/2019-09-16-13-14-29/000157.txt
2019-09-16-13-14-29_000158,2019-09-16-13-14-29,000158,train,range_angle,images/2019-09-16-13-14-29/000158.png,labels/2019-09-16-13-14-29/000158.txt
2019-09-16-13-14-29_000159,2019-09-16-13-14-29,000159,train,range_angle,images/2019-09-16-13-14-29/000159.png,labels/2019-09-16-13-14-29/000159.txt
2019-09-16-13-14-29_000160,2019-09-16-13-14-29,000160,train,range_angle,images/2019-09-16-13-14-29/000160.png,labels/2019-09-16-13-14-29/000160.txt
2019-09-16-13-14-29_000161,2019-09-16-13-14-29,000161,train,range_angle,images/2019-09-16-13-14-29/000161.png,labels/2019-09-16-13-14-29/000161.txt
2019-09-16-13-14-29_000162,2019-09-16-13-14-29,000162,train,range_angle,images/2019-09-16-13-14-29/000162.png,labels/2019-09-16-13-14-29/000162.txt
2019-09-16-13-14-29_000163,2019-09-16-13-14-29,000163,train,range_angle,images/2019-09-16-13-14-29/000163.png,labels/2019-09-16-13-14-29/000163.txt
2019-09-16-13-14-29_000164,2019-09-16-13-14-29,000164,train,range_angle,images/2019-09-16-13-14-29/000164.png,labels/2019-09-16-13-14-29/000164.txt
2019-09-16-13-14-29_000165,2019-09-16-13-14-29,000165,train,range_angle,images/2019-09-16-13-14-29/000165.png,labels/2019-09-16-13-14-29/000165.txt
2019-09-16-13-14-29_000166,2019-09-16-13-14-29,000166,train,range_angle,images/2019-09-16-13-14-29/000166.png,labels/2019-09-16-13-14-29/000166.txt
2019-09-16-13-14-29_000167,2019-09-16-13-14-29,000167,train,range_angle,images/2019-09-16-13-14-29/000167.png,labels/2019-09-16-13-14-29/000167.txt
2019-09-16-13-14-29_000168,2019-09-16-13-14-29,000168,train,range_angle,images/2019-09-16-13-14-29/000168.png,labels/2019-09-16-13-14-29/000168.txt
2019-09-16-13-14-29_000169,2019-09-16-13-14-29,000169,train,range_angle,images/2019-09-16-13-14-29/000169.png,labels/2019-09-16-13-14-29/000169.txt
2019-09-16-13-14-29_000170,2019-09-16-13-14-29,000170,train,range_angle,images/2019-09-16-13-14-29/000170.png,labels/2019-09-16-13-14-29/000170.txt
2019-09-16-13-14-29_000171,2019-09-16-13-14-29,000171,train,range_angle,images/2019-09-16-13-14-29/000171.png,labels/2019-09-16-13-14-29/000171.txt
2019-09-16-13-14-29_000172,2019-09-16-13-14-29,000172,train,range_angle,images/2019-09-16-13-14-29/000172.png,labels/2019-09-16-13-14-29/000172.txt
2019-09-16-13-14-29_000173,2019-09-16-13-14-29,000173,train,range_angle,images/2019-09-16-13-14-29/000173.png,labels/2019-09-16-13-14-29/000173.txt
2019-09-16-13-14-29_000174,2019-09-16-13-14-29,000174,train,range_angle,images/2019-09-16-13-14-29/000174.png,labels/2019-09-16-13-14-29/000174.txt
2019-09-16-13-14-29_000175,2019-09-16-13-14-29,000175,train,range_angle,images/2019-09-16-13-14-29/000175.png,labels/2019-09-16-13-14-29/000175.txt
2019-09-16-13-14-29_000176,2019-09-16-13-14-29,000176,train,range_angle,images/2019-09-16-13-14-29/000176.png,labels/2019-09-16-13-14-29/000176.txt
2019-09-16-13-14-29_000177,2019-09-16-13-14-29,000177,train,range_angle,images/2019-09-16-13-14-29/000177.png,labels/2019-09-16-13-14-29/000177.txt
2019-09-16-13-14-29_000178,2019-09-16-13-14-29,000178,train,range_angle,images/2019-09-16-13-14-29/000178.png,labels/2019-09-16-13-14-29/000178.txt
2019-09-16-13-14-29_000179,2019-09-16-13-14-29,000179,train,range_angle,images/2019-09-16-13-14-29/000179.png,labels/2019-09-16-13-14-29/000179.txt
2019-09-16-13-14-29_000180,2019-09-16-13-14-29,000180,train,range_angle,images/2019-09-16-13-14-29/000180.png,labels/2019-09-16-13-14-29/000180.txt
2019-09-16-13-14-29_000181,2019-09-16-13-14-29,000181,train,range_angle,images/2019-09-16-13-14-29/000181.png,labels/2019-09-16-13-14-29/000181.txt
2019-09-16-13-14-29_000182,2019-09-16-13-14-29,000182,train,range_angle,images/2019-09-16-13-14-29/000182.png,labels/2019-09-16-13-14-29/000182.txt
2019-09-16-13-14-29_000183,2019-09-16-13-14-29,000183,train,range_angle,images/2019-09-16-13-14-29/000183.png,labels/2019-09-16-13-14-29/000183.txt
2019-09-16-13-14-29_000184,2019-09-16-13-14-29,000184,train,range_angle,images/2019-09-16-13-14-29/000184.png,labels/2019-09-16-13-14-29/000184.txt
2019-09-16-13-14-29_000185,2019-09-16-13-14-29,000185,train,range_angle,images/2019-09-16-13-14-29/000185.png,labels/2019-09-16-13-14-29/000185.txt
2019-09-16-13-14-29_000186,2019-09-16-13-14-29,000186,train,range_angle,images/2019-09-16-13-14-29/000186.png,labels/2019-09-16-13-14-29/000186.txt
2019-09-16-13-14-29_000187,2019-09-16-13-14-29,000187,train,range_angle,images/2019-09-16-13-14-29/000187.png,labels/2019-09-16-13-14-29/000187.txt
2019-09-16-13-14-29_000188,2019-09-16-13-14-29,000188,train,range_angle,images/2019-09-16-13-14-29/000188.png,labels/2019-09-16-13-14-29/000188.txt
2019-09-16-13-14-29_000189,2019-09-16-13-14-29,000189,train,range_angle,images/2019-09-16-13-14-29/000189.png,labels/2019-09-16-13-14-29/000189.txt
2019-09-16-13-14-29_000190,2019-09-16-13-14-29,000190,train,range_angle,images/2019-09-16-13-14-29/000190.png,labels/2019-09-16-13-14-29/000190.txt
2019-09-16-13-14-29_000191,2019-09-16-13-14-29,000191,train,range_angle,images/2019-09-16-13-14-29/000191.png,labels/2019-09-16-13-14-29/000191.txt
2019-09-16-13-14-29_000192,2019-09-16-13-14-29,000192,train,range_angle,images/2019-09-16-13-14-29/000192.png,labels/2019-09-16-13-14-29/000192.txt
2019-09-16-13-14-29_000193,2019-09-16-13-14-29,000193,train,range_angle,images/2019-09-16-13-14-29/000193.png,labels/2019-09-16-13-14-29/000193.txt
2019-09-16-13-14-29_000194,2019-09-16-13-14-29,000194,train,range_angle,images/2019-09-16-13-14-29/000194.png,labels/2019-09-16-13-14-29/000194.txt
2019-09-16-13-14-29_000195,2019-09-16-13-14-29,000195,train,range_angle,images/2019-09-16-13-14-29/000195.png,labels/2019-09-16-13-14-29/000195.txt
2019-09-16-13-14-29_000196,2019-09-16-13-14-29,000196,train,range_angle,images/2019-09-16-13-14-29/000196.png,labels/2019-09-16-13-14-29/000196.txt
2019-09-16-13-14-29_000197,2019-09-16-13-14-29,000197,train,range_angle,images/2019-09-16-13-14-29/000197.png,labels/2019-09-16-13-14-29/000197.txt
2019-09-16-13-14-29_000198,2019-09-16-13-14-29,000198,train,range_angle,images/2019-09-16-13-14-29/000198.png,labels/2019-09-16-13-14-29/000198.txt
2019-09-16-13-14-29_000199,2019-09-16-13-14-29,000199,train,range_angle,images/2019-09-16-13-14-29/000199.png,labels/2019-09-16-13-14-29/000199.txt
2019-09-16-13-14-29_000200,2019-09-16-13-14-29,000200,train,range_angle,images/2019-09-16-13-14-29/000200.png,labels/2019-09-16-13-14-29/000200.txt
2019-09-16-13-14-29_000201,2019-09-16-13-14-29,000201,train,range_angle,images/2019-09-16-13-14-29/000201.png,labels/2019-09-16-13-14-29/000201.txt
2019-09-16-13-14-29_000202,2019-09-16-13-14-29,000202,train,range_angle,images/2019-09-16-13-14-29/000202.png,labels/2019-09-16-13-14-29/000202.txt
2019-09-16-13-14-29_000203,2019-09-16-13-14-29,000203,train,range_angle,images/2019-09-16-13-14-29/000203.png,labels/2019-09-16-13-14-29/000203.txt
2019-09-16-13-14-29_000204,2019-09-16-13-14-29,000204,train,range_angle,images/2019-09-16-13-14-29/000204.png,labels/2019-09-16-13-14-29/000204.txt
2019-09-16-13-14-29_000205,2019-09-16-13-14-29,000205,train,range_angle,images/2019-09-16-13-14-29/000205.png,labels/2019-09-16-13-14-29/000205.txt
2019-09-16-13-14-29_000206,2019-09-16-13-14-29,000206,train,range_angle,images/2019-09-16-13-14-29/000206.png,labels/2019-09-16-13-14-29/000206.txt
2019-09-16-13-14-29_000207,2019-09-16-13-14-29,000207,train,range_angle,images/2019-09-16-13-14-29/000207.png,labels/2019-09-16-13-14-29/000207.txt
2019-09-16-13-14-29_000208,2019-09-16-13-14-29,000208,train,range_angle,images/2019-09-16-13-14-29/000208.png,labels/2019-09-16-13-14-29/000208.txt
2019-09-16-13-14-29_000209,2019-09-16-13-14-29,000209,train,range_angle,images/2019-09-16-13-14-29/000209.png,labels/2019-09-16-13-14-29/000209.txt
2019-09-16-13-14-29_000210,2019-09-16-13-14-29,000210,train,range_angle,images/2019-09-16-13-14-29/000210.png,labels/2019-09-16-13-14-29/000210.txt
2019-09-16-13-14-29_000211,2019-09-16-13-14-29,000211,train,range_angle,images/2019-09-16-13-14-29/000211.png,labels/2019-09-16-13-14-29/000211.txt
2019-09-16-13-14-29_000212,2019-09-16-13-14-29,000212,train,range_angle,images/2019-09-16-13-14-29/000212.png,labels/2019-09-16-13-14-29/000212.txt
2019-09-16-13-14-29_000213,2019-09-16-13-14-29,000213,train,range_angle,images/2019-09-16-13-14-29/000213.png,labels/2019-09-16-13-14-29/000213.txt
2019-09-16-13-14-29_000214,2019-09-16-13-14-29,000214,train,range_angle,images/2019-09-16-13-14-29/000214.png,labels/2019-09-16-13-14-29/000214.txt
2019-09-16-13-14-29_000215,2019-09-16-13-14-29,000215,train,range_angle,images/2019-09-16-13-14-29/000215.png,labels/2019-09-16-13-14-29/000215.txt
2019-09-16-13-14-29_000216,2019-09-16-13-14-29,000216,train,range_angle,images/2019-09-16-13-14-29/000216.png,labels/2019-09-16-13-14-29/000216.txt
2019-09-16-13-14-29_000217,2019-09-16-13-14-29,000217,train,range_angle,images/2019-09-16-13-14-29/000217.png,labels/2019-09-16-13-14-29/000217.txt
2019-09-16-13-14-29_000218,2019-09-16-13-14-29,000218,train,range_angle,images/2019-09-16-13-14-29/000218.png,labels/2019-09-16-13-14-29/000218.txt
2019-09-16-13-14-29_000219,2019-09-16-13-14-29,000219,train,range_angle,images/2019-09-16-13-14-29/000219.png,labels/2019-09-16-13-14-29/000219.txt
2019-09-16-13-14-29_000220,2019-09-16-13-14-29,000220,train,range_angle,images/2019-09-16-13-14-29/000220.png,labels/2019-09-16-13-14-29/000220.txt
2019-09-16-13-14-29_000221,2019-09-16-13-14-29,000221,train,range_angle,images/2019-09-16-13-14-29/000221.png,labels/2019-09-16-13-14-29/000221.txt
2019-09-16-13-14-29_000222,2019-09-16-13-14-29,000222,train,range_angle,images/2019-09-16-13-14-29/000222.png,labels/2019-09-16-13-14-29/000222.txt
2019-09-16-13-14-29_000223,2019-09-16-13-14-29,000223,train,range_angle,images/2019-09-16-13-14-29/000223.png,labels/2019-09-16-13-14-29/000223.txt
2019-09-16-13-14-29_000224,2019-09-16-13-14-29,000224,train,range_angle,images/2019-09-16-13-14-29/000224.png,labels/2019-09-16-13-14-29/000224.txt
2019-09-16-13-14-29_000225,2019-09-16-13-14-29,000225,train,range_angle,images/2019-09-16-13-14-29/000225.png,labels/2019-09-16-13-14-29/000225.txt
2019-09-16-13-14-29_000226,2019-09-16-13-14-29,000226,train,range_angle,images/2019-09-16-13-14-29/000226.png,labels/2019-09-16-13-14-29/000226.txt
2019-09-16-13-14-29_000227,2019-09-16-13-14-29,000227,train,range_angle,images/2019-09-16-13-14-29/000227.png,labels/2019-09-16-13-14-29/000227.txt
2019-09-16-13-14-29_000228,2019-09-16-13-14-29,000228,train,range_angle,images/2019-09-16-13-14-29/000228.png,labels/2019-09-16-13-14-29/000228.txt
2019-09-16-13-14-29_000229,2019-09-16-13-14-29,000229,train,range_angle,images/2019-09-16-13-14-29/000229.png,labels/2019-09-16-13-14-29/000229.txt
2019-09-16-13-14-29_000230,2019-09-16-13-14-29,000230,train,range_angle,images/2019-09-16-13-14-29/000230.png,labels/2019-09-16-13-14-29/000230.txt
2019-09-16-13-14-29_000231,2019-09-16-13-14-29,000231,train,range_angle,images/2019-09-16-13-14-29/000231.png,labels/2019-09-16-13-14-29/000231.txt
2019-09-16-13-14-29_000232,2019-09-16-13-14-29,000232,train,range_angle,images/2019-09-16-13-14-29/000232.png,labels/2019-09-16-13-14-29/000232.txt
2019-09-16-13-14-29_000233,2019-09-16-13-14-29,000233,train,range_angle,images/2019-09-16-13-14-29/000233.png,labels/2019-09-16-13-14-29/000233.txt
2019-09-16-13-14-29_000234,2019-09-16-13-14-29,000234,train,range_angle,images/2019-09-16-13-14-29/000234.png,labels/2019-09-16-13-14-29/000234.txt
2019-09-16-13-14-29_000235,2019-09-16-13-14-29,000235,train,range_angle,images/2019-09-16-13-14-29/000235.png,labels/2019-09-16-13-14-29/000235.txt
2019-09-16-13-14-29_000236,2019-09-16-13-14-29,000236,train,range_angle,images/2019-09-16-13-14-29/000236.png,labels/2019-09-16-13-14-29/000236.txt
2019-09-16-13-14-29_000237,2019-09-16-13-14-29,000237,train,range_angle,images/2019-09-16-13-14-29/000237.png,labels/2019-09-16-13-14-29/000237.txt
2019-09-16-13-14-29_000238,2019-09-16-13-14-29,000238,train,range_angle,images/2019-09-16-13-14-29/000238.png,labels/2019-09-16-13-14-29/000238.txt
2019-09-16-13-14-29_000239,2019-09-16-13-14-29,000239,train,range_angle,images/2019-09-16-13-14-29/000239.png,labels/2019-09-16-13-14-29/000239.txt
2019-09-16-13-14-29_000240,2019-09-16-13-14-29,000240,train,range_angle,images/2019-09-16-13-14-29/000240.png,labels/2019-09-16-13-14-29/000240.txt
2019-09-16-13-14-29_000241,2019-09-16-13-14-29,000241,train,range_angle,images/2019-09-16-13-14-29/000241.png,labels/2019-09-16-13-14-29/000241.txt
2019-09-16-13-14-29_000242,2019-09-16-13-14-29,000242,train,range_angle,images/2019-09-16-13-14-29/000242.png,labels/2019-09-16-13-14-29/000242.txt
2019-09-16-13-14-29_000243,2019-09-16-13-14-29,000243,train,range_angle,images/2019-09-16-13-14-29/000243.png,labels/2019-09-16-13-14-29/000243.txt
2019-09-16-13-14-29_000244,2019-09-16-13-14-29,000244,train,range_angle,images/2019-09-16-13-14-29/000244.png,labels/2019-09-16-13-14-29/000244.txt
2019-09-16-13-14-29_000245,2019-09-16-13-14-29,000245,train,range_angle,images/2019-09-16-13-14-29/000245.png,labels/2019-09-16-13-14-29/000245.txt
2019-09-16-13-14-29_000246,2019-09-16-13-14-29,000246,train,range_angle,images/2019-09-16-13-14-29/000246.png,labels/2019-09-16-13-14-29/000246.txt
2019-09-16-13-14-29_000247,2019-09-16-13-14-29,000247,train,range_angle,images/2019-09-16-13-14-29/000247.png,labels/2019-09-16-13-14-29/000247.txt
2019-09-16-13-14-29_000248,2019-09-16-13-14-29,000248,train,range_angle,images/2019-09-16-13-14-29/000248.png,labels/2019-09-16-13-14-29/000248.txt
2019-09-16-13-14-29_000249,2019-09-16-13-14-29,000249,train,range_angle,images/2019-09-16-13-14-29/000249.png,labels/2019-09-16-13-14-29/000249.txt
2019-09-16-13-14-29_000250,2019-09-16-13-14-29,000250,train,range_angle,images/2019-09-16-13-14-29/000250.png,labels/2019-09-16-13-14-29/000250.txt
2019-09-16-13-14-29_000251,2019-09-16-13-14-29,000251,train,range_angle,images/2019-09-16-13-14-29/000251.png,labels/2019-09-16-13-14-29/000251.txt
2019-09-16-13-14-29_000252,2019-09-16-13-14-29,000252,train,range_angle,images/2019-09-16-13-14-29/000252.png,labels/2019-09-16-13-14-29/000252.txt
2019-09-16-13-14-29_000253,2019-09-16-13-14-29,000253,train,range_angle,images/2019-09-16-13-14-29/000253.png,labels/2019-09-16-13-14-29/000253.txt
2019-09-16-13-14-29_000254,2019-09-16-13-14-29,000254,train,range_angle,images/2019-09-16-13-14-29/000254.png,labels/2019-09-16-13-14-29/000254.txt
2019-09-16-13-14-29_000255,2019-09-16-13-14-29,000255,train,range_angle,images/2019-09-16-13-14-29/000255.png,labels/2019-09-16-13-14-29/000255.txt
2019-09-16-13-14-29_000256,2019-09-16-13-14-29,000256,train,range_angle,images/2019-09-16-13-14-29/000256.png,labels/2019-09-16-13-14-29/000256.txt
2019-09-16-13-14-29_000257,2019-09-16-13-14-29,000257,train,range_angle,images/2019-09-16-13-14-29/000257.png,labels/2019-09-16-13-14-29/000257.txt
2019-09-16-13-14-29_000258,2019-09-16-13-14-29,000258,train,range_angle,images/2019-09-16-13-14-29/000258.png,labels/2019-09-16-13-14-29/000258.txt
2019-09-16-13-14-29_000259,2019-09-16-13-14-29,000259,train,range_angle,images/2019-09-16-13-14-29/000259.png,labels/2019-09-16-13-14-29/000259.txt
2019-09-16-13-14-29_000260,2019-09-16-13-14-29,000260,train,range_angle,images/2019-09-16-13-14-29/000260.png,labels/2019-09-16-13-14-29/000260.txt
2019-09-16-13-14-29_000261,2019-09-16-13-14-29,000261,train,range_angle,images/2019-09-16-13-14-29/000261.png,labels/2019-09-16-13-14-29/000261.txt
2019-09-16-13-14-29_000262,2019-09-16-13-14-29,000262,train,range_angle,images/2019-09-16-13-14-29/000262.png,labels/2019-09-16-13-14-29/000262.txt
2019-09-16-13-14-29_000263,2019-09-16-13-14-29,000263,train,range_angle,images/2019-09-16-13-14-29/000263.png,labels/2019-09-16-13-14-29/000263.txt
2019-09-16-13-14-29_000264,2019-09-16-13-14-29,000264,train,range_angle,images/2019-09-16-13-14-29/000264.png,labels/2019-09-16-13-14-29/000264.txt
2019-09-16-13-14-29_000265,2019-09-16-13-14-29,000265,train,range_angle,images/2019-09-16-13-14-29/000265.png,labels/2019-09-16-13-14-29/000265.txt
2019-09-16-13-14-29_000266,2019-09-16-13-14-29,000266,train,range_angle,images/2019-09-16-13-14-29/000266.png,labels/2019-09-16-13-14-29/000266.txt
2019-09-16-13-14-29_000267,2019-09-16-13-14-29,000267,train,range_angle,images/2019-09-16-13-14-29/000267.png,labels/2019-09-16-13-14-29/000267.txt
2019-09-16-13-14-29_000268,2019-09-16-13-14-29,000268,train,range_angle,images/2019-09-16-13-14-29/000268.png,labels/2019-09-16-13-14-29/000268.txt
2019-09-16-13-14-29_000269,2019-09-16-13-14-29,000269,train,range_angle,images/2019-09-16-13-14-29/000269.png,labels/2019-09-16-13-14-29/000269.txt
2019-09-16-13-14-29_000270,2019-09-16-13-14-29,000270,train,range_angle,images/2019-09-16-13-14-29/000270.png,labels/2019-09-16-13-14-29/000270.txt
2019-09-16-13-14-29_000271,2019-09-16-13-14-29,000271,train,range_angle,images/2019-09-16-13-14-29/000271.png,labels/2019-09-16-13-14-29/000271.txt
2019-09-16-13-14-29_000272,2019-09-16-13-14-29,000272,train,range_angle,images/2019-09-16-13-14-29/000272.png,labels/2019-09-16-13-14-29/000272.txt
2019-09-16-13-14-29_000273,2019-09-16-13-14-29,000273,train,range_angle,images/2019-09-16-13-14-29/000273.png,labels/2019-09-16-13-14-29/000273.txt
2019-09-16-13-14-29_000274,2019-09-16-13-14-29,000274,train,range_angle,images/2019-09-16-13-14-29/000274.png,labels/2019-09-16-13-14-29/000274.txt
2019-09-16-13-14-29_000275,2019-09-16-13-14-29,000275,train,range_angle,images/2019-09-16-13-14-29/000275.png,labels/2019-09-16-13-14-29/000275.txt
2019-09-16-13-14-29_000276,2019-09-16-13-14-29,000276,train,range_angle,images/2019-09-16-13-14-29/000276.png,labels/2019-09-16-13-14-29/000276.txt
2019-09-16-13-14-29_000277,2019-09-16-13-14-29,000277,train,range_angle,images/2019-09-16-13-14-29/000277.png,labels/2019-09-16-13-14-29/000277.txt
2019-09-16-13-14-29_000278,2019-09-16-13-14-29,000278,train,range_angle,images/2019-09-16-13-14-29/000278.png,labels/2019-09-16-13-14-29/000278.txt
2019-09-16-13-14-29_000279,2019-09-16-13-14-29,000279,train,range_angle,images/2019-09-16-13-14-29/000279.png,labels/2019-09-16-13-14-29/000279.txt
2019-09-16-13-14-29_000280,2019-09-16-13-14-29,000280,train,range_angle,images/2019-09-16-13-14-29/000280.png,labels/2019-09-16-13-14-29/000280.txt
2019-09-16-13-14-29_000281,2019-09-16-13-14-29,000281,train,range_angle,images/2019-09-16-13-14-29/000281.png,labels/2019-09-16-13-14-29/000281.txt
2019-09-16-13-14-29_000282,2019-09-16-13-14-29,000282,train,range_angle,images/2019-09-16-13-14-29/000282.png,labels/2019-09-16-13-14-29/000282.txt
2019-09-16-13-14-29_000283,2019-09-16-13-14-29,000283,train,range_angle,images/2019-09-16-13-14-29/000283.png,labels/2019-09-16-13-14-29/000283.txt
2019-09-16-13-14-29_000284,2019-09-16-13-14-29,000284,train,range_angle,images/2019-09-16-13-14-29/000284.png,labels/2019-09-16-13-14-29/000284.txt
2019-09-16-13-14-29_000285,2019-09-16-13-14-29,000285,train,range_angle,images/2019-09-16-13-14-29/000285.png,labels/2019-09-16-13-14-29/000285.txt
2019-09-16-13-14-29_000286,2019-09-16-13-14-29,000286,train,range_angle,images/2019-09-16-13-14-29/000286.png,labels/2019-09-16-13-14-29/000286.txt
2019-09-16-13-14-29_000287,2019-09-16-13-14-29,000287,train,range_angle,images/2019-09-16-13-14-29/000287.png,labels/2019-09-16-13-14-29/000287.txt
2019-09-16-13-14-29_000288,2019-09-16-13-14-29,000288,train,range_angle,images/2019-09-16-13-14-29/000288.png,labels/2019-09-16-13-14-29/000288.txt
2019-09-16-13-14-29_000289,2019-09-16-13-14-29,000289,train,range_angle,images/2019-09-16-13-14-29/000289.png,labels/2019-09-16-13-14-29/000289.txt
2019-09-16-13-14-29_000290,2019-09-16-13-14-29,000290,train,range_angle,images/2019-09-16-13-14-29/000290.png,labels/2019-09-16-13-14-29/000290.txt
2019-09-16-13-14-29_000291,2019-09-16-13-14-29,000291,train,range_angle,images/2019-09-16-13-14-29/000291.png,labels/2019-09-16-13-14-29/000291.txt
2019-09-16-13-14-29_000292,2019-09-16-13-14-29,000292,train,range_angle,images/2019-09-16-13-14-29/000292.png,labels/2019-09-16-13-14-29/000292.txt
2019-09-16-13-14-29_000293,2019-09-16-13-14-29,000293,train,range_angle,images/2019-09-16-13-14-29/000293.png,labels/2019-09-16-13-14-29/000293.txt
2019-09-16-13-14-29_000294,2019-09-16-13-14-29,000294,train,range_angle,images/2019-09-16-13-14-29/000294.png,labels/2019-09-16-13-14-29/000294.txt
2019-09-16-13-14-29_000295,2019-09-16-13-14-29,000295,train,range_angle,images/2019-09-16-13-14-29/000295.png,labels/2019-09-16-13-14-29/000295.txt
2019-09-16-13-14-29_000296,2019-09-16-13-14-29,000296,train,range_angle,images/2019-09-16-13-14-29/000296.png,labels/2019-09-16-13-14-29/000296.txt
2019-09-16-13-14-29_000297,2019-09-16-13-14-29,000297,train,range_angle,images/2019-09-16-13-14-29/000297.png,labels/2019-09-16-13-14-29/000297.txt
2019-09-16-13-14-29_000298,2019-09-16-13-14-29,000298,train,range_angle,images/2019-09-16-13-14-29/000298.png,labels/2019-09-16-13-14-29/000298.txt
2019-09-16-13-14-29_000299,2019-09-16-13-14-29,000299,train,range_angle,images/2019-09-16-13-14-29/000299.png,labels/2019-09-16-13-14-29/000299.txt
2019-09-16-13-14-29_000300,2019-09-16-13-14-29,000300,train,range_angle,images/2019-09-16-13-14-29/000300.png,labels/2019-09-16-13-14-29/000300.txt
2019-09-16-13-14-29_000301,2019-09-16-13-14-29,000301,train,range_angle,images/2019-09-16-13-14-29/000301.png,labels/2019-09-16-13-14-29/000301.txt
2019-09-16-13-14-29_000302,2019-09-16-13-14-29,000302,train,range_angle,images/2019-09-16-13-14-29/000302.png,labels/2019-09-16-13-14-29/000302.txt
2019-09-16-13-14-29_000303,2019-09-16-13-14-29,000303,train,range_angle,images/2019-09-16-13-14-29/000303.png,labels/2019-09-16-13-14-29/000303.txt
2019-09-16-13-14-29_000304,2019-09-16-13-14-29,000304,train,range_angle,images/2019-09-16-13-14-29/000304.png,labels/2019-09-16-13-14-29/000304.txt
2019-09-16-13-14-29_000305,2019-09-16-13-14-29,000305,train,range_angle,images/2019-09-16-13-14-29/000305.png,labels/2019-09-16-13-14-29/000305.txt
2019-09-16-13-14-29_000306,2019-09-16-13-14-29,000306,train,range_angle,images/2019-09-16-13-14-29/000306.png,labels/2019-09-16-13-14-29/000306.txt
2019-09-16-13-14-29_000307,2019-09-16-13-14-29,000307,train,range_angle,images/2019-09-16-13-14-29/000307.png,labels/2019-09-16-13-14-29/000307.txt
2019-09-16-13-14-29_000308,2019-09-16-13-14-29,000308,train,range_angle,images/2019-09-16-13-14-29/000308.png,labels/2019-09-16-13-14-29/000308.txt
2019-09-16-13-14-29_000309,2019-09-16-13-14-29,000309,train,range_angle,images/2019-09-16-13-14-29/000309.png,labels/2019-09-16-13-14-29/000309.txt
2019-09-16-13-14-29_000310,2019-09-16-13-14-29,000310,train,range_angle,images/2019-09-16-13-14-29/000310.png,labels/2019-09-16-13-14-29/000310.txt
2019-09-16-13-14-29_000311,2019-09-16-13-14-29,000311,train,range_angle,images/2019-09-16-13-14-29/000311.png,labels/2019-09-16-13-14-29/000311.txt
2019-09-16-13-14-29_000312,2019-09-16-13-14-29,000312,train,range_angle,images/2019-09-16-13-14-29/000312.png,labels/2019-09-16-13-14-29/000312.txt
2019-09-16-13-14-29_000313,2019-09-16-13-14-29,000313,train,range_angle,images/2019-09-16-13-14-29/000313.png,labels/2019-09-16-13-14-29/000313.txt
2019-09-16-13-14-29_000314,2019-09-16-13-14-29,000314,train,range_angle,images/2019-09-16-13-14-29/000314.png,labels/2019-09-16-13-14-29/000314.txt
2019-09-16-13-14-29_000315,2019-09-16-13-14-29,000315,train,range_angle,images/2019-09-16-13-14-29/000315.png,labels/2019-09-16-13-14-29/000315.txt
2019-09-16-13-14-29_000316,2019-09-16-13-14-29,000316,train,range_angle,images/2019-09-16-13-14-29/000316.png,labels/2019-09-16-13-14-29/000316.txt
2019-09-16-13-14-29_000317,2019-09-16-13-14-29,000317,train,range_angle,images/2019-09-16-13-14-29/000317.png,labels/2019-09-16-13-14-29/000317.txt
2019-09-16-13-14-29_000318,2019-09-16-13-14-29,000318,train,range_angle,images/2019-09-16-13-14-29/000318.png,labels/2019-09-16-13-14-29/000318.txt
2019-09-16-13-14-29_000319,2019-09-16-13-14-29,000319,train,range_angle,images/2019-09-16-13-14-29/000319.png,labels/2019-09-16-13-14-29/000319.txt
2019-09-16-13-14-29_000320,2019-09-16-13-14-29,000320,train,range_angle,images/2019-09-16-13-14-29/000320.png,labels/2019-09-16-13-14-29/000320.txt
2019-09-16-13-14-29_000321,2019-09-16-13-14-29,000321,train,range_angle,images/2019-09-16-13-14-29/000321.png,labels/2019-09-16-13-14-29/000321.txt
2019-09-16-13-14-29_000322,2019-09-16-13-14-29,000322,train,range_angle,images/2019-09-16-13-14-29/000322.png,labels/2019-09-16-13-14-29/000322.txt
2019-09-16-13-14-29_000323,2019-09-16-13-14-29,000323,train,range_angle,images/2019-09-16-13-14-29/000323.png,labels/2019-09-16-13-14-29/000323.txt
2019-09-16-13-14-29_000324,2019-09-16-13-14-29,000324,train,range_angle,images/2019-09-16-13-14-29/000324.png,labels/2019-09-16-13-14-29/000324.txt
2019-09-16-13-14-29_000325,2019-09-16-13-14-29,000325,train,range_angle,images/2019-09-16-13-14-29/000325.png,labels/2019-09-16-13-14-29/000325.txt
2019-09-16-13-14-29_000326,2019-09-16-13-14-29,000326,train,range_angle,images/2019-09-16-13-14-29/000326.png,labels/2019-09-16-13-14-29/000326.txt
2019-09-16-13-14-29_000327,2019-09-16-13-14-29,000327,train,range_angle,images/2019-09-16-13-14-29/000327.png,labels/2019-09-16-13-14-29/000327.txt
2019-09-16-13-14-29_000328,2019-09-16-13-14-29,000328,train,range_angle,images/2019-09-16-13-14-29/000328.png,labels/2019-09-16-13-14-29/000328.txt
2019-09-16-13-14-29_000329,2019-09-16-13-14-29,000329,train,range_angle,images/2019-09-16-13-14-29/000329.png,labels/2019-09-16-13-14-29/000329.txt
2019-09-16-13-14-29_000330,2019-09-16-13-14-29,000330,train,range_angle,images/2019-09-16-13-14-29/000330.png,labels/2019-09-16-13-14-29/000330.txt
2019-09-16-13-14-29_000331,2019-09-16-13-14-29,000331,train,range_angle,images/2019-09-16-13-14-29/000331.png,labels/2019-09-16-13-14-29/000331.txt
2019-09-16-13-14-29_000332,2019-09-16-13-14-29,000332,train,range_angle,images/2019-09-16-13-14-29/000332.png,labels/2019-09-16-13-14-29/000332.txt
2019-09-16-13-14-29_000333,2019-09-16-13-14-29,000333,train,range_angle,images/2019-09-16-13-14-29/000333.png,labels/2019-09-16-13-14-29/000333.txt
2019-09-16-13-14-29_000334,2019-09-16-13-14-29,000334,train,range_angle,images/2019-09-16-13-14-29/000334.png,labels/2019-09-16-13-14-29/000334.txt
2019-09-16-13-14-29_000335,2019-09-16-13-14-29,000335,train,range_angle,images/2019-09-16-13-14-29/000335.png,labels/2019-09-16-13-14-29/000335.txt
2019-09-16-13-14-29_000336,2019-09-16-13-14-29,000336,train,range_angle,images/2019-09-16-13-14-29/000336.png,labels/2019-09-16-13-14-29/000336.txt
2019-09-16-13-14-29_000337,2019-09-16-13-14-29,000337,train,range_angle,images/2019-09-16-13-14-29/000337.png,labels/2019-09-16-13-14-29/000337.txt
2019-09-16-13-14-29_000338,2019-09-16-13-14-29,000338,train,range_angle,images/2019-09-16-13-14-29/000338.png,labels/2019-09-16-13-14-29/000338.txt
2019-09-16-13-14-29_000339,2019-09-16-13-14-29,000339,train,range_angle,images/2019-09-16-13-14-29/000339.png,labels/2019-09-16-13-14-29/000339.txt
2019-09-16-13-14-29_000340,2019-09-16-13-14-29,000340,train,range_angle,images/2019-09-16-13-14-29/000340.png,labels/2019-09-16-13-14-29/000340.txt
2019-09-16-13-14-29_000341,2019-09-16-13-14-29,000341,train,range_angle,images/2019-09-16-13-14-29/000341.png,labels/2019-09-16-13-14-29/000341.txt
2019-09-16-13-14-29_000342,2019-09-16-13-14-29,000342,train,range_angle,images/2019-09-16-13-14-29/000342.png,labels/2019-09-16-13-14-29/000342.txt
2019-09-16-13-14-29_000343,2019-09-16-13-14-29,000343,train,range_angle,images/2019-09-16-13-14-29/000343.png,labels/2019-09-16-13-14-29/000343.txt
2019-09-16-13-14-29_000344,2019-09-16-13-14-29,000344,train,range_angle,images/2019-09-16-13-14-29/000344.png,labels/2019-09-16-13-14-29/000344.txt
2019-09-16-13-14-29_000345,2019-09-16-13-14-29,000345,train,range_angle,images/2019-09-16-13-14-29/000345.png,labels/2019-09-16-13-14-29/000345.txt
2019-09-16-13-14-29_000346,2019-09-16-13-14-29,000346,train,range_angle,images/2019-09-16-13-14-29/000346.png,labels/2019-09-16-13-14-29/000346.txt
2019-09-16-13-14-29_000347,2019-09-16-13-14-29,000347,train,range_angle,images/2019-09-16-13-14-29/000347.png,labels/2019-09-16-13-14-29/000347.txt
2019-09-16-13-14-29_000348,2019-09-16-13-14-29,000348,train,range_angle,images/2019-09-16-13-14-29/000348.png,labels/2019-09-16-13-14-29/000348.txt
2019-09-16-13-14-29_000349,2019-09-16-13-14-29,000349,train,range_angle,images/2019-09-16-13-14-29/000349.png,labels/2019-09-16-13-14-29/000349.txt
2019-09-16-13-14-29_000350,2019-09-16-13-14-29,000350,train,range_angle,images/2019-09-16-13-14-29/000350.png,labels/2019-09-16-13-14-29/000350.txt
2019-09-16-13-14-29_000351,2019-09-16-13-14-29,000351,train,range_angle,images/2019-09-16-13-14-29/000351.png,labels/2019-09-16-13-14-29/000351.txt
2019-09-16-13-14-29_000352,2019-09-16-13-14-29,000352,train,range_angle,images/2019-09-16-13-14-29/000352.png,labels/2019-09-16-13-14-29/000352.txt
2019-09-16-13-14-29_000353,2019-09-16-13-14-29,000353,train,range_angle,images/2019-09-16-13-14-29/000353.png,labels/2019-09-16-13-14-29/000353.txt
2019-09-16-13-14-29_000354,2019-09-16-13-14-29,000354,train,range_angle,images/2019-09-16-13-14-29/000354.png,labels/2019-09-16-13-14-29/000354.txt
2019-09-16-13-14-29_000355,2019-09-16-13-14-29,000355,train,range_angle,images/2019-09-16-13-14-29/000355.png,labels/2019-09-16-13-14-29/000355.txt
2019-09-16-13-14-29_000356,2019-09-16-13-14-29,000356,train,range_angle,images/2019-09-16-13-14-29/000356.png,labels/2019-09-16-13-14-29/000356.txt
2019-09-16-13-14-29_000357,2019-09-16-13-14-29,000357,train,range_angle,images/2019-09-16-13-14-29/000357.png,labels/2019-09-16-13-14-29/000357.txt
2019-09-16-13-14-29_000358,2019-09-16-13-14-29,000358,train,range_angle,images/2019-09-16-13-14-29/000358.png,labels/2019-09-16-13-14-29/000358.txt
2019-09-16-13-14-29_000359,2019-09-16-13-14-29,000359,train,range_angle,images/2019-09-16-13-14-29/000359.png,labels/2019-09-16-13-14-29/000359.txt
2019-09-16-13-14-29_000360,2019-09-16-13-14-29,000360,train,range_angle,images/2019-09-16-13-14-29/000360.png,labels/2019-09-16-13-14-29/000360.txt
2019-09-16-13-14-29_000361,2019-09-16-13-14-29,000361,train,range_angle,images/2019-09-16-13-14-29/000361.png,labels/2019-09-16-13-14-29/000361.txt
2019-09-16-13-14-29_000362,2019-09-16-13-14-29,000362,train,range_angle,images/2019-09-16-13-14-29/000362.png,labels/2019-09-16-13-14-29/000362.txt
2019-09-16-13-14-29_000363,2019-09-16-13-14-29,000363,train,range_angle,images/2019-09-16-13-14-29/000363.png,labels/2019-09-16-13-14-29/000363.txt
2019-09-16-13-14-29_000364,2019-09-16-13-14-29,000364,train,range_angle,images/2019-09-16-13-14-29/000364.png,labels/2019-09-16-13-14-29/000364.txt
2019-09-16-13-14-29_000365,2019-09-16-13-14-29,000365,train,range_angle,images/2019-09-16-13-14-29/000365.png,labels/2019-09-16-13-14-29/000365.txt
2019-09-16-13-14-29_000366,2019-09-16-13-14-29,000366,train,range_angle,images/2019-09-16-13-14-29/000366.png,labels/2019-09-16-13-14-29/000366.txt
2019-09-16-13-14-29_000367,2019-09-16-13-14-29,000367,train,range_angle,images/2019-09-16-13-14-29/000367.png,labels/2019-09-16-13-14-29/000367.txt
2019-09-16-13-14-29_000368,2019-09-16-13-14-29,000368,train,range_angle,images/2019-09-16-13-14-29/000368.png,labels/2019-09-16-13-14-29/000368.txt
2019-09-16-13-14-29_000369,2019-09-16-13-14-29,000369,train,range_angle,images/2019-09-16-13-14-29/000369.png,labels/2019-09-16-13-14-29/000369.txt
2019-09-16-13-14-29_000370,2019-09-16-13-14-29,000370,train,range_angle,images/2019-09-16-13-14-29/000370.png,labels/2019-09-16-13-14-29/000370.txt
2019-09-16-13-14-29_000371,2019-09-16-13-14-29,000371,train,range_angle,images/2019-09-16-13-14-29/000371.png,labels/2019-09-16-13-14-29/000371.txt
2019-09-16-13-14-29_000372,2019-09-16-13-14-29,000372,train,range_angle,images/2019-09-16-13-14-29/000372.png,labels/2019-09-16-13-14-29/000372.txt
2019-09-16-13-14-29_000373,2019-09-16-13-14-29,000373,train,range_angle,images/2019-09-16-13-14-29/000373.png,labels/2019-09-16-13-14-29/000373.txt
2019-09-16-13-14-29_000374,2019-09-16-13-14-29,000374,train,range_angle,images/2019-09-16-13-14-29/000374.png,labels/2019-09-16-13-14-29/000374.txt
2019-09-16-13-14-29_000375,2019-09-16-13-14-29,000375,train,range_angle,images/2019-09-16-13-14-29/000375.png,labels/2019-09-16-13-14-29/000375.txt
2019-09-16-13-14-29_000376,2019-09-16-13-14-29,000376,train,range_angle,images/2019-09-16-13-14-29/000376.png,labels/2019-09-16-13-14-29/000376.txt
2019-09-16-13-14-29_000377,2019-09-16-13-14-29,000377,train,range_angle,images/2019-09-16-13-14-29/000377.png,labels/2019-09-16-13-14-29/000377.txt
2019-09-16-13-14-29_000378,2019-09-16-13-14-29,000378,train,range_angle,images/2019-09-16-13-14-29/000378.png,labels/2019-09-16-13-14-29/000378.txt
2019-09-16-13-14-29_000379,2019-09-16-13-14-29,000379,train,range_angle,images/2019-09-16-13-14-29/000379.png,labels/2019-09-16-13-14-29/000379.txt
2019-09-16-13-14-29_000380,2019-09-16-13-14-29,000380,train,range_angle,images/2019-09-16-13-14-29/000380.png,labels/2019-09-16-13-14-29/000380.txt
2019-09-16-13-14-29_000381,2019-09-16-13-14-29,000381,train,range_angle,images/2019-09-16-13-14-29/000381.png,labels/2019-09-16-13-14-29/000381.txt
2019-09-16-13-14-29_000382,2019-09-16-13-14-29,000382,train,range_angle,images/2019-09-16-13-14-29/000382.png,labels/2019-09-16-13-14-29/000382.txt
2019-09-16-13-14-29_000383,2019-09-16-13-14-29,000383,train,range_angle,images/2019-09-16-13-14-29/000383.png,labels/2019-09-16-13-14-29/000383.txt
2019-09-16-13-14-29_000384,2019-09-16-13-14-29,000384,train,range_angle,images/2019-09-16-13-14-29/000384.png,labels/2019-09-16-13-14-29/000384.txt
2019-09-16-13-14-29_000385,2019-09-16-13-14-29,000385,train,range_angle,images/2019-09-16-13-14-29/000385.png,labels/2019-09-16-13-14-29/000385.txt
2019-09-16-13-14-29_000386,2019-09-16-13-14-29,000386,train,range_angle,images/2019-09-16-13-14-29/000386.png,labels/2019-09-16-13-14-29/000386.txt
2019-09-16-13-14-29_000387,2019-09-16-13-14-29,000387,train,range_angle,images/2019-09-16-13-14-29/000387.png,labels/2019-09-16-13-14-29/000387.txt
2019-09-16-13-14-29_000388,2019-09-16-13-14-29,000388,train,range_angle,images/2019-09-16-13-14-29/000388.png,labels/2019-09-16-13-14-29/000388.txt
2019-09-16-13-14-29_000389,2019-09-16-13-14-29,000389,train,range_angle,images/2019-09-16-13-14-29/000389.png,labels/2019-09-16-13-14-29/000389.txt
2019-09-16-13-14-29_000390,2019-09-16-13-14-29,000390,train,range_angle,images/2019-09-16-13-14-29/000390.png,labels/2019-09-16-13-14-29/000390.txt
2019-09-16-13-14-29_000391,2019-09-16-13-14-29,000391,train,range_angle,images/2019-09-16-13-14-29/000391.png,labels/2019-09-16-13-14-29/000391.txt
2019-09-16-13-14-29_000392,2019-09-16-13-14-29,000392,train,range_angle,images/2019-09-16-13-14-29/000392.png,labels/2019-09-16-13-14-29/000392.txt
2019-09-16-13-14-29_000393,2019-09-16-13-14-29,000393,train,range_angle,images/2019-09-16-13-14-29/000393.png,labels/2019-09-16-13-14-29/000393.txt
2019-09-16-13-14-29_000394,2019-09-16-13-14-29,000394,train,range_angle,images/2019-09-16-13-14-29/000394.png,labels/2019-09-16-13-14-29/000394.txt
2019-09-16-13-14-29_000395,2019-09-16-13-14-29,000395,train,range_angle,images/2019-09-16-13-14-29/000395.png,labels/2019-09-16-13-14-29/000395.txt
2019-09-16-13-14-29_000396,2019-09-16-13-14-29,000396,train,range_angle,images/2019-09-16-13-14-29/000396.png,labels/2019-09-16-13-14-29/000396.txt
2019-09-16-13-14-29_000397,2019-09-16-13-14-29,000397,train,range_angle,images/2019-09-16-13-14-29/000397.png,labels/2019-09-16-13-14-29/000397.txt
2019-09-16-13-14-29_000398,2019-09-16-13-14-29,000398,train,range_angle,images/2019-09-16-13-14-29/000398.png,labels/2019-09-16-13-14-29/000398.txt
2019-09-16-13-14-29_000399,2019-09-16-13-14-29,000399,train,range_angle,images/2019-09-16-13-14-29/000399.png,labels/2019-09-16-13-14-29/000399.txt
2019-09-16-13-14-29_000400,2019-09-16-13-14-29,000400,train,range_angle,images/2019-09-16-13-14-29/000400.png,labels/2019-09-16-13-14-29/000400.txt
2019-09-16-13-14-29_000401,2019-09-16-13-14-29,000401,train,range_angle,images/2019-09-16-13-14-29/000401.png,labels/2019-09-16-13-14-29/000401.txt
2019-09-16-13-14-29_000402,2019-09-16-13-14-29,000402,train,range_angle,images/2019-09-16-13-14-29/000402.png,labels/2019-09-16-13-14-29/000402.txt
2019-09-16-13-14-29_000403,2019-09-16-13-14-29,000403,train,range_angle,images/2019-09-16-13-14-29/000403.png,labels/2019-09-16-13-14-29/000403.txt
2019-09-16-13-14-29_000404,2019-09-16-13-14-29,000404,train,range_angle,images/2019-09-16-13-14-29/000404.png,labels/2019-09-16-13-14-29/000404.txt
2019-09-16-13-14-29_000405,2019-09-16-13-14-29,000405,train,range_angle,images/2019-09-16-13-14-29/000405.png,labels/2019-09-16-13-14-29/000405.txt
2019-09-16-13-14-29_000406,2019-09-16-13-14-29,000406,train,range_angle,images/2019-09-16-13-14-29/000406.png,labels/2019-09-16-13-14-29/000406.txt
2019-09-16-13-14-29_000407,2019-09-16-13-14-29,000407,train,range_angle,images/2019-09-16-13-14-29/000407.png,labels/2019-09-16-13-14-29/000407.txt
2019-09-16-13-14-29_000408,2019-09-16-13-14-29,000408,train,range_angle,images/2019-09-16-13-14-29/000408.png,labels/2019-09-16-13-14-29/000408.txt
2019-09-16-13-14-29_000409,2019-09-16-13-14-29,000409,train,range_angle,images/2019-09-16-13-14-29/000409.png,labels/2019-09-16-13-14-29/000409.txt
2019-09-16-13-14-29_000410,2019-09-16-13-14-29,000410,train,range_angle,images/2019-09-16-13-14-29/000410.png,labels/2019-09-16-13-14-29/000410.txt
2019-09-16-13-14-29_000411,2019-09-16-13-14-29,000411,train,range_angle,images/2019-09-16-13-14-29/000411.png,labels/2019-09-16-13-14-29/000411.txt
2019-09-16-13-14-29_000412,2019-09-16-13-14-29,000412,train,range_angle,images/2019-09-16-13-14-29/000412.png,labels/2019-09-16-13-14-29/000412.txt
2019-09-16-13-14-29_000413,2019-09-16-13-14-29,000413,train,range_angle,images/2019-09-16-13-14-29/000413.png,labels/2019-09-16-13-14-29/000413.txt
2019-09-16-13-14-29_000414,2019-09-16-13-14-29,000414,train,range_angle,images/2019-09-16-13-14-29/000414.png,labels/2019-09-16-13-14-29/000414.txt
2019-09-16-13-14-29_000415,2019-09-16-13-14-29,000415,train,range_angle,images/2019-09-16-13-14-29/000415.png,labels/2019-09-16-13-14-29/000415.txt
2019-09-16-13-14-29_000416,2019-09-16-13-14-29,000416,train,range_angle,images/2019-09-16-13-14-29/000416.png,labels/2019-09-16-13-14-29/000416.txt
2019-09-16-13-14-29_000417,2019-09-16-13-14-29,000417,train,range_angle,images/2019-09-16-13-14-29/000417.png,labels/2019-09-16-13-14-29/000417.txt
2019-09-16-13-14-29_000418,2019-09-16-13-14-29,000418,train,range_angle,images/2019-09-16-13-14-29/000418.png,labels/2019-09-16-13-14-29/000418.txt
2019-09-16-13-14-29_000419,2019-09-16-13-14-29,000419,train,range_angle,images/2019-09-16-13-14-29/000419.png,labels/2019-09-16-13-14-29/000419.txt
2019-09-16-13-14-29_000420,2019-09-16-13-14-29,000420,train,range_angle,images/2019-09-16-13-14-29/000420.png,labels/2019-09-16-13-14-29/000420.txt
2019-09-16-13-14-29_000421,2019-09-16-13-14-29,000421,train,range_angle,images/2019-09-16-13-14-29/000421.png,labels/2019-09-16-13-14-29/000421.txt
2019-09-16-13-14-29_000422,2019-09-16-13-14-29,000422,train,range_angle,images/2019-09-16-13-14-29/000422.png,labels/2019-09-16-13-14-29/000422.txt
2019-09-16-13-14-29_000423,2019-09-16-13-14-29,000423,train,range_angle,images/2019-09-16-13-14-29/000423.png,labels/2019-09-16-13-14-29/000423.txt
2019-09-16-13-14-29_000424,2019-09-16-13-14-29,000424,train,range_angle,images/2019-09-16-13-14-29/000424.png,labels/2019-09-16-13-14-29/000424.txt
2019-09-16-13-14-29_000425,2019-09-16-13-14-29,000425,train,range_angle,images/2019-09-16-13-14-29/000425.png,labels/2019-09-16-13-14-29/000425.txt
2019-09-16-13-14-29_000426,2019-09-16-13-14-29,000426,train,range_angle,images/2019-09-16-13-14-29/000426.png,labels/2019-09-16-13-14-29/000426.txt
2019-09-16-13-14-29_000427,2019-09-16-13-14-29,000427,train,range_angle,images/2019-09-16-13-14-29/000427.png,labels/2019-09-16-13-14-29/000427.txt
2019-09-16-13-14-29_000428,2019-09-16-13-14-29,000428,train,range_angle,images/2019-09-16-13-14-29/000428.png,labels/2019-09-16-13-14-29/000428.txt
2019-09-16-13-14-29_000429,2019-09-16-13-14-29,000429,train,range_angle,images/2019-09-16-13-14-29/000429.png,labels/2019-09-16-13-14-29/000429.txt
2019-09-16-13-14-29_000430,2019-09-16-13-14-29,000430,train,range_angle,images/2019-09-16-13-14-29/000430.png,labels/2019-09-16-13-14-29/000430.txt
2019-09-16-13-14-29_000431,2019-09-16-13-14-29,000431,train,range_angle,images/2019-09-16-13-14-29/000431.png,labels/2019-09-16-13-14-29/000431.txt
2019-09-16-13-14-29_000432,2019-09-16-13-14-29,000432,train,range_angle,images/2019-09-16-13-14-29/000432.png,labels/2019-09-16-13-14-29/000432.txt
2019-09-16-13-14-29_000433,2019-09-16-13-14-29,000433,train,range_angle,images/2019-09-16-13-14-29/000433.png,labels/2019-09-16-13-14-29/000433.txt
2019-09-16-13-14-29_000434,2019-09-16-13-14-29,000434,train,range_angle,images/2019-09-16-13-14-29/000434.png,labels/2019-09-16-13-14-29/000434.txt
2019-09-16-13-14-29_000435,2019-09-16-13-14-29,000435,train,range_angle,images/2019-09-16-13-14-29/000435.png,labels/2019-09-16-13-14-29/000435.txt
2019-09-16-13-14-29_000436,2019-09-16-13-14-29,000436,train,range_angle,images/2019-09-16-13-14-29/000436.png,labels/2019-09-16-13-14-29/000436.txt
2019-09-16-13-14-29_000437,2019-09-16-13-14-29,000437,train,range_angle,images/2019-09-16-13-14-29/000437.png,labels/2019-09-16-13-14-29/000437.txt
2019-09-16-13-14-29_000438,2019-09-16-13-14-29,000438,train,range_angle,images/2019-09-16-13-14-29/000438.png,labels/2019-09-16-13-14-29/000438.txt
2019-09-16-13-14-29_000439,2019-09-16-13-14-29,000439,train,range_angle,images/2019-09-16-13-14-29/000439.png,labels/2019-09-16-13-14-29/000439.txt
2019-09-16-13-14-29_000440,2019-09-16-13-14-29,000440,train,range_angle,images/2019-09-16-13-14-29/000440.png,labels/2019-09-16-13-14-29/000440.txt
2019-09-16-13-14-29_000441,2019-09-16-13-14-29,000441,train,range_angle,images/2019-09-16-13-14-29/000441.png,labels/2019-09-16-13-14-29/000441.txt
2019-09-16-13-14-29_000442,2019-09-16-13-14-29,000442,train,range_angle,images/2019-09-16-13-14-29/000442.png,labels/2019-09-16-13-14-29/000442.txt
2019-09-16-13-14-29_000443,2019-09-16-13-14-29,000443,train,range_angle,images/2019-09-16-13-14-29/000443.png,labels/2019-09-16-13-14-29/000443.txt
2019-09-16-13-14-29_000444,2019-09-16-13-14-29,000444,train,range_angle,images/2019-09-16-13-14-29/000444.png,labels/2019-09-16-13-14-29/000444.txt
2019-09-16-13-14-29_000445,2019-09-16-13-14-29,000445,train,range_angle,images/2019-09-16-13-14-29/000445.png,labels/2019-09-16-13-14-29/000445.txt
2019-09-16-13-14-29_000446,2019-09-16-13-14-29,000446,train,range_angle,images/2019-09-16-13-14-29/000446.png,labels/2019-09-16-13-14-29/000446.txt
2019-09-16-13-14-29_000447,2019-09-16-13-14-29,000447,train,range_angle,images/2019-09-16-13-14-29/000447.png,labels/2019-09-16-13-14-29/000447.txt
2019-09-16-13-14-29_000448,2019-09-16-13-14-29,000448,train,range_angle,images/2019-09-16-13-14-29/000448.png,labels/2019-09-16-13-14-29/000448.txt
2019-09-16-13-14-29_000449,2019-09-16-13-14-29,000449,train,range_angle,images/2019-09-16-13-14-29/000449.png,labels/2019-09-16-13-14-29/000449.txt
2019-09-16-13-14-29_000450,2019-09-16-13-14-29,000450,train,range_angle,images/2019-09-16-13-14-29/000450.png,labels/2019-09-16-13-14-29/000450.txt
2019-09-16-13-14-29_000451,2019-09-16-13-14-29,000451,train,range_angle,images/2019-09-16-13-14-29/000451.png,labels/2019-09-16-13-14-29/000451.txt
2019-09-16-13-14-29_000452,2019-09-16-13-14-29,000452,train,range_angle,images/2019-09-16-13-14-29/000452.png,labels/2019-09-16-13-14-29/000452.txt
2019-09-16-13-14-29_000453,2019-09-16-13-14-29,000453,train,range_angle,images/2019-09-16-13-14-29/000453.png,labels/2019-09-16-13-14-29/000453.txt
2019-09-16-13-14-29_000454,2019-09-16-13-14-29,000454,train,range_angle,images/2019-09-16-13-14-29/000454.png,labels/2019-09-16-13-14-29/000454.txt
2019-09-16-13-14-29_000455,2019-09-16-13-14-29,000455,train,range_angle,images/2019-09-16-13-14-29/000455.png,labels/2019-09-16-13-14-29/000455.txt
2019-09-16-13-14-29_000456,2019-09-16-13-14-29,000456,train,range_angle,images/2019-09-16-13-14-29/000456.png,labels/2019-09-16-13-14-29/000456.txt
2019-09-16-13-18-33_000000,2019-09-16-13-18-33,000000,test,range_angle,images/2019-09-16-13-18-33/000000.png,labels/2019-09-16-13-18-33/000000.txt
2019-09-16-13-18-33_000001,2019-09-16-13-18-33,000001,test,range_angle,images/2019-09-16-13-18-33/000001.png,labels/2019-09-16-13-18-33/000001.txt
2019-09-16-13-18-33_000002,2019-09-16-13-18-33,000002,test,range_angle,images/2019-09-16-13-18-33/000002.png,labels/2019-09-16-13-18-33/000002.txt
2019-09-16-13-18-33_000003,2019-09-16-13-18-33,000003,test,range_angle,images/2019-09-16-13-18-33/000003.png,labels/2019-09-16-13-18-33/000003.txt
2019-09-16-13-18-33_000004,2019-09-16-13-18-33,000004,test,range_angle,images/2019-09-16-13-18-33/000004.png,labels/2019-09-16-13-18-33/000004.txt
2019-09-16-13-18-33_000005,2019-09-16-13-18-33,000005,test,range_angle,images/2019-09-16-13-18-33/000005.png,labels/2019-09-16-13-18-33/000005.txt
2019-09-16-13-18-33_000006,2019-09-16-13-18-33,000006,test,range_angle,images/2019-09-16-13-18-33/000006.png,labels/2019-09-16-13-18-33/000006.txt
2019-09-16-13-18-33_000007,2019-09-16-13-18-33,000007,test,range_angle,images/2019-09-16-13-18-33/000007.png,labels/2019-09-16-13-18-33/000007.txt
2019-09-16-13-18-33_000008,2019-09-16-13-18-33,000008,test,range_angle,images/2019-09-16-13-18-33/000008.png,labels/2019-09-16-13-18-33/000008.txt
2019-09-16-13-18-33_000009,2019-09-16-13-18-33,000009,test,range_angle,images/2019-09-16-13-18-33/000009.png,labels/2019-09-16-13-18-33/000009.txt
2019-09-16-13-18-33_000010,2019-09-16-13-18-33,000010,test,range_angle,images/2019-09-16-13-18-33/000010.png,labels/2019-09-16-13-18-33/000010.txt
2019-09-16-13-18-33_000011,2019-09-16-13-18-33,000011,test,range_angle,images/2019-09-16-13-18-33/000011.png,labels/2019-09-16-13-18-33/000011.txt
2019-09-16-13-18-33_000012,2019-09-16-13-18-33,000012,test,range_angle,images/2019-09-16-13-18-33/000012.png,labels/2019-09-16-13-18-33/000012.txt
2019-09-16-13-18-33_000013,2019-09-16-13-18-33,000013,test,range_angle,images/2019-09-16-13-18-33/000013.png,labels/2019-09-16-13-18-33/000013.txt
2019-09-16-13-18-33_000014,2019-09-16-13-18-33,000014,test,range_angle,images/2019-09-16-13-18-33/000014.png,labels/2019-09-16-13-18-33/000014.txt
2019-09-16-13-18-33_000015,2019-09-16-13-18-33,000015,test,range_angle,images/2019-09-16-13-18-33/000015.png,labels/2019-09-16-13-18-33/000015.txt
2019-09-16-13-18-33_000016,2019-09-16-13-18-33,000016,test,range_angle,images/2019-09-16-13-18-33/000016.png,labels/2019-09-16-13-18-33/000016.txt
2019-09-16-13-18-33_000017,2019-09-16-13-18-33,000017,test,range_angle,images/2019-09-16-13-18-33/000017.png,labels/2019-09-16-13-18-33/000017.txt
2019-09-16-13-18-33_000018,2019-09-16-13-18-33,000018,test,range_angle,images/2019-09-16-13-18-33/000018.png,labels/2019-09-16-13-18-33/000018.txt
2019-09-16-13-18-33_000019,2019-09-16-13-18-33,000019,test,range_angle,images/2019-09-16-13-18-33/000019.png,labels/2019-09-16-13-18-33/000019.txt
2019-09-16-13-18-33_000020,2019-09-16-13-18-33,000020,test,range_angle,images/2019-09-16-13-18-33/000020.png,labels/2019-09-16-13-18-33/000020.txt
2019-09-16-13-18-33_000021,2019-09-16-13-18-33,000021,test,range_angle,images/2019-09-16-13-18-33/000021.png,labels/2019-09-16-13-18-33/000021.txt
2019-09-16-13-18-33_000022,2019-09-16-13-18-33,000022,test,range_angle,images/2019-09-16-13-18-33/000022.png,labels/2019-09-16-13-18-33/000022.txt
2019-09-16-13-18-33_000023,2019-09-16-13-18-33,000023,test,range_angle,images/2019-09-16-13-18-33/000023.png,labels/2019-09-16-13-18-33/000023.txt
2019-09-16-13-18-33_000024,2019-09-16-13-18-33,000024,test,range_angle,images/2019-09-16-13-18-33/000024.png,labels/2019-09-16-13-18-33/000024.txt
2019-09-16-13-18-33_000025,2019-09-16-13-18-33,000025,test,range_angle,images/2019-09-16-13-18-33/000025.png,labels/2019-09-16-13-18-33/000025.txt
2019-09-16-13-18-33_000026,2019-09-16-13-18-33,000026,test,range_angle,images/2019-09-16-13-18-33/000026.png,labels/2019-09-16-13-18-33/000026.txt
2019-09-16-13-18-33_000027,2019-09-16-13-18-33,000027,test,range_angle,images/2019-09-16-13-18-33/000027.png,labels/2019-09-16-13-18-33/000027.txt
2019-09-16-13-18-33_000028,2019-09-16-13-18-33,000028,test,range_angle,images/2019-09-16-13-18-33/000028.png,labels/2019-09-16-13-18-33/000028.txt
2019-09-16-13-18-33_000029,2019-09-16-13-18-33,000029,test,range_angle,images/2019-09-16-13-18-33/000029.png,labels/2019-09-16-13-18-33/000029.txt
2019-09-16-13-18-33_000030,2019-09-16-13-18-33,000030,test,range_angle,images/2019-09-16-13-18-33/000030.png,labels/2019-09-16-13-18-33/000030.txt
2019-09-16-13-18-33_000031,2019-09-16-13-18-33,000031,test,range_angle,images/2019-09-16-13-18-33/000031.png,labels/2019-09-16-13-18-33/000031.txt
2019-09-16-13-18-33_000032,2019-09-16-13-18-33,000032,test,range_angle,images/2019-09-16-13-18-33/000032.png,labels/2019-09-16-13-18-33/000032.txt
2019-09-16-13-18-33_000033,2019-09-16-13-18-33,000033,test,range_angle,images/2019-09-16-13-18-33/000033.png,labels/2019-09-16-13-18-33/000033.txt
2019-09-16-13-18-33_000034,2019-09-16-13-18-33,000034,test,range_angle,images/2019-09-16-13-18-33/000034.png,labels/2019-09-16-13-18-33/000034.txt
2019-09-16-13-18-33_000035,2019-09-16-13-18-33,000035,test,range_angle,images/2019-09-16-13-18-33/000035.png,labels/2019-09-16-13-18-33/000035.txt
2019-09-16-13-18-33_000036,2019-09-16-13-18-33,000036,test,range_angle,images/2019-09-16-13-18-33/000036.png,labels/2019-09-16-13-18-33/000036.txt
2019-09-16-13-18-33_000037,2019-09-16-13-18-33,000037,test,range_angle,images/2019-09-16-13-18-33/000037.png,labels/2019-09-16-13-18-33/000037.txt
2019-09-16-13-18-33_000038,2019-09-16-13-18-33,000038,test,range_angle,images/2019-09-16-13-18-33/000038.png,labels/2019-09-16-13-18-33/000038.txt
2019-09-16-13-18-33_000039,2019-09-16-13-18-33,000039,test,range_angle,images/2019-09-16-13-18-33/000039.png,labels/2019-09-16-13-18-33/000039.txt
2019-09-16-13-18-33_000040,2019-09-16-13-18-33,000040,test,range_angle,images/2019-09-16-13-18-33/000040.png,labels/2019-09-16-13-18-33/000040.txt
2019-09-16-13-18-33_000041,2019-09-16-13-18-33,000041,test,range_angle,images/2019-09-16-13-18-33/000041.png,labels/2019-09-16-13-18-33/000041.txt
2019-09-16-13-18-33_000042,2019-09-16-13-18-33,000042,test,range_angle,images/2019-09-16-13-18-33/000042.png,labels/2019-09-16-13-18-33/000042.txt
2019-09-16-13-18-33_000043,2019-09-16-13-18-33,000043,test,range_angle,images/2019-09-16-13-18-33/000043.png,labels/2019-09-16-13-18-33/000043.txt
2019-09-16-13-18-33_000044,2019-09-16-13-18-33,000044,test,range_angle,images/2019-09-16-13-18-33/000044.png,labels/2019-09-16-13-18-33/000044.txt
2019-09-16-13-18-33_000045,2019-09-16-13-18-33,000045,test,range_angle,images/2019-09-16-13-18-33/000045.png,labels/2019-09-16-13-18-33/000045.txt
2019-09-16-13-18-33_000046,2019-09-16-13-18-33,000046,test,range_angle,images/2019-09-16-13-18-33/000046.png,labels/2019-09-16-13-18-33/000046.txt
2019-09-16-13-18-33_000047,2019-09-16-13-18-33,000047,test,range_angle,images/2019-09-16-13-18-33/000047.png,labels/2019-09-16-13-18-33/000047.txt
2019-09-16-13-18-33_000048,2019-09-16-13-18-33,000048,test,range_angle,images/2019-09-16-13-18-33/000048.png,labels/2019-09-16-13-18-33/000048.txt
2019-09-16-13-18-33_000049,2019-09-16-13-18-33,000049,test,range_angle,images/2019-09-16-13-18-33/000049.png,labels/2019-09-16-13-18-33/000049.txt
2019-09-16-13-18-33_000050,2019-09-16-13-18-33,000050,test,range_angle,images/2019-09-16-13-18-33/000050.png,labels/2019-09-16-13-18-33/000050.txt
2019-09-16-13-18-33_000051,2019-09-16-13-18-33,000051,test,range_angle,images/2019-09-16-13-18-33/000051.png,labels/2019-09-16-13-18-33/000051.txt
2019-09-16-13-18-33_000052,2019-09-16-13-18-33,000052,test,range_angle,images/2019-09-16-13-18-33/000052.png,labels/2019-09-16-13-18-33/000052.txt
2019-09-16-13-18-33_000053,2019-09-16-13-18-33,000053,test,range_angle,images/2019-09-16-13-18-33/000053.png,labels/2019-09-16-13-18-33/000053.txt
2019-09-16-13-18-33_000054,2019-09-16-13-18-33,000054,test,range_angle,images/2019-09-16-13-18-33/000054.png,labels/2019-09-16-13-18-33/000054.txt
2019-09-16-13-18-33_000055,2019-09-16-13-18-33,000055,test,range_angle,images/2019-09-16-13-18-33/000055.png,labels/2019-09-16-13-18-33/000055.txt
2019-09-16-13-18-33_000056,2019-09-16-13-18-33,000056,test,range_angle,images/2019-09-16-13-18-33/000056.png,labels/2019-09-16-13-18-33/000056.txt
2019-09-16-13-18-33_000057,2019-09-16-13-18-33,000057,test,range_angle,images/2019-09-16-13-18-33/000057.png,labels/2019-09-16-13-18-33/000057.txt
2019-09-16-13-18-33_000058,2019-09-16-13-18-33,000058,test,range_angle,images/2019-09-16-13-18-33/000058.png,labels/2019-09-16-13-18-33/000058.txt
2019-09-16-13-18-33_000059,2019-09-16-13-18-33,000059,test,range_angle,images/2019-09-16-13-18-33/000059.png,labels/2019-09-16-13-18-33/000059.txt
2019-09-16-13-18-33_000060,2019-09-16-13-18-33,000060,test,range_angle,images/2019-09-16-13-18-33/000060.png,labels/2019-09-16-13-18-33/000060.txt
2019-09-16-13-18-33_000061,2019-09-16-13-18-33,000061,test,range_angle,images/2019-09-16-13-18-33/000061.png,labels/2019-09-16-13-18-33/000061.txt
2019-09-16-13-18-33_000062,2019-09-16-13-18-33,000062,test,range_angle,images/2019-09-16-13-18-33/000062.png,labels/2019-09-16-13-18-33/000062.txt
2019-09-16-13-18-33_000063,2019-09-16-13-18-33,000063,test,range_angle,images/2019-09-16-13-18-33/000063.png,labels/2019-09-16-13-18-33/000063.txt
2019-09-16-13-18-33_000064,2019-09-16-13-18-33,000064,test,range_angle,images/2019-09-16-13-18-33/000064.png,labels/2019-09-16-13-18-33/000064.txt
2019-09-16-13-18-33_000065,2019-09-16-13-18-33,000065,test,range_angle,images/2019-09-16-13-18-33/000065.png,labels/2019-09-16-13-18-33/000065.txt
2019-09-16-13-18-33_000066,2019-09-16-13-18-33,000066,test,range_angle,images/2019-09-16-13-18-33/000066.png,labels/2019-09-16-13-18-33/000066.txt
2019-09-16-13-18-33_000067,2019-09-16-13-18-33,000067,test,range_angle,images/2019-09-16-13-18-33/000067.png,labels/2019-09-16-13-18-33/000067.txt
2019-09-16-13-18-33_000068,2019-09-16-13-18-33,000068,test,range_angle,images/2019-09-16-13-18-33/000068.png,labels/2019-09-16-13-18-33/000068.txt
2019-09-16-13-18-33_000069,2019-09-16-13-18-33,000069,test,range_angle,images/2019-09-16-13-18-33/000069.png,labels/2019-09-16-13-18-33/000069.txt
2019-09-16-13-18-33_000070,2019-09-16-13-18-33,000070,test,range_angle,images/2019-09-16-13-18-33/000070.png,labels/2019-09-16-13-18-33/000070.txt
2019-09-16-13-18-33_000071,2019-09-16-13-18-33,000071,test,range_angle,images/2019-09-16-13-18-33/000071.png,labels/2019-09-16-13-18-33/000071.txt
2019-09-16-13-18-33_000072,2019-09-16-13-18-33,000072,test,range_angle,images/2019-09-16-13-18-33/000072.png,labels/2019-09-16-13-18-33/000072.txt
2019-09-16-13-18-33_000073,2019-09-16-13-18-33,000073,test,range_angle,images/2019-09-16-13-18-33/000073.png,labels/2019-09-16-13-18-33/000073.txt
2019-09-16-13-18-33_000074,2019-09-16-13-18-33,000074,test,range_angle,images/2019-09-16-13-18-33/000074.png,labels/2019-09-16-13-18-33/000074.txt
2019-09-16-13-18-33_000075,2019-09-16-13-18-33,000075,test,range_angle,images/2019-09-16-13-18-33/000075.png,labels/2019-09-16-13-18-33/000075.txt
2019-09-16-13-18-33_000076,2019-09-16-13-18-33,000076,test,range_angle,images/2019-09-16-13-18-33/000076.png,labels/2019-09-16-13-18-33/000076.txt
2019-09-16-13-18-33_000077,2019-09-16-13-18-33,000077,test,range_angle,images/2019-09-16-13-18-33/000077.png,labels/2019-09-16-13-18-33/000077.txt
2019-09-16-13-18-33_000078,2019-09-16-13-18-33,000078,test,range_angle,images/2019-09-16-13-18-33/000078.png,labels/2019-09-16-13-18-33/000078.txt
2019-09-16-13-18-33_000079,2019-09-16-13-18-33,000079,test,range_angle,images/2019-09-16-13-18-33/000079.png,labels/2019-09-16-13-18-33/000079.txt
2019-09-16-13-18-33_000080,2019-09-16-13-18-33,000080,test,range_angle,images/2019-09-16-13-18-33/000080.png,labels/2019-09-16-13-18-33/000080.txt
2019-09-16-13-18-33_000081,2019-09-16-13-18-33,000081,test,range_angle,images/2019-09-16-13-18-33/000081.png,labels/2019-09-16-13-18-33/000081.txt
2019-09-16-13-18-33_000082,2019-09-16-13-18-33,000082,test,range_angle,images/2019-09-16-13-18-33/000082.png,labels/2019-09-16-13-18-33/000082.txt
2019-09-16-13-18-33_000083,2019-09-16-13-18-33,000083,test,range_angle,images/2019-09-16-13-18-33/000083.png,labels/2019-09-16-13-18-33/000083.txt
2019-09-16-13-18-33_000084,2019-09-16-13-18-33,000084,test,range_angle,images/2019-09-16-13-18-33/000084.png,labels/2019-09-16-13-18-33/000084.txt
2019-09-16-13-18-33_000085,2019-09-16-13-18-33,000085,test,range_angle,images/2019-09-16-13-18-33/000085.png,labels/2019-09-16-13-18-33/000085.txt
2019-09-16-13-18-33_000086,2019-09-16-13-18-33,000086,test,range_angle,images/2019-09-16-13-18-33/000086.png,labels/2019-09-16-13-18-33/000086.txt
2019-09-16-13-18-33_000087,2019-09-16-13-18-33,000087,test,range_angle,images/2019-09-16-13-18-33/000087.png,labels/2019-09-16-13-18-33/000087.txt
2019-09-16-13-18-33_000088,2019-09-16-13-18-33,000088,test,range_angle,images/2019-09-16-13-18-33/000088.png,labels/2019-09-16-13-18-33/000088.txt
2019-09-16-13-18-33_000089,2019-09-16-13-18-33,000089,test,range_angle,images/2019-09-16-13-18-33/000089.png,labels/2019-09-16-13-18-33/000089.txt
2019-09-16-13-18-33_000090,2019-09-16-13-18-33,000090,test,range_angle,images/2019-09-16-13-18-33/000090.png,labels/2019-09-16-13-18-33/000090.txt
2019-09-16-13-18-33_000091,2019-09-16-13-18-33,000091,test,range_angle,images/2019-09-16-13-18-33/000091.png,labels/2019-09-16-13-18-33/000091.txt
2019-09-16-13-18-33_000092,2019-09-16-13-18-33,000092,test,range_angle,images/2019-09-16-13-18-33/000092.png,labels/2019-09-16-13-18-33/000092.txt
2019-09-16-13-18-33_000093,2019-09-16-13-18-33,000093,test,range_angle,images/2019-09-16-13-18-33/000093.png,labels/2019-09-16-13-18-33/000093.txt
2019-09-16-13-18-33_000094,2019-09-16-13-18-33,000094,test,range_angle,images/2019-09-16-13-18-33/000094.png,labels/2019-09-16-13-18-33/000094.txt
2019-09-16-13-18-33_000095,2019-09-16-13-18-33,000095,test,range_angle,images/2019-09-16-13-18-33/000095.png,labels/2019-09-16-13-18-33/000095.txt
2019-09-16-13-18-33_000096,2019-09-16-13-18-33,000096,test,range_angle,images/2019-09-16-13-18-33/000096.png,labels/2019-09-16-13-18-33/000096.txt
2019-09-16-13-18-33_000097,2019-09-16-13-18-33,000097,test,range_angle,images/2019-09-16-13-18-33/000097.png,labels/2019-09-16-13-18-33/000097.txt
2019-09-16-13-18-33_000098,2019-09-16-13-18-33,000098,test,range_angle,images/2019-09-16-13-18-33/000098.png,labels/2019-09-16-13-18-33/000098.txt
2019-09-16-13-18-33_000099,2019-09-16-13-18-33,000099,test,range_angle,images/2019-09-16-13-18-33/000099.png,labels/2019-09-16-13-18-33/000099.txt
2019-09-16-13-18-33_000100,2019-09-16-13-18-33,000100,test,range_angle,images/2019-09-16-13-18-33/000100.png,labels/2019-09-16-13-18-33/000100.txt
2019-09-16-13-18-33_000101,2019-09-16-13-18-33,000101,test,range_angle,images/2019-09-16-13-18-33/000101.png,labels/2019-09-16-13-18-33/000101.txt
2019-09-16-13-18-33_000102,2019-09-16-13-18-33,000102,test,range_angle,images/2019-09-16-13-18-33/000102.png,labels/2019-09-16-13-18-33/000102.txt
2019-09-16-13-18-33_000103,2019-09-16-13-18-33,000103,test,range_angle,images/2019-09-16-13-18-33/000103.png,labels/2019-09-16-13-18-33/000103.txt
2019-09-16-13-18-33_000104,2019-09-16-13-18-33,000104,test,range_angle,images/2019-09-16-13-18-33/000104.png,labels/2019-09-16-13-18-33/000104.txt
2019-09-16-13-18-33_000105,2019-09-16-13-18-33,000105,test,range_angle,images/2019-09-16-13-18-33/000105.png,labels/2019-09-16-13-18-33/000105.txt
2019-09-16-13-18-33_000106,2019-09-16-13-18-33,000106,test,range_angle,images/2019-09-16-13-18-33/000106.png,labels/2019-09-16-13-18-33/000106.txt
2019-09-16-13-18-33_000107,2019-09-16-13-18-33,000107,test,range_angle,images/2019-09-16-13-18-33/000107.png,labels/2019-09-16-13-18-33/000107.txt
2019-09-16-13-18-33_000108,2019-09-16-13-18-33,000108,test,range_angle,images/2019-09-16-13-18-33/000108.png,labels/2019-09-16-13-18-33/000108.txt
2019-09-16-13-18-33_000109,2019-09-16-13-18-33,000109,test,range_angle,images/2019-09-16-13-18-33/000109.png,labels/2019-09-16-13-18-33/000109.txt
2019-09-16-13-18-33_000110,2019-09-16-13-18-33,000110,test,range_angle,images/2019-09-16-13-18-33/000110.png,labels/2019-09-16-13-18-33/000110.txt
2019-09-16-13-18-33_000111,2019-09-16-13-18-33,000111,test,range_angle,images/2019-09-16-13-18-33/000111.png,labels/2019-09-16-13-18-33/000111.txt
2019-09-16-13-18-33_000112,2019-09-16-13-18-33,000112,test,range_angle,images/2019-09-16-13-18-33/000112.png,labels/2019-09-16-13-18-33/000112.txt
2019-09-16-13-18-33_000113,2019-09-16-13-18-33,000113,test,range_angle,images/2019-09-16-13-18-33/000113.png,labels/2019-09-16-13-18-33/000113.txt
2019-09-16-13-18-33_000114,2019-09-16-13-18-33,000114,test,range_angle,images/2019-09-16-13-18-33/000114.png,labels/2019-09-16-13-18-33/000114.txt
2019-09-16-13-18-33_000115,2019-09-16-13-18-33,000115,test,range_angle,images/2019-09-16-13-18-33/000115.png,labels/2019-09-16-13-18-33/000115.txt
2019-09-16-13-18-33_000116,2019-09-16-13-18-33,000116,test,range_angle,images/2019-09-16-13-18-33/000116.png,labels/2019-09-16-13-18-33/000116.txt
2019-09-16-13-18-33_000117,2019-09-16-13-18-33,000117,test,range_angle,images/2019-09-16-13-18-33/000117.png,labels/2019-09-16-13-18-33/000117.txt
2019-09-16-13-18-33_000118,2019-09-16-13-18-33,000118,test,range_angle,images/2019-09-16-13-18-33/000118.png,labels/2019-09-16-13-18-33/000118.txt
2019-09-16-13-18-33_000119,2019-09-16-13-18-33,000119,test,range_angle,images/2019-09-16-13-18-33/000119.png,labels/2019-09-16-13-18-33/000119.txt
2019-09-16-13-18-33_000120,2019-09-16-13-18-33,000120,test,range_angle,images/2019-09-16-13-18-33/000120.png,labels/2019-09-16-13-18-33/000120.txt
2019-09-16-13-18-33_000121,2019-09-16-13-18-33,000121,test,range_angle,images/2019-09-16-13-18-33/000121.png,labels/2019-09-16-13-18-33/000121.txt
2019-09-16-13-18-33_000122,2019-09-16-13-18-33,000122,test,range_angle,images/2019-09-16-13-18-33/000122.png,labels/2019-09-16-13-18-33/000122.txt
2019-09-16-13-18-33_000123,2019-09-16-13-18-33,000123,test,range_angle,images/2019-09-16-13-18-33/000123.png,labels/2019-09-16-13-18-33/000123.txt
2019-09-16-13-18-33_000124,2019-09-16-13-18-33,000124,test,range_angle,images/2019-09-16-13-18-33/000124.png,labels/2019-09-16-13-18-33/000124.txt
2019-09-16-13-18-33_000125,2019-09-16-13-18-33,000125,test,range_angle,images/2019-09-16-13-18-33/000125.png,labels/2019-09-16-13-18-33/000125.txt
2019-09-16-13-18-33_000126,2019-09-16-13-18-33,000126,test,range_angle,images/2019-09-16-13-18-33/000126.png,labels/2019-09-16-13-18-33/000126.txt
2019-09-16-13-18-33_000127,2019-09-16-13-18-33,000127,test,range_angle,images/2019-09-16-13-18-33/000127.png,labels/2019-09-16-13-18-33/000127.txt
2019-09-16-13-18-33_000128,2019-09-16-13-18-33,000128,test,range_angle,images/2019-09-16-13-18-33/000128.png,labels/2019-09-16-13-18-33/000128.txt
2019-09-16-13-18-33_000129,2019-09-16-13-18-33,000129,test,range_angle,images/2019-09-16-13-18-33/000129.png,labels/2019-09-16-13-18-33/000129.txt
2019-09-16-13-18-33_000130,2019-09-16-13-18-33,000130,test,range_angle,images/2019-09-16-13-18-33/000130.png,labels/2019-09-16-13-18-33/000130.txt
2019-09-16-13-18-33_000131,2019-09-16-13-18-33,000131,test,range_angle,images/2019-09-16-13-18-33/000131.png,labels/2019-09-16-13-18-33/000131.txt
2019-09-16-13-18-33_000132,2019-09-16-13-18-33,000132,test,range_angle,images/2019-09-16-13-18-33/000132.png,labels/2019-09-16-13-18-33/000132.txt
2019-09-16-13-18-33_000133,2019-09-16-13-18-33,000133,test,range_angle,images/2019-09-16-13-18-33/000133.png,labels/2019-09-16-13-18-33/000133.txt
2019-09-16-13-18-33_000134,2019-09-16-13-18-33,000134,test,range_angle,images/2019-09-16-13-18-33/000134.png,labels/2019-09-16-13-18-33/000134.txt
2019-09-16-13-18-33_000135,2019-09-16-13-18-33,000135,test,range_angle,images/2019-09-16-13-18-33/000135.png,labels/2019-09-16-13-18-33/000135.txt
2019-09-16-13-18-33_000136,2019-09-16-13-18-33,000136,test,range_angle,images/2019-09-16-13-18-33/000136.png,labels/2019-09-16-13-18-33/000136.txt
2019-09-16-13-18-33_000137,2019-09-16-13-18-33,000137,test,range_angle,images/2019-09-16-13-18-33/000137.png,labels/2019-09-16-13-18-33/000137.txt
2019-09-16-13-18-33_000138,2019-09-16-13-18-33,000138,test,range_angle,images/2019-09-16-13-18-33/000138.png,labels/2019-09-16-13-18-33/000138.txt
2019-09-16-13-18-33_000139,2019-09-16-13-18-33,000139,test,range_angle,images/2019-09-16-13-18-33/000139.png,labels/2019-09-16-13-18-33/000139.txt
2019-09-16-13-18-33_000140,2019-09-16-13-18-33,000140,test,range_angle,images/2019-09-16-13-18-33/000140.png,labels/2019-09-16-13-18-33/000140.txt
2019-09-16-13-18-33_000141,2019-09-16-13-18-33,000141,test,range_angle,images/2019-09-16-13-18-33/000141.png,labels/2019-09-16-13-18-33/000141.txt
2019-09-16-13-18-33_000142,2019-09-16-13-18-33,000142,test,range_angle,images/2019-09-16-13-18-33/000142.png,labels/2019-09-16-13-18-33/000142.txt
2019-09-16-13-18-33_000143,2019-09-16-13-18-33,000143,test,range_angle,images/2019-09-16-13-18-33/000143.png,labels/2019-09-16-13-18-33/000143.txt
2019-09-16-13-18-33_000144,2019-09-16-13-18-33,000144,test,range_angle,images/2019-09-16-13-18-33/000144.png,labels/2019-09-16-13-18-33/000144.txt
2019-09-16-13-18-33_000145,2019-09-16-13-18-33,000145,test,range_angle,images/2019-09-16-13-18-33/000145.png,labels/2019-09-16-13-18-33/000145.txt
2019-09-16-13-18-33_000146,2019-09-16-13-18-33,000146,test,range_angle,images/2019-09-16-13-18-33/000146.png,labels/2019-09-16-13-18-33/000146.txt
2019-09-16-13-18-33_000147,2019-09-16-13-18-33,000147,test,range_angle,images/2019-09-16-13-18-33/000147.png,labels/2019-09-16-13-18-33/000147.txt
2019-09-16-13-18-33_000148,2019-09-16-13-18-33,000148,test,range_angle,images/2019-09-16-13-18-33/000148.png,labels/2019-09-16-13-18-33/000148.txt
2019-09-16-13-18-33_000149,2019-09-16-13-18-33,000149,test,range_angle,images/2019-09-16-13-18-33/000149.png,labels/2019-09-16-13-18-33/000149.txt
2019-09-16-13-18-33_000150,2019-09-16-13-18-33,000150,test,range_angle,images/2019-09-16-13-18-33/000150.png,labels/2019-09-16-13-18-33/000150.txt
2019-09-16-13-18-33_000151,2019-09-16-13-18-33,000151,test,range_angle,images/2019-09-16-13-18-33/000151.png,labels/2019-09-16-13-18-33/000151.txt
2019-09-16-13-18-33_000152,2019-09-16-13-18-33,000152,test,range_angle,images/2019-09-16-13-18-33/000152.png,labels/2019-09-16-13-18-33/000152.txt
2019-09-16-13-18-33_000153,2019-09-16-13-18-33,000153,test,range_angle,images/2019-09-16-13-18-33/000153.png,labels/2019-09-16-13-18-33/000153.txt
2019-09-16-13-18-33_000154,2019-09-16-13-18-33,000154,test,range_angle,images/2019-09-16-13-18-33/000154.png,labels/2019-09-16-13-18-33/000154.txt
2019-09-16-13-18-33_000155,2019-09-16-13-18-33,000155,test,range_angle,images/2019-09-16-13-18-33/000155.png,labels/2019-09-16-13-18-33/000155.txt
2019-09-16-13-18-33_000156,2019-09-16-13-18-33,000156,test,range_angle,images/2019-09-16-13-18-33/000156.png,labels/2019-09-16-13-18-33/000156.txt
2019-09-16-13-18-33_000157,2019-09-16-13-18-33,000157,test,range_angle,images/2019-09-16-13-18-33/000157.png,labels/2019-09-16-13-18-33/000157.txt
2019-09-16-13-18-33_000158,2019-09-16-13-18-33,000158,test,range_angle,images/2019-09-16-13-18-33/000158.png,labels/2019-09-16-13-18-33/000158.txt
2019-09-16-13-18-33_000159,2019-09-16-13-18-33,000159,test,range_angle,images/2019-09-16-13-18-33/000159.png,labels/2019-09-16-13-18-33/000159.txt
2019-09-16-13-18-33_000160,2019-09-16-13-18-33,000160,test,range_angle,images/2019-09-16-13-18-33/000160.png,labels/2019-09-16-13-18-33/000160.txt
2019-09-16-13-18-33_000161,2019-09-16-13-18-33,000161,test,range_angle,images/2019-09-16-13-18-33/000161.png,labels/2019-09-16-13-18-33/000161.txt
2019-09-16-13-18-33_000162,2019-09-16-13-18-33,000162,test,range_angle,images/2019-09-16-13-18-33/000162.png,labels/2019-09-16-13-18-33/000162.txt
2019-09-16-13-18-33_000163,2019-09-16-13-18-33,000163,test,range_angle,images/2019-09-16-13-18-33/000163.png,labels/2019-09-16-13-18-33/000163.txt
2019-09-16-13-18-33_000164,2019-09-16-13-18-33,000164,test,range_angle,images/2019-09-16-13-18-33/000164.png,labels/2019-09-16-13-18-33/000164.txt
2019-09-16-13-18-33_000165,2019-09-16-13-18-33,000165,test,range_angle,images/2019-09-16-13-18-33/000165.png,labels/2019-09-16-13-18-33/000165.txt
2019-09-16-13-18-33_000166,2019-09-16-13-18-33,000166,test,range_angle,images/2019-09-16-13-18-33/000166.png,labels/2019-09-16-13-18-33/000166.txt
2019-09-16-13-18-33_000167,2019-09-16-13-18-33,000167,test,range_angle,images/2019-09-16-13-18-33/000167.png,labels/2019-09-16-13-18-33/000167.txt
2019-09-16-13-18-33_000168,2019-09-16-13-18-33,000168,test,range_angle,images/2019-09-16-13-18-33/000168.png,labels/2019-09-16-13-18-33/000168.txt
2019-09-16-13-18-33_000169,2019-09-16-13-18-33,000169,test,range_angle,images/2019-09-16-13-18-33/000169.png,labels/2019-09-16-13-18-33/000169.txt
2019-09-16-13-18-33_000170,2019-09-16-13-18-33,000170,test,range_angle,images/2019-09-16-13-18-33/000170.png,labels/2019-09-16-13-18-33/000170.txt
2019-09-16-13-18-33_000171,2019-09-16-13-18-33,000171,test,range_angle,images/2019-09-16-13-18-33/000171.png,labels/2019-09-16-13-18-33/000171.txt
2019-09-16-13-18-33_000172,2019-09-16-13-18-33,000172,test,range_angle,images/2019-09-16-13-18-33/000172.png,labels/2019-09-16-13-18-33/000172.txt
2019-09-16-13-18-33_000173,2019-09-16-13-18-33,000173,test,range_angle,images/2019-09-16-13-18-33/000173.png,labels/2019-09-16-13-18-33/000173.txt
2019-09-16-13-18-33_000174,2019-09-16-13-18-33,000174,test,range_angle,images/2019-09-16-13-18-33/000174.png,labels/2019-09-16-13-18-33/000174.txt
2019-09-16-13-18-33_000175,2019-09-16-13-18-33,000175,test,range_angle,images/2019-09-16-13-18-33/000175.png,labels/2019-09-16-13-18-33/000175.txt
2019-09-16-13-18-33_000176,2019-09-16-13-18-33,000176,test,range_angle,images/2019-09-16-13-18-33/000176.png,labels/2019-09-16-13-18-33/000176.txt
2019-09-16-13-18-33_000177,2019-09-16-13-18-33,000177,test,range_angle,images/2019-09-16-13-18-33/000177.png,labels/2019-09-16-13-18-33/000177.txt
2019-09-16-13-18-33_000178,2019-09-16-13-18-33,000178,test,range_angle,images/2019-09-16-13-18-33/000178.png,labels/2019-09-16-13-18-33/000178.txt
2019-09-16-13-18-33_000179,2019-09-16-13-18-33,000179,test,range_angle,images/2019-09-16-13-18-33/000179.png,labels/2019-09-16-13-18-33/000179.txt
2019-09-16-13-18-33_000180,2019-09-16-13-18-33,000180,test,range_angle,images/2019-09-16-13-18-33/000180.png,labels/2019-09-16-13-18-33/000180.txt
2019-09-16-13-18-33_000181,2019-09-16-13-18-33,000181,test,range_angle,images/2019-09-16-13-18-33/000181.png,labels/2019-09-16-13-18-33/000181.txt
2019-09-16-13-18-33_000182,2019-09-16-13-18-33,000182,test,range_angle,images/2019-09-16-13-18-33/000182.png,labels/2019-09-16-13-18-33/000182.txt
2019-09-16-13-18-33_000183,2019-09-16-13-18-33,000183,test,range_angle,images/2019-09-16-13-18-33/000183.png,labels/2019-09-16-13-18-33/000183.txt
2019-09-16-13-18-33_000184,2019-09-16-13-18-33,000184,test,range_angle,images/2019-09-16-13-18-33/000184.png,labels/2019-09-16-13-18-33/000184.txt
2019-09-16-13-18-33_000185,2019-09-16-13-18-33,000185,test,range_angle,images/2019-09-16-13-18-33/000185.png,labels/2019-09-16-13-18-33/000185.txt
2019-09-16-13-18-33_000186,2019-09-16-13-18-33,000186,test,range_angle,images/2019-09-16-13-18-33/000186.png,labels/2019-09-16-13-18-33/000186.txt
2019-09-16-13-18-33_000187,2019-09-16-13-18-33,000187,test,range_angle,images/2019-09-16-13-18-33/000187.png,labels/2019-09-16-13-18-33/000187.txt
2019-09-16-13-18-33_000188,2019-09-16-13-18-33,000188,test,range_angle,images/2019-09-16-13-18-33/000188.png,labels/2019-09-16-13-18-33/000188.txt
2019-09-16-13-18-33_000189,2019-09-16-13-18-33,000189,test,range_angle,images/2019-09-16-13-18-33/000189.png,labels/2019-09-16-13-18-33/000189.txt
2019-09-16-13-18-33_000190,2019-09-16-13-18-33,000190,test,range_angle,images/2019-09-16-13-18-33/000190.png,labels/2019-09-16-13-18-33/000190.txt
2019-09-16-13-18-33_000191,2019-09-16-13-18-33,000191,test,range_angle,images/2019-09-16-13-18-33/000191.png,labels/2019-09-16-13-18-33/000191.txt
2019-09-16-13-18-33_000192,2019-09-16-13-18-33,000192,test,range_angle,images/2019-09-16-13-18-33/000192.png,labels/2019-09-16-13-18-33/000192.txt
2019-09-16-13-18-33_000193,2019-09-16-13-18-33,000193,test,range_angle,images/2019-09-16-13-18-33/000193.png,labels/2019-09-16-13-18-33/000193.txt
2019-09-16-13-18-33_000194,2019-09-16-13-18-33,000194,test,range_angle,images/2019-09-16-13-18-33/000194.png,labels/2019-09-16-13-18-33/000194.txt
2019-09-16-13-18-33_000195,2019-09-16-13-18-33,000195,test,range_angle,images/2019-09-16-13-18-33/000195.png,labels/2019-09-16-13-18-33/000195.txt
2019-09-16-13-18-33_000196,2019-09-16-13-18-33,000196,test,range_angle,images/2019-09-16-13-18-33/000196.png,labels/2019-09-16-13-18-33/000196.txt
2019-09-16-13-18-33_000197,2019-09-16-13-18-33,000197,test,range_angle,images/2019-09-16-13-18-33/000197.png,labels/2019-09-16-13-18-33/000197.txt
2019-09-16-13-18-33_000198,2019-09-16-13-18-33,000198,test,range_angle,images/2019-09-16-13-18-33/000198.png,labels/2019-09-16-13-18-33/000198.txt
2019-09-16-13-18-33_000199,2019-09-16-13-18-33,000199,test,range_angle,images/2019-09-16-13-18-33/000199.png,labels/2019-09-16-13-18-33/000199.txt
2019-09-16-13-18-33_000200,2019-09-16-13-18-33,000200,test,range_angle,images/2019-09-16-13-18-33/000200.png,labels/2019-09-16-13-18-33/000200.txt
2019-09-16-13-18-33_000201,2019-09-16-13-18-33,000201,test,range_angle,images/2019-09-16-13-18-33/000201.png,labels/2019-09-16-13-18-33/000201.txt
2019-09-16-13-18-33_000202,2019-09-16-13-18-33,000202,test,range_angle,images/2019-09-16-13-18-33/000202.png,labels/2019-09-16-13-18-33/000202.txt
2019-09-16-13-18-33_000203,2019-09-16-13-18-33,000203,test,range_angle,images/2019-09-16-13-18-33/000203.png,labels/2019-09-16-13-18-33/000203.txt
2019-09-16-13-18-33_000204,2019-09-16-13-18-33,000204,test,range_angle,images/2019-09-16-13-18-33/000204.png,labels/2019-09-16-13-18-33/000204.txt
2019-09-16-13-18-33_000205,2019-09-16-13-18-33,000205,test,range_angle,images/2019-09-16-13-18-33/000205.png,labels/2019-09-16-13-18-33/000205.txt
2019-09-16-13-18-33_000206,2019-09-16-13-18-33,000206,test,range_angle,images/2019-09-16-13-18-33/000206.png,labels/2019-09-16-13-18-33/000206.txt
2019-09-16-13-18-33_000207,2019-09-16-13-18-33,000207,test,range_angle,images/2019-09-16-13-18-33/000207.png,labels/2019-09-16-13-18-33/000207.txt
2019-09-16-13-18-33_000208,2019-09-16-13-18-33,000208,test,range_angle,images/2019-09-16-13-18-33/000208.png,labels/2019-09-16-13-18-33/000208.txt
2019-09-16-13-18-33_000209,2019-09-16-13-18-33,000209,test,range_angle,images/2019-09-16-13-18-33/000209.png,labels/2019-09-16-13-18-33/000209.txt
2019-09-16-13-18-33_000210,2019-09-16-13-18-33,000210,test,range_angle,images/2019-09-16-13-18-33/000210.png,labels/2019-09-16-13-18-33/000210.txt
2019-09-16-13-18-33_000211,2019-09-16-13-18-33,000211,test,range_angle,images/2019-09-16-13-18-33/000211.png,labels/2019-09-16-13-18-33/000211.txt
2019-09-16-13-18-33_000212,2019-09-16-13-18-33,000212,test,range_angle,images/2019-09-16-13-18-33/000212.png,labels/2019-09-16-13-18-33/000212.txt
2019-09-16-13-18-33_000213,2019-09-16-13-18-33,000213,test,range_angle,images/2019-09-16-13-18-33/000213.png,labels/2019-09-16-13-18-33/000213.txt
2019-09-16-13-18-33_000214,2019-09-16-13-18-33,000214,test,range_angle,images/2019-09-16-13-18-33/000214.png,labels/2019-09-16-13-18-33/000214.txt
2019-09-16-13-18-33_000215,2019-09-16-13-18-33,000215,test,range_angle,images/2019-09-16-13-18-33/000215.png,labels/2019-09-16-13-18-33/000215.txt
2019-09-16-13-18-33_000216,2019-09-16-13-18-33,000216,test,range_angle,images/2019-09-16-13-18-33/000216.png,labels/2019-09-16-13-18-33/000216.txt
2019-09-16-13-18-33_000217,2019-09-16-13-18-33,000217,test,range_angle,images/2019-09-16-13-18-33/000217.png,labels/2019-09-16-13-18-33/000217.txt
2019-09-16-13-18-33_000218,2019-09-16-13-18-33,000218,test,range_angle,images/2019-09-16-13-18-33/000218.png,labels/2019-09-16-13-18-33/000218.txt
2019-09-16-13-18-33_000219,2019-09-16-13-18-33,000219,test,range_angle,images/2019-09-16-13-18-33/000219.png,labels/2019-09-16-13-18-33/000219.txt
2019-09-16-13-18-33_000220,2019-09-16-13-18-33,000220,test,range_angle,images/2019-09-16-13-18-33/000220.png,labels/2019-09-16-13-18-33/000220.txt
2019-09-16-13-18-33_000221,2019-09-16-13-18-33,000221,test,range_angle,images/2019-09-16-13-18-33/000221.png,labels/2019-09-16-13-18-33/000221.txt
2019-09-16-13-18-33_000222,2019-09-16-13-18-33,000222,test,range_angle,images/2019-09-16-13-18-33/000222.png,labels/2019-09-16-13-18-33/000222.txt
2019-09-16-13-18-33_000223,2019-09-16-13-18-33,000223,test,range_angle,images/2019-09-16-13-18-33/000223.png,labels/2019-09-16-13-18-33/000223.txt
2019-09-16-13-18-33_000224,2019-09-16-13-18-33,000224,test,range_angle,images/2019-09-16-13-18-33/000224.png,labels/2019-09-16-13-18-33/000224.txt
2019-09-16-13-18-33_000225,2019-09-16-13-18-33,000225,test,range_angle,images/2019-09-16-13-18-33/000225.png,labels/2019-09-16-13-18-33/000225.txt
2019-09-16-13-18-33_000226,2019-09-16-13-18-33,000226,test,range_angle,images/2019-09-16-13-18-33/000226.png,labels/2019-09-16-13-18-33/000226.txt
2019-09-16-13-18-33_000227,2019-09-16-13-18-33,000227,test,range_angle,images/2019-09-16-13-18-33/000227.png,labels/2019-09-16-13-18-33/000227.txt
2019-09-16-13-18-33_000228,2019-09-16-13-18-33,000228,test,range_angle,images/2019-09-16-13-18-33/000228.png,labels/2019-09-16-13-18-33/000228.txt
2019-09-16-13-18-33_000229,2019-09-16-13-18-33,000229,test,range_angle,images/2019-09-16-13-18-33/000229.png,labels/2019-09-16-13-18-33/000229.txt
2019-09-16-13-18-33_000230,2019-09-16-13-18-33,000230,test,range_angle,images/2019-09-16-13-18-33/000230.png,labels/2019-09-16-13-18-33/000230.txt
2019-09-16-13-18-33_000231,2019-09-16-13-18-33,000231,test,range_angle,images/2019-09-16-13-18-33/000231.png,labels/2019-09-16-13-18-33/000231.txt
2019-09-16-13-18-33_000232,2019-09-16-13-18-33,000232,test,range_angle,images/2019-09-16-13-18-33/000232.png,labels/2019-09-16-13-18-33/000232.txt
2019-09-16-13-18-33_000233,2019-09-16-13-18-33,000233,test,range_angle,images/2019-09-16-13-18-33/000233.png,labels/2019-09-16-13-18-33/000233.txt
2019-09-16-13-18-33_000234,2019-09-16-13-18-33,000234,test,range_angle,images/2019-09-16-13-18-33/000234.png,labels/2019-09-16-13-18-33/000234.txt
2019-09-16-13-18-33_000235,2019-09-16-13-18-33,000235,test,range_angle,images/2019-09-16-13-18-33/000235.png,labels/2019-09-16-13-18-33/000235.txt
2019-09-16-13-18-33_000236,2019-09-16-13-18-33,000236,test,range_angle,images/2019-09-16-13-18-33/000236.png,labels/2019-09-16-13-18-33/000236.txt
2019-09-16-13-18-33_000237,2019-09-16-13-18-33,000237,test,range_angle,images/2019-09-16-13-18-33/000237.png,labels/2019-09-16-13-18-33/000237.txt
2019-09-16-13-18-33_000238,2019-09-16-13-18-33,000238,test,range_angle,images/2019-09-16-13-18-33/000238.png,labels/2019-09-16-13-18-33/000238.txt
2019-09-16-13-18-33_000239,2019-09-16-13-18-33,000239,test,range_angle,images/2019-09-16-13-18-33/000239.png,labels/2019-09-16-13-18-33/000239.txt
2019-09-16-13-18-33_000240,2019-09-16-13-18-33,000240,test,range_angle,images/2019-09-16-13-18-33/000240.png,labels/2019-09-16-13-18-33/000240.txt
2019-09-16-13-18-33_000241,2019-09-16-13-18-33,000241,test,range_angle,images/2019-09-16-13-18-33/000241.png,labels/2019-09-16-13-18-33/000241.txt
2019-09-16-13-18-33_000242,2019-09-16-13-18-33,000242,test,range_angle,images/2019-09-16-13-18-33/000242.png,labels/2019-09-16-13-18-33/000242.txt
2019-09-16-13-18-33_000243,2019-09-16-13-18-33,000243,test,range_angle,images/2019-09-16-13-18-33/000243.png,labels/2019-09-16-13-18-33/000243.txt
2019-09-16-13-18-33_000244,2019-09-16-13-18-33,000244,test,range_angle,images/2019-09-16-13-18-33/000244.png,labels/2019-09-16-13-18-33/000244.txt
2019-09-16-13-18-33_000245,2019-09-16-13-18-33,000245,test,range_angle,images/2019-09-16-13-18-33/000245.png,labels/2019-09-16-13-18-33/000245.txt
2019-09-16-13-18-33_000246,2019-09-16-13-18-33,000246,test,range_angle,images/2019-09-16-13-18-33/000246.png,labels/2019-09-16-13-18-33/000246.txt
2019-09-16-13-18-33_000247,2019-09-16-13-18-33,000247,test,range_angle,images/2019-09-16-13-18-33/000247.png,labels/2019-09-16-13-18-33/000247.txt
2019-09-16-13-18-33_000248,2019-09-16-13-18-33,000248,test,range_angle,images/2019-09-16-13-18-33/000248.png,labels/2019-09-16-13-18-33/000248.txt
2019-09-16-13-18-33_000249,2019-09-16-13-18-33,000249,test,range_angle,images/2019-09-16-13-18-33/000249.png,labels/2019-09-16-13-18-33/000249.txt
2019-09-16-13-18-33_000250,2019-09-16-13-18-33,000250,test,range_angle,images/2019-09-16-13-18-33/000250.png,labels/2019-09-16-13-18-33/000250.txt
2019-09-16-13-18-33_000251,2019-09-16-13-18-33,000251,test,range_angle,images/2019-09-16-13-18-33/000251.png,labels/2019-09-16-13-18-33/000251.txt
2019-09-16-13-18-33_000252,2019-09-16-13-18-33,000252,test,range_angle,images/2019-09-16-13-18-33/000252.png,labels/2019-09-16-13-18-33/000252.txt
2019-09-16-13-18-33_000253,2019-09-16-13-18-33,000253,test,range_angle,images/2019-09-16-13-18-33/000253.png,labels/2019-09-16-13-18-33/000253.txt
2019-09-16-13-18-33_000254,2019-09-16-13-18-33,000254,test,range_angle,images/2019-09-16-13-18-33/000254.png,labels/2019-09-16-13-18-33/000254.txt
2019-09-16-13-18-33_000255,2019-09-16-13-18-33,000255,test,range_angle,images/2019-09-16-13-18-33/000255.png,labels/2019-09-16-13-18-33/000255.txt
2019-09-16-13-18-33_000256,2019-09-16-13-18-33,000256,test,range_angle,images/2019-09-16-13-18-33/000256.png,labels/2019-09-16-13-18-33/000256.txt
2019-09-16-13-18-33_000257,2019-09-16-13-18-33,000257,test,range_angle,images/2019-09-16-13-18-33/000257.png,labels/2019-09-16-13-18-33/000257.txt
2019-09-16-13-18-33_000258,2019-09-16-13-18-33,000258,test,range_angle,images/2019-09-16-13-18-33/000258.png,labels/2019-09-16-13-18-33/000258.txt
2019-09-16-13-18-33_000259,2019-09-16-13-18-33,000259,test,range_angle,images/2019-09-16-13-18-33/000259.png,labels/2019-09-16-13-18-33/000259.txt
2019-09-16-13-18-33_000260,2019-09-16-13-18-33,000260,test,range_angle,images/2019-09-16-13-18-33/000260.png,labels/2019-09-16-13-18-33/000260.txt
2019-09-16-13-18-33_000261,2019-09-16-13-18-33,000261,test,range_angle,images/2019-09-16-13-18-33/000261.png,labels/2019-09-16-13-18-33/000261.txt
2019-09-16-13-18-33_000262,2019-09-16-13-18-33,000262,test,range_angle,images/2019-09-16-13-18-33/000262.png,labels/2019-09-16-13-18-33/000262.txt
2019-09-16-13-18-33_000263,2019-09-16-13-18-33,000263,test,range_angle,images/2019-09-16-13-18-33/000263.png,labels/2019-09-16-13-18-33/000263.txt
2019-09-16-13-20-20_000000,2019-09-16-13-20-20,000000,train,range_angle,images/2019-09-16-13-20-20/000000.png,labels/2019-09-16-13-20-20/000000.txt
2019-09-16-13-20-20_000001,2019-09-16-13-20-20,000001,train,range_angle,images/2019-09-16-13-20-20/000001.png,labels/2019-09-16-13-20-20/000001.txt
2019-09-16-13-20-20_000002,2019-09-16-13-20-20,000002,train,range_angle,images/2019-09-16-13-20-20/000002.png,labels/2019-09-16-13-20-20/000002.txt
2019-09-16-13-20-20_000003,2019-09-16-13-20-20,000003,train,range_angle,images/2019-09-16-13-20-20/000003.png,labels/2019-09-16-13-20-20/000003.txt
2019-09-16-13-20-20_000004,2019-09-16-13-20-20,000004,train,range_angle,images/2019-09-16-13-20-20/000004.png,labels/2019-09-16-13-20-20/000004.txt
2019-09-16-13-20-20_000005,2019-09-16-13-20-20,000005,train,range_angle,images/2019-09-16-13-20-20/000005.png,labels/2019-09-16-13-20-20/000005.txt
2019-09-16-13-20-20_000006,2019-09-16-13-20-20,000006,train,range_angle,images/2019-09-16-13-20-20/000006.png,labels/2019-09-16-13-20-20/000006.txt
2019-09-16-13-20-20_000007,2019-09-16-13-20-20,000007,train,range_angle,images/2019-09-16-13-20-20/000007.png,labels/2019-09-16-13-20-20/000007.txt
2019-09-16-13-20-20_000008,2019-09-16-13-20-20,000008,train,range_angle,images/2019-09-16-13-20-20/000008.png,labels/2019-09-16-13-20-20/000008.txt
2019-09-16-13-20-20_000009,2019-09-16-13-20-20,000009,train,range_angle,images/2019-09-16-13-20-20/000009.png,labels/2019-09-16-13-20-20/000009.txt
2019-09-16-13-20-20_000010,2019-09-16-13-20-20,000010,train,range_angle,images/2019-09-16-13-20-20/000010.png,labels/2019-09-16-13-20-20/000010.txt
2019-09-16-13-20-20_000011,2019-09-16-13-20-20,000011,train,range_angle,images/2019-09-16-13-20-20/000011.png,labels/2019-09-16-13-20-20/000011.txt
2019-09-16-13-20-20_000012,2019-09-16-13-20-20,000012,train,range_angle,images/2019-09-16-13-20-20/000012.png,labels/2019-09-16-13-20-20/000012.txt
2019-09-16-13-20-20_000013,2019-09-16-13-20-20,000013,train,range_angle,images/2019-09-16-13-20-20/000013.png,labels/2019-09-16-13-20-20/000013.txt
2019-09-16-13-20-20_000014,2019-09-16-13-20-20,000014,train,range_angle,images/2019-09-16-13-20-20/000014.png,labels/2019-09-16-13-20-20/000014.txt
2019-09-16-13-20-20_000015,2019-09-16-13-20-20,000015,train,range_angle,images/2019-09-16-13-20-20/000015.png,labels/2019-09-16-13-20-20/000015.txt
2019-09-16-13-20-20_000016,2019-09-16-13-20-20,000016,train,range_angle,images/2019-09-16-13-20-20/000016.png,labels/2019-09-16-13-20-20/000016.txt
2019-09-16-13-20-20_000017,2019-09-16-13-20-20,000017,train,range_angle,images/2019-09-16-13-20-20/000017.png,labels/2019-09-16-13-20-20/000017.txt
2019-09-16-13-20-20_000018,2019-09-16-13-20-20,000018,train,range_angle,images/2019-09-16-13-20-20/000018.png,labels/2019-09-16-13-20-20/000018.txt
2019-09-16-13-20-20_000019,2019-09-16-13-20-20,000019,train,range_angle,images/2019-09-16-13-20-20/000019.png,labels/2019-09-16-13-20-20/000019.txt
2019-09-16-13-20-20_000020,2019-09-16-13-20-20,000020,train,range_angle,images/2019-09-16-13-20-20/000020.png,labels/2019-09-16-13-20-20/000020.txt
2019-09-16-13-20-20_000021,2019-09-16-13-20-20,000021,train,range_angle,images/2019-09-16-13-20-20/000021.png,labels/2019-09-16-13-20-20/000021.txt
2019-09-16-13-20-20_000022,2019-09-16-13-20-20,000022,train,range_angle,images/2019-09-16-13-20-20/000022.png,labels/2019-09-16-13-20-20/000022.txt
2019-09-16-13-20-20_000023,2019-09-16-13-20-20,000023,train,range_angle,images/2019-09-16-13-20-20/000023.png,labels/2019-09-16-13-20-20/000023.txt
2019-09-16-13-20-20_000024,2019-09-16-13-20-20,000024,train,range_angle,images/2019-09-16-13-20-20/000024.png,labels/2019-09-16-13-20-20/000024.txt
2019-09-16-13-20-20_000025,2019-09-16-13-20-20,000025,train,range_angle,images/2019-09-16-13-20-20/000025.png,labels/2019-09-16-13-20-20/000025.txt
2019-09-16-13-20-20_000026,2019-09-16-13-20-20,000026,train,range_angle,images/2019-09-16-13-20-20/000026.png,labels/2019-09-16-13-20-20/000026.txt
2019-09-16-13-20-20_000027,2019-09-16-13-20-20,000027,train,range_angle,images/2019-09-16-13-20-20/000027.png,labels/2019-09-16-13-20-20/000027.txt
2019-09-16-13-20-20_000028,2019-09-16-13-20-20,000028,train,range_angle,images/2019-09-16-13-20-20/000028.png,labels/2019-09-16-13-20-20/000028.txt
2019-09-16-13-20-20_000029,2019-09-16-13-20-20,000029,train,range_angle,images/2019-09-16-13-20-20/000029.png,labels/2019-09-16-13-20-20/000029.txt
2019-09-16-13-20-20_000030,2019-09-16-13-20-20,000030,train,range_angle,images/2019-09-16-13-20-20/000030.png,labels/2019-09-16-13-20-20/000030.txt
2019-09-16-13-20-20_000031,2019-09-16-13-20-20,000031,train,range_angle,images/2019-09-16-13-20-20/000031.png,labels/2019-09-16-13-20-20/000031.txt
2019-09-16-13-20-20_000032,2019-09-16-13-20-20,000032,train,range_angle,images/2019-09-16-13-20-20/000032.png,labels/2019-09-16-13-20-20/000032.txt
2019-09-16-13-20-20_000033,2019-09-16-13-20-20,000033,train,range_angle,images/2019-09-16-13-20-20/000033.png,labels/2019-09-16-13-20-20/000033.txt
2019-09-16-13-20-20_000034,2019-09-16-13-20-20,000034,train,range_angle,images/2019-09-16-13-20-20/000034.png,labels/2019-09-16-13-20-20/000034.txt
2019-09-16-13-20-20_000035,2019-09-16-13-20-20,000035,train,range_angle,images/2019-09-16-13-20-20/000035.png,labels/2019-09-16-13-20-20/000035.txt
2019-09-16-13-20-20_000036,2019-09-16-13-20-20,000036,train,range_angle,images/2019-09-16-13-20-20/000036.png,labels/2019-09-16-13-20-20/000036.txt
2019-09-16-13-20-20_000037,2019-09-16-13-20-20,000037,train,range_angle,images/2019-09-16-13-20-20/000037.png,labels/2019-09-16-13-20-20/000037.txt
2019-09-16-13-20-20_000038,2019-09-16-13-20-20,000038,train,range_angle,images/2019-09-16-13-20-20/000038.png,labels/2019-09-16-13-20-20/000038.txt
2019-09-16-13-20-20_000039,2019-09-16-13-20-20,000039,train,range_angle,images/2019-09-16-13-20-20/000039.png,labels/2019-09-16-13-20-20/000039.txt
2019-09-16-13-20-20_000040,2019-09-16-13-20-20,000040,train,range_angle,images/2019-09-16-13-20-20/000040.png,labels/2019-09-16-13-20-20/000040.txt
2019-09-16-13-20-20_000041,2019-09-16-13-20-20,000041,train,range_angle,images/2019-09-16-13-20-20/000041.png,labels/2019-09-16-13-20-20/000041.txt
2019-09-16-13-20-20_000042,2019-09-16-13-20-20,000042,train,range_angle,images/2019-09-16-13-20-20/000042.png,labels/2019-09-16-13-20-20/000042.txt
2019-09-16-13-20-20_000043,2019-09-16-13-20-20,000043,train,range_angle,images/2019-09-16-13-20-20/000043.png,labels/2019-09-16-13-20-20/000043.txt
2019-09-16-13-20-20_000044,2019-09-16-13-20-20,000044,train,range_angle,images/2019-09-16-13-20-20/000044.png,labels/2019-09-16-13-20-20/000044.txt
2019-09-16-13-20-20_000045,2019-09-16-13-20-20,000045,train,range_angle,images/2019-09-16-13-20-20/000045.png,labels/2019-09-16-13-20-20/000045.txt
2019-09-16-13-20-20_000046,2019-09-16-13-20-20,000046,train,range_angle,images/2019-09-16-13-20-20/000046.png,labels/2019-09-16-13-20-20/000046.txt
2019-09-16-13-20-20_000047,2019-09-16-13-20-20,000047,train,range_angle,images/2019-09-16-13-20-20/000047.png,labels/2019-09-16-13-20-20/000047.txt
2019-09-16-13-20-20_000048,2019-09-16-13-20-20,000048,train,range_angle,images/2019-09-16-13-20-20/000048.png,labels/2019-09-16-13-20-20/000048.txt
2019-09-16-13-20-20_000049,2019-09-16-13-20-20,000049,train,range_angle,images/2019-09-16-13-20-20/000049.png,labels/2019-09-16-13-20-20/000049.txt
2019-09-16-13-20-20_000050,2019-09-16-13-20-20,000050,train,range_angle,images/2019-09-16-13-20-20/000050.png,labels/2019-09-16-13-20-20/000050.txt
2019-09-16-13-20-20_000051,2019-09-16-13-20-20,000051,train,range_angle,images/2019-09-16-13-20-20/000051.png,labels/2019-09-16-13-20-20/000051.txt
2019-09-16-13-20-20_000052,2019-09-16-13-20-20,000052,train,range_angle,images/2019-09-16-13-20-20/000052.png,labels/2019-09-16-13-20-20/000052.txt
2019-09-16-13-20-20_000053,2019-09-16-13-20-20,000053,train,range_angle,images/2019-09-16-13-20-20/000053.png,labels/2019-09-16-13-20-20/000053.txt
2019-09-16-13-20-20_000054,2019-09-16-13-20-20,000054,train,range_angle,images/2019-09-16-13-20-20/000054.png,labels/2019-09-16-13-20-20/000054.txt
2019-09-16-13-20-20_000055,2019-09-16-13-20-20,000055,train,range_angle,images/2019-09-16-13-20-20/000055.png,labels/2019-09-16-13-20-20/000055.txt
2019-09-16-13-20-20_000056,2019-09-16-13-20-20,000056,train,range_angle,images/2019-09-16-13-20-20/000056.png,labels/2019-09-16-13-20-20/000056.txt
2019-09-16-13-20-20_000057,2019-09-16-13-20-20,000057,train,range_angle,images/2019-09-16-13-20-20/000057.png,labels/2019-09-16-13-20-20/000057.txt
2019-09-16-13-20-20_000058,2019-09-16-13-20-20,000058,train,range_angle,images/2019-09-16-13-20-20/000058.png,labels/2019-09-16-13-20-20/000058.txt
2019-09-16-13-20-20_000059,2019-09-16-13-20-20,000059,train,range_angle,images/2019-09-16-13-20-20/000059.png,labels/2019-09-16-13-20-20/000059.txt
2019-09-16-13-20-20_000060,2019-09-16-13-20-20,000060,train,range_angle,images/2019-09-16-13-20-20/000060.png,labels/2019-09-16-13-20-20/000060.txt
2019-09-16-13-20-20_000061,2019-09-16-13-20-20,000061,train,range_angle,images/2019-09-16-13-20-20/000061.png,labels/2019-09-16-13-20-20/000061.txt
2019-09-16-13-20-20_000062,2019-09-16-13-20-20,000062,train,range_angle,images/2019-09-16-13-20-20/000062.png,labels/2019-09-16-13-20-20/000062.txt
2019-09-16-13-20-20_000063,2019-09-16-13-20-20,000063,train,range_angle,images/2019-09-16-13-20-20/000063.png,labels/2019-09-16-13-20-20/000063.txt
2019-09-16-13-20-20_000064,2019-09-16-13-20-20,000064,train,range_angle,images/2019-09-16-13-20-20/000064.png,labels/2019-09-16-13-20-20/000064.txt
2019-09-16-13-20-20_000065,2019-09-16-13-20-20,000065,train,range_angle,images/2019-09-16-13-20-20/000065.png,labels/2019-09-16-13-20-20/000065.txt
2019-09-16-13-20-20_000066,2019-09-16-13-20-20,000066,train,range_angle,images/2019-09-16-13-20-20/000066.png,labels/2019-09-16-13-20-20/000066.txt
2019-09-16-13-20-20_000067,2019-09-16-13-20-20,000067,train,range_angle,images/2019-09-16-13-20-20/000067.png,labels/2019-09-16-13-20-20/000067.txt
2019-09-16-13-20-20_000068,2019-09-16-13-20-20,000068,train,range_angle,images/2019-09-16-13-20-20/000068.png,labels/2019-09-16-13-20-20/000068.txt
2019-09-16-13-20-20_000069,2019-09-16-13-20-20,000069,train,range_angle,images/2019-09-16-13-20-20/000069.png,labels/2019-09-16-13-20-20/000069.txt
2019-09-16-13-20-20_000070,2019-09-16-13-20-20,000070,train,range_angle,images/2019-09-16-13-20-20/000070.png,labels/2019-09-16-13-20-20/000070.txt
2019-09-16-13-20-20_000071,2019-09-16-13-20-20,000071,train,range_angle,images/2019-09-16-13-20-20/000071.png,labels/2019-09-16-13-20-20/000071.txt
2019-09-16-13-20-20_000072,2019-09-16-13-20-20,000072,train,range_angle,images/2019-09-16-13-20-20/000072.png,labels/2019-09-16-13-20-20/000072.txt
2019-09-16-13-20-20_000073,2019-09-16-13-20-20,000073,train,range_angle,images/2019-09-16-13-20-20/000073.png,labels/2019-09-16-13-20-20/000073.txt
2019-09-16-13-20-20_000074,2019-09-16-13-20-20,000074,train,range_angle,images/2019-09-16-13-20-20/000074.png,labels/2019-09-16-13-20-20/000074.txt
2019-09-16-13-20-20_000075,2019-09-16-13-20-20,000075,train,range_angle,images/2019-09-16-13-20-20/000075.png,labels/2019-09-16-13-20-20/000075.txt
2019-09-16-13-20-20_000076,2019-09-16-13-20-20,000076,train,range_angle,images/2019-09-16-13-20-20/000076.png,labels/2019-09-16-13-20-20/000076.txt
2019-09-16-13-20-20_000077,2019-09-16-13-20-20,000077,train,range_angle,images/2019-09-16-13-20-20/000077.png,labels/2019-09-16-13-20-20/000077.txt
2019-09-16-13-20-20_000078,2019-09-16-13-20-20,000078,train,range_angle,images/2019-09-16-13-20-20/000078.png,labels/2019-09-16-13-20-20/000078.txt
2019-09-16-13-20-20_000079,2019-09-16-13-20-20,000079,train,range_angle,images/2019-09-16-13-20-20/000079.png,labels/2019-09-16-13-20-20/000079.txt
2019-09-16-13-20-20_000080,2019-09-16-13-20-20,000080,train,range_angle,images/2019-09-16-13-20-20/000080.png,labels/2019-09-16-13-20-20/000080.txt
2019-09-16-13-20-20_000081,2019-09-16-13-20-20,000081,train,range_angle,images/2019-09-16-13-20-20/000081.png,labels/2019-09-16-13-20-20/000081.txt
2019-09-16-13-20-20_000082,2019-09-16-13-20-20,000082,train,range_angle,images/2019-09-16-13-20-20/000082.png,labels/2019-09-16-13-20-20/000082.txt
2019-09-16-13-20-20_000083,2019-09-16-13-20-20,000083,train,range_angle,images/2019-09-16-13-20-20/000083.png,labels/2019-09-16-13-20-20/000083.txt
2019-09-16-13-20-20_000084,2019-09-16-13-20-20,000084,train,range_angle,images/2019-09-16-13-20-20/000084.png,labels/2019-09-16-13-20-20/000084.txt
2019-09-16-13-20-20_000085,2019-09-16-13-20-20,000085,train,range_angle,images/2019-09-16-13-20-20/000085.png,labels/2019-09-16-13-20-20/000085.txt
2019-09-16-13-20-20_000086,2019-09-16-13-20-20,000086,train,range_angle,images/2019-09-16-13-20-20/000086.png,labels/2019-09-16-13-20-20/000086.txt
2019-09-16-13-20-20_000087,2019-09-16-13-20-20,000087,train,range_angle,images/2019-09-16-13-20-20/000087.png,labels/2019-09-16-13-20-20/000087.txt
2019-09-16-13-20-20_000088,2019-09-16-13-20-20,000088,train,range_angle,images/2019-09-16-13-20-20/000088.png,labels/2019-09-16-13-20-20/000088.txt
2019-09-16-13-20-20_000089,2019-09-16-13-20-20,000089,train,range_angle,images/2019-09-16-13-20-20/000089.png,labels/2019-09-16-13-20-20/000089.txt
2019-09-16-13-20-20_000090,2019-09-16-13-20-20,000090,train,range_angle,images/2019-09-16-13-20-20/000090.png,labels/2019-09-16-13-20-20/000090.txt
2019-09-16-13-20-20_000091,2019-09-16-13-20-20,000091,train,range_angle,images/2019-09-16-13-20-20/000091.png,labels/2019-09-16-13-20-20/000091.txt
2019-09-16-13-20-20_000092,2019-09-16-13-20-20,000092,train,range_angle,images/2019-09-16-13-20-20/000092.png,labels/2019-09-16-13-20-20/000092.txt
2019-09-16-13-20-20_000093,2019-09-16-13-20-20,000093,train,range_angle,images/2019-09-16-13-20-20/000093.png,labels/2019-09-16-13-20-20/000093.txt
2019-09-16-13-20-20_000094,2019-09-16-13-20-20,000094,train,range_angle,images/2019-09-16-13-20-20/000094.png,labels/2019-09-16-13-20-20/000094.txt
2019-09-16-13-20-20_000095,2019-09-16-13-20-20,000095,train,range_angle,images/2019-09-16-13-20-20/000095.png,labels/2019-09-16-13-20-20/000095.txt
2019-09-16-13-20-20_000096,2019-09-16-13-20-20,000096,train,range_angle,images/2019-09-16-13-20-20/000096.png,labels/2019-09-16-13-20-20/000096.txt
2019-09-16-13-20-20_000097,2019-09-16-13-20-20,000097,train,range_angle,images/2019-09-16-13-20-20/000097.png,labels/2019-09-16-13-20-20/000097.txt
2019-09-16-13-20-20_000098,2019-09-16-13-20-20,000098,train,range_angle,images/2019-09-16-13-20-20/000098.png,labels/2019-09-16-13-20-20/000098.txt
2019-09-16-13-20-20_000099,2019-09-16-13-20-20,000099,train,range_angle,images/2019-09-16-13-20-20/000099.png,labels/2019-09-16-13-20-20/000099.txt
2019-09-16-13-20-20_000100,2019-09-16-13-20-20,000100,train,range_angle,images/2019-09-16-13-20-20/000100.png,labels/2019-09-16-13-20-20/000100.txt
2019-09-16-13-20-20_000101,2019-09-16-13-20-20,000101,train,range_angle,images/2019-09-16-13-20-20/000101.png,labels/2019-09-16-13-20-20/000101.txt
2019-09-16-13-20-20_000102,2019-09-16-13-20-20,000102,train,range_angle,images/2019-09-16-13-20-20/000102.png,labels/2019-09-16-13-20-20/000102.txt
2019-09-16-13-20-20_000103,2019-09-16-13-20-20,000103,train,range_angle,images/2019-09-16-13-20-20/000103.png,labels/2019-09-16-13-20-20/000103.txt
2019-09-16-13-20-20_000104,2019-09-16-13-20-20,000104,train,range_angle,images/2019-09-16-13-20-20/000104.png,labels/2019-09-16-13-20-20/000104.txt
2019-09-16-13-20-20_000105,2019-09-16-13-20-20,000105,train,range_angle,images/2019-09-16-13-20-20/000105.png,labels/2019-09-16-13-20-20/000105.txt
2019-09-16-13-20-20_000106,2019-09-16-13-20-20,000106,train,range_angle,images/2019-09-16-13-20-20/000106.png,labels/2019-09-16-13-20-20/000106.txt
2019-09-16-13-20-20_000107,2019-09-16-13-20-20,000107,train,range_angle,images/2019-09-16-13-20-20/000107.png,labels/2019-09-16-13-20-20/000107.txt
2019-09-16-13-20-20_000108,2019-09-16-13-20-20,000108,train,range_angle,images/2019-09-16-13-20-20/000108.png,labels/2019-09-16-13-20-20/000108.txt
2019-09-16-13-20-20_000109,2019-09-16-13-20-20,000109,train,range_angle,images/2019-09-16-13-20-20/000109.png,labels/2019-09-16-13-20-20/000109.txt
2019-09-16-13-20-20_000110,2019-09-16-13-20-20,000110,train,range_angle,images/2019-09-16-13-20-20/000110.png,labels/2019-09-16-13-20-20/000110.txt
2019-09-16-13-20-20_000111,2019-09-16-13-20-20,000111,train,range_angle,images/2019-09-16-13-20-20/000111.png,labels/2019-09-16-13-20-20/000111.txt
2019-09-16-13-20-20_000112,2019-09-16-13-20-20,000112,train,range_angle,images/2019-09-16-13-20-20/000112.png,labels/2019-09-16-13-20-20/000112.txt
2019-09-16-13-20-20_000113,2019-09-16-13-20-20,000113,train,range_angle,images/2019-09-16-13-20-20/000113.png,labels/2019-09-16-13-20-20/000113.txt
2019-09-16-13-20-20_000114,2019-09-16-13-20-20,000114,train,range_angle,images/2019-09-16-13-20-20/000114.png,labels/2019-09-16-13-20-20/000114.txt
2019-09-16-13-20-20_000115,2019-09-16-13-20-20,000115,train,range_angle,images/2019-09-16-13-20-20/000115.png,labels/2019-09-16-13-20-20/000115.txt
2019-09-16-13-20-20_000116,2019-09-16-13-20-20,000116,train,range_angle,images/2019-09-16-13-20-20/000116.png,labels/2019-09-16-13-20-20/000116.txt
2019-09-16-13-20-20_000117,2019-09-16-13-20-20,000117,train,range_angle,images/2019-09-16-13-20-20/000117.png,labels/2019-09-16-13-20-20/000117.txt
2019-09-16-13-20-20_000118,2019-09-16-13-20-20,000118,train,range_angle,images/2019-09-16-13-20-20/000118.png,labels/2019-09-16-13-20-20/000118.txt
2019-09-16-13-20-20_000119,2019-09-16-13-20-20,000119,train,range_angle,images/2019-09-16-13-20-20/000119.png,labels/2019-09-16-13-20-20/000119.txt
2019-09-16-13-20-20_000120,2019-09-16-13-20-20,000120,train,range_angle,images/2019-09-16-13-20-20/000120.png,labels/2019-09-16-13-20-20/000120.txt
2019-09-16-13-20-20_000121,2019-09-16-13-20-20,000121,train,range_angle,images/2019-09-16-13-20-20/000121.png,labels/2019-09-16-13-20-20/000121.txt
2019-09-16-13-20-20_000122,2019-09-16-13-20-20,000122,train,range_angle,images/2019-09-16-13-20-20/000122.png,labels/2019-09-16-13-20-20/000122.txt
2019-09-16-13-20-20_000123,2019-09-16-13-20-20,000123,train,range_angle,images/2019-09-16-13-20-20/000123.png,labels/2019-09-16-13-20-20/000123.txt
2019-09-16-13-20-20_000124,2019-09-16-13-20-20,000124,train,range_angle,images/2019-09-16-13-20-20/000124.png,labels/2019-09-16-13-20-20/000124.txt
2019-09-16-13-20-20_000125,2019-09-16-13-20-20,000125,train,range_angle,images/2019-09-16-13-20-20/000125.png,labels/2019-09-16-13-20-20/000125.txt
2019-09-16-13-20-20_000126,2019-09-16-13-20-20,000126,train,range_angle,images/2019-09-16-13-20-20/000126.png,labels/2019-09-16-13-20-20/000126.txt
2019-09-16-13-20-20_000127,2019-09-16-13-20-20,000127,train,range_angle,images/2019-09-16-13-20-20/000127.png,labels/2019-09-16-13-20-20/000127.txt
2019-09-16-13-20-20_000128,2019-09-16-13-20-20,000128,train,range_angle,images/2019-09-16-13-20-20/000128.png,labels/2019-09-16-13-20-20/000128.txt
2019-09-16-13-20-20_000129,2019-09-16-13-20-20,000129,train,range_angle,images/2019-09-16-13-20-20/000129.png,labels/2019-09-16-13-20-20/000129.txt
2019-09-16-13-20-20_000130,2019-09-16-13-20-20,000130,train,range_angle,images/2019-09-16-13-20-20/000130.png,labels/2019-09-16-13-20-20/000130.txt
2019-09-16-13-20-20_000131,2019-09-16-13-20-20,000131,train,range_angle,images/2019-09-16-13-20-20/000131.png,labels/2019-09-16-13-20-20/000131.txt
2019-09-16-13-20-20_000132,2019-09-16-13-20-20,000132,train,range_angle,images/2019-09-16-13-20-20/000132.png,labels/2019-09-16-13-20-20/000132.txt
2019-09-16-13-20-20_000133,2019-09-16-13-20-20,000133,train,range_angle,images/2019-09-16-13-20-20/000133.png,labels/2019-09-16-13-20-20/000133.txt
2019-09-16-13-20-20_000134,2019-09-16-13-20-20,000134,train,range_angle,images/2019-09-16-13-20-20/000134.png,labels/2019-09-16-13-20-20/000134.txt
2019-09-16-13-20-20_000135,2019-09-16-13-20-20,000135,train,range_angle,images/2019-09-16-13-20-20/000135.png,labels/2019-09-16-13-20-20/000135.txt
2019-09-16-13-20-20_000136,2019-09-16-13-20-20,000136,train,range_angle,images/2019-09-16-13-20-20/000136.png,labels/2019-09-16-13-20-20/000136.txt
2019-09-16-13-20-20_000137,2019-09-16-13-20-20,000137,train,range_angle,images/2019-09-16-13-20-20/000137.png,labels/2019-09-16-13-20-20/000137.txt
2019-09-16-13-20-20_000138,2019-09-16-13-20-20,000138,train,range_angle,images/2019-09-16-13-20-20/000138.png,labels/2019-09-16-13-20-20/000138.txt
2019-09-16-13-20-20_000139,2019-09-16-13-20-20,000139,train,range_angle,images/2019-09-16-13-20-20/000139.png,labels/2019-09-16-13-20-20/000139.txt
2019-09-16-13-20-20_000140,2019-09-16-13-20-20,000140,train,range_angle,images/2019-09-16-13-20-20/000140.png,labels/2019-09-16-13-20-20/000140.txt
2019-09-16-13-20-20_000141,2019-09-16-13-20-20,000141,train,range_angle,images/2019-09-16-13-20-20/000141.png,labels/2019-09-16-13-20-20/000141.txt
2019-09-16-13-20-20_000142,2019-09-16-13-20-20,000142,train,range_angle,images/2019-09-16-13-20-20/000142.png,labels/2019-09-16-13-20-20/000142.txt
2019-09-16-13-20-20_000143,2019-09-16-13-20-20,000143,train,range_angle,images/2019-09-16-13-20-20/000143.png,labels/2019-09-16-13-20-20/000143.txt
2019-09-16-13-20-20_000144,2019-09-16-13-20-20,000144,train,range_angle,images/2019-09-16-13-20-20/000144.png,labels/2019-09-16-13-20-20/000144.txt
2019-09-16-13-20-20_000145,2019-09-16-13-20-20,000145,train,range_angle,images/2019-09-16-13-20-20/000145.png,labels/2019-09-16-13-20-20/000145.txt
2019-09-16-13-20-20_000146,2019-09-16-13-20-20,000146,train,range_angle,images/2019-09-16-13-20-20/000146.png,labels/2019-09-16-13-20-20/000146.txt
2019-09-16-13-20-20_000147,2019-09-16-13-20-20,000147,train,range_angle,images/2019-09-16-13-20-20/000147.png,labels/2019-09-16-13-20-20/000147.txt
2019-09-16-13-20-20_000148,2019-09-16-13-20-20,000148,train,range_angle,images/2019-09-16-13-20-20/000148.png,labels/2019-09-16-13-20-20/000148.txt
2019-09-16-13-20-20_000149,2019-09-16-13-20-20,000149,train,range_angle,images/2019-09-16-13-20-20/000149.png,labels/2019-09-16-13-20-20/000149.txt
2019-09-16-13-20-20_000150,2019-09-16-13-20-20,000150,train,range_angle,images/2019-09-16-13-20-20/000150.png,labels/2019-09-16-13-20-20/000150.txt
2019-09-16-13-20-20_000151,2019-09-16-13-20-20,000151,train,range_angle,images/2019-09-16-13-20-20/000151.png,labels/2019-09-16-13-20-20/000151.txt
2019-09-16-13-20-20_000152,2019-09-16-13-20-20,000152,train,range_angle,images/2019-09-16-13-20-20/000152.png,labels/2019-09-16-13-20-20/000152.txt
2019-09-16-13-20-20_000153,2019-09-16-13-20-20,000153,train,range_angle,images/2019-09-16-13-20-20/000153.png,labels/2019-09-16-13-20-20/000153.txt
2019-09-16-13-20-20_000154,2019-09-16-13-20-20,000154,train,range_angle,images/2019-09-16-13-20-20/000154.png,labels/2019-09-16-13-20-20/000154.txt
2019-09-16-13-20-20_000155,2019-09-16-13-20-20,000155,train,range_angle,images/2019-09-16-13-20-20/000155.png,labels/2019-09-16-13-20-20/000155.txt
2019-09-16-13-20-20_000156,2019-09-16-13-20-20,000156,train,range_angle,images/2019-09-16-13-20-20/000156.png,labels/2019-09-16-13-20-20/000156.txt
2019-09-16-13-20-20_000157,2019-09-16-13-20-20,000157,train,range_angle,images/2019-09-16-13-20-20/000157.png,labels/2019-09-16-13-20-20/000157.txt
2019-09-16-13-20-20_000158,2019-09-16-13-20-20,000158,train,range_angle,images/2019-09-16-13-20-20/000158.png,labels/2019-09-16-13-20-20/000158.txt
2019-09-16-13-20-20_000159,2019-09-16-13-20-20,000159,train,range_angle,images/2019-09-16-13-20-20/000159.png,labels/2019-09-16-13-20-20/000159.txt
2019-09-16-13-20-20_000160,2019-09-16-13-20-20,000160,train,range_angle,images/2019-09-16-13-20-20/000160.png,labels/2019-09-16-13-20-20/000160.txt
2019-09-16-13-20-20_000161,2019-09-16-13-20-20,000161,train,range_angle,images/2019-09-16-13-20-20/000161.png,labels/2019-09-16-13-20-20/000161.txt
2019-09-16-13-20-20_000162,2019-09-16-13-20-20,000162,train,range_angle,images/2019-09-16-13-20-20/000162.png,labels/2019-09-16-13-20-20/000162.txt
2019-09-16-13-20-20_000163,2019-09-16-13-20-20,000163,train,range_angle,images/2019-09-16-13-20-20/000163.png,labels/2019-09-16-13-20-20/000163.txt
2019-09-16-13-20-20_000164,2019-09-16-13-20-20,000164,train,range_angle,images/2019-09-16-13-20-20/000164.png,labels/2019-09-16-13-20-20/000164.txt
2019-09-16-13-20-20_000165,2019-09-16-13-20-20,000165,train,range_angle,images/2019-09-16-13-20-20/000165.png,labels/2019-09-16-13-20-20/000165.txt
2019-09-16-13-20-20_000166,2019-09-16-13-20-20,000166,train,range_angle,images/2019-09-16-13-20-20/000166.png,labels/2019-09-16-13-20-20/000166.txt
2019-09-16-13-20-20_000167,2019-09-16-13-20-20,000167,train,range_angle,images/2019-09-16-13-20-20/000167.png,labels/2019-09-16-13-20-20/000167.txt
2019-09-16-13-20-20_000168,2019-09-16-13-20-20,000168,train,range_angle,images/2019-09-16-13-20-20/000168.png,labels/2019-09-16-13-20-20/000168.txt
2019-09-16-13-20-20_000169,2019-09-16-13-20-20,000169,train,range_angle,images/2019-09-16-13-20-20/000169.png,labels/2019-09-16-13-20-20/000169.txt
2019-09-16-13-20-20_000170,2019-09-16-13-20-20,000170,train,range_angle,images/2019-09-16-13-20-20/000170.png,labels/2019-09-16-13-20-20/000170.txt
2019-09-16-13-20-20_000171,2019-09-16-13-20-20,000171,train,range_angle,images/2019-09-16-13-20-20/000171.png,labels/2019-09-16-13-20-20/000171.txt
2019-09-16-13-20-20_000172,2019-09-16-13-20-20,000172,train,range_angle,images/2019-09-16-13-20-20/000172.png,labels/2019-09-16-13-20-20/000172.txt
2019-09-16-13-20-20_000173,2019-09-16-13-20-20,000173,train,range_angle,images/2019-09-16-13-20-20/000173.png,labels/2019-09-16-13-20-20/000173.txt
2019-09-16-13-20-20_000174,2019-09-16-13-20-20,000174,train,range_angle,images/2019-09-16-13-20-20/000174.png,labels/2019-09-16-13-20-20/000174.txt
2019-09-16-13-20-20_000175,2019-09-16-13-20-20,000175,train,range_angle,images/2019-09-16-13-20-20/000175.png,labels/2019-09-16-13-20-20/000175.txt
2019-09-16-13-20-20_000176,2019-09-16-13-20-20,000176,train,range_angle,images/2019-09-16-13-20-20/000176.png,labels/2019-09-16-13-20-20/000176.txt
2019-09-16-13-20-20_000177,2019-09-16-13-20-20,000177,train,range_angle,images/2019-09-16-13-20-20/000177.png,labels/2019-09-16-13-20-20/000177.txt
2019-09-16-13-20-20_000178,2019-09-16-13-20-20,000178,train,range_angle,images/2019-09-16-13-20-20/000178.png,labels/2019-09-16-13-20-20/000178.txt
2019-09-16-13-20-20_000179,2019-09-16-13-20-20,000179,train,range_angle,images/2019-09-16-13-20-20/000179.png,labels/2019-09-16-13-20-20/000179.txt
2019-09-16-13-20-20_000180,2019-09-16-13-20-20,000180,train,range_angle,images/2019-09-16-13-20-20/000180.png,labels/2019-09-16-13-20-20/000180.txt
2019-09-16-13-20-20_000181,2019-09-16-13-20-20,000181,train,range_angle,images/2019-09-16-13-20-20/000181.png,labels/2019-09-16-13-20-20/000181.txt
2019-09-16-13-20-20_000182,2019-09-16-13-20-20,000182,train,range_angle,images/2019-09-16-13-20-20/000182.png,labels/2019-09-16-13-20-20/000182.txt
2019-09-16-13-20-20_000183,2019-09-16-13-20-20,000183,train,range_angle,images/2019-09-16-13-20-20/000183.png,labels/2019-09-16-13-20-20/000183.txt
2019-09-16-13-20-20_000184,2019-09-16-13-20-20,000184,train,range_angle,images/2019-09-16-13-20-20/000184.png,labels/2019-09-16-13-20-20/000184.txt
2019-09-16-13-20-20_000185,2019-09-16-13-20-20,000185,train,range_angle,images/2019-09-16-13-20-20/000185.png,labels/2019-09-16-13-20-20/000185.txt
2019-09-16-13-20-20_000186,2019-09-16-13-20-20,000186,train,range_angle,images/2019-09-16-13-20-20/000186.png,labels/2019-09-16-13-20-20/000186.txt
2019-09-16-13-20-20_000187,2019-09-16-13-20-20,000187,train,range_angle,images/2019-09-16-13-20-20/000187.png,labels/2019-09-16-13-20-20/000187.txt
2019-09-16-13-20-20_000188,2019-09-16-13-20-20,000188,train,range_angle,images/2019-09-16-13-20-20/000188.png,labels/2019-09-16-13-20-20/000188.txt
2019-09-16-13-20-20_000189,2019-09-16-13-20-20,000189,train,range_angle,images/2019-09-16-13-20-20/000189.png,labels/2019-09-16-13-20-20/000189.txt
2019-09-16-13-20-20_000190,2019-09-16-13-20-20,000190,train,range_angle,images/2019-09-16-13-20-20/000190.png,labels/2019-09-16-13-20-20/000190.txt
2019-09-16-13-20-20_000191,2019-09-16-13-20-20,000191,train,range_angle,images/2019-09-16-13-20-20/000191.png,labels/2019-09-16-13-20-20/000191.txt
2019-09-16-13-20-20_000192,2019-09-16-13-20-20,000192,train,range_angle,images/2019-09-16-13-20-20/000192.png,labels/2019-09-16-13-20-20/000192.txt
2019-09-16-13-20-20_000193,2019-09-16-13-20-20,000193,train,range_angle,images/2019-09-16-13-20-20/000193.png,labels/2019-09-16-13-20-20/000193.txt
2019-09-16-13-20-20_000194,2019-09-16-13-20-20,000194,train,range_angle,images/2019-09-16-13-20-20/000194.png,labels/2019-09-16-13-20-20/000194.txt
2019-09-16-13-20-20_000195,2019-09-16-13-20-20,000195,train,range_angle,images/2019-09-16-13-20-20/000195.png,labels/2019-09-16-13-20-20/000195.txt
2019-09-16-13-20-20_000196,2019-09-16-13-20-20,000196,train,range_angle,images/2019-09-16-13-20-20/000196.png,labels/2019-09-16-13-20-20/000196.txt
2019-09-16-13-20-20_000197,2019-09-16-13-20-20,000197,train,range_angle,images/2019-09-16-13-20-20/000197.png,labels/2019-09-16-13-20-20/000197.txt
2019-09-16-13-20-20_000198,2019-09-16-13-20-20,000198,train,range_angle,images/2019-09-16-13-20-20/000198.png,labels/2019-09-16-13-20-20/000198.txt
2019-09-16-13-20-20_000199,2019-09-16-13-20-20,000199,train,range_angle,images/2019-09-16-13-20-20/000199.png,labels/2019-09-16-13-20-20/000199.txt
2019-09-16-13-20-20_000200,2019-09-16-13-20-20,000200,train,range_angle,images/2019-09-16-13-20-20/000200.png,labels/2019-09-16-13-20-20/000200.txt
2019-09-16-13-20-20_000201,2019-09-16-13-20-20,000201,train,range_angle,images/2019-09-16-13-20-20/000201.png,labels/2019-09-16-13-20-20/000201.txt
2019-09-16-13-20-20_000202,2019-09-16-13-20-20,000202,train,range_angle,images/2019-09-16-13-20-20/000202.png,labels/2019-09-16-13-20-20/000202.txt
2019-09-16-13-20-20_000203,2019-09-16-13-20-20,000203,train,range_angle,images/2019-09-16-13-20-20/000203.png,labels/2019-09-16-13-20-20/000203.txt
2019-09-16-13-20-20_000204,2019-09-16-13-20-20,000204,train,range_angle,images/2019-09-16-13-20-20/000204.png,labels/2019-09-16-13-20-20/000204.txt
2019-09-16-13-20-20_000205,2019-09-16-13-20-20,000205,train,range_angle,images/2019-09-16-13-20-20/000205.png,labels/2019-09-16-13-20-20/000205.txt
2019-09-16-13-20-20_000206,2019-09-16-13-20-20,000206,train,range_angle,images/2019-09-16-13-20-20/000206.png,labels/2019-09-16-13-20-20/000206.txt
2019-09-16-13-20-20_000207,2019-09-16-13-20-20,000207,train,range_angle,images/2019-09-16-13-20-20/000207.png,labels/2019-09-16-13-20-20/000207.txt
2019-09-16-13-20-20_000208,2019-09-16-13-20-20,000208,train,range_angle,images/2019-09-16-13-20-20/000208.png,labels/2019-09-16-13-20-20/000208.txt
2019-09-16-13-20-20_000209,2019-09-16-13-20-20,000209,train,range_angle,images/2019-09-16-13-20-20/000209.png,labels/2019-09-16-13-20-20/000209.txt
2019-09-16-13-20-20_000210,2019-09-16-13-20-20,000210,train,range_angle,images/2019-09-16-13-20-20/000210.png,labels/2019-09-16-13-20-20/000210.txt
2019-09-16-13-20-20_000211,2019-09-16-13-20-20,000211,train,range_angle,images/2019-09-16-13-20-20/000211.png,labels/2019-09-16-13-20-20/000211.txt
2019-09-16-13-20-20_000212,2019-09-16-13-20-20,000212,train,range_angle,images/2019-09-16-13-20-20/000212.png,labels/2019-09-16-13-20-20/000212.txt
2019-09-16-13-20-20_000213,2019-09-16-13-20-20,000213,train,range_angle,images/2019-09-16-13-20-20/000213.png,labels/2019-09-16-13-20-20/000213.txt
2019-09-16-13-20-20_000214,2019-09-16-13-20-20,000214,train,range_angle,images/2019-09-16-13-20-20/000214.png,labels/2019-09-16-13-20-20/000214.txt
2019-09-16-13-20-20_000215,2019-09-16-13-20-20,000215,train,range_angle,images/2019-09-16-13-20-20/000215.png,labels/2019-09-16-13-20-20/000215.txt
2019-09-16-13-20-20_000216,2019-09-16-13-20-20,000216,train,range_angle,images/2019-09-16-13-20-20/000216.png,labels/2019-09-16-13-20-20/000216.txt
2019-09-16-13-20-20_000217,2019-09-16-13-20-20,000217,train,range_angle,images/2019-09-16-13-20-20/000217.png,labels/2019-09-16-13-20-20/000217.txt
2019-09-16-13-20-20_000218,2019-09-16-13-20-20,000218,train,range_angle,images/2019-09-16-13-20-20/000218.png,labels/2019-09-16-13-20-20/000218.txt
2019-09-16-13-20-20_000219,2019-09-16-13-20-20,000219,train,range_angle,images/2019-09-16-13-20-20/000219.png,labels/2019-09-16-13-20-20/000219.txt
2019-09-16-13-20-20_000220,2019-09-16-13-20-20,000220,train,range_angle,images/2019-09-16-13-20-20/000220.png,labels/2019-09-16-13-20-20/000220.txt
2019-09-16-13-20-20_000221,2019-09-16-13-20-20,000221,train,range_angle,images/2019-09-16-13-20-20/000221.png,labels/2019-09-16-13-20-20/000221.txt
2019-09-16-13-20-20_000222,2019-09-16-13-20-20,000222,train,range_angle,images/2019-09-16-13-20-20/000222.png,labels/2019-09-16-13-20-20/000222.txt
2019-09-16-13-20-20_000223,2019-09-16-13-20-20,000223,train,range_angle,images/2019-09-16-13-20-20/000223.png,labels/2019-09-16-13-20-20/000223.txt
2019-09-16-13-20-20_000224,2019-09-16-13-20-20,000224,train,range_angle,images/2019-09-16-13-20-20/000224.png,labels/2019-09-16-13-20-20/000224.txt
2019-09-16-13-20-20_000225,2019-09-16-13-20-20,000225,train,range_angle,images/2019-09-16-13-20-20/000225.png,labels/2019-09-16-13-20-20/000225.txt
2019-09-16-13-20-20_000226,2019-09-16-13-20-20,000226,train,range_angle,images/2019-09-16-13-20-20/000226.png,labels/2019-09-16-13-20-20/000226.txt
2019-09-16-13-20-20_000227,2019-09-16-13-20-20,000227,train,range_angle,images/2019-09-16-13-20-20/000227.png,labels/2019-09-16-13-20-20/000227.txt
2019-09-16-13-20-20_000228,2019-09-16-13-20-20,000228,train,range_angle,images/2019-09-16-13-20-20/000228.png,labels/2019-09-16-13-20-20/000228.txt
2019-09-16-13-20-20_000229,2019-09-16-13-20-20,000229,train,range_angle,images/2019-09-16-13-20-20/000229.png,labels/2019-09-16-13-20-20/000229.txt
2019-09-16-13-20-20_000230,2019-09-16-13-20-20,000230,train,range_angle,images/2019-09-16-13-20-20/000230.png,labels/2019-09-16-13-20-20/000230.txt
2019-09-16-13-20-20_000231,2019-09-16-13-20-20,000231,train,range_angle,images/2019-09-16-13-20-20/000231.png,labels/2019-09-16-13-20-20/000231.txt
2019-09-16-13-20-20_000232,2019-09-16-13-20-20,000232,train,range_angle,images/2019-09-16-13-20-20/000232.png,labels/2019-09-16-13-20-20/000232.txt
2019-09-16-13-20-20_000233,2019-09-16-13-20-20,000233,train,range_angle,images/2019-09-16-13-20-20/000233.png,labels/2019-09-16-13-20-20/000233.txt
2019-09-16-13-20-20_000234,2019-09-16-13-20-20,000234,train,range_angle,images/2019-09-16-13-20-20/000234.png,labels/2019-09-16-13-20-20/000234.txt
2019-09-16-13-20-20_000235,2019-09-16-13-20-20,000235,train,range_angle,images/2019-09-16-13-20-20/000235.png,labels/2019-09-16-13-20-20/000235.txt
2019-09-16-13-20-20_000236,2019-09-16-13-20-20,000236,train,range_angle,images/2019-09-16-13-20-20/000236.png,labels/2019-09-16-13-20-20/000236.txt
2019-09-16-13-20-20_000237,2019-09-16-13-20-20,000237,train,range_angle,images/2019-09-16-13-20-20/000237.png,labels/2019-09-16-13-20-20/000237.txt
2019-09-16-13-20-20_000238,2019-09-16-13-20-20,000238,train,range_angle,images/2019-09-16-13-20-20/000238.png,labels/2019-09-16-13-20-20/000238.txt
2019-09-16-13-20-20_000239,2019-09-16-13-20-20,000239,train,range_angle,images/2019-09-16-13-20-20/000239.png,labels/2019-09-16-13-20-20/000239.txt
2019-09-16-13-20-20_000240,2019-09-16-13-20-20,000240,train,range_angle,images/2019-09-16-13-20-20/000240.png,labels/2019-09-16-13-20-20/000240.txt
2019-09-16-13-20-20_000241,2019-09-16-13-20-20,000241,train,range_angle,images/2019-09-16-13-20-20/000241.png,labels/2019-09-16-13-20-20/000241.txt
2019-09-16-13-20-20_000242,2019-09-16-13-20-20,000242,train,range_angle,images/2019-09-16-13-20-20/000242.png,labels/2019-09-16-13-20-20/000242.txt
2019-09-16-13-20-20_000243,2019-09-16-13-20-20,000243,train,range_angle,images/2019-09-16-13-20-20/000243.png,labels/2019-09-16-13-20-20/000243.txt
2019-09-16-13-20-20_000244,2019-09-16-13-20-20,000244,train,range_angle,images/2019-09-16-13-20-20/000244.png,labels/2019-09-16-13-20-20/000244.txt
2019-09-16-13-20-20_000245,2019-09-16-13-20-20,000245,train,range_angle,images/2019-09-16-13-20-20/000245.png,labels/2019-09-16-13-20-20/000245.txt
2019-09-16-13-20-20_000246,2019-09-16-13-20-20,000246,train,range_angle,images/2019-09-16-13-20-20/000246.png,labels/2019-09-16-13-20-20/000246.txt
2019-09-16-13-20-20_000247,2019-09-16-13-20-20,000247,train,range_angle,images/2019-09-16-13-20-20/000247.png,labels/2019-09-16-13-20-20/000247.txt
2019-09-16-13-20-20_000248,2019-09-16-13-20-20,000248,train,range_angle,images/2019-09-16-13-20-20/000248.png,labels/2019-09-16-13-20-20/000248.txt
2019-09-16-13-20-20_000249,2019-09-16-13-20-20,000249,train,range_angle,images/2019-09-16-13-20-20/000249.png,labels/2019-09-16-13-20-20/000249.txt
2019-09-16-13-20-20_000250,2019-09-16-13-20-20,000250,train,range_angle,images/2019-09-16-13-20-20/000250.png,labels/2019-09-16-13-20-20/000250.txt
2019-09-16-13-20-20_000251,2019-09-16-13-20-20,000251,train,range_angle,images/2019-09-16-13-20-20/000251.png,labels/2019-09-16-13-20-20/000251.txt
2019-09-16-13-20-20_000252,2019-09-16-13-20-20,000252,train,range_angle,images/2019-09-16-13-20-20/000252.png,labels/2019-09-16-13-20-20/000252.txt
2019-09-16-13-20-20_000253,2019-09-16-13-20-20,000253,train,range_angle,images/2019-09-16-13-20-20/000253.png,labels/2019-09-16-13-20-20/000253.txt
2019-09-16-13-20-20_000254,2019-09-16-13-20-20,000254,train,range_angle,images/2019-09-16-13-20-20/000254.png,labels/2019-09-16-13-20-20/000254.txt
2019-09-16-13-20-20_000255,2019-09-16-13-20-20,000255,train,range_angle,images/2019-09-16-13-20-20/000255.png,labels/2019-09-16-13-20-20/000255.txt
2019-09-16-13-20-20_000256,2019-09-16-13-20-20,000256,train,range_angle,images/2019-09-16-13-20-20/000256.png,labels/2019-09-16-13-20-20/000256.txt
2019-09-16-13-20-20_000257,2019-09-16-13-20-20,000257,train,range_angle,images/2019-09-16-13-20-20/000257.png,labels/2019-09-16-13-20-20/000257.txt
2019-09-16-13-20-20_000258,2019-09-16-13-20-20,000258,train,range_angle,images/2019-09-16-13-20-20/000258.png,labels/2019-09-16-13-20-20/000258.txt
