sample_id,sequence_id,frame_id,object_id,raw_label,class_id,class_name,bbox_source,image_source,image_path,label_path,notes
2019-09-16-12-52-12_000163,2019-09-16-12-52-12,000163,000004,3,2,car,range_angle.box,2019-09-16-12-52-12/range_angle_processed/000163.npy,images/2019-09-16-12-52-12/000163.png,labels/2019-09-16-12-52-12/000163.txt,
2019-09-16-12-52-12_000164,2019-09-16-12-52-12,000164,000004,3,2,car,range_angle.box,2019-09-16-12-52-12/range_angle_processed/000164.npy,images/2019-09-16-12-52-12/000164.png,labels/2019-09-16-12-52-12/000164.txt,
2019-09-16-12-52-12_000165,2019-09-16-12-52-12,000165,000004,3,2,car,range_angle.box,2019-09-16-12-52-12/range_angle_processed/000165.npy,images/2019-09-16-12-52-12/000165.png,labels/2019-09-16-12-52-12/000165.txt,
2019-09-16-12-52-12_000166,2019-09-16-12-52-12,000166,000004,3,2,car,range_angle.box,2019-09-16-12-52-12/range_angle_processed/000166.npy,images/2019-09-16-12-52-12/000166.png,labels/2019-09-16-12-52-12/000166.txt,
2019-09-16-12-52-12_000167,2019-09-16-12-52-12,000167,000004,3,2,car,range_angle.box,2019-09-16-12-52-12/range_angle_processed/000167.npy,images/2019-09-16-12-52-12/000167.png,labels/2019-09-16-12-52-12/000167.txt,
2019-09-16-12-52-12_000168,2019-09-16-12-52-12,000168,000004,3,2,car,range_angle.box,2019-09-16-12-52-12/range_angle_processed/000168.npy,images/2019-09-16-12-52-12/000168.png,labels/2019-09-16-12-52-12/000168.txt,
2019-09-16-12-52-12_000169,2019-09-16-12-52-12,000169,000004,3,2,car,range_angle.box,2019-09-16-12-52-12/range_angle_processed/000169.npy,images/2019-09-16-12-52-12/000169.png,labels/2019-09-16-12-52-12/000169.txt,
2019-09-16-12-52-12_000170,2019-09-16-12-52-12,000170,000004,3,2,car,range_angle.box,2019-09-16-12-52-12/range_angle_processed/000170.npy,images/2019-09-16-12-52-12/000170.png,labels/2019-09-16-12-52-12/000170.txt,
2019-09-16-12-52-12_000171,2019-09-16-12-52-12,000171,000004,3,2,car,range_angle.box,2019-09-16-12-52-12/range_angle_processed/000171.npy,images/2019-09-16-12-52-12/000171.png,labels/2019-09-16-12-52-12/000171.txt,
2019-09-16-12-52-12_000172,2019-09-16-12-52-12,000172,000004,3,2,car,range_angle.box,2019-09-16-12-52-12/range_angle_processed/000172.npy,images/2019-09-16-12-52-12/000172.png,labels/2019-09-16-12-52-12/000172.txt,
2019-09-16-12-52-12_000173,2019-09-16-12-52-12,000173,000004,3,2,car,range_angle.box,2019-09-16-12-52-12/range_angle_processed/000173.npy,images/2019-09-16-12-52-12/000173.png,labels/2019-09-16-12-52-12/000173.txt,
2019-09-16-12-52-12_000174,2019-09-16-12-52-12,000174,000004,3,2,car,range_angle.box,2019-09-16-12-52-12/range_angle_processed/000174.npy,images/2019-09-16-12-52-12/000174.png,labels/2019-09-16-12-52-12/000174.txt,
2019-09-16-12-52-12_000175,2019-09-16-12-52-12,000175,000004,3,2,car,range_angle.box,2019-09-16-12-52-12/range_angle_processed/000175.npy,images/2019-09-16-12-52-12/000175.png,labels/2019-09-16-12-52-12/000175.txt,
2019-09-16-12-52-12_000176,2019-09-16-12-52-12,000176,000004,3,2,car,range_angle.box,2019-09-16-12-52-12/range_angle_processed/000176.npy,images/2019-09-16-12-52-12/000176.png,labels/2019-09-16-12-52-12/000176.txt,
2019-09-16-12-52-12_000177,2019-09-16-12-52-12,000177,000004,3,2,car,range_angle.box,2019-09-16-12-52-12/range_angle_processed/000177.npy,images/2019-09-16-12-52-12/000177.png,labels/2019-09-16-12-52-12/000177.txt,
2019-09-16-12-52-12_000178,2019-09-16-12-52-12,000178,000004,3,2,car,range_angle.box,2019-09-16-12-52-12/range_angle_processed/000178.npy,images/2019-09-16-12-52-12/000178.png,labels/2019-09-16-12-52-12/000178.txt,
2019-09-16-12-52-12_000179,2019-09-16-12-52-12,000179,000004,3,2,car,range_angle.box,2019-09-16-12-52-12/range_angle_processed/000179.npy,images/2019-09-16-12-52-12/000179.png,labels/2019-09-16-12-52-12/000179.txt,
2019-09-16-12-52-12_000180,2019-09-16-12-52-12,000180,000004,3,2,car,range_angle.box,2019-09-16-12-52-12/range_angle_processed/000180.npy,images/2019-09-16-12-52-12/000180.png,labels/2019-09-16-12-52-12/000180.txt,
2019-09-16-12-52-12_000181,2019-09-16-12-52-12,000181,000004,3,2,car,range_angle.box,2019-09-16-12-52-12/range_angle_processed/000181.npy,images/2019-09-16-12-52-12/000181.png,labels/2019-09-16-12-52-12/000181.txt,
2019-09-16-12-52-12_000182,2019-09-16-12-52-12,000182,000004,3,2,car,range_angle.box,2019-09-16-12-52-12/range_angle_processed/000182.npy,images/2019-09-16-12-52-12/000182.png,labels/2019-09-16-12-52-12/000182.txt,
2019-09-16-12-52-12_000183,2019-09-16-12-52-12,000183,000004,3,2,car,range_angle.box,2019-09-16-12-52-12/range_angle_processed/000183.npy,images/2019-09-16-12-52-12/000183.png,labels/2019-09-16-12-52-12/000183.txt,
2019-09-16-12-52-12_000184,2019-09-16-12-52-12,000184,000004,3,2,car,range_angle.box,2019-09-16-12-52-12/range_angle_processed/000184.npy,images/2019-09-16-12-52-12/000184.png,labels/2019-09-16-12-52-12/000184.txt,
2019-09-16-12-52-12_000185,2019-09-16-12-52-12,000185,000004,3,2,car,range_angle.box,2019-09-16-12-52-12/range_angle_processed/000185.npy,images/2019-09-16-12-52-12/000185.png,labels/2019-09-16-12-52-12/000185.txt,
2019-09-16-12-52-12_000186,2019-09-16-12-52-12,000186,000004,3,2,car,range_angle.box,2019-09-16-12-52-12/range_angle_processed/000186.npy,images/2019-09-16-12-52-12/000186.png,labels/2019-09-16-12-52-12/000186.txt,
2019-09-16-12-52-12_000187,2019-09-16-12-52-12,000187,000004,3,2,car,range_angle.box,2019-09-16-12-52-12/range_angle_processed/000187.npy,images/2019-09-16-12-52-12/000187.png,labels/2019-09-16-12-52-12/000187.txt,
2019-09-16-12-52-12_000188,2019-09-16-12-52-12,000188,000004,3,2,car,range_angle.box,2019-09-16-12-52-12/range_angle_processed/000188.npy,images/2019-09-16-12-52-12/000188.png,labels/2019-09-16-12-52-12/000188.txt,
2019-09-16-12-52-12_000189,2019-09-16-12-52-12,000189,000004,3,2,car,range_angle.box,2019-09-16-12-52-12/range_angle_processed/000189.npy,images/2019-09-16-12-52-12/000189.png,labels/2019-09-16-12-52-12/000189.txt,
2019-09-16-12-52-12_000190,2019-09-16-12-52-12,000190,000004,3,2,car,range_angle.box,2019-09-16-12-52-12/range_angle_processed/000190.npy,images/2019-09-16-12-52-12/000190.png,labels/2019-09-16-12-52-12/000190.txt,
2019-09-16-12-52-12_000191,2019-09-16-12-52-12,000191,000004,3,2,car,range_angle.box,2019-09-16-12-52-12/range_angle_processed/000191.npy,images/2019-09-16-12-52-12/000191.png,labels/2019-09-16-12-52-12/000191.txt,
2019-09-16-12-52-12_000192,2019-09-16-12-52-12,000192,000004,3,2,car,range_angle.box,2019-09-16-12-52-12/range_angle_processed/000192.npy,images/2019-09-16-12-52-12/000192.png,labels/2019-09-16-12-52-12/000192.txt,
2019-09-16-12-52-12_000193,2019-09-16-12-52-12,000193,000004,3,2,car,range_angle.box,2019-09-16-12-52-12/range_angle_processed/000193.npy,images/2019-09-16-12-52-12/000193.png,labels/2019-09-16-12-52-12/000193.txt,
2019-09-16-12-52-12_000194,2019-09-16-12-52-12,000194,000004,3,2,car,range_angle.box,2019-09-16-12-52-12/range_angle_processed/000194.npy,images/2019-09-16-12-52-12/000194.png,labels/2019-09-16-12-52-12/000194.txt,
2019-09-16-12-52-12_000195,2019-09-16-12-52-12,000195,000004,3,2,car,range_angle.box,2019-09-16-12-52-12/range_angle_processed/000195.npy,images/2019-09-16-12-52-12/000195.png,labels/2019-09-16-12-52-12/000195.txt,
2019-09-16-12-52-12_000196,2019-09-16-12-52-12,000196,000004,3,2,car,range_angle.box,2019-09-16-12-52-12/range_angle_processed/000196.npy,images/2019-09-16-12-52-12/000196.png,labels/2019-09-16-12-52-12/000196.txt,
2019-09-16-12-52-12_000197,2019-09-16-12-52-12,000197,000004,3,2,car,range_angle.box,2019-09-16-12-52-12/range_angle_processed/000197.npy,images/2019-09-16-12-52-12/000197.png,labels/2019-09-16-12-52-12/000197.txt,
2019-09-16-12-52-12_000198,2019-09-16-12-52-12,000198,000004,3,2,car,range_angle.box,2019-09-16-12-52-12/range_angle_processed/000198.npy,images/2019-09-16-12-52-12/000198.png,labels/2019-09-16-12-52-12/000198.txt,
2019-09-16-12-52-12_000199,2019-09-16-12-52-12,000199,000004,3,2,car,range_angle.box,2019-09-16-12-52-12/range_angle_processed/000199.npy,images/2019-09-16-12-52-12/000199.png,labels/2019-09-16-12-52-12/000199.txt,
2019-09-16-12-52-12_000200,2019-09-16-12-52-12,000200,000004,3,2,car,range_angle.box,2019-09-16-12-52-12/range_angle_processed/000200.npy,images/2019-09-16-12-52-12/000200.png,labels/2019-09-16-12-52-12/000200.txt,
2019-09-16-12-52-12_000201,2019-09-16-12-52-12,000201,000004,3,2,car,range_angle.box,2019-09-16-12-52-12/range_angle_processed/000201.npy,images/2019-09-16-12-52-12/000201.png,labels/2019-09-16-12-52-12/000201.txt,
2019-09-16-12-52-12_000202,2019-09-16-12-52-12,000202,000004,3,2,car,range_angle.box,2019-09-16-12-52-12/range_angle_processed/000202.npy,images/2019-09-16-12-52-12/000202.png,labels/2019-09-16-12-52-12/000202.txt,
2019-09-16-12-52-12_000203,2019-09-16-12-52-12,000203,000004,3,2,car,range_angle.box,2019-09-16-12-52-12/range_angle_processed/000203.npy,images/2019-09-16-12-52-12/000203.png,labels/2019-09-16-12-52-12/000203.txt,
2019-09-16-12-52-12_000204,2019-09-16-12-52-12,000204,000004,3,2,car,range_angle.box,2019-09-16-12-52-12/range_angle_processed/000204.npy,images/2019-09-16-12-52-12/000204.png,labels/2019-09-16-12-52-12/000204.txt,
2019-09-16-12-52-12_000205,2019-09-16-12-52-12,000205,000004,3,2,car,range_angle.box,2019-09-16-12-52-12/range_angle_processed/000205.npy,images/2019-09-16-12-52-12/000205.png,labels/2019-09-16-12-52-12/000205.txt,
2019-09-16-12-52-12_000206,2019-09-16-12-52-12,000206,000004,3,2,car,range_angle.box,2019-09-16-12-52-12/range_angle_processed/000206.npy,images/2019-09-16-12-52-12/000206.png,labels/2019-09-16-12-52-12/000206.txt,
2019-09-16-12-52-12_000207,2019-09-16-12-52-12,000207,000004,3,2,car,range_angle.box,2019-09-16-12-52-12/range_angle_processed/000207.npy,images/2019-09-16-12-52-12/000207.png,labels/2019-09-16-12-52-12/000207.txt,
2019-09-16-12-52-12_000208,2019-09-16-12-52-12,000208,000004,3,2,car,range_angle.box,2019-09-16-12-52-12/range_angle_processed/000208.npy,images/2019-09-16-12-52-12/000208.png,labels/2019-09-16-12-52-12/000208.txt,
2019-09-16-12-52-12_000209,2019-09-16-12-52-12,000209,000004,3,2,car,range_angle.box,2019-09-16-12-52-12/range_angle_processed/000209.npy,images/2019-09-16-12-52-12/000209.png,labels/2019-09-16-12-52-12/000209.txt,
2019-09-16-12-52-12_000210,2019-09-16-12-52-12,000210,000004,3,2,car,range_angle.box,2019-09-16-12-52-12/range_angle_processed/000210.npy,images/2019-09-16-12-52-12/000210.png,labels/2019-09-16-12-52-12/000210.txt,
2019-09-16-12-52-12_000211,2019-09-16-12-52-12,000211,000004,3,2,car,range_angle.box,2019-09-16-12-52-12/range_angle_processed/000211.npy,images/2019-09-16-12-52-12/000211.png,labels/2019-09-16-12-52-12/000211.txt,
2019-09-16-12-52-12_000212,2019-09-16-12-52-12,000212,000004,3,2,car,range_angle.box,2019-09-16-12-52-12/range_angle_processed/000212.npy,images/2019-09-16-12-52-12/000212.png,labels/2019-09-16-12-52-12/000212.txt,
2019-09-16-12-52-12_000213,2019-09-16-12-52-12,000213,000004,3,2,car,range_angle.box,2019-09-16-12-52-12/range_angle_processed/000213.npy,images/2019-09-16-12-52-12/000213.png,labels/2019-09-16-12-52-12/000213.txt,
2019-09-16-12-52-12_000214,2019-09-16-12-52-12,000214,000004,3,2,car,range_angle.box,2019-09-16-12-52-12/range_angle_processed/000214.npy,images/2019-09-16-12-52-12/000214.png,labels/2019-09-16-12-52-12/000214.txt,
2019-09-16-12-52-12_000215,2019-09-16-12-52-12,000215,000004,3,2,car,range_angle.box,2019-09-16-12-52-12/range_angle_processed/000215.npy,images/2019-09-16-12-52-12/000215.png,labels/2019-09-16-12-52-12/000215.txt,
2019-09-16-12-52-12_000216,2019-09-16-12-52-12,000216,000004,3,2,car,range_angle.box,2019-09-16-12-52-12/range_angle_processed/000216.npy,images/2019-09-16-12-52-12/000216.png,labels/2019-09-16-12-52-12/000216.txt,
2019-09-16-12-52-12_000491,2019-09-16-12-52-12,000491,000025,3,2,car,range_angle.box,2019-09-16-12-52-12/range_angle_processed/000491.npy,images/2019-09-16-12-52-12/000491.png,labels/2019-09-16-12-52-12/000491.txt,
2019-09-16-12-52-12_000492,2019-09-16-12-52-12,000492,000025,3,2,car,range_angle.box,2019-09-16-12-52-12/range_angle_processed/000492.npy,images/2019-09-16-12-52-12/000492.png,labels/2019-09-16-12-52-12/000492.txt,
2019-09-16-12-52-12_000493,2019-09-16-12-52-12,000493,000025,3,2,car,range_angle.box,2019-09-16-12-52-12/range_angle_processed/000493.npy,images/2019-09-16-12-52-12/000493.png,labels/2019-09-16-12-52-12/000493.txt,
2019-09-16-12-52-12_000494,2019-09-16-12-52-12,000494,000025,3,2,car,range_angle.box,2019-09-16-12-52-12/range_angle_processed/000494.npy,images/2019-09-16-12-52-12/000494.png,labels/2019-09-16-12-52-12/000494.txt,
2019-09-16-12-52-12_000495,2019-09-16-12-52-12,000495,000025,3,2,car,range_angle.box,2019-09-16-12-52-12/range_angle_processed/000495.npy,images/2019-09-16-12-52-12/000495.png,labels/2019-09-16-12-52-12/000495.txt,
2019-09-16-12-52-12_000496,2019-09-16-12-52-12,000496,000025,3,2,car,range_angle.box,2019-09-16-12-52-12/range_angle_processed/000496.npy,images/2019-09-16-12-52-12/000496.png,labels/2019-09-16-12-52-12/000496.txt,
2019-09-16-12-52-12_000497,2019-09-16-12-52-12,000497,000025,3,2,car,range_angle.box,2019-09-16-12-52-12/range_angle_processed/000497.npy,images/2019-09-16-12-52-12/000497.png,labels/2019-09-16-12-52-12/000497.txt,
2019-09-16-12-52-12_000498,2019-09-16-12-52-12,000498,000025,3,2,car,range_angle.box,2019-09-16-12-52-12/range_angle_processed/000498.npy,images/2019-09-16-12-52-12/000498.png,labels/2019-09-16-12-52-12/000498.txt,
2019-09-16-12-52-12_000499,2019-09-16-12-52-12,000499,000025,3,2,car,range_angle.box,2019-09-16-12-52-12/range_angle_processed/000499.npy,images/2019-09-16-12-52-12/000499.png,labels/2019-09-16-12-52-12/000499.txt,
2019-09-16-12-52-12_000500,2019-09-16-12-52-12,000500,000025,3,2,car,range_angle.box,2019-09-16-12-52-12/range_angle_processed/000500.npy,images/2019-09-16-12-52-12/000500.png,labels/2019-09-16-12-52-12/000500.txt,
2019-09-16-12-52-12_000501,2019-09-16-12-52-12,000501,000025,3,2,car,range_angle.box,2019-09-16-12-52-12/range_angle_processed/000501.npy,images/2019-09-16-12-52-12/000501.png,labels/2019-09-16-12-52-12/000501.txt,
2019-09-16-12-52-12_000502,2019-09-16-12-52-12,000502,000025,3,2,car,range_angle.box,2019-09-16-12-52-12/range_angle_processed/000502.npy,images/2019-09-16-12-52-12/000502.png,labels/2019-09-16-12-52-12/000502.txt,
2019-09-16-12-52-12_000503,2019-09-16-12-52-12,000503,000025,3,2,car,range_angle.box,2019-09-16-12-52-12/range_angle_processed/000503.npy,images/2019-09-16-12-52-12/000503.png,labels/2019-09-16-12-52-12/000503.txt,
2019-09-16-12-52-12_000504,2019-09-16-12-52-12,000504,000025,3,2,car,range_angle.box,2019-09-16-12-52-12/range_angle_processed/000504.npy,images/2019-09-16-12-52-12/000504.png,labels/2019-09-16-12-52-12/000504.txt,
2019-09-16-12-52-12_000505,2019-09-16-12-52-12,000505,000025,3,2,car,range_angle.box,2019-09-16-12-52-12/range_angle_processed/000505.npy,images/2019-09-16-12-52-12/000505.png,labels/2019-09-16-12-52-12/000505.txt,
2019-09-16-12-52-12_000506,2019-09-16-12-52-12,000506,000025,3,2,car,range_angle.box,2019-09-16-12-52-12/range_angle_processed/000506.npy,images/2019-09-16-12-52-12/000506.png,labels/2019-09-16-12-52-12/000506.txt,
2019-09-16-12-52-12_000507,2019-09-16-12-52-12,000507,000025,3,2,car,range_angle.box,2019-09-16-12-52-12/range_angle_processed/000507.npy,images/2019-09-16-12-52-12/000507.png,labels/2019-09-16-12-52-12/000507.txt,
2019-09-16-12-52-12_000508,2019-09-16-12-52-12,000508,000025,3,2,car,range_angle.box,2019-09-16-12-52-12/range_angle_processed/000508.npy,images/2019-09-16-12-52-12/000508.png,labels/2019-09-16-12-52-12/000508.txt,
2019-09-16-12-52-12_000509,2019-09-16-12-52-12,000509,000025,3,2,car,range_angle.box,2019-09-16-12-52-12/range_angle_processed/000509.npy,images/2019-09-16-12-52-12/000509.png,labels/2019-09-16-12-52-12/000509.txt,
2019-09-16-12-52-12_000510,2019-09-16-12-52-12,000510,000025,3,2,car,range_angle.box,2019-09-16-12-52-12/range_angle_processed/000510.npy,images/2019-09-16-12-52-12/000510.png,labels/2019-09-16-12-52-12/000510.txt,
2019-09-16-12-52-12_000511,2019-09-16-12-52-12,000511,000025,3,2,car,range_angle.box,2019-09-16-12-52-12/range_angle_processed/000511.npy,images/2019-09-16-12-52-12/000511.png,labels/2019-09-16-12-52-12/000511.txt,
2019-09-16-12-52-12_000512,2019-09-16-12-52-12,000512,000025,3,2,car,range_angle.box,2019-09-16-12-52-12/range_angle_processed/000512.npy,images/2019-09-16-12-52-12/000512.png,labels/2019-09-16-12-52-12/000512.txt,
2019-09-16-12-52-12_000513,2019-09-16-12-52-12,000513,000025,3,2,car,range_angle.box,2019-09-16-12-52-12/range_angle_processed/000513.npy,images/2019-09-16-12-52-12/000513.png,labels/2019-09-16-12-52-12/000513.txt,
2019-09-16-12-52-12_000514,2019-09-16-12-52-12,000514,000025,3,2,car,range_angle.box,2019-09-16-12-52-12/range_angle_processed/000514.npy,images/2019-09-16-12-52-12/000514.png,labels/2019-09-16-12-52-12/000514.txt,
2019-09-16-12-52-12_000515,2019-09-16-12-52-12,000515,000025,3,2,car,range_angle.box,2019-09-16-12-52-12/range_angle_processed/000515.npy,images/2019-09-16-12-52-12/000515.png,labels/2019-09-16-12-52-12/000515.txt,
2019-09-16-12-52-12_000516,2019-09-16-12-52-12,000516,000025,3,2,car,range_angle.box,2019-09-16-12-52-12/range_angle_processed/000516.npy,images/2019-09-16-12-52-12/000516.png,labels/2019-09-16-12-52-12/000516.txt,
2019-09-16-12-52-12_000517,2019-09-16-12-52-12,000517,000025,3,2,car,range_angle.box,2019-09-16-12-52-12/range_angle_processed/000517.npy,images/2019-09-16-12-52-12/000517.png,labels/2019-09-16-12-52-12/000517.txt,
2019-09-16-12-52-12_000518,2019-09-16-12-52-12,000518,000025,3,2,car,range_angle.box,2019-09-16-12-52-12/range_angle_processed/000518.npy,images/2019-09-16-12-52-12/000518.png,labels/2019-09-16-12-52-12/000518.txt,
2019-09-16-12-52-12_000519,2019-09-16-12-52-12,000519,000025,3,2,car,range_angle.box,2019-09-16-12-52-12/range_angle_processed/000519.npy,images/2019-09-16-12-52-12/000519.png,labels/2019-09-16-12-52-12/000519.txt,
2019-09-16-12-52-12_000520,2019-09-16-12-52-12,000520,000025,3,2,car,range_angle.box,2019-09-16-12-52-12/range_angle_processed/000520.npy,images/2019-09-16-12-52-12/000520.png,labels/2019-09-16-12-52-12/000520.txt,
2019-09-16-12-52-12_000521,2019-09-16-12-52-12,000521,000025,3,2,car,range_angle.box,2019-09-16-12-52-12/range_angle_processed/000521.npy,images/2019-09-16-12-52-12/000521.png,labels/2019-09-16-12-52-12/000521.txt,
2019-09-16-12-52-12_000522,2019-09-16-12-52-12,000522,000025,3,2,car,range_angle.box,2019-09-16-12-52-12/range_angle_processed/000522.npy,images/2019-09-16-12-52-12/000522.png,labels/2019-09-16-12-52-12/000522.txt,
2019-09-16-12-52-12_000523,2019-09-16-12-52-12,000523,000025,3,2,car,range_angle.box,2019-09-16-12-52-12/range_angle_processed/000523.npy,images/2019-09-16-12-52-12/000523.png,labels/2019-09-16-12-52-12/000523.txt,
2019-09-16-12-52-12_000524,2019-09-16-12-52-12,000524,000025,3,2,car,range_angle.box,2019-09-16-12-52-12/range_angle_processed/000524.npy,images/2019-09-16-12-52-12/000524.png,labels/2019-09-16-12-52-12/000524.txt,
2019-09-16-12-52-12_000525,2019-09-16-12-52-12,000525,000025,3,2,car,range_angle.box,2019-09-16-12-52-12/range_angle_processed/000525.npy,images/2019-09-16-12-52-12/000525.png,labels/2019-09-16-12-52-12/000525.txt,
2019-09-16-12-52-12_000526,2019-09-16-12-52-12,000526,000025,3,2,car,range_angle.box,2019-09-16-12-52-12/range_angle_processed/000526.npy,images/2019-09-16-12-52-12/000526.png,labels/2019-09-16-12-52-12/000526.txt,
2019-09-16-12-52-12_000527,2019-09-16-12-52-12,000527,000025,3,2,car,range_angle.box,2019-09-16-12-52-12/range_angle_processed/000527.npy,images/2019-09-16-12-52-12/000527.png,labels/2019-09-16-12-52-12/000527.txt,
2019-09-16-12-52-12_000528,2019-09-16-12-52-12,000528,000025,3,2,car,range_angle.box,2019-09-16-12-52-12/range_angle_processed/000528.npy,images/2019-09-16-12-52-12/000528.png,labels/2019-09-16-12-52-12/000528.txt,
2019-09-16-12-52-12_000529,2019-09-16-12-52-12,000529,000025,3,2,car,range_angle.box,2019-09-16-12-52-12/range_angle_processed/000529.npy,images/2019-09-16-12-52-12/000529.png,labels/2019-09-16-12-52-12/000529.txt,
2019-09-16-12-52-12_000530,2019-09-16-12-52-12,000530,000025,3,2,car,range_angle.box,2019-09-16-12-52-12/range_angle_processed/000530.npy,images/2019-09-16-12-52-12/000530.png,labels/2019-09-16-12-52-12/000530.txt,
2019-09-16-12-52-12_000531,2019-09-16-12-52-12,000531,000025,3,2,car,range_angle.box,2019-09-16-12-52-12/range_angle_processed/000531.npy,images/2019-09-16-12-52-12/000531.png,labels/2019-09-16-12-52-12/000531.txt,
2019-09-16-12-52-12_000532,2019-09-16-12-52-12,000532,000025,3,2,car,range_angle.box,2019-09-16-12-52-12/range_angle_processed/000532.npy,images/2019-09-16-12-52-12/000532.png,labels/2019-09-16-12-52-12/000532.txt,
2019-09-16-12-52-12_000533,2019-09-16-12-52-12,000533,000025,3,2,car,range_angle.box,2019-09-16-12-52-12/range_angle_processed/000533.npy,images/2019-09-16-12-52-12/000533.png,labels/2019-09-16-12-52-12/000533.txt,
2019-09-16-12-52-12_000534,2019-09-16-12-52-12,000534,000025,3,2,car,range_angle.box,2019-09-16-12-52-12/range_angle_processed/000534.npy,images/2019-09-16-12-52-12/000534.png,labels/2019-09-16-12-52-12/000534.txt,
2019-09-16-12-52-12_000535,2019-09-16-12-52-12,000535,000025,3,2,car,range_angle.box,2019-09-16-12-52-12/range_angle_processed/000535.npy,images/2019-09-16-12-52-12/000535.png,labels/2019-09-16-12-52-12/000535.txt,
2019-09-16-12-52-12_000536,2019-09-16-12-52-12,000536,000025,3,2,car,range_angle.box,2019-09-16-12-52-12/range_angle_processed/000536.npy,images/2019-09-16-12-52-12/000536.png,labels/2019-09-16-12-52-12/000536.txt,
2019-09-16-12-52-12_000537,2019-09-16-12-52-12,000537,000025,3,2,car,range_angle.box,2019-09-16-12-52-12/range_angle_processed/000537.npy,images/2019-09-16-12-52-12/000537.png,labels/2019-09-16-12-52-12/000537.txt,
2019-09-16-12-52-12_000538,2019-09-16-12-52-12,000538,000025,3,2,car,range_angle.box,2019-09-16-12-52-12/range_angle_processed/000538.npy,images/2019-09-16-12-52-12/000538.png,labels/2019-09-16-12-52-12/000538.txt,
2019-09-16-12-52-12_000539,2019-09-16-12-52-12,000539,000025,3,2,car,range_angle.box,2019-09-16-12-52-12/range_angle_processed/000539.npy,images/2019-09-16-12-52-12/000539.png,labels/2019-09-16-12-52-12/000539.txt,
2019-09-16-12-52-12_000540,2019-09-16-12-52-12,000540,000025,3,2,car,range_angle.box,2019-09-16-12-52-12/range_angle_processed/000540.npy,images/2019-09-16-12-52-12/000540.png,labels/2019-09-16-12-52-12/000540.txt,
2019-09-16-12-52-12_000541,2019-09-16-12-52-12,000541,000025,3,2,car,range_angle.box,2019-09-16-12-52-12/range_angle_processed/000541.npy,images/2019-09-16-12-52-12/000541.png,labels/2019-09-16-12-52-12/000541.txt,
2019-09-16-12-52-12_000542,2019-09-16-12-52-12,000542,000025,3,2,car,range_angle.box,2019-09-16-12-52-12/range_angle_processed/000542.npy,images/2019-09-16-12-52-12/000542.png,labels/2019-09-16-12-52-12/000542.txt,
2019-09-16-12-52-12_000543,2019-09-16-12-52-12,000543,000025,3,2,car,range_angle.box,2019-09-16-12-52-12/range_angle_processed/000543.npy,images/2019-09-16-12-52-12/000543.png,labels/2019-09-16-12-52-12/000543.txt,
2019-09-16-12-52-12_000544,2019-09-16-12-52-12,000544,000025,3,2,car,range_angle.box,2019-09-16-12-52-12/range_angle_processed/000544.npy,images/2019-09-16-12-52-12/000544.png,labels/2019-09-16-12-52-12/000544.txt,
2019-09-16-12-52-12_000545,2019-09-16-12-52-12,000545,000025,3,2,car,range_angle.box,2019-09-16-12-52-12/range_angle_processed/000545.npy,images/2019-09-16-12-52-12/000545.png,labels/2019-09-16-12-52-12/000545.txt,
2019-09-16-12-52-12_000546,2019-09-16-12-52-12,000546,000025,3,2,car,range_angle.box,2019-09-16-12-52-12/range_angle_processed/000546.npy,images/2019-09-16-12-52-12/000546.png,labels/2019-09-16-12-52-12/000546.txt,
2019-09-16-12-52-12_000547,2019-09-16-12-52-12,000547,000025,3,2,car,range_angle.box,2019-09-16-12-52-12/range_angle_processed/000547.npy,images/2019-09-16-12-52-12/000547.png,labels/2019-09-16-12-52-12/000547.txt,
2019-09-16-12-52-12_000548,2019-09-16-12-52-12,000548,000025,3,2,car,range_angle.box,2019-09-16-12-52-12/range_angle_processed/000548.npy,images/2019-09-16-12-52-12/000548.png,labels/2019-09-16-12-52-12/000548.txt,
2019-09-16-12-52-12_000549,2019-09-16-12-52-12,000549,000025,3,2,car,range_angle.box,2019-09-16-12-52-12/range_angle_processed/000549.npy,images/2019-09-16-12-52-12/000549.png,labels/2019-09-16-12-52-12/000549.txt,
2019-09-16-12-52-12_000550,2019-09-16-12-52-12,000550,000025,3,2,car,range_angle.box,2019-09-16-12-52-12/range_angle_processed/000550.npy,images/2019-09-16-12-52-12/000550.png,labels/2019-09-16-12-52-12/000550.txt,
2019-09-16-12-52-12_000551,2019-09-16-12-52-12,000551,000025,3,2,car,range_angle.box,2019-09-16-12-52-12/range_angle_processed/000551.npy,images/2019-09-16-12-52-12/000551.png,labels/2019-09-16-12-52-12/000551.txt,
2019-09-16-12-52-12_000552,2019-09-16-12-52-12,000552,000025,3,2,car,range_angle.box,2019-09-16-12-52-12/range_angle_processed/000552.npy,images/2019-09-16-12-52-12/000552.png,labels/2019-09-16-12-52-12/000552.txt,
2019-09-16-12-52-12_000553,2019-09-16-12-52-12,000553,000025,3,2,car,range_angle.box,2019-09-16-12-52-12/range_angle_processed/000553.npy,images/2019-09-16-12-52-12/000553.png,labels/2019-09-16-12-52-12/000553.txt,
2019-09-16-12-52-12_000554,2019-09-16-12-52-12,000554,000025,3,2,car,range_angle.box,2019-09-16-12-52-12/range_angle_processed/000554.npy,images/2019-09-16-12-52-12/000554.png,labels/2019-09-16-12-52-12/000554.txt,
2019-09-16-12-52-12_000555,2019-09-16-12-52-12,000555,000025,3,2,car,range_angle.box,2019-09-16-12-52-12/range_angle_processed/000555.npy,images/2019-09-16-12-52-12/000555.png,labels/2019-09-16-12-52-12/000555.txt,
2019-09-16-12-52-12_000556,2019-09-16-12-52-12,000556,000025,3,2,car,range_angle.box,2019-09-16-12-52-12/range_angle_processed/000556.npy,images/2019-09-16-12-52-12/000556.png,labels/2019-09-16-12-52-12/000556.txt,
2019-09-16-12-52-12_000557,2019-09-16-12-52-12,000557,000025,3,2,car,range_angle.box,2019-09-16-12-52-12/range_angle_processed/000557.npy,images/2019-09-16-12-52-12/000557.png,labels/2019-09-16-12-52-12/000557.txt,
2019-09-16-12-52-12_000558,2019-09-16-12-52-12,000558,000025,3,2,car,range_angle.box,2019-09-16-12-52-12/range_angle_processed/000558.npy,images/2019-09-16-12-52-12/000558.png,labels/2019-09-16-12-52-12/000558.txt,
2019-09-16-12-52-12_000559,2019-09-16-12-52-12,000559,000025,3,2,car,range_angle.box,2019-09-16-12-52-12/range_angle_processed/000559.npy,images/2019-09-16-12-52-12/000559.png,labels/2019-09-16-12-52-12/000559.txt,
2019-09-16-12-52-12_000560,2019-09-16-12-52-12,000560,000025,3,2,car,range_angle.box,2019-09-16-12-52-12/range_angle_processed/000560.npy,images/2019-09-16-12-52-12/000560.png,labels/2019-09-16-12-52-12/000560.txt,
2019-09-16-12-52-12_000561,2019-09-16-12-52-12,000561,000025,3,2,car,range_angle.box,2019-09-16-12-52-12/range_angle_processed/000561.npy,images/2019-09-16-12-52-12/000561.png,labels/2019-09-16-12-52-12/000561.txt,
2019-09-16-12-52-12_000562,2019-09-16-12-52-12,000562,000025,3,2,car,range_angle.box,2019-09-16-12-52-12/range_angle_processed/000562.npy,images/2019-09-16-12-52-12/000562.png,labels/2019-09-16-12-52-12/000562.txt,
2019-09-16-12-52-12_000563,2019-09-16-12-52-12,000563,000025,3,2,car,range_angle.box,2019-09-16-12-52-12/range_angle_processed/000563.npy,images/2019-09-16-12-52-12/000563.png,labels/2019-09-16-12-52-12/000563.txt,
2019-09-16-12-52-12_000564,2019-09-16-12-52-12,000564,000025,3,2,car,range_angle.box,2019-09-16-12-52-12/range_angle_processed/000564.npy,images/2019-09-16-12-52-12/000564.png,labels/2019-09-16-12-52-12/000564.txt,
2019-09-16-12-52-12_000565,2019-09-16-12-52-12,000565,000025,3,2,car,range_angle.box,2019-09-16-12-52-12/range_angle_processed/000565.npy,images/2019-09-16-12-52-12/000565.png,labels/2019-09-16-12-52-12/000565.txt,
2019-09-16-12-52-12_000566,2019-09-16-12-52-12,000566,000025,3,2,car,range_angle.box,2019-09-16-12-52-12/range_angle_processed/000566.npy,images/2019-09-16-12-52-12/000566.png,labels/2019-09-16-12-52-12/000566.txt,
2019-09-16-12-52-12_000567,2019-09-16-12-52-12,000567,000025,3,2,car,range_angle.box,2019-09-16-12-52-12/range_angle_processed/000567.npy,images/2019-09-16-12-52-12/000567.png,labels/2019-09-16-12-52-12/000567.txt,
2019-09-16-12-52-12_000568,2019-09-16-12-52-12,000568,000025,3,2,car,range_angle.box,2019-09-16-12-52-12/range_angle_processed/000568.npy,images/2019-09-16-12-52-12/000568.png,labels/2019-09-16-12-52-12/000568.txt,
2019-09-16-12-52-12_000569,2019-09-16-12-52-12,000569,000025,3,2,car,range_angle.box,2019-09-16-12-52-12/range_angle_processed/000569.npy,images/2019-09-16-12-52-12/000569.png,labels/2019-09-16-12-52-12/000569.txt,
2019-09-16-12-52-12_000570,2019-09-16-12-52-12,000570,000025,3,2,car,range_angle.box,2019-09-16-12-52-12/range_angle_processed/000570.npy,images/2019-09-16-12-52-12/000570.png,labels/2019-09-16-12-52-12/000570.txt,
2019-09-16-12-52-12_000571,2019-09-16-12-52-12,000571,000025,3,2,car,range_angle.box,2019-09-16-12-52-12/range_angle_processed/000571.npy,images/2019-09-16-12-52-12/000571.png,labels/2019-09-16-12-52-12/000571.txt,
2019-09-16-12-52-12_000572,2019-09-16-12-52-12,000572,000025,3,2,car,range_angle.box,2019-09-16-12-52-12/range_angle_processed/000572.npy,images/2019-09-16-12-52-12/000572.png,labels/2019-09-16-12-52-12/000572.txt,
2019-09-16-12-52-12_000573,2019-09-16-12-52-12,000573,000025,3,2,car,range_angle.box,2019-09-16-12-52-12/range_angle_processed/000573.npy,images/2019-09-16-12-52-12/000573.png,labels/2019-09-16-12-52-12/000573.txt,
2019-09-16-12-52-12_000574,2019-09-16-12-52-12,000574,000025,3,2,car,range_angle.box,2019-09-16-12-52-12/range_angle_processed/000574.npy,images/2019-09-16-12-52-12/000574.png,labels/2019-09-16-12-52-12/000574.txt,
2019-09-16-12-52-12_000575,2019-09-16-12-52-12,000575,000025,3,2,car,range_angle.box,2019-09-16-12-52-12/range_angle_processed/000575.npy,images/2019-09-16-12-52-12/000575.png,labels/2019-09-16-12-52-12/000575.txt,
2019-09-16-12-52-12_000576,2019-09-16-12-52-12,000576,000025,3,2,car,range_angle.box,2019-09-16-12-52-12/range_angle_processed/000576.npy,images/2019-09-16-12-52-12/000576.png,labels/2019-09-16-12-52-12/000576.txt,
2019-09-16-12-52-12_000577,2019-09-16-12-52-12,000577,000025,3,2,car,range_angle.box,2019-09-16-12-52-12/range_angle_processed/000577.npy,images/2019-09-16-12-52-12/000577.png,labels/2019-09-16-12-52-12/000577.txt,
2019-09-16-12-52-12_000578,2019-09-16-12-52-12,000578,000025,3,2,car,range_angle.box,2019-09-16-12-52-12/range_angle_processed/000578.npy,images/2019-09-16-12-52-12/000578.png,labels/2019-09-16-12-52-12/000578.txt,
2019-09-16-12-52-12_000579,2019-09-16-12-52-12,000579,000025,3,2,car,range_angle.box,2019-09-16-12-52-12/range_angle_processed/000579.npy,images/2019-09-16-12-52-12/000579.png,labels/2019-09-16-12-52-12/000579.txt,
2019-09-16-12-52-12_000580,2019-09-16-12-52-12,000580,000025,3,2,car,range_angle.box,2019-09-16-12-52-12/range_angle_processed/000580.npy,images/2019-09-16-12-52-12/000580.png,labels/2019-09-16-12-52-12/000580.txt,
2019-09-16-12-52-12_000581,2019-09-16-12-52-12,000581,000025,3,2,car,range_angle.box,2019-09-16-12-52-12/range_angle_processed/000581.npy,images/2019-09-16-12-52-12/000581.png,labels/2019-09-16-12-52-12/000581.txt,
2019-09-16-12-52-12_000582,2019-09-16-12-52-12,000582,000025,3,2,car,range_angle.box,2019-09-16-12-52-12/range_angle_processed/000582.npy,images/2019-09-16-12-52-12/000582.png,labels/2019-09-16-12-52-12/000582.txt,
2019-09-16-12-52-12_000863,2019-09-16-12-52-12,000863,000043,3,2,car,range_angle.box,2019-09-16-12-52-12/range_angle_processed/000863.npy,images/2019-09-16-12-52-12/000863.png,labels/2019-09-16-12-52-12/000863.txt,
2019-09-16-12-52-12_000864,2019-09-16-12-52-12,000864,000043,3,2,car,range_angle.box,2019-09-16-12-52-12/range_angle_processed/000864.npy,images/2019-09-16-12-52-12/000864.png,labels/2019-09-16-12-52-12/000864.txt,
2019-09-16-12-52-12_000865,2019-09-16-12-52-12,000865,000043,3,2,car,range_angle.box,2019-09-16-12-52-12/range_angle_processed/000865.npy,images/2019-09-16-12-52-12/000865.png,labels/2019-09-16-12-52-12/000865.txt,
2019-09-16-12-52-12_000866,2019-09-16-12-52-12,000866,000043,3,2,car,range_angle.box,2019-09-16-12-52-12/range_angle_processed/000866.npy,images/2019-09-16-12-52-12/000866.png,labels/2019-09-16-12-52-12/000866.txt,
2019-09-16-12-52-12_000867,2019-09-16-12-52-12,000867,000043,3,2,car,range_angle.box,2019-09-16-12-52-12/range_angle_processed/000867.npy,images/2019-09-16-12-52-12/000867.png,labels/2019-09-16-12-52-12/000867.txt,
2019-09-16-12-52-12_000868,2019-09-16-12-52-12,000868,000043,3,2,car,range_angle.box,2019-09-16-12-52-12/range_angle_processed/000868.npy,images/2019-09-16-12-52-12/000868.png,labels/2019-09-16-12-52-12/000868.txt,
2019-09-16-12-52-12_000869,2019-09-16-12-52-12,000869,000043,3,2,car,range_angle.box,2019-09-16-12-52-12/range_angle_processed/000869.npy,images/2019-09-16-12-52-12/000869.png,labels/2019-09-16-12-52-12/000869.txt,
2019-09-16-12-52-12_000870,2019-09-16-12-52-12,000870,000043,3,2,car,range_angle.box,2019-09-16-12-52-12/range_angle_processed/000870.npy,images/2019-09-16-12-52-12/000870.png,labels/2019-09-16-12-52-12/000870.txt,
2019-09-16-12-52-12_000871,2019-09-16-12-52-12,000871,000043,3,2,car,range_angle.box,2019-09-16-12-52-12/range_angle_processed/000871.npy,images/2019-09-16-12-52-12/000871.png,labels/2019-09-16-12-52-12/000871.txt,
2019-09-16-12-52-12_000872,2019-09-16-12-52-12,000872,000043,3,2,car,range_angle.box,2019-09-16-12-52-12/range_angle_processed/000872.npy,images/2019-09-16-12-52-12/000872.png,labels/2019-09-16-12-52-12/000872.txt,
2019-09-16-12-52-12_000873,2019-09-16-12-52-12,000873,000043,3,2,car,range_angle.box,2019-09-16-12-52-12/range_angle_processed/000873.npy,images/2019-09-16-12-52-12/000873.png,labels/2019-09-16-12-52-12/000873.txt,
2019-09-16-12-52-12_000874,2019-09-16-12-52-12,000874,000043,3,2,car,range_angle.box,2019-09-16-12-52-12/range_angle_processed/000874.npy,images/2019-09-16-12-52-12/000874.png,labels/2019-09-16-12-52-12/000874.txt,
2019-09-16-12-52-12_000875,2019-09-16-12-52-12,000875,000043,3,2,car,range_angle.box,2019-09-16-12-52-12/range_angle_processed/000875.npy,images/2019-09-16-12-52-12/000875.png,labels/2019-09-16-12-52-12/000875.txt,
2019-09-16-12-52-12_000876,2019-09-16-12-52-12,000876,000043,3,2,car,range_angle.box,2019-09-16-12-52-12/range_angle_processed/000876.npy,images/2019-09-16-12-52-12/000876.png,labels/2019-09-16-12-52-12/000876.txt,
2019-09-16-12-52-12_000877,2019-09-16-12-52-12,000877,000043,3,2,car,range_angle.box,2019-09-16-12-52-12/range_angle_processed/000877.npy,images/2019-09-16-12-52-12/000877.png,labels/2019-09-16-12-52-12/000877.txt,
2019-09-16-12-52-12_000878,2019-09-16-12-52-12,000878,000043,3,2,car,range_angle.box,2019-09-16-12-52-12/range_angle_processed/000878.npy,images/2019-09-16-12-52-12/000878.png,labels/2019-09-16-12-52-12/000878.txt,
2019-09-16-12-52-12_000879,2019-09-16-12-52-12,000879,000043,3,2,car,range_angle.box,2019-09-16-12-52-12/range_angle_processed/000879.npy,images/2019-09-16-12-52-12/000879.png,labels/2019-09-16-12-52-12/000879.txt,
2019-09-16-12-52-12_000880,2019-09-16-12-52-12,000880,000043,3,2,car,range_angle.box,2019-09-16-12-52-12/range_angle_processed/000880.npy,images/2019-09-16-12-52-12/000880.png,labels/2019-09-16-12-52-12/000880.txt,
2019-09-16-12-52-12_000881,2019-09-16-12-52-12,000881,000043,3,2,car,range_angle.box,2019-09-16-12-52-12/range_angle_processed/000881.npy,images/2019-09-16-12-52-12/000881.png,labels/2019-09-16-12-52-12/000881.txt,
2019-09-16-12-52-12_000882,2019-09-16-12-52-12,000882,000043,3,2,car,range_angle.box,2019-09-16-12-52-12/range_angle_processed/000882.npy,images/2019-09-16-12-52-12/000882.png,labels/2019-09-16-12-52-12/000882.txt,
2019-09-16-12-52-12_000883,2019-09-16-12-52-12,000883,000043,3,2,car,range_angle.box,2019-09-16-12-52-12/range_angle_processed/000883.npy,images/2019-09-16-12-52-12/000883.png,labels/2019-09-16-12-52-12/000883.txt,
2019-09-16-12-52-12_000884,2019-09-16-12-52-12,000884,000043,3,2,car,range_angle.box,2019-09-16-12-52-12/range_angle_processed/000884.npy,images/2019-09-16-12-52-12/000884.png,labels/2019-09-16-12-52-12/000884.txt,
2019-09-16-12-52-12_000885,2019-09-16-12-52-12,000885,000043,3,2,car,range_angle.box,2019-09-16-12-52-12/range_angle_processed/000885.npy,images/2019-09-16-12-52-12/000885.png,labels/2019-09-16-12-52-12/000885.txt,
2019-09-16-12-52-12_000886,2019-09-16-12-52-12,000886,000043,3,2,car,range_angle.box,2019-09-16-12-52-12/range_angle_processed/000886.npy,images/2019-09-16-12-52-12/000886.png,labels/2019-09-16-12-52-12/000886.txt,
2019-09-16-12-52-12_000887,2019-09-16-12-52-12,000887,000043,3,2,car,range_angle.box,2019-09-16-12-52-12/range_angle_processed/000887.npy,images/2019-09-16-12-52-12/000887.png,labels/2019-09-16-12-52-12/000887.txt,
2019-09-16-12-52-12_000888,2019-09-16-12-52-12,000888,000043,3,2,car,range_angle.box,2019-09-16-12-52-12/range_angle_processed/000888.npy,images/2019-09-16-12-52-12/000888.png,labels/2019-09-16-12-52-12/000888.txt,
2019-09-16-12-52-12_000889,2019-09-16-12-52-12,000889,000043,3,2,car,range_angle.box,2019-09-16-12-52-12/range_angle_processed/000889.npy,images/2019-09-16-12-52-12/000889.png,labels/2019-09-16-12-52-12/000889.txt,
2019-09-16-12-52-12_000890,2019-09-16-12-52-12,000890,000043,3,2,car,range_angle.box,2019-09-16-12-52-12/range_angle_processed/000890.npy,images/2019-09-16-12-52-12/000890.png,labels/2019-09-16-12-52-12/000890.txt,
2019-09-16-12-52-12_000891,2019-09-16-12-52-12,000891,000043,3,2,car,range_angle.box,2019-09-16-12-52-12/range_angle_processed/000891.npy,images/2019-09-16-12-52-12/000891.png,labels/2019-09-16-12-52-12/000891.txt,
2019-09-16-12-52-12_000892,2019-09-16-12-52-12,000892,000043,3,2,car,range_angle.box,2019-09-16-12-52-12/range_angle_processed/000892.npy,images/2019-09-16-12-52-12/000892.png,labels/2019-09-16-12-52-12/000892.txt,
2019-09-16-12-52-12_000893,2019-09-16-12-52-12,000893,000043,3,2,car,range_angle.box,2019-09-16-12-52-12/range_angle_processed/000893.npy,images/2019-09-16-12-52-12/000893.png,labels/2019-09-16-12-52-12/000893.txt,
2019-09-16-12-52-12_000894,2019-09-16-12-52-12,000894,000043,3,2,car,range_angle.box,2019-09-16-12-52-12/range_angle_processed/000894.npy,images/2019-09-16-12-52-12/000894.png,labels/2019-09-16-12-52-12/000894.txt,
2019-09-16-12-52-12_000895,2019-09-16-12-52-12,000895,000043,3,2,car,range_angle.box,2019-09-16-12-52-12/range_angle_processed/000895.npy,images/2019-09-16-12-52-12/000895.png,labels/2019-09-16-12-52-12/000895.txt,
2019-09-16-12-52-12_000896,2019-09-16-12-52-12,000896,000043,3,2,car,range_angle.box,2019-09-16-12-52-12/range_angle_processed/000896.npy,images/2019-09-16-12-52-12/000896.png,labels/2019-09-16-12-52-12/000896.txt,
2019-09-16-12-52-12_000897,2019-09-16-12-52-12,000897,000043,3,2,car,range_angle.box,2019-09-16-12-52-12/range_angle_processed/000897.npy,images/2019-09-16-12-52-12/000897.png,labels/2019-09-16-12-52-12/000897.txt,
2019-09-16-12-52-12_000898,2019-09-16-12-52-12,000898,000043,3,2,car,range_angle.box,2019-09-16-12-52-12/range_angle_processed/000898.npy,images/2019-09-16-12-52-12/000898.png,labels/2019-09-16-12-52-12/000898.txt,
2019-09-16-12-52-12_000899,2019-09-16-12-52-12,000899,000043,3,2,car,range_angle.box,2019-09-16-12-52-12/range_angle_processed/000899.npy,images/2019-09-16-12-52-12/000899.png,labels/2019-09-16-12-52-12/000899.txt,
2019-09-16-12-52-12_000900,2019-09-16-12-52-12,000900,000043,3,2,car,range_angle.box,2019-09-16-12-52-12/range_angle_processed/000900.npy,images/2019-09-16-12-52-12/000900.png,labels/2019-09-16-12-52-12/000900.txt,
2019-09-16-12-52-12_000901,2019-09-16-12-52-12,000901,000043,3,2,car,range_angle.box,2019-09-16-12-52-12/range_angle_processed/000901.npy,images/2019-09-16-12-52-12/000901.png,labels/2019-09-16-12-52-12/000901.txt,
2019-09-16-12-52-12_000902,2019-09-16-12-52-12,000902,000043,3,2,car,range_angle.box,2019-09-16-12-52-12/range_angle_processed/000902.npy,images/2019-09-16-12-52-12/000902.png,labels/2019-09-16-12-52-12/000902.txt,
2019-09-16-12-52-12_000903,2019-09-16-12-52-12,000903,000043,3,2,car,range_angle.box,2019-09-16-12-52-12/range_angle_processed/000903.npy,images/2019-09-16-12-52-12/000903.png,labels/2019-09-16-12-52-12/000903.txt,
2019-09-16-12-52-12_000904,2019-09-16-12-52-12,000904,000043,3,2,car,range_angle.box,2019-09-16-12-52-12/range_angle_processed/000904.npy,images/2019-09-16-12-52-12/000904.png,labels/2019-09-16-12-52-12/000904.txt,
2019-09-16-12-52-12_000905,2019-09-16-12-52-12,000905,000043,3,2,car,range_angle.box,2019-09-16-12-52-12/range_angle_processed/000905.npy,images/2019-09-16-12-52-12/000905.png,labels/2019-09-16-12-52-12/000905.txt,
2019-09-16-12-52-12_000906,2019-09-16-12-52-12,000906,000043,3,2,car,range_angle.box,2019-09-16-12-52-12/range_angle_processed/000906.npy,images/2019-09-16-12-52-12/000906.png,labels/2019-09-16-12-52-12/000906.txt,
2019-09-16-12-52-12_000907,2019-09-16-12-52-12,000907,000043,3,2,car,range_angle.box,2019-09-16-12-52-12/range_angle_processed/000907.npy,images/2019-09-16-12-52-12/000907.png,labels/2019-09-16-12-52-12/000907.txt,
2019-09-16-12-52-12_000908,2019-09-16-12-52-12,000908,000043,3,2,car,range_angle.box,2019-09-16-12-52-12/range_angle_processed/000908.npy,images/2019-09-16-12-52-12/000908.png,labels/2019-09-16-12-52-12/000908.txt,
2019-09-16-12-52-12_000909,2019-09-16-12-52-12,000909,000043,3,2,car,range_angle.box,2019-09-16-12-52-12/range_angle_processed/000909.npy,images/2019-09-16-12-52-12/000909.png,labels/2019-09-16-12-52-12/000909.txt,
2019-09-16-12-52-12_000910,2019-09-16-12-52-12,000910,000043,3,2,car,range_angle.box,2019-09-16-12-52-12/range_angle_processed/000910.npy,images/2019-09-16-12-52-12/000910.png,labels/2019-09-16-12-52-12/000910.txt,
2019-09-16-12-52-12_000911,2019-09-16-12-52-12,000911,000043,3,2,car,range_angle.box,2019-09-16-12-52-12/range_angle_processed/000911.npy,images/2019-09-16-12-52-12/000911.png,labels/2019-09-16-12-52-12/000911.txt,
2019-09-16-12-52-12_000912,2019-09-16-12-52-12,000912,000043,3,2,car,range_angle.box,2019-09-16-12-52-12/range_angle_processed/000912.npy,images/2019-09-16-12-52-12/000912.png,labels/2019-09-16-12-52-12/000912.txt,
2019-09-16-12-52-12_000913,2019-09-16-12-52-12,000913,000043,3,2,car,range_angle.box,2019-09-16-12-52-12/range_angle_processed/000913.npy,images/2019-09-16-12-52-12/000913.png,labels/2019-09-16-12-52-12/000913.txt,
2019-09-16-12-52-12_000914,2019-09-16-12-52-12,000914,000043,3,2,car,range_angle.box,2019-09-16-12-52-12/range_angle_processed/000914.npy,images/2019-09-16-12-52-12/000914.png,labels/2019-09-16-12-52-12/000914.txt,
2019-09-16-12-52-12_000915,2019-09-16-12-52-12,000915,000043,3,2,car,range_angle.box,2019-09-16-12-52-12/range_angle_processed/000915.npy,images/2019-09-16-12-52-12/000915.png,labels/2019-09-16-12-52-12/000915.txt,
2019-09-16-12-52-12_000916,2019-09-16-12-52-12,000916,000043,3,2,car,range_angle.box,2019-09-16-12-52-12/range_angle_processed/000916.npy,images/2019-09-16-12-52-12/000916.png,labels/2019-09-16-12-52-12/000916.txt,
2019-09-16-12-52-12_000917,2019-09-16-12-52-12,000917,000043,3,2,car,range_angle.box,2019-09-16-12-52-12/range_angle_processed/000917.npy,images/2019-09-16-12-52-12/000917.png,labels/2019-09-16-12-52-12/000917.txt,
2019-09-16-12-52-12_000918,2019-09-16-12-52-12,000918,000043,3,2,car,range_angle.box,2019-09-16-12-52-12/range_angle_processed/000918.npy,images/2019-09-16-12-52-12/000918.png,labels/2019-09-16-12-52-12/000918.txt,
2019-09-16-12-52-12_000919,2019-09-16-12-52-12,000919,000043,3,2,car,range_angle.box,2019-09-16-12-52-12/range_angle_processed/000919.npy,images/2019-09-16-12-52-12/000919.png,labels/2019-09-16-12-52-12/000919.txt,
2019-09-16-12-52-12_000920,2019-09-16-12-52-12,000920,000043,3,2,car,range_angle.box,2019-09-16-12-52-12/range_angle_processed/000920.npy,images/2019-09-16-12-52-12/000920.png,labels/2019-09-16-12-52-12/000920.txt,
2019-09-16-12-52-12_000921,2019-09-16-12-52-12,000921,000043,3,2,car,range_angle.box,2019-09-16-12-52-12/range_angle_processed/000921.npy,images/2019-09-16-12-52-12/000921.png,labels/2019-09-16-12-52-12/000921.txt,
2019-09-16-12-52-12_000922,2019-09-16-12-52-12,000922,000043,3,2,car,range_angle.box,2019-09-16-12-52-12/range_angle_processed/000922.npy,images/2019-09-16-12-52-12/000922.png,labels/2019-09-16-12-52-12/000922.txt,
2019-09-16-12-52-12_000923,2019-09-16-12-52-12,000923,000043,3,2,car,range_angle.box,2019-09-16-12-52-12/range_angle_processed/000923.npy,images/2019-09-16-12-52-12/000923.png,labels/2019-09-16-12-52-12/000923.txt,
2019-09-16-12-52-12_000924,2019-09-16-12-52-12,000924,000043,3,2,car,range_angle.box,2019-09-16-12-52-12/range_angle_processed/000924.npy,images/2019-09-16-12-52-12/000924.png,labels/2019-09-16-12-52-12/000924.txt,
2019-09-16-12-52-12_000925,2019-09-16-12-52-12,000925,000043,3,2,car,range_angle.box,2019-09-16-12-52-12/range_angle_processed/000925.npy,images/2019-09-16-12-52-12/000925.png,labels/2019-09-16-12-52-12/000925.txt,
2019-09-16-12-52-12_000926,2019-09-16-12-52-12,000926,000043,3,2,car,range_angle.box,2019-09-16-12-52-12/range_angle_processed/000926.npy,images/2019-09-16-12-52-12/000926.png,labels/2019-09-16-12-52-12/000926.txt,
2019-09-16-12-52-12_000927,2019-09-16-12-52-12,000927,000043,3,2,car,range_angle.box,2019-09-16-12-52-12/range_angle_processed/000927.npy,images/2019-09-16-12-52-12/000927.png,labels/2019-09-16-12-52-12/000927.txt,
2019-09-16-12-52-12_000928,2019-09-16-12-52-12,000928,000043,3,2,car,range_angle.box,2019-09-16-12-52-12/range_angle_processed/000928.npy,images/2019-09-16-12-52-12/000928.png,labels/2019-09-16-12-52-12/000928.txt,
2019-09-16-12-52-12_000929,2019-09-16-12-52-12,000929,000043,3,2,car,range_angle.box,2019-09-16-12-52-12/range_angle_processed/000929.npy,images/2019-09-16-12-52-12/000929.png,labels/2019-09-16-12-52-12/000929.txt,
2019-09-16-12-52-12_000930,2019-09-16-12-52-12,000930,000043,3,2,car,range_angle.box,2019-09-16-12-52-12/range_angle_processed/000930.npy,images/2019-09-16-12-52-12/000930.png,labels/2019-09-16-12-52-12/000930.txt,
2019-09-16-12-52-12_000931,2019-09-16-12-52-12,000931,000043,3,2,car,range_angle.box,2019-09-16-12-52-12/range_angle_processed/000931.npy,images/2019-09-16-12-52-12/000931.png,labels/2019-09-16-12-52-12/000931.txt,
2019-09-16-12-52-12_000932,2019-09-16-12-52-12,000932,000043,3,2,car,range_angle.box,2019-09-16-12-52-12/range_angle_processed/000932.npy,images/2019-09-16-12-52-12/000932.png,labels/2019-09-16-12-52-12/000932.txt,
2019-09-16-12-52-12_000933,2019-09-16-12-52-12,000933,000043,3,2,car,range_angle.box,2019-09-16-12-52-12/range_angle_processed/000933.npy,images/2019-09-16-12-52-12/000933.png,labels/2019-09-16-12-52-12/000933.txt,
2019-09-16-12-52-12_000934,2019-09-16-12-52-12,000934,000043,3,2,car,range_angle.box,2019-09-16-12-52-12/range_angle_processed/000934.npy,images/2019-09-16-12-52-12/000934.png,labels/2019-09-16-12-52-12/000934.txt,
2019-09-16-12-52-12_000935,2019-09-16-12-52-12,000935,000043,3,2,car,range_angle.box,2019-09-16-12-52-12/range_angle_processed/000935.npy,images/2019-09-16-12-52-12/000935.png,labels/2019-09-16-12-52-12/000935.txt,
2019-09-16-12-52-12_000936,2019-09-16-12-52-12,000936,000043,3,2,car,range_angle.box,2019-09-16-12-52-12/range_angle_processed/000936.npy,images/2019-09-16-12-52-12/000936.png,labels/2019-09-16-12-52-12/000936.txt,
2019-09-16-12-52-12_000937,2019-09-16-12-52-12,000937,000043,3,2,car,range_angle.box,2019-09-16-12-52-12/range_angle_processed/000937.npy,images/2019-09-16-12-52-12/000937.png,labels/2019-09-16-12-52-12/000937.txt,
2019-09-16-12-52-12_000938,2019-09-16-12-52-12,000938,000043,3,2,car,range_angle.box,2019-09-16-12-52-12/range_angle_processed/000938.npy,images/2019-09-16-12-52-12/000938.png,labels/2019-09-16-12-52-12/000938.txt,
2019-09-16-12-52-12_000939,2019-09-16-12-52-12,000939,000043,3,2,car,range_angle.box,2019-09-16-12-52-12/range_angle_processed/000939.npy,images/2019-09-16-12-52-12/000939.png,labels/2019-09-16-12-52-12/000939.txt,
2019-09-16-12-52-12_000940,2019-09-16-12-52-12,000940,000043,3,2,car,range_angle.box,2019-09-16-12-52-12/range_angle_processed/000940.npy,images/2019-09-16-12-52-12/000940.png,labels/2019-09-16-12-52-12/000940.txt,
2019-09-16-12-52-12_000941,2019-09-16-12-52-12,000941,000043,3,2,car,range_angle.box,2019-09-16-12-52-12/range_angle_processed/000941.npy,images/2019-09-16-12-52-12/000941.png,labels/2019-09-16-12-52-12/000941.txt,
2019-09-16-12-52-12_000942,2019-09-16-12-52-12,000942,000043,3,2,car,range_angle.box,2019-09-16-12-52-12/range_angle_processed/000942.npy,images/2019-09-16-12-52-12/000942.png,labels/2019-09-16-12-52-12/000942.txt,
2019-09-16-12-52-12_000943,2019-09-16-12-52-12,000943,000043,3,2,car,range_angle.box,2019-09-16-12-52-12/range_angle_processed/000943.npy,images/2019-09-16-12-52-12/000943.png,labels/2019-09-16-12-52-12/000943.txt,
2019-09-16-12-52-12_000944,2019-09-16-12-52-12,000944,000043,3,2,car,range_angle.box,2019-09-16-12-52-12/range_angle_processed/000944.npy,images/2019-09-16-12-52-12/000944.png,labels/2019-09-16-12-52-12/000944.txt,
2019-09-16-12-52-12_000945,2019-09-16-12-52-12,000945,000043,3,2,car,range_angle.box,2019-09-16-12-52-12/range_angle_processed/000945.npy,images/2019-09-16-12-52-12/000945.png,labels/2019-09-16-12-52-12/000945.txt,
2019-09-16-12-52-12_000946,2019-09-16-12-52-12,000946,000043,3,2,car,range_angle.box,2019-09-16-12-52-12/range_angle_processed/000946.npy,images/2019-09-16-12-52-12/000946.png,labels/2019-09-16-12-52-12/000946.txt,
2019-09-16-12-52-12_000947,2019-09-16-12-52-12,000947,000043,3,2,car,range_angle.box,2019-09-16-12-52-12/range_angle_processed/000947.npy,images/2019-09-16-12-52-12/000947.png,labels/2019-09-16-12-52-12/000947.txt,
2019-09-16-12-52-12_000948,2019-09-16-12-52-12,000948,000043,3,2,car,range_angle.box,2019-09-16-12-52-12/range_angle_processed/000948.npy,images/2019-09-16-12-52-12/000948.png,labels/2019-09-16-12-52-12/000948.txt,
2019-09-16-12-52-12_000949,2019-09-16-12-52-12,000949,000043,3,2,car,range_angle.box,2019-09-16-12-52-12/range_angle_processed/000949.npy,images/2019-09-16-12-52-12/000949.png,labels/2019-09-16-12-52-12/000949.txt,
2019-09-16-12-52-12_000950,2019-09-16-12-52-12,000950,000043,3,2,car,range_angle.box,2019-09-16-12-52-12/range_angle_processed/000950.npy,images/2019-09-16-12-52-12/000950.png,labels/2019-09-16-12-52-12/000950.txt,
2019-09-16-12-52-12_000951,2019-09-16-12-52-12,000951,000043,3,2,car,range_angle.box,2019-09-16-12-52-12/range_angle_processed/000951.npy,images/2019-09-16-12-52-12/000951.png,labels/2019-09-16-12-52-12/000951.txt,
2019-09-16-12-52-12_000952,2019-09-16-12-52-12,000952,000043,3,2,car,range_angle.box,2019-09-16-12-52-12/range_angle_processed/000952.npy,images/2019-09-16-12-52-12/000952.png,labels/2019-09-16-12-52-12/000952.txt,
2019-09-16-12-52-12_000953,2019-09-16-12-52-12,000953,000043,3,2,car,range_angle.box,2019-09-16-12-52-12/range_angle_processed/000953.npy,images/2019-09-16-12-52-12/000953.png,labels/2019-09-16-12-52-12/000953.txt,
2019-09-16-12-52-12_000954,2019-09-16-12-52-12,000954,000043,3,2,car,range_angle.box,2019-09-16-12-52-12/range_angle_processed/000954.npy,images/2019-09-16-12-52-12/000954.png,labels/2019-09-16-12-52-12/000954.txt,
2019-09-16-12-52-12_000955,2019-09-16-12-52-12,000955,000043,3,2,car,range_angle.box,2019-09-16-12-52-12/range_angle_processed/000955.npy,images/2019-09-16-12-52-12/000955.png,labels/2019-09-16-12-52-12/000955.txt,
2019-09-16-12-52-12_000956,2019-09-16-12-52-12,000956,000043,3,2,car,range_angle.box,2019-09-16-12-52-12/range_angle_processed/000956.npy,images/2019-09-16-12-52-12/000956.png,labels/2019-09-16-12-52-12/000956.txt,
2019-09-16-12-52-12_000957,2019-09-16-12-52-12,000957,000043,3,2,car,range_angle.box,2019-09-16-12-52-12/range_angle_processed/000957.npy,images/2019-09-16-12-52-12/000957.png,labels/2019-09-16-12-52-12/000957.txt,
2019-09-16-12-52-12_000958,2019-09-16-12-52-12,000958,000043,3,2,car,range_angle.box,2019-09-16-12-52-12/range_angle_processed/000958.npy,images/2019-09-16-12-52-12/000958.png,labels/2019-09-16-12-52-12/000958.txt,
2019-09-16-12-52-12_000959,2019-09-16-12-52-12,000959,000043,3,2,car,range_angle.box,2019-09-16-12-52-12/range_angle_processed/000959.npy,images/2019-09-16-12-52-12/000959.png,labels/2019-09-16-12-52-12/000959.txt,
2019-09-16-12-52-12_000960,2019-09-16-12-52-12,000960,000043,3,2,car,range_angle.box,2019-09-16-12-52-12/range_angle_processed/000960.npy,images/2019-09-16-12-52-12/000960.png,labels/2019-09-16-12-52-12/000960.txt,
2019-09-16-12-52-12_000961,2019-09-16-12-52-12,000961,000043,3,2,car,range_angle.box,2019-09-16-12-52-12/range_angle_processed/000961.npy,images/2019-09-16-12-52-12/000961.png,labels/2019-09-16-12-52-12/000961.txt,
2019-09-16-12-52-12_000962,2019-09-16-12-52-12,000962,000043,3,2,car,range_angle.box,2019-09-16-12-52-12/range_angle_processed/000962.npy,images/2019-09-16-12-52-12/000962.png,labels/2019-09-16-12-52-12/000962.txt,
2019-09-16-12-52-12_000963,2019-09-16-12-52-12,000963,000043,3,2,car,range_angle.box,2019-09-16-12-52-12/range_angle_processed/000963.npy,images/2019-09-16-12-52-12/000963.png,labels/2019-09-16-12-52-12/000963.txt,
2019-09-16-12-52-12_000964,2019-09-16-12-52-12,000964,000043,3,2,car,range_angle.box,2019-09-16-12-52-12/range_angle_processed/000964.npy,images/2019-09-16-12-52-12/000964.png,labels/2019-09-16-12-52-12/000964.txt,
2019-09-16-12-52-12_000965,2019-09-16-12-52-12,000965,000043,3,2,car,range_angle.box,2019-09-16-12-52-12/range_angle_processed/000965.npy,images/2019-09-16-12-52-12/000965.png,labels/2019-09-16-12-52-12/000965.txt,
2019-09-16-12-52-12_000966,2019-09-16-12-52-12,000966,000043,3,2,car,range_angle.box,2019-09-16-12-52-12/range_angle_processed/000966.npy,images/2019-09-16-12-52-12/000966.png,labels/2019-09-16-12-52-12/000966.txt,
2019-09-16-12-52-12_000967,2019-09-16-12-52-12,000967,000043,3,2,car,range_angle.box,2019-09-16-12-52-12/range_angle_processed/000967.npy,images/2019-09-16-12-52-12/000967.png,labels/2019-09-16-12-52-12/000967.txt,
2019-09-16-12-52-12_000968,2019-09-16-12-52-12,000968,000043,3,2,car,range_angle.box,2019-09-16-12-52-12/range_angle_processed/000968.npy,images/2019-09-16-12-52-12/000968.png,labels/2019-09-16-12-52-12/000968.txt,
2019-09-16-12-52-12_000969,2019-09-16-12-52-12,000969,000043,3,2,car,range_angle.box,2019-09-16-12-52-12/range_angle_processed/000969.npy,images/2019-09-16-12-52-12/000969.png,labels/2019-09-16-12-52-12/000969.txt,
2019-09-16-12-52-12_000970,2019-09-16-12-52-12,000970,000043,3,2,car,range_angle.box,2019-09-16-12-52-12/range_angle_processed/000970.npy,images/2019-09-16-12-52-12/000970.png,labels/2019-09-16-12-52-12/000970.txt,
2019-09-16-12-52-12_000971,2019-09-16-12-52-12,000971,000043,3,2,car,range_angle.box,2019-09-16-12-52-12/range_angle_processed/000971.npy,images/2019-09-16-12-52-12/000971.png,labels/2019-09-16-12-52-12/000971.txt,
2019-09-16-12-52-12_000972,2019-09-16-12-52-12,000972,000043,3,2,car,range_angle.box,2019-09-16-12-52-12/range_angle_processed/000972.npy,images/2019-09-16-12-52-12/000972.png,labels/2019-09-16-12-52-12/000972.txt,
2019-09-16-12-52-12_000973,2019-09-16-12-52-12,000973,000043,3,2,car,range_angle.box,2019-09-16-12-52-12/range_angle_processed/000973.npy,images/2019-09-16-12-52-12/000973.png,labels/2019-09-16-12-52-12/000973.txt,
2019-09-16-12-52-12_000974,2019-09-16-12-52-12,000974,000043,3,2,car,range_angle.box,2019-09-16-12-52-12/range_angle_processed/000974.npy,images/2019-09-16-12-52-12/000974.png,labels/2019-09-16-12-52-12/000974.txt,
2019-09-16-12-52-12_000975,2019-09-16-12-52-12,000975,000043,3,2,car,range_angle.box,2019-09-16-12-52-12/range_angle_processed/000975.npy,images/2019-09-16-12-52-12/000975.png,labels/2019-09-16-12-52-12/000975.txt,
2019-09-16-12-52-12_000976,2019-09-16-12-52-12,000976,000043,3,2,car,range_angle.box,2019-09-16-12-52-12/range_angle_processed/000976.npy,images/2019-09-16-12-52-12/000976.png,labels/2019-09-16-12-52-12/000976.txt,
2019-09-16-12-52-12_000977,2019-09-16-12-52-12,000977,000043,3,2,car,range_angle.box,2019-09-16-12-52-12/range_angle_processed/000977.npy,images/2019-09-16-12-52-12/000977.png,labels/2019-09-16-12-52-12/000977.txt,
2019-09-16-12-52-12_000978,2019-09-16-12-52-12,000978,000043,3,2,car,range_angle.box,2019-09-16-12-52-12/range_angle_processed/000978.npy,images/2019-09-16-12-52-12/000978.png,labels/2019-09-16-12-52-12/000978.txt,
2019-09-16-12-52-12_000979,2019-09-16-12-52-12,000979,000043,3,2,car,range_angle.box,2019-09-16-12-52-12/range_angle_processed/000979.npy,images/2019-09-16-12-52-12/000979.png,labels/2019-09-16-12-52-12/000979.txt,
2019-09-16-12-52-12_000980,2019-09-16-12-52-12,000980,000043,3,2,car,range_angle.box,2019-09-16-12-52-12/range_angle_processed/000980.npy,images/2019-09-16-12-52-12/000980.png,labels/2019-09-16-12-52-12/000980.txt,
2019-09-16-12-52-12_000981,2019-09-16-12-52-12,000981,000043,3,2,car,range_angle.box,2019-09-16-12-52-12/range_angle_processed/000981.npy,images/2019-09-16-12-52-12/000981.png,labels/2019-09-16-12-52-12/000981.txt,
2019-09-16-12-52-12_000982,2019-09-16-12-52-12,000982,000043,3,2,car,range_angle.box,2019-09-16-12-52-12/range_angle_processed/000982.npy,images/2019-09-16-12-52-12/000982.png,labels/2019-09-16-12-52-12/000982.txt,
2019-09-16-12-52-12_000983,2019-09-16-12-52-12,000983,000043,3,2,car,range_angle.box,2019-09-16-12-52-12/range_angle_processed/000983.npy,images/2019-09-16-12-52-12/000983.png,labels/2019-09-16-12-52-12/000983.txt,
2019-09-16-12-52-12_000984,2019-09-16-12-52-12,000984,000043,3,2,car,range_angle.box,2019-09-16-12-52-12/range_angle_processed/000984.npy,images/2019-09-16-12-52-12/000984.png,labels/2019-09-16-12-52-12/000984.txt,
2019-09-16-12-52-12_000985,2019-09-16-12-52-12,000985,000043,3,2,car,range_angle.box,2019-09-16-12-52-12/range_angle_processed/000985.npy,images/2019-09-16-12-52-12/000985.png,labels/2019-09-16-12-52-12/000985.txt,
2019-09-16-12-52-12_000986,2019-09-16-12-52-12,000986,000043,3,2,car,range_angle.box,2019-09-16-12-52-12/range_angle_processed/000986.npy,images/2019-09-16-12-52-12/000986.png,labels/2019-09-16-12-52-12/000986.txt,
2019-09-16-12-52-12_000987,2019-09-16-12-52-12,000987,000043,3,2,car,range_angle.box,2019-09-16-12-52-12/range_angle_processed/000987.npy,images/2019-09-16-12-52-12/000987.png,labels/2019-09-16-12-52-12/000987.txt,
2019-09-16-12-52-12_000988,2019-09-16-12-52-12,000988,000043,3,2,car,range_angle.box,2019-09-16-12-52-12/range_angle_processed/000988.npy,images/2019-09-16-12-52-12/000988.png,labels/2019-09-16-12-52-12/000988.txt,
2019-09-16-12-52-12_000989,2019-09-16-12-52-12,000989,000043,3,2,car,range_angle.box,2019-09-16-12-52-12/range_angle_processed/000989.npy,images/2019-09-16-12-52-12/000989.png,labels/2019-09-16-12-52-12/000989.txt,
2019-09-16-12-52-12_000990,2019-09-16-12-52-12,000990,000043,3,2,car,range_angle.box,2019-09-16-12-52-12/range_angle_processed/000990.npy,images/2019-09-16-12-52-12/000990.png,labels/2019-09-16-12-52-12/000990.txt,
2019-09-16-12-52-12_000991,2019-09-16-12-52-12,000991,000043,3,2,car,range_angle.box,2019-09-16-12-52-12/range_angle_processed/000991.npy,images/2019-09-16-12-52-12/000991.png,labels/2019-09-16-12-52-12/000991.txt,
2019-09-16-12-52-12_000992,2019-09-16-12-52-12,000992,000043,3,2,car,range_angle.box,2019-09-16-12-52-12/range_angle_processed/000992.npy,images/2019-09-16-12-52-12/000992.png,labels/2019-09-16-12-52-12/000992.txt,
2019-09-16-12-52-12_000993,2019-09-16-12-52-12,000993,000043,3,2,car,range_angle.box,2019-09-16-12-52-12/range_angle_processed/000993.npy,images/2019-09-16-12-52-12/000993.png,labels/2019-09-16-12-52-12/000993.txt,
2019-09-16-12-52-12_000994,2019-09-16-12-52-12,000994,000043,3,2,car,range_angle.box,2019-09-16-12-52-12/range_angle_processed/000994.npy,images/2019-09-16-12-52-12/000994.png,labels/2019-09-16-12-52-12/000994.txt,
2019-09-16-12-52-12_000995,2019-09-16-12-52-12,000995,000043,3,2,car,range_angle.box,2019-09-16-12-52-12/range_angle_processed/000995.npy,images/2019-09-16-12-52-12/000995.png,labels/2019-09-16-12-52-12/000995.txt,
2019-09-16-12-52-12_000996,2019-09-16-12-52-12,000996,000043,3,2,car,range_angle.box,2019-09-16-12-52-12/range_angle_processed/000996.npy,images/2019-09-16-12-52-12/000996.png,labels/2019-09-16-12-52-12/000996.txt,
2019-09-16-12-52-12_000997,2019-09-16-12-52-12,000997,000043,3,2,car,range_angle.box,2019-09-16-12-52-12/range_angle_processed/000997.npy,images/2019-09-16-12-52-12/000997.png,labels/2019-09-16-12-52-12/000997.txt,
2019-09-16-12-52-12_000998,2019-09-16-12-52-12,000998,000043,3,2,car,range_angle.box,2019-09-16-12-52-12/range_angle_processed/000998.npy,images/2019-09-16-12-52-12/000998.png,labels/2019-09-16-12-52-12/000998.txt,
2019-09-16-12-52-12_000999,2019-09-16-12-52-12,000999,000043,3,2,car,range_angle.box,2019-09-16-12-52-12/range_angle_processed/000999.npy,images/2019-09-16-12-52-12/000999.png,labels/2019-09-16-12-52-12/000999.txt,
2019-09-16-12-52-12_001000,2019-09-16-12-52-12,001000,000043,3,2,car,range_angle.box,2019-09-16-12-52-12/range_angle_processed/001000.npy,images/2019-09-16-12-52-12/001000.png,labels/2019-09-16-12-52-12/001000.txt,
2019-09-16-12-52-12_001001,2019-09-16-12-52-12,001001,000043,3,2,car,range_angle.box,2019-09-16-12-52-12/range_angle_processed/001001.npy,images/2019-09-16-12-52-12/001001.png,labels/2019-09-16-12-52-12/001001.txt,
2019-09-16-12-52-12_001002,2019-09-16-12-52-12,001002,000043,3,2,car,range_angle.box,2019-09-16-12-52-12/range_angle_processed/001002.npy,images/2019-09-16-12-52-12/001002.png,labels/2019-09-16-12-52-12/001002.txt,
2019-09-16-13-13-01_000037,2019-09-16-13-13-01,000037,000448,3,2,car,range_angle.box,2019-09-16-13-13-01/range_angle_processed/000037.npy,images/2019-09-16-13-13-01/000037.png,labels/2019-09-16-13-13-01/000037.txt,
2019-09-16-13-13-01_000038,2019-09-16-13-13-01,000038,000448,3,2,car,range_angle.box,2019-09-16-13-13-01/range_angle_processed/000038.npy,images/2019-09-16-13-13-01/000038.png,labels/2019-09-16-13-13-01/000038.txt,
2019-09-16-13-13-01_000039,2019-09-16-13-13-01,000039,000448,3,2,car,range_angle.box,2019-09-16-13-13-01/range_angle_processed/000039.npy,images/2019-09-16-13-13-01/000039.png,labels/2019-09-16-13-13-01/000039.txt,
2019-09-16-13-13-01_000040,2019-09-16-13-13-01,000040,000448,3,2,car,range_angle.box,2019-09-16-13-13-01/range_angle_processed/000040.npy,images/2019-09-16-13-13-01/000040.png,labels/2019-09-16-13-13-01/000040.txt,
2019-09-16-13-13-01_000041,2019-09-16-13-13-01,000041,000448,3,2,car,range_angle.box,2019-09-16-13-13-01/range_angle_processed/000041.npy,images/2019-09-16-13-13-01/000041.png,labels/2019-09-16-13-13-01/000041.txt,
2019-09-16-13-13-01_000042,2019-09-16-13-13-01,000042,000448,3,2,car,range_angle.box,2019-09-16-13-13-01/range_angle_processed/000042.npy,images/2019-09-16-13-13-01/000042.png,labels/2019-09-16-13-13-01/000042.txt,
2019-09-16-13-13-01_000043,2019-09-16-13-13-01,000043,000448,3,2,car,range_angle.box,2019-09-16-13-13-01/range_angle_processed/000043.npy,images/2019-09-16-13-13-01/000043.png,labels/2019-09-16-13-13-01/000043.txt,
2019-09-16-13-13-01_000044,2019-09-16-13-13-01,000044,000448,3,2,car,range_angle.box,2019-09-16-13-13-01/range_angle_processed/000044.npy,images/2019-09-16-13-13-01/000044.png,labels/2019-09-16-13-13-01/000044.txt,
2019-09-16-13-13-01_000045,2019-09-16-13-13-01,000045,000448,3,2,car,range_angle.box,2019-09-16-13-13-01/range_angle_processed/000045.npy,images/2019-09-16-13-13-01/000045.png,labels/2019-09-16-13-13-01/000045.txt,
2019-09-16-13-13-01_000046,2019-09-16-13-13-01,000046,000448,3,2,car,range_angle.box,2019-09-16-13-13-01/range_angle_processed/000046.npy,images/2019-09-16-13-13-01/000046.png,labels/2019-09-16-13-13-01/000046.txt,
2019-09-16-13-13-01_000047,2019-09-16-13-13-01,000047,000448,3,2,car,range_angle.box,2019-09-16-13-13-01/range_angle_processed/000047.npy,images/2019-09-16-13-13-01/000047.png,labels/2019-09-16-13-13-01/000047.txt,
2019-09-16-13-13-01_000048,2019-09-16-13-13-01,000048,000448,3,2,car,range_angle.box,2019-09-16-13-13-01/range_angle_processed/000048.npy,images/2019-09-16-13-13-01/000048.png,labels/2019-09-16-13-13-01/000048.txt,
2019-09-16-13-13-01_000049,2019-09-16-13-13-01,000049,000448,3,2,car,range_angle.box,2019-09-16-13-13-01/range_angle_processed/000049.npy,images/2019-09-16-13-13-01/000049.png,labels/2019-09-16-13-13-01/000049.txt,
2019-09-16-13-13-01_000050,2019-09-16-13-13-01,000050,000448,3,2,car,range_angle.box,2019-09-16-13-13-01/range_angle_processed/000050.npy,images/2019-09-16-13-13-01/000050.png,labels/2019-09-16-13-13-01/000050.txt,
2019-09-16-13-13-01_000051,2019-09-16-13-13-01,000051,000448,3,2,car,range_angle.box,2019-09-16-13-13-01/range_angle_processed/000051.npy,images/2019-09-16-13-13-01/000051.png,labels/2019-09-16-13-13-01/000051.txt,
2019-09-16-13-13-01_000052,2019-09-16-13-13-01,000052,000448,3,2,car,range_angle.box,2019-09-16-13-13-01/range_angle_processed/000052.npy,images/2019-09-16-13-13-01/000052.png,labels/2019-09-16-13-13-01/000052.txt,
2019-09-16-13-13-01_000053,2019-09-16-13-13-01,000053,000448,3,2,car,range_angle.box,2019-09-16-13-13-01/range_angle_processed/000053.npy,images/2019-09-16-13-13-01/000053.png,labels/2019-09-16-13-13-01/000053.txt,
2019-09-16-13-13-01_000054,2019-09-16-13-13-01,000054,000448,3,2,car,range_angle.box,2019-09-16-13-13-01/range_angle_processed/000054.npy,images/2019-09-16-13-13-01/000054.png,labels/2019-09-16-13-13-01/000054.txt,
2019-09-16-13-13-01_000055,2019-09-16-13-13-01,000055,000448,3,2,car,range_angle.box,2019-09-16-13-13-01/range_angle_processed/000055.npy,images/2019-09-16-13-13-01/000055.png,labels/2019-09-16-13-13-01/000055.txt,
2019-09-16-13-13-01_000056,2019-09-16-13-13-01,000056,000448,3,2,car,range_angle.box,2019-09-16-13-13-01/range_angle_processed/000056.npy,images/2019-09-16-13-13-01/000056.png,labels/2019-09-16-13-13-01/000056.txt,
2019-09-16-13-13-01_000057,2019-09-16-13-13-01,000057,000448,3,2,car,range_angle.box,2019-09-16-13-13-01/range_angle_processed/000057.npy,images/2019-09-16-13-13-01/000057.png,labels/2019-09-16-13-13-01/000057.txt,
2019-09-16-13-13-01_000058,2019-09-16-13-13-01,000058,000448,3,2,car,range_angle.box,2019-09-16-13-13-01/range_angle_processed/000058.npy,images/2019-09-16-13-13-01/000058.png,labels/2019-09-16-13-13-01/000058.txt,
2019-09-16-13-13-01_000059,2019-09-16-13-13-01,000059,000448,3,2,car,range_angle.box,2019-09-16-13-13-01/range_angle_processed/000059.npy,images/2019-09-16-13-13-01/000059.png,labels/2019-09-16-13-13-01/000059.txt,
2019-09-16-13-13-01_000060,2019-09-16-13-13-01,000060,000448,3,2,car,range_angle.box,2019-09-16-13-13-01/range_angle_processed/000060.npy,images/2019-09-16-13-13-01/000060.png,labels/2019-09-16-13-13-01/000060.txt,
2019-09-16-13-13-01_000061,2019-09-16-13-13-01,000061,000448,3,2,car,range_angle.box,2019-09-16-13-13-01/range_angle_processed/000061.npy,images/2019-09-16-13-13-01/000061.png,labels/2019-09-16-13-13-01/000061.txt,
2019-09-16-13-13-01_000062,2019-09-16-13-13-01,000062,000448,3,2,car,range_angle.box,2019-09-16-13-13-01/range_angle_processed/000062.npy,images/2019-09-16-13-13-01/000062.png,labels/2019-09-16-13-13-01/000062.txt,
2019-09-16-13-13-01_000063,2019-09-16-13-13-01,000063,000448,3,2,car,range_angle.box,2019-09-16-13-13-01/range_angle_processed/000063.npy,images/2019-09-16-13-13-01/000063.png,labels/2019-09-16-13-13-01/000063.txt,
2019-09-16-13-13-01_000064,2019-09-16-13-13-01,000064,000448,3,2,car,range_angle.box,2019-09-16-13-13-01/range_angle_processed/000064.npy,images/2019-09-16-13-13-01/000064.png,labels/2019-09-16-13-13-01/000064.txt,
2019-09-16-13-13-01_000065,2019-09-16-13-13-01,000065,000448,3,2,car,range_angle.box,2019-09-16-13-13-01/range_angle_processed/000065.npy,images/2019-09-16-13-13-01/000065.png,labels/2019-09-16-13-13-01/000065.txt,
2019-09-16-13-13-01_000066,2019-09-16-13-13-01,000066,000448,3,2,car,range_angle.box,2019-09-16-13-13-01/range_angle_processed/000066.npy,images/2019-09-16-13-13-01/000066.png,labels/2019-09-16-13-13-01/000066.txt,
2019-09-16-13-13-01_000067,2019-09-16-13-13-01,000067,000448,3,2,car,range_angle.box,2019-09-16-13-13-01/range_angle_processed/000067.npy,images/2019-09-16-13-13-01/000067.png,labels/2019-09-16-13-13-01/000067.txt,
2019-09-16-13-13-01_000068,2019-09-16-13-13-01,000068,000448,3,2,car,range_angle.box,2019-09-16-13-13-01/range_angle_processed/000068.npy,images/2019-09-16-13-13-01/000068.png,labels/2019-09-16-13-13-01/000068.txt,
2019-09-16-13-13-01_000069,2019-09-16-13-13-01,000069,000448,3,2,car,range_angle.box,2019-09-16-13-13-01/range_angle_processed/000069.npy,images/2019-09-16-13-13-01/000069.png,labels/2019-09-16-13-13-01/000069.txt,
2019-09-16-13-13-01_000070,2019-09-16-13-13-01,000070,000448,3,2,car,range_angle.box,2019-09-16-13-13-01/range_angle_processed/000070.npy,images/2019-09-16-13-13-01/000070.png,labels/2019-09-16-13-13-01/000070.txt,
2019-09-16-13-13-01_000071,2019-09-16-13-13-01,000071,000448,3,2,car,range_angle.box,2019-09-16-13-13-01/range_angle_processed/000071.npy,images/2019-09-16-13-13-01/000071.png,labels/2019-09-16-13-13-01/000071.txt,
2019-09-16-13-13-01_000072,2019-09-16-13-13-01,000072,000448,3,2,car,range_angle.box,2019-09-16-13-13-01/range_angle_processed/000072.npy,images/2019-09-16-13-13-01/000072.png,labels/2019-09-16-13-13-01/000072.txt,
2019-09-16-13-13-01_000073,2019-09-16-13-13-01,000073,000448,3,2,car,range_angle.box,2019-09-16-13-13-01/range_angle_processed/000073.npy,images/2019-09-16-13-13-01/000073.png,labels/2019-09-16-13-13-01/000073.txt,
2019-09-16-13-13-01_000074,2019-09-16-13-13-01,000074,000448,3,2,car,range_angle.box,2019-09-16-13-13-01/range_angle_processed/000074.npy,images/2019-09-16-13-13-01/000074.png,labels/2019-09-16-13-13-01/000074.txt,
2019-09-16-13-13-01_000075,2019-09-16-13-13-01,000075,000448,3,2,car,range_angle.box,2019-09-16-13-13-01/range_angle_processed/000075.npy,images/2019-09-16-13-13-01/000075.png,labels/2019-09-16-13-13-01/000075.txt,
2019-09-16-13-13-01_000076,2019-09-16-13-13-01,000076,000448,3,2,car,range_angle.box,2019-09-16-13-13-01/range_angle_processed/000076.npy,images/2019-09-16-13-13-01/000076.png,labels/2019-09-16-13-13-01/000076.txt,
2019-09-16-13-13-01_000077,2019-09-16-13-13-01,000077,000448,3,2,car,range_angle.box,2019-09-16-13-13-01/range_angle_processed/000077.npy,images/2019-09-16-13-13-01/000077.png,labels/2019-09-16-13-13-01/000077.txt,
2019-09-16-13-13-01_000078,2019-09-16-13-13-01,000078,000448,3,2,car,range_angle.box,2019-09-16-13-13-01/range_angle_processed/000078.npy,images/2019-09-16-13-13-01/000078.png,labels/2019-09-16-13-13-01/000078.txt,
2019-09-16-13-13-01_000079,2019-09-16-13-13-01,000079,000448,3,2,car,range_angle.box,2019-09-16-13-13-01/range_angle_processed/000079.npy,images/2019-09-16-13-13-01/000079.png,labels/2019-09-16-13-13-01/000079.txt,
2019-09-16-13-13-01_000106,2019-09-16-13-13-01,000106,000456,3,2,car,range_angle.box,2019-09-16-13-13-01/range_angle_processed/000106.npy,images/2019-09-16-13-13-01/000106.png,labels/2019-09-16-13-13-01/000106.txt,
2019-09-16-13-13-01_000107,2019-09-16-13-13-01,000107,000456,3,2,car,range_angle.box,2019-09-16-13-13-01/range_angle_processed/000107.npy,images/2019-09-16-13-13-01/000107.png,labels/2019-09-16-13-13-01/000107.txt,
2019-09-16-13-13-01_000108,2019-09-16-13-13-01,000108,000456,3,2,car,range_angle.box,2019-09-16-13-13-01/range_angle_processed/000108.npy,images/2019-09-16-13-13-01/000108.png,labels/2019-09-16-13-13-01/000108.txt,
2019-09-16-13-13-01_000109,2019-09-16-13-13-01,000109,000456,3,2,car,range_angle.box,2019-09-16-13-13-01/range_angle_processed/000109.npy,images/2019-09-16-13-13-01/000109.png,labels/2019-09-16-13-13-01/000109.txt,
2019-09-16-13-13-01_000110,2019-09-16-13-13-01,000110,000456,3,2,car,range_angle.box,2019-09-16-13-13-01/range_angle_processed/000110.npy,images/2019-09-16-13-13-01/000110.png,labels/2019-09-16-13-13-01/000110.txt,
2019-09-16-13-13-01_000111,2019-09-16-13-13-01,000111,000456,3,2,car,range_angle.box,2019-09-16-13-13-01/range_angle_processed/000111.npy,images/2019-09-16-13-13-01/000111.png,labels/2019-09-16-13-13-01/000111.txt,
2019-09-16-13-13-01_000112,2019-09-16-13-13-01,000112,000456,3,2,car,range_angle.box,2019-09-16-13-13-01/range_angle_processed/000112.npy,images/2019-09-16-13-13-01/000112.png,labels/2019-09-16-13-13-01/000112.txt,
2019-09-16-13-13-01_000113,2019-09-16-13-13-01,000113,000456,3,2,car,range_angle.box,2019-09-16-13-13-01/range_angle_processed/000113.npy,images/2019-09-16-13-13-01/000113.png,labels/2019-09-16-13-13-01/000113.txt,
2019-09-16-13-13-01_000114,2019-09-16-13-13-01,000114,000456,3,2,car,range_angle.box,2019-09-16-13-13-01/range_angle_processed/000114.npy,images/2019-09-16-13-13-01/000114.png,labels/2019-09-16-13-13-01/000114.txt,
2019-09-16-13-13-01_000115,2019-09-16-13-13-01,000115,000456,3,2,car,range_angle.box,2019-09-16-13-13-01/range_angle_processed/000115.npy,images/2019-09-16-13-13-01/000115.png,labels/2019-09-16-13-13-01/000115.txt,
2019-09-16-13-13-01_000116,2019-09-16-13-13-01,000116,000456,3,2,car,range_angle.box,2019-09-16-13-13-01/range_angle_processed/000116.npy,images/2019-09-16-13-13-01/000116.png,labels/2019-09-16-13-13-01/000116.txt,
2019-09-16-13-13-01_000117,2019-09-16-13-13-01,000117,000456,3,2,car,range_angle.box,2019-09-16-13-13-01/range_angle_processed/000117.npy,images/2019-09-16-13-13-01/000117.png,labels/2019-09-16-13-13-01/000117.txt,
2019-09-16-13-13-01_000118,2019-09-16-13-13-01,000118,000456,3,2,car,range_angle.box,2019-09-16-13-13-01/range_angle_processed/000118.npy,images/2019-09-16-13-13-01/000118.png,labels/2019-09-16-13-13-01/000118.txt,
2019-09-16-13-13-01_000119,2019-09-16-13-13-01,000119,000456,3,2,car,range_angle.box,2019-09-16-13-13-01/range_angle_processed/000119.npy,images/2019-09-16-13-13-01/000119.png,labels/2019-09-16-13-13-01/000119.txt,
2019-09-16-13-13-01_000120,2019-09-16-13-13-01,000120,000456,3,2,car,range_angle.box,2019-09-16-13-13-01/range_angle_processed/000120.npy,images/2019-09-16-13-13-01/000120.png,labels/2019-09-16-13-13-01/000120.txt,
2019-09-16-13-13-01_000121,2019-09-16-13-13-01,000121,000456,3,2,car,range_angle.box,2019-09-16-13-13-01/range_angle_processed/000121.npy,images/2019-09-16-13-13-01/000121.png,labels/2019-09-16-13-13-01/000121.txt,
2019-09-16-13-13-01_000122,2019-09-16-13-13-01,000122,000456,3,2,car,range_angle.box,2019-09-16-13-13-01/range_angle_processed/000122.npy,images/2019-09-16-13-13-01/000122.png,labels/2019-09-16-13-13-01/000122.txt,
2019-09-16-13-13-01_000123,2019-09-16-13-13-01,000123,000456,3,2,car,range_angle.box,2019-09-16-13-13-01/range_angle_processed/000123.npy,images/2019-09-16-13-13-01/000123.png,labels/2019-09-16-13-13-01/000123.txt,
2019-09-16-13-13-01_000124,2019-09-16-13-13-01,000124,000456,3,2,car,range_angle.box,2019-09-16-13-13-01/range_angle_processed/000124.npy,images/2019-09-16-13-13-01/000124.png,labels/2019-09-16-13-13-01/000124.txt,
2019-09-16-13-13-01_000125,2019-09-16-13-13-01,000125,000456,3,2,car,range_angle.box,2019-09-16-13-13-01/range_angle_processed/000125.npy,images/2019-09-16-13-13-01/000125.png,labels/2019-09-16-13-13-01/000125.txt,
2019-09-16-13-13-01_000126,2019-09-16-13-13-01,000126,000456,3,2,car,range_angle.box,2019-09-16-13-13-01/range_angle_processed/000126.npy,images/2019-09-16-13-13-01/000126.png,labels/2019-09-16-13-13-01/000126.txt,
2019-09-16-13-13-01_000127,2019-09-16-13-13-01,000127,000456,3,2,car,range_angle.box,2019-09-16-13-13-01/range_angle_processed/000127.npy,images/2019-09-16-13-13-01/000127.png,labels/2019-09-16-13-13-01/000127.txt,
2019-09-16-13-13-01_000128,2019-09-16-13-13-01,000128,000456,3,2,car,range_angle.box,2019-09-16-13-13-01/range_angle_processed/000128.npy,images/2019-09-16-13-13-01/000128.png,labels/2019-09-16-13-13-01/000128.txt,
2019-09-16-13-13-01_000129,2019-09-16-13-13-01,000129,000456,3,2,car,range_angle.box,2019-09-16-13-13-01/range_angle_processed/000129.npy,images/2019-09-16-13-13-01/000129.png,labels/2019-09-16-13-13-01/000129.txt,
2019-09-16-13-13-01_000130,2019-09-16-13-13-01,000130,000456,3,2,car,range_angle.box,2019-09-16-13-13-01/range_angle_processed/000130.npy,images/2019-09-16-13-13-01/000130.png,labels/2019-09-16-13-13-01/000130.txt,
2019-09-16-13-13-01_000131,2019-09-16-13-13-01,000131,000456,3,2,car,range_angle.box,2019-09-16-13-13-01/range_angle_processed/000131.npy,images/2019-09-16-13-13-01/000131.png,labels/2019-09-16-13-13-01/000131.txt,
2019-09-16-13-13-01_000132,2019-09-16-13-13-01,000132,000456,3,2,car,range_angle.box,2019-09-16-13-13-01/range_angle_processed/000132.npy,images/2019-09-16-13-13-01/000132.png,labels/2019-09-16-13-13-01/000132.txt,
2019-09-16-13-13-01_000133,2019-09-16-13-13-01,000133,000456,3,2,car,range_angle.box,2019-09-16-13-13-01/range_angle_processed/000133.npy,images/2019-09-16-13-13-01/000133.png,labels/2019-09-16-13-13-01/000133.txt,
2019-09-16-13-13-01_000134,2019-09-16-13-13-01,000134,000456,3,2,car,range_angle.box,2019-09-16-13-13-01/range_angle_processed/000134.npy,images/2019-09-16-13-13-01/000134.png,labels/2019-09-16-13-13-01/000134.txt,
2019-09-16-13-13-01_000135,2019-09-16-13-13-01,000135,000456,3,2,car,range_angle.box,2019-09-16-13-13-01/range_angle_processed/000135.npy,images/2019-09-16-13-13-01/000135.png,labels/2019-09-16-13-13-01/000135.txt,
2019-09-16-13-13-01_000136,2019-09-16-13-13-01,000136,000456,3,2,car,range_angle.box,2019-09-16-13-13-01/range_angle_processed/000136.npy,images/2019-09-16-13-13-01/000136.png,labels/2019-09-16-13-13-01/000136.txt,
2019-09-16-13-13-01_000137,2019-09-16-13-13-01,000137,000456,3,2,car,range_angle.box,2019-09-16-13-13-01/range_angle_processed/000137.npy,images/2019-09-16-13-13-01/000137.png,labels/2019-09-16-13-13-01/000137.txt,
2019-09-16-13-13-01_000138,2019-09-16-13-13-01,000138,000456,3,2,car,range_angle.box,2019-09-16-13-13-01/range_angle_processed/000138.npy,images/2019-09-16-13-13-01/000138.png,labels/2019-09-16-13-13-01/000138.txt,
2019-09-16-13-13-01_000139,2019-09-16-13-13-01,000139,000456,3,2,car,range_angle.box,2019-09-16-13-13-01/range_angle_processed/000139.npy,images/2019-09-16-13-13-01/000139.png,labels/2019-09-16-13-13-01/000139.txt,
2019-09-16-13-13-01_000140,2019-09-16-13-13-01,000140,000456,3,2,car,range_angle.box,2019-09-16-13-13-01/range_angle_processed/000140.npy,images/2019-09-16-13-13-01/000140.png,labels/2019-09-16-13-13-01/000140.txt,
2019-09-16-13-13-01_000141,2019-09-16-13-13-01,000141,000456,3,2,car,range_angle.box,2019-09-16-13-13-01/range_angle_processed/000141.npy,images/2019-09-16-13-13-01/000141.png,labels/2019-09-16-13-13-01/000141.txt,
2019-09-16-13-13-01_000142,2019-09-16-13-13-01,000142,000456,3,2,car,range_angle.box,2019-09-16-13-13-01/range_angle_processed/000142.npy,images/2019-09-16-13-13-01/000142.png,labels/2019-09-16-13-13-01/000142.txt,
2019-09-16-13-13-01_000143,2019-09-16-13-13-01,000143,000456,3,2,car,range_angle.box,2019-09-16-13-13-01/range_angle_processed/000143.npy,images/2019-09-16-13-13-01/000143.png,labels/2019-09-16-13-13-01/000143.txt,
2019-09-16-13-13-01_000144,2019-09-16-13-13-01,000144,000456,3,2,car,range_angle.box,2019-09-16-13-13-01/range_angle_processed/000144.npy,images/2019-09-16-13-13-01/000144.png,labels/2019-09-16-13-13-01/000144.txt,
2019-09-16-13-13-01_000145,2019-09-16-13-13-01,000145,000456,3,2,car,range_angle.box,2019-09-16-13-13-01/range_angle_processed/000145.npy,images/2019-09-16-13-13-01/000145.png,labels/2019-09-16-13-13-01/000145.txt,
2019-09-16-13-13-01_000146,2019-09-16-13-13-01,000146,000456,3,2,car,range_angle.box,2019-09-16-13-13-01/range_angle_processed/000146.npy,images/2019-09-16-13-13-01/000146.png,labels/2019-09-16-13-13-01/000146.txt,
2019-09-16-13-13-01_000147,2019-09-16-13-13-01,000147,000456,3,2,car,range_angle.box,2019-09-16-13-13-01/range_angle_processed/000147.npy,images/2019-09-16-13-13-01/000147.png,labels/2019-09-16-13-13-01/000147.txt,
2019-09-16-13-13-01_000148,2019-09-16-13-13-01,000148,000456,3,2,car,range_angle.box,2019-09-16-13-13-01/range_angle_processed/000148.npy,images/2019-09-16-13-13-01/000148.png,labels/2019-09-16-13-13-01/000148.txt,
2019-09-16-13-13-01_000149,2019-09-16-13-13-01,000149,000456,3,2,car,range_angle.box,2019-09-16-13-13-01/range_angle_processed/000149.npy,images/2019-09-16-13-13-01/000149.png,labels/2019-09-16-13-13-01/000149.txt,
2019-09-16-13-13-01_000150,2019-09-16-13-13-01,000150,000456,3,2,car,range_angle.box,2019-09-16-13-13-01/range_angle_processed/000150.npy,images/2019-09-16-13-13-01/000150.png,labels/2019-09-16-13-13-01/000150.txt,
2019-09-16-13-13-01_000151,2019-09-16-13-13-01,000151,000456,3,2,car,range_angle.box,2019-09-16-13-13-01/range_angle_processed/000151.npy,images/2019-09-16-13-13-01/000151.png,labels/2019-09-16-13-13-01/000151.txt,
2019-09-16-13-13-01_000152,2019-09-16-13-13-01,000152,000456,3,2,car,range_angle.box,2019-09-16-13-13-01/range_angle_processed/000152.npy,images/2019-09-16-13-13-01/000152.png,labels/2019-09-16-13-13-01/000152.txt,
2019-09-16-13-13-01_000153,2019-09-16-13-13-01,000153,000456,3,2,car,range_angle.box,2019-09-16-13-13-01/range_angle_processed/000153.npy,images/2019-09-16-13-13-01/000153.png,labels/2019-09-16-13-13-01/000153.txt,
2019-09-16-13-13-01_000185,2019-09-16-13-13-01,000185,000493,3,2,car,range_angle.box,2019-09-16-13-13-01/range_angle_processed/000185.npy,images/2019-09-16-13-13-01/000185.png,labels/2019-09-16-13-13-01/000185.txt,
2019-09-16-13-13-01_000186,2019-09-16-13-13-01,000186,000493,3,2,car,range_angle.box,2019-09-16-13-13-01/range_angle_processed/000186.npy,images/2019-09-16-13-13-01/000186.png,labels/2019-09-16-13-13-01/000186.txt,
2019-09-16-13-13-01_000187,2019-09-16-13-13-01,000187,000493,3,2,car,range_angle.box,2019-09-16-13-13-01/range_angle_processed/000187.npy,images/2019-09-16-13-13-01/000187.png,labels/2019-09-16-13-13-01/000187.txt,
2019-09-16-13-13-01_000188,2019-09-16-13-13-01,000188,000493,3,2,car,range_angle.box,2019-09-16-13-13-01/range_angle_processed/000188.npy,images/2019-09-16-13-13-01/000188.png,labels/2019-09-16-13-13-01/000188.txt,
2019-09-16-13-13-01_000189,2019-09-16-13-13-01,000189,000493,3,2,car,range_angle.box,2019-09-16-13-13-01/range_angle_processed/000189.npy,images/2019-09-16-13-13-01/000189.png,labels/2019-09-16-13-13-01/000189.txt,
2019-09-16-13-13-01_000190,2019-09-16-13-13-01,000190,000493,3,2,car,range_angle.box,2019-09-16-13-13-01/range_angle_processed/000190.npy,images/2019-09-16-13-13-01/000190.png,labels/2019-09-16-13-13-01/000190.txt,
2019-09-16-13-13-01_000191,2019-09-16-13-13-01,000191,000493,3,2,car,range_angle.box,2019-09-16-13-13-01/range_angle_processed/000191.npy,images/2019-09-16-13-13-01/000191.png,labels/2019-09-16-13-13-01/000191.txt,
2019-09-16-13-13-01_000192,2019-09-16-13-13-01,000192,000493,3,2,car,range_angle.box,2019-09-16-13-13-01/range_angle_processed/000192.npy,images/2019-09-16-13-13-01/000192.png,labels/2019-09-16-13-13-01/000192.txt,
2019-09-16-13-13-01_000193,2019-09-16-13-13-01,000193,000493,3,2,car,range_angle.box,2019-09-16-13-13-01/range_angle_processed/000193.npy,images/2019-09-16-13-13-01/000193.png,labels/2019-09-16-13-13-01/000193.txt,
2019-09-16-13-13-01_000194,2019-09-16-13-13-01,000194,000493,3,2,car,range_angle.box,2019-09-16-13-13-01/range_angle_processed/000194.npy,images/2019-09-16-13-13-01/000194.png,labels/2019-09-16-13-13-01/000194.txt,
2019-09-16-13-13-01_000195,2019-09-16-13-13-01,000195,000493,3,2,car,range_angle.box,2019-09-16-13-13-01/range_angle_processed/000195.npy,images/2019-09-16-13-13-01/000195.png,labels/2019-09-16-13-13-01/000195.txt,
2019-09-16-13-13-01_000196,2019-09-16-13-13-01,000196,000493,3,2,car,range_angle.box,2019-09-16-13-13-01/range_angle_processed/000196.npy,images/2019-09-16-13-13-01/000196.png,labels/2019-09-16-13-13-01/000196.txt,
2019-09-16-13-13-01_000197,2019-09-16-13-13-01,000197,000493,3,2,car,range_angle.box,2019-09-16-13-13-01/range_angle_processed/000197.npy,images/2019-09-16-13-13-01/000197.png,labels/2019-09-16-13-13-01/000197.txt,
2019-09-16-13-13-01_000198,2019-09-16-13-13-01,000198,000493,3,2,car,range_angle.box,2019-09-16-13-13-01/range_angle_processed/000198.npy,images/2019-09-16-13-13-01/000198.png,labels/2019-09-16-13-13-01/000198.txt,
2019-09-16-13-13-01_000199,2019-09-16-13-13-01,000199,000493,3,2,car,range_angle.box,2019-09-16-13-13-01/range_angle_processed/000199.npy,images/2019-09-16-13-13-01/000199.png,labels/2019-09-16-13-13-01/000199.txt,
2019-09-16-13-13-01_000200,2019-09-16-13-13-01,000200,000493,3,2,car,range_angle.box,2019-09-16-13-13-01/range_angle_processed/000200.npy,images/2019-09-16-13-13-01/000200.png,labels/2019-09-16-13-13-01/000200.txt,
2019-09-16-13-13-01_000201,2019-09-16-13-13-01,000201,000493,3,2,car,range_angle.box,2019-09-16-13-13-01/range_angle_processed/000201.npy,images/2019-09-16-13-13-01/000201.png,labels/2019-09-16-13-13-01/000201.txt,
2019-09-16-13-13-01_000202,2019-09-16-13-13-01,000202,000493,3,2,car,range_angle.box,2019-09-16-13-13-01/range_angle_processed/000202.npy,images/2019-09-16-13-13-01/000202.png,labels/2019-09-16-13-13-01/000202.txt,
2019-09-16-13-13-01_000203,2019-09-16-13-13-01,000203,000493,3,2,car,range_angle.box,2019-09-16-13-13-01/range_angle_processed/000203.npy,images/2019-09-16-13-13-01/000203.png,labels/2019-09-16-13-13-01/000203.txt,
2019-09-16-13-13-01_000204,2019-09-16-13-13-01,000204,000493,3,2,car,range_angle.box,2019-09-16-13-13-01/range_angle_processed/000204.npy,images/2019-09-16-13-13-01/000204.png,labels/2019-09-16-13-13-01/000204.txt,
2019-09-16-13-13-01_000205,2019-09-16-13-13-01,000205,000493,3,2,car,range_angle.box,2019-09-16-13-13-01/range_angle_processed/000205.npy,images/2019-09-16-13-13-01/000205.png,labels/2019-09-16-13-13-01/000205.txt,
2019-09-16-13-13-01_000206,2019-09-16-13-13-01,000206,000493,3,2,car,range_angle.box,2019-09-16-13-13-01/range_angle_processed/000206.npy,images/2019-09-16-13-13-01/000206.png,labels/2019-09-16-13-13-01/000206.txt,
2019-09-16-13-13-01_000207,2019-09-16-13-13-01,000207,000493,3,2,car,range_angle.box,2019-09-16-13-13-01/range_angle_processed/000207.npy,images/2019-09-16-13-13-01/000207.png,labels/2019-09-16-13-13-01/000207.txt,
2019-09-16-13-13-01_000208,2019-09-16-13-13-01,000208,000493,3,2,car,range_angle.box,2019-09-16-13-13-01/range_angle_processed/000208.npy,images/2019-09-16-13-13-01/000208.png,labels/2019-09-16-13-13-01/000208.txt,
2019-09-16-13-13-01_000209,2019-09-16-13-13-01,000209,000493,3,2,car,range_angle.box,2019-09-16-13-13-01/range_angle_processed/000209.npy,images/2019-09-16-13-13-01/000209.png,labels/2019-09-16-13-13-01/000209.txt,
2019-09-16-13-13-01_000210,2019-09-16-13-13-01,000210,000493,3,2,car,range_angle.box,2019-09-16-13-13-01/range_angle_processed/000210.npy,images/2019-09-16-13-13-01/000210.png,labels/2019-09-16-13-13-01/000210.txt,
2019-09-16-13-13-01_000211,2019-09-16-13-13-01,000211,000493,3,2,car,range_angle.box,2019-09-16-13-13-01/range_angle_processed/000211.npy,images/2019-09-16-13-13-01/000211.png,labels/2019-09-16-13-13-01/000211.txt,
2019-09-16-13-13-01_000212,2019-09-16-13-13-01,000212,000493,3,2,car,range_angle.box,2019-09-16-13-13-01/range_angle_processed/000212.npy,images/2019-09-16-13-13-01/000212.png,labels/2019-09-16-13-13-01/000212.txt,
2019-09-16-13-13-01_000213,2019-09-16-13-13-01,000213,000493,3,2,car,range_angle.box,2019-09-16-13-13-01/range_angle_processed/000213.npy,images/2019-09-16-13-13-01/000213.png,labels/2019-09-16-13-13-01/000213.txt,
2019-09-16-13-13-01_000214,2019-09-16-13-13-01,000214,000493,3,2,car,range_angle.box,2019-09-16-13-13-01/range_angle_processed/000214.npy,images/2019-09-16-13-13-01/000214.png,labels/2019-09-16-13-13-01/000214.txt,
2019-09-16-13-13-01_000215,2019-09-16-13-13-01,000215,000493,3,2,car,range_angle.box,2019-09-16-13-13-01/range_angle_processed/000215.npy,images/2019-09-16-13-13-01/000215.png,labels/2019-09-16-13-13-01/000215.txt,
2019-09-16-13-13-01_000216,2019-09-16-13-13-01,000216,000493,3,2,car,range_angle.box,2019-09-16-13-13-01/range_angle_processed/000216.npy,images/2019-09-16-13-13-01/000216.png,labels/2019-09-16-13-13-01/000216.txt,
2019-09-16-13-13-01_000217,2019-09-16-13-13-01,000217,000493,3,2,car,range_angle.box,2019-09-16-13-13-01/range_angle_processed/000217.npy,images/2019-09-16-13-13-01/000217.png,labels/2019-09-16-13-13-01/000217.txt,
2019-09-16-13-13-01_000218,2019-09-16-13-13-01,000218,000493,3,2,car,range_angle.box,2019-09-16-13-13-01/range_angle_processed/000218.npy,images/2019-09-16-13-13-01/000218.png,labels/2019-09-16-13-13-01/000218.txt,
2019-09-16-13-13-01_000219,2019-09-16-13-13-01,000219,000493,3,2,car,range_angle.box,2019-09-16-13-13-01/range_angle_processed/000219.npy,images/2019-09-16-13-13-01/000219.png,labels/2019-09-16-13-13-01/000219.txt,
2019-09-16-13-13-01_000220,2019-09-16-13-13-01,000220,000493,3,2,car,range_angle.box,2019-09-16-13-13-01/range_angle_processed/000220.npy,images/2019-09-16-13-13-01/000220.png,labels/2019-09-16-13-13-01/000220.txt,
2019-09-16-13-13-01_000221,2019-09-16-13-13-01,000221,000493,3,2,car,range_angle.box,2019-09-16-13-13-01/range_angle_processed/000221.npy,images/2019-09-16-13-13-01/000221.png,labels/2019-09-16-13-13-01/000221.txt,
2019-09-16-13-13-01_000222,2019-09-16-13-13-01,000222,000493,3,2,car,range_angle.box,2019-09-16-13-13-01/range_angle_processed/000222.npy,images/2019-09-16-13-13-01/000222.png,labels/2019-09-16-13-13-01/000222.txt,
2019-09-16-13-13-01_000223,2019-09-16-13-13-01,000223,000493,3,2,car,range_angle.box,2019-09-16-13-13-01/range_angle_processed/000223.npy,images/2019-09-16-13-13-01/000223.png,labels/2019-09-16-13-13-01/000223.txt,
2019-09-16-13-13-01_000224,2019-09-16-13-13-01,000224,000493,3,2,car,range_angle.box,2019-09-16-13-13-01/range_angle_processed/000224.npy,images/2019-09-16-13-13-01/000224.png,labels/2019-09-16-13-13-01/000224.txt,
2019-09-16-13-13-01_000225,2019-09-16-13-13-01,000225,000493,3,2,car,range_angle.box,2019-09-16-13-13-01/range_angle_processed/000225.npy,images/2019-09-16-13-13-01/000225.png,labels/2019-09-16-13-13-01/000225.txt,
2019-09-16-13-13-01_000226,2019-09-16-13-13-01,000226,000493,3,2,car,range_angle.box,2019-09-16-13-13-01/range_angle_processed/000226.npy,images/2019-09-16-13-13-01/000226.png,labels/2019-09-16-13-13-01/000226.txt,
2019-09-16-13-13-01_000227,2019-09-16-13-13-01,000227,000493,3,2,car,range_angle.box,2019-09-16-13-13-01/range_angle_processed/000227.npy,images/2019-09-16-13-13-01/000227.png,labels/2019-09-16-13-13-01/000227.txt,
2019-09-16-13-13-01_000228,2019-09-16-13-13-01,000228,000493,3,2,car,range_angle.box,2019-09-16-13-13-01/range_angle_processed/000228.npy,images/2019-09-16-13-13-01/000228.png,labels/2019-09-16-13-13-01/000228.txt,
2019-09-16-13-13-01_000229,2019-09-16-13-13-01,000229,000493,3,2,car,range_angle.box,2019-09-16-13-13-01/range_angle_processed/000229.npy,images/2019-09-16-13-13-01/000229.png,labels/2019-09-16-13-13-01/000229.txt,
2019-09-16-13-13-01_000230,2019-09-16-13-13-01,000230,000493,3,2,car,range_angle.box,2019-09-16-13-13-01/range_angle_processed/000230.npy,images/2019-09-16-13-13-01/000230.png,labels/2019-09-16-13-13-01/000230.txt,
2019-09-16-13-13-01_000231,2019-09-16-13-13-01,000231,000493,3,2,car,range_angle.box,2019-09-16-13-13-01/range_angle_processed/000231.npy,images/2019-09-16-13-13-01/000231.png,labels/2019-09-16-13-13-01/000231.txt,
2019-09-16-13-13-01_000232,2019-09-16-13-13-01,000232,000493,3,2,car,range_angle.box,2019-09-16-13-13-01/range_angle_processed/000232.npy,images/2019-09-16-13-13-01/000232.png,labels/2019-09-16-13-13-01/000232.txt,
2019-09-16-13-13-01_000233,2019-09-16-13-13-01,000233,000493,3,2,car,range_angle.box,2019-09-16-13-13-01/range_angle_processed/000233.npy,images/2019-09-16-13-13-01/000233.png,labels/2019-09-16-13-13-01/000233.txt,
2019-09-16-13-13-01_000234,2019-09-16-13-13-01,000234,000493,3,2,car,range_angle.box,2019-09-16-13-13-01/range_angle_processed/000234.npy,images/2019-09-16-13-13-01/000234.png,labels/2019-09-16-13-13-01/000234.txt,
2019-09-16-13-13-01_000235,2019-09-16-13-13-01,000235,000493,3,2,car,range_angle.box,2019-09-16-13-13-01/range_angle_processed/000235.npy,images/2019-09-16-13-13-01/000235.png,labels/2019-09-16-13-13-01/000235.txt,
2019-09-16-13-13-01_000236,2019-09-16-13-13-01,000236,000493,3,2,car,range_angle.box,2019-09-16-13-13-01/range_angle_processed/000236.npy,images/2019-09-16-13-13-01/000236.png,labels/2019-09-16-13-13-01/000236.txt,
2019-09-16-13-13-01_000237,2019-09-16-13-13-01,000237,000493,3,2,car,range_angle.box,2019-09-16-13-13-01/range_angle_processed/000237.npy,images/2019-09-16-13-13-01/000237.png,labels/2019-09-16-13-13-01/000237.txt,
2019-09-16-13-13-01_000238,2019-09-16-13-13-01,000238,000493,3,2,car,range_angle.box,2019-09-16-13-13-01/range_angle_processed/000238.npy,images/2019-09-16-13-13-01/000238.png,labels/2019-09-16-13-13-01/000238.txt,
2019-09-16-13-13-01_000239,2019-09-16-13-13-01,000239,000493,3,2,car,range_angle.box,2019-09-16-13-13-01/range_angle_processed/000239.npy,images/2019-09-16-13-13-01/000239.png,labels/2019-09-16-13-13-01/000239.txt,
2019-09-16-13-13-01_000240,2019-09-16-13-13-01,000240,000493,3,2,car,range_angle.box,2019-09-16-13-13-01/range_angle_processed/000240.npy,images/2019-09-16-13-13-01/000240.png,labels/2019-09-16-13-13-01/000240.txt,
2019-09-16-13-13-01_000241,2019-09-16-13-13-01,000241,000493,3,2,car,range_angle.box,2019-09-16-13-13-01/range_angle_processed/000241.npy,images/2019-09-16-13-13-01/000241.png,labels/2019-09-16-13-13-01/000241.txt,
2019-09-16-13-13-01_000242,2019-09-16-13-13-01,000242,000493,3,2,car,range_angle.box,2019-09-16-13-13-01/range_angle_processed/000242.npy,images/2019-09-16-13-13-01/000242.png,labels/2019-09-16-13-13-01/000242.txt,
2019-09-16-13-13-01_000243,2019-09-16-13-13-01,000243,000493,3,2,car,range_angle.box,2019-09-16-13-13-01/range_angle_processed/000243.npy,images/2019-09-16-13-13-01/000243.png,labels/2019-09-16-13-13-01/000243.txt,
2019-09-16-12-55-51_000046,2019-09-16-12-55-51,000046,000054,3,2,car,range_angle.box,2019-09-16-12-55-51/range_angle_processed/000046.npy,images/2019-09-16-12-55-51/000046.png,labels/2019-09-16-12-55-51/000046.txt,
2019-09-16-12-55-51_000047,2019-09-16-12-55-51,000047,000054,3,2,car,range_angle.box,2019-09-16-12-55-51/range_angle_processed/000047.npy,images/2019-09-16-12-55-51/000047.png,labels/2019-09-16-12-55-51/000047.txt,
2019-09-16-12-55-51_000048,2019-09-16-12-55-51,000048,000054,3,2,car,range_angle.box,2019-09-16-12-55-51/range_angle_processed/000048.npy,images/2019-09-16-12-55-51/000048.png,labels/2019-09-16-12-55-51/000048.txt,
2019-09-16-12-55-51_000049,2019-09-16-12-55-51,000049,000054,3,2,car,range_angle.box,2019-09-16-12-55-51/range_angle_processed/000049.npy,images/2019-09-16-12-55-51/000049.png,labels/2019-09-16-12-55-51/000049.txt,
2019-09-16-12-55-51_000050,2019-09-16-12-55-51,000050,000054,3,2,car,range_angle.box,2019-09-16-12-55-51/range_angle_processed/000050.npy,images/2019-09-16-12-55-51/000050.png,labels/2019-09-16-12-55-51/000050.txt,
2019-09-16-12-55-51_000051,2019-09-16-12-55-51,000051,000054,3,2,car,range_angle.box,2019-09-16-12-55-51/range_angle_processed/000051.npy,images/2019-09-16-12-55-51/000051.png,labels/2019-09-16-12-55-51/000051.txt,
2019-09-16-12-55-51_000052,2019-09-16-12-55-51,000052,000054,3,2,car,range_angle.box,2019-09-16-12-55-51/range_angle_processed/000052.npy,images/2019-09-16-12-55-51/000052.png,labels/2019-09-16-12-55-51/000052.txt,
2019-09-16-12-55-51_000053,2019-09-16-12-55-51,000053,000054,3,2,car,range_angle.box,2019-09-16-12-55-51/range_angle_processed/000053.npy,images/2019-09-16-12-55-51/000053.png,labels/2019-09-16-12-55-51/000053.txt,
2019-09-16-12-55-51_000054,2019-09-16-12-55-51,000054,000054,3,2,car,range_angle.box,2019-09-16-12-55-51/range_angle_processed/000054.npy,images/2019-09-16-12-55-51/000054.png,labels/2019-09-16-12-55-51/000054.txt,
2019-09-16-12-55-51_000055,2019-09-16-12-55-51,000055,000054,3,2,car,range_angle.box,2019-09-16-12-55-51/range_angle_processed/000055.npy,images/2019-09-16-12-55-51/000055.png,labels/2019-09-16-12-55-51/000055.txt,
2019-09-16-12-55-51_000056,2019-09-16-12-55-51,000056,000054,3,2,car,range_angle.box,2019-09-16-12-55-51/range_angle_processed/000056.npy,images/2019-09-16-12-55-51/000056.png,labels/2019-09-16-12-55-51/000056.txt,
2019-09-16-12-55-51_000057,2019-09-16-12-55-51,000057,000054,3,2,car,range_angle.box,2019-09-16-12-55-51/range_angle_processed/000057.npy,images/2019-09-16-12-55-51/000057.png,labels/2019-09-16-12-55-51/000057.txt,
2019-09-16-12-55-51_000058,2019-09-16-12-55-51,000058,000054,3,2,car,range_angle.box,2019-09-16-12-55-51/range_angle_processed/000058.npy,images/2019-09-16-12-55-51/000058.png,labels/2019-09-16-12-55-51/000058.txt,
2019-09-16-12-55-51_000059,2019-09-16-12-55-51,000059,000054,3,2,car,range_angle.box,2019-09-16-12-55-51/range_angle_processed/000059.npy,images/2019-09-16-12-55-51/000059.png,labels/2019-09-16-12-55-51/000059.txt,
2019-09-16-12-55-51_000060,2019-09-16-12-55-51,000060,000054,3,2,car,range_angle.box,2019-09-16-12-55-51/range_angle_processed/000060.npy,images/2019-09-16-12-55-51/000060.png,labels/2019-09-16-12-55-51/000060.txt,
2019-09-16-12-55-51_000061,2019-09-16-12-55-51,000061,000054,3,2,car,range_angle.box,2019-09-16-12-55-51/range_angle_processed/000061.npy,images/2019-09-16-12-55-51/000061.png,labels/2019-09-16-12-55-51/000061.txt,
2019-09-16-12-55-51_000062,2019-09-16-12-55-51,000062,000054,3,2,car,range_angle.box,2019-09-16-12-55-51/range_angle_processed/000062.npy,images/2019-09-16-12-55-51/000062.png,labels/2019-09-16-12-55-51/000062.txt,
2019-09-16-12-55-51_000063,2019-09-16-12-55-51,000063,000054,3,2,car,range_angle.box,2019-09-16-12-55-51/range_angle_processed/000063.npy,images/2019-09-16-12-55-51/000063.png,labels/2019-09-16-12-55-51/000063.txt,
2019-09-16-12-55-51_000064,2019-09-16-12-55-51,000064,000054,3,2,car,range_angle.box,2019-09-16-12-55-51/range_angle_processed/000064.npy,images/2019-09-16-12-55-51/000064.png,labels/2019-09-16-12-55-51/000064.txt,
2019-09-16-12-55-51_000065,2019-09-16-12-55-51,000065,000054,3,2,car,range_angle.box,2019-09-16-12-55-51/range_angle_processed/000065.npy,images/2019-09-16-12-55-51/000065.png,labels/2019-09-16-12-55-51/000065.txt,
2019-09-16-12-55-51_000066,2019-09-16-12-55-51,000066,000054,3,2,car,range_angle.box,2019-09-16-12-55-51/range_angle_processed/000066.npy,images/2019-09-16-12-55-51/000066.png,labels/2019-09-16-12-55-51/000066.txt,
2019-09-16-12-55-51_000067,2019-09-16-12-55-51,000067,000054,3,2,car,range_angle.box,2019-09-16-12-55-51/range_angle_processed/000067.npy,images/2019-09-16-12-55-51/000067.png,labels/2019-09-16-12-55-51/000067.txt,
2019-09-16-12-55-51_000068,2019-09-16-12-55-51,000068,000054,3,2,car,range_angle.box,2019-09-16-12-55-51/range_angle_processed/000068.npy,images/2019-09-16-12-55-51/000068.png,labels/2019-09-16-12-55-51/000068.txt,
2019-09-16-12-55-51_000069,2019-09-16-12-55-51,000069,000054,3,2,car,range_angle.box,2019-09-16-12-55-51/range_angle_processed/000069.npy,images/2019-09-16-12-55-51/000069.png,labels/2019-09-16-12-55-51/000069.txt,
2019-09-16-12-55-51_000070,2019-09-16-12-55-51,000070,000054,3,2,car,range_angle.box,2019-09-16-12-55-51/range_angle_processed/000070.npy,images/2019-09-16-12-55-51/000070.png,labels/2019-09-16-12-55-51/000070.txt,
2019-09-16-12-55-51_000071,2019-09-16-12-55-51,000071,000054,3,2,car,range_angle.box,2019-09-16-12-55-51/range_angle_processed/000071.npy,images/2019-09-16-12-55-51/000071.png,labels/2019-09-16-12-55-51/000071.txt,
2019-09-16-12-55-51_000072,2019-09-16-12-55-51,000072,000054,3,2,car,range_angle.box,2019-09-16-12-55-51/range_angle_processed/000072.npy,images/2019-09-16-12-55-51/000072.png,labels/2019-09-16-12-55-51/000072.txt,
2019-09-16-12-55-51_000073,2019-09-16-12-55-51,000073,000054,3,2,car,range_angle.box,2019-09-16-12-55-51/range_angle_processed/000073.npy,images/2019-09-16-12-55-51/000073.png,labels/2019-09-16-12-55-51/000073.txt,
2019-09-16-12-55-51_000074,2019-09-16-12-55-51,000074,000054,3,2,car,range_angle.box,2019-09-16-12-55-51/range_angle_processed/000074.npy,images/2019-09-16-12-55-51/000074.png,labels/2019-09-16-12-55-51/000074.txt,
2019-09-16-12-55-51_000075,2019-09-16-12-55-51,000075,000054,3,2,car,range_angle.box,2019-09-16-12-55-51/range_angle_processed/000075.npy,images/2019-09-16-12-55-51/000075.png,labels/2019-09-16-12-55-51/000075.txt,
2019-09-16-12-55-51_000076,2019-09-16-12-55-51,000076,000054,3,2,car,range_angle.box,2019-09-16-12-55-51/range_angle_processed/000076.npy,images/2019-09-16-12-55-51/000076.png,labels/2019-09-16-12-55-51/000076.txt,
2019-09-16-12-55-51_000077,2019-09-16-12-55-51,000077,000054,3,2,car,range_angle.box,2019-09-16-12-55-51/range_angle_processed/000077.npy,images/2019-09-16-12-55-51/000077.png,labels/2019-09-16-12-55-51/000077.txt,
2019-09-16-12-55-51_000078,2019-09-16-12-55-51,000078,000054,3,2,car,range_angle.box,2019-09-16-12-55-51/range_angle_processed/000078.npy,images/2019-09-16-12-55-51/000078.png,labels/2019-09-16-12-55-51/000078.txt,
2019-09-16-12-55-51_000079,2019-09-16-12-55-51,000079,000054,3,2,car,range_angle.box,2019-09-16-12-55-51/range_angle_processed/000079.npy,images/2019-09-16-12-55-51/000079.png,labels/2019-09-16-12-55-51/000079.txt,
2019-09-16-12-55-51_000080,2019-09-16-12-55-51,000080,000054,3,2,car,range_angle.box,2019-09-16-12-55-51/range_angle_processed/000080.npy,images/2019-09-16-12-55-51/000080.png,labels/2019-09-16-12-55-51/000080.txt,
2019-09-16-12-55-51_000081,2019-09-16-12-55-51,000081,000054,3,2,car,range_angle.box,2019-09-16-12-55-51/range_angle_processed/000081.npy,images/2019-09-16-12-55-51/000081.png,labels/2019-09-16-12-55-51/000081.txt,
2019-09-16-12-55-51_000082,2019-09-16-12-55-51,000082,000054,3,2,car,range_angle.box,2019-09-16-12-55-51/range_angle_processed/000082.npy,images/2019-09-16-12-55-51/000082.png,labels/2019-09-16-12-55-51/000082.txt,
2019-09-16-12-55-51_000083,2019-09-16-12-55-51,000083,000054,3,2,car,range_angle.box,2019-09-16-12-55-51/range_angle_processed/000083.npy,images/2019-09-16-12-55-51/000083.png,labels/2019-09-16-12-55-51/000083.txt,
2019-09-16-12-55-51_000084,2019-09-16-12-55-51,000084,000054,3,2,car,range_angle.box,2019-09-16-12-55-51/range_angle_processed/000084.npy,images/2019-09-16-12-55-51/000084.png,labels/2019-09-16-12-55-51/000084.txt,
2019-09-16-12-55-51_000085,2019-09-16-12-55-51,000085,000054,3,2,car,range_angle.box,2019-09-16-12-55-51/range_angle_processed/000085.npy,images/2019-09-16-12-55-51/000085.png,labels/2019-09-16-12-55-51/000085.txt,
2019-09-16-12-55-51_000086,2019-09-16-12-55-51,000086,000054,3,2,car,range_angle.box,2019-09-16-12-55-51/range_angle_processed/000086.npy,images/2019-09-16-12-55-51/000086.png,labels/2019-09-16-12-55-51/000086.txt,
2019-09-16-12-55-51_000087,2019-09-16-12-55-51,000087,000054,3,2,car,range_angle.box,2019-09-16-12-55-51/range_angle_processed/000087.npy,images/2019-09-16-12-55-51/000087.png,labels/2019-09-16-12-55-51/000087.txt,
2019-09-16-12-55-51_000088,2019-09-16-12-55-51,000088,000054,3,2,car,range_angle.box,2019-09-16-12-55-51/range_angle_processed/000088.npy,images/2019-09-16-12-55-51/000088.png,labels/2019-09-16-12-55-51/000088.txt,
2019-09-16-12-55-51_000089,2019-09-16-12-55-51,000089,000054,3,2,car,range_angle.box,2019-09-16-12-55-51/range_angle_processed/000089.npy,images/2019-09-16-12-55-51/000089.png,labels/2019-09-16-12-55-51/000089.txt,
2019-09-16-12-55-51_000090,2019-09-16-12-55-51,000090,000054,3,2,car,range_angle.box,2019-09-16-12-55-51/range_angle_processed/000090.npy,images/2019-09-16-12-55-51/000090.png,labels/2019-09-16-12-55-51/000090.txt,
2019-09-16-12-55-51_000091,2019-09-16-12-55-51,000091,000054,3,2,car,range_angle.box,2019-09-16-12-55-51/range_angle_processed/000091.npy,images/2019-09-16-12-55-51/000091.png,labels/2019-09-16-12-55-51/000091.txt,
2019-09-16-12-55-51_000092,2019-09-16-12-55-51,000092,000054,3,2,car,range_angle.box,2019-09-16-12-55-51/range_angle_processed/000092.npy,images/2019-09-16-12-55-51/000092.png,labels/2019-09-16-12-55-51/000092.txt,
2019-09-16-12-55-51_000093,2019-09-16-12-55-51,000093,000054,3,2,car,range_angle.box,2019-09-16-12-55-51/range_angle_processed/000093.npy,images/2019-09-16-12-55-51/000093.png,labels/2019-09-16-12-55-51/000093.txt,
2019-09-16-12-55-51_000094,2019-09-16-12-55-51,000094,000054,3,2,car,range_angle.box,2019-09-16-12-55-51/range_angle_processed/000094.npy,images/2019-09-16-12-55-51/000094.png,labels/2019-09-16-12-55-51/000094.txt,
2019-09-16-12-55-51_000095,2019-09-16-12-55-51,000095,000054,3,2,car,range_angle.box,2019-09-16-12-55-51/range_angle_processed/000095.npy,images/2019-09-16-12-55-51/000095.png,labels/2019-09-16-12-55-51/000095.txt,
2019-09-16-12-55-51_000096,2019-09-16-12-55-51,000096,000054,3,2,car,range_angle.box,2019-09-16-12-55-51/range_angle_processed/000096.npy,images/2019-09-16-12-55-51/000096.png,labels/2019-09-16-12-55-51/000096.txt,
2019-09-16-12-55-51_000097,2019-09-16-12-55-51,000097,000054,3,2,car,range_angle.box,2019-09-16-12-55-51/range_angle_processed/000097.npy,images/2019-09-16-12-55-51/000097.png,labels/2019-09-16-12-55-51/000097.txt,
2019-09-16-12-55-51_000216,2019-09-16-12-55-51,000216,000067,3,2,car,range_angle.box,2019-09-16-12-55-51/range_angle_processed/000216.npy,images/2019-09-16-12-55-51/000216.png,labels/2019-09-16-12-55-51/000216.txt,
2019-09-16-12-55-51_000217,2019-09-16-12-55-51,000217,000067,3,2,car,range_angle.box,2019-09-16-12-55-51/range_angle_processed/000217.npy,images/2019-09-16-12-55-51/000217.png,labels/2019-09-16-12-55-51/000217.txt,
2019-09-16-12-55-51_000218,2019-09-16-12-55-51,000218,000067,3,2,car,range_angle.box,2019-09-16-12-55-51/range_angle_processed/000218.npy,images/2019-09-16-12-55-51/000218.png,labels/2019-09-16-12-55-51/000218.txt,
2019-09-16-12-55-51_000219,2019-09-16-12-55-51,000219,000067,3,2,car,range_angle.box,2019-09-16-12-55-51/range_angle_processed/000219.npy,images/2019-09-16-12-55-51/000219.png,labels/2019-09-16-12-55-51/000219.txt,
2019-09-16-12-55-51_000220,2019-09-16-12-55-51,000220,000067,3,2,car,range_angle.box,2019-09-16-12-55-51/range_angle_processed/000220.npy,images/2019-09-16-12-55-51/000220.png,labels/2019-09-16-12-55-51/000220.txt,
2019-09-16-12-55-51_000221,2019-09-16-12-55-51,000221,000067,3,2,car,range_angle.box,2019-09-16-12-55-51/range_angle_processed/000221.npy,images/2019-09-16-12-55-51/000221.png,labels/2019-09-16-12-55-51/000221.txt,
2019-09-16-12-55-51_000222,2019-09-16-12-55-51,000222,000067,3,2,car,range_angle.box,2019-09-16-12-55-51/range_angle_processed/000222.npy,images/2019-09-16-12-55-51/000222.png,labels/2019-09-16-12-55-51/000222.txt,
2019-09-16-12-55-51_000223,2019-09-16-12-55-51,000223,000067,3,2,car,range_angle.box,2019-09-16-12-55-51/range_angle_processed/000223.npy,images/2019-09-16-12-55-51/000223.png,labels/2019-09-16-12-55-51/000223.txt,
2019-09-16-12-55-51_000224,2019-09-16-12-55-51,000224,000067,3,2,car,range_angle.box,2019-09-16-12-55-51/range_angle_processed/000224.npy,images/2019-09-16-12-55-51/000224.png,labels/2019-09-16-12-55-51/000224.txt,
2019-09-16-12-55-51_000225,2019-09-16-12-55-51,000225,000067,3,2,car,range_angle.box,2019-09-16-12-55-51/range_angle_processed/000225.npy,images/2019-09-16-12-55-51/000225.png,labels/2019-09-16-12-55-51/000225.txt,
2019-09-16-12-55-51_000226,2019-09-16-12-55-51,000226,000067,3,2,car,range_angle.box,2019-09-16-12-55-51/range_angle_processed/000226.npy,images/2019-09-16-12-55-51/000226.png,labels/2019-09-16-12-55-51/000226.txt,
2019-09-16-12-55-51_000227,2019-09-16-12-55-51,000227,000067,3,2,car,range_angle.box,2019-09-16-12-55-51/range_angle_processed/000227.npy,images/2019-09-16-12-55-51/000227.png,labels/2019-09-16-12-55-51/000227.txt,
2019-09-16-12-55-51_000228,2019-09-16-12-55-51,000228,000067,3,2,car,range_angle.box,2019-09-16-12-55-51/range_angle_processed/000228.npy,images/2019-09-16-12-55-51/000228.png,labels/2019-09-16-12-55-51/000228.txt,
2019-09-16-12-55-51_000229,2019-09-16-12-55-51,000229,000067,3,2,car,range_angle.box,2019-09-16-12-55-51/range_angle_processed/000229.npy,images/2019-09-16-12-55-51/000229.png,labels/2019-09-16-12-55-51/000229.txt,
2019-09-16-12-55-51_000230,2019-09-16-12-55-51,000230,000067,3,2,car,range_angle.box,2019-09-16-12-55-51/range_angle_processed/000230.npy,images/2019-09-16-12-55-51/000230.png,labels/2019-09-16-12-55-51/000230.txt,
2019-09-16-12-55-51_000231,2019-09-16-12-55-51,000231,000067,3,2,car,range_angle.box,2019-09-16-12-55-51/range_angle_processed/000231.npy,images/2019-09-16-12-55-51/000231.png,labels/2019-09-16-12-55-51/000231.txt,
2019-09-16-12-55-51_000232,2019-09-16-12-55-51,000232,000067,3,2,car,range_angle.box,2019-09-16-12-55-51/range_angle_processed/000232.npy,images/2019-09-16-12-55-51/000232.png,labels/2019-09-16-12-55-51/000232.txt,
2019-09-16-12-55-51_000233,2019-09-16-12-55-51,000233,000067,3,2,car,range_angle.box,2019-09-16-12-55-51/range_angle_processed/000233.npy,images/2019-09-16-12-55-51/000233.png,labels/2019-09-16-12-55-51/000233.txt,
2019-09-16-12-55-51_000234,2019-09-16-12-55-51,000234,000067,3,2,car,range_angle.box,2019-09-16-12-55-51/range_angle_processed/000234.npy,images/2019-09-16-12-55-51/000234.png,labels/2019-09-16-12-55-51/000234.txt,
2019-09-16-12-55-51_000235,2019-09-16-12-55-51,000235,000067,3,2,car,range_angle.box,2019-09-16-12-55-51/range_angle_processed/000235.npy,images/2019-09-16-12-55-51/000235.png,labels/2019-09-16-12-55-51/000235.txt,
2019-09-16-12-55-51_000236,2019-09-16-12-55-51,000236,000067,3,2,car,range_angle.box,2019-09-16-12-55-51/range_angle_processed/000236.npy,images/2019-09-16-12-55-51/000236.png,labels/2019-09-16-12-55-51/000236.txt,
2019-09-16-12-55-51_000237,2019-09-16-12-55-51,000237,000067,3,2,car,range_angle.box,2019-09-16-12-55-51/range_angle_processed/000237.npy,images/2019-09-16-12-55-51/000237.png,labels/2019-09-16-12-55-51/000237.txt,
2019-09-16-12-55-51_000238,2019-09-16-12-55-51,000238,000067,3,2,car,range_angle.box,2019-09-16-12-55-51/range_angle_processed/000238.npy,images/2019-09-16-12-55-51/000238.png,labels/2019-09-16-12-55-51/000238.txt,
2019-09-16-12-55-51_000239,2019-09-16-12-55-51,000239,000067,3,2,car,range_angle.box,2019-09-16-12-55-51/range_angle_processed/000239.npy,images/2019-09-16-12-55-51/000239.png,labels/2019-09-16-12-55-51/000239.txt,
2019-09-16-12-55-51_000240,2019-09-16-12-55-51,000240,000067,3,2,car,range_angle.box,2019-09-16-12-55-51/range_angle_processed/000240.npy,images/2019-09-16-12-55-51/000240.png,labels/2019-09-16-12-55-51/000240.txt,
2019-09-16-12-55-51_000241,2019-09-16-12-55-51,000241,000067,3,2,car,range_angle.box,2019-09-16-12-55-51/range_angle_processed/000241.npy,images/2019-09-16-12-55-51/000241.png,labels/2019-09-16-12-55-51/000241.txt,
2019-09-16-12-55-51_000242,2019-09-16-12-55-51,000242,000067,3,2,car,range_angle.box,2019-09-16-12-55-51/range_angle_processed/000242.npy,images/2019-09-16-12-55-51/000242.png,labels/2019-09-16-12-55-51/000242.txt,
2019-09-16-12-55-51_000243,2019-09-16-12-55-51,000243,000067,3,2,car,range_angle.box,2019-09-16-12-55-51/range_angle_processed/000243.npy,images/2019-09-16-12-55-51/000243.png,labels/2019-09-16-12-55-51/000243.txt,
2019-09-16-12-55-51_000244,2019-09-16-12-55-51,000244,000067,3,2,car,range_angle.box,2019-09-16-12-55-51/range_angle_processed/000244.npy,images/2019-09-16-12-55-51/000244.png,labels/2019-09-16-12-55-51/000244.txt,
2019-09-16-12-55-51_000245,2019-09-16-12-55-51,000245,000067,3,2,car,range_angle.box,2019-09-16-12-55-51/range_angle_processed/000245.npy,images/2019-09-16-12-55-51/000245.png,labels/2019-09-16-12-55-51/000245.txt,
2019-09-16-12-55-51_000246,2019-09-16-12-55-51,000246,000067,3,2,car,range_angle.box,2019-09-16-12-55-51/range_angle_processed/000246.npy,images/2019-09-16-12-55-51/000246.png,labels/2019-09-16-12-55-51/000246.txt,
2019-09-16-12-55-51_000247,2019-09-16-12-55-51,000247,000067,3,2,car,range_angle.box,2019-09-16-12-55-51/range_angle_processed/000247.npy,images/2019-09-16-12-55-51/000247.png,labels/2019-09-16-12-55-51/000247.txt,
2019-09-16-12-55-51_000248,2019-09-16-12-55-51,000248,000067,3,2,car,range_angle.box,2019-09-16-12-55-51/range_angle_processed/000248.npy,images/2019-09-16-12-55-51/000248.png,labels/2019-09-16-12-55-51/000248.txt,
2019-09-16-12-55-51_000249,2019-09-16-12-55-51,000249,000067,3,2,car,range_angle.box,2019-09-16-12-55-51/range_angle_processed/000249.npy,images/2019-09-16-12-55-51/000249.png,labels/2019-09-16-12-55-51/000249.txt,
2019-09-16-12-55-51_000250,2019-09-16-12-55-51,000250,000067,3,2,car,range_angle.box,2019-09-16-12-55-51/range_angle_processed/000250.npy,images/2019-09-16-12-55-51/000250.png,labels/2019-09-16-12-55-51/000250.txt,
2019-09-16-12-55-51_000251,2019-09-16-12-55-51,000251,000067,3,2,car,range_angle.box,2019-09-16-12-55-51/range_angle_processed/000251.npy,images/2019-09-16-12-55-51/000251.png,labels/2019-09-16-12-55-51/000251.txt,
2019-09-16-12-55-51_000252,2019-09-16-12-55-51,000252,000067,3,2,car,range_angle.box,2019-09-16-12-55-51/range_angle_processed/000252.npy,images/2019-09-16-12-55-51/000252.png,labels/2019-09-16-12-55-51/000252.txt,
2019-09-16-12-55-51_000253,2019-09-16-12-55-51,000253,000067,3,2,car,range_angle.box,2019-09-16-12-55-51/range_angle_processed/000253.npy,images/2019-09-16-12-55-51/000253.png,labels/2019-09-16-12-55-51/000253.txt,
2019-09-16-12-55-51_000254,2019-09-16-12-55-51,000254,000067,3,2,car,range_angle.box,2019-09-16-12-55-51/range_angle_processed/000254.npy,images/2019-09-16-12-55-51/000254.png,labels/2019-09-16-12-55-51/000254.txt,
2019-09-16-12-55-51_000255,2019-09-16-12-55-51,000255,000067,3,2,car,range_angle.box,2019-09-16-12-55-51/range_angle_processed/000255.npy,images/2019-09-16-12-55-51/000255.png,labels/2019-09-16-12-55-51/000255.txt,
2019-09-16-12-55-51_000256,2019-09-16-12-55-51,000256,000067,3,2,car,range_angle.box,2019-09-16-12-55-51/range_angle_processed/000256.npy,images/2019-09-16-12-55-51/000256.png,labels/2019-09-16-12-55-51/000256.txt,
2019-09-16-12-55-51_000257,2019-09-16-12-55-51,000257,000067,3,2,car,range_angle.box,2019-09-16-12-55-51/range_angle_processed/000257.npy,images/2019-09-16-12-55-51/000257.png,labels/2019-09-16-12-55-51/000257.txt,
2019-09-16-12-55-51_000258,2019-09-16-12-55-51,000258,000067,3,2,car,range_angle.box,2019-09-16-12-55-51/range_angle_processed/000258.npy,images/2019-09-16-12-55-51/000258.png,labels/2019-09-16-12-55-51/000258.txt,
2019-09-16-12-55-51_000259,2019-09-16-12-55-51,000259,000067,3,2,car,range_angle.box,2019-09-16-12-55-51/range_angle_processed/000259.npy,images/2019-09-16-12-55-51/000259.png,labels/2019-09-16-12-55-51/000259.txt,
2019-09-16-12-55-51_000260,2019-09-16-12-55-51,000260,000067,3,2,car,range_angle.box,2019-09-16-12-55-51/range_angle_processed/000260.npy,images/2019-09-16-12-55-51/000260.png,labels/2019-09-16-12-55-51/000260.txt,
2019-09-16-12-55-51_000261,2019-09-16-12-55-51,000261,000067,3,2,car,range_angle.box,2019-09-16-12-55-51/range_angle_processed/000261.npy,images/2019-09-16-12-55-51/000261.png,labels/2019-09-16-12-55-51/000261.txt,
2019-09-16-12-55-51_000262,2019-09-16-12-55-51,000262,000067,3,2,car,range_angle.box,2019-09-16-12-55-51/range_angle_processed/000262.npy,images/2019-09-16-12-55-51/000262.png,labels/2019-09-16-12-55-51/000262.txt,
2019-09-16-12-55-51_000263,2019-09-16-12-55-51,000263,000067,3,2,car,range_angle.box,2019-09-16-12-55-51/range_angle_processed/000263.npy,images/2019-09-16-12-55-51/000263.png,labels/2019-09-16-12-55-51/000263.txt,
2019-09-16-12-55-51_000264,2019-09-16-12-55-51,000264,000067,3,2,car,range_angle.box,2019-09-16-12-55-51/range_angle_processed/000264.npy,images/2019-09-16-12-55-51/000264.png,labels/2019-09-16-12-55-51/000264.txt,
2019-09-16-12-55-51_000265,2019-09-16-12-55-51,000265,000067,3,2,car,range_angle.box,2019-09-16-12-55-51/range_angle_processed/000265.npy,images/2019-09-16-12-55-51/000265.png,labels/2019-09-16-12-55-51/000265.txt,
2019-09-16-12-55-51_000266,2019-09-16-12-55-51,000266,000067,3,2,car,range_angle.box,2019-09-16-12-55-51/range_angle_processed/000266.npy,images/2019-09-16-12-55-51/000266.png,labels/2019-09-16-12-55-51/000266.txt,
2019-09-16-12-55-51_000267,2019-09-16-12-55-51,000267,000067,3,2,car,range_angle.box,2019-09-16-12-55-51/range_angle_processed/000267.npy,images/2019-09-16-12-55-51/000267.png,labels/2019-09-16-12-55-51/000267.txt,
2019-09-16-12-55-51_000268,2019-09-16-12-55-51,000268,000067,3,2,car,range_angle.box,2019-09-16-12-55-51/range_angle_processed/000268.npy,images/2019-09-16-12-55-51/000268.png,labels/2019-09-16-12-55-51/000268.txt,
2019-09-16-12-55-51_000269,2019-09-16-12-55-51,000269,000067,3,2,car,range_angle.box,2019-09-16-12-55-51/range_angle_processed/000269.npy,images/2019-09-16-12-55-51/000269.png,labels/2019-09-16-12-55-51/000269.txt,
2019-09-16-12-55-51_000270,2019-09-16-12-55-51,000270,000067,3,2,car,range_angle.box,2019-09-16-12-55-51/range_angle_processed/000270.npy,images/2019-09-16-12-55-51/000270.png,labels/2019-09-16-12-55-51/000270.txt,
2019-09-16-12-55-51_000271,2019-09-16-12-55-51,000271,000067,3,2,car,range_angle.box,2019-09-16-12-55-51/range_angle_processed/000271.npy,images/2019-09-16-12-55-51/000271.png,labels/2019-09-16-12-55-51/000271.txt,
2019-09-16-12-55-51_000272,2019-09-16-12-55-51,000272,000067,3,2,car,range_angle.box,2019-09-16-12-55-51/range_angle_processed/000272.npy,images/2019-09-16-12-55-51/000272.png,labels/2019-09-16-12-55-51/000272.txt,
2019-09-16-12-55-51_000273,2019-09-16-12-55-51,000273,000067,3,2,car,range_angle.box,2019-09-16-12-55-51/range_angle_processed/000273.npy,images/2019-09-16-12-55-51/000273.png,labels/2019-09-16-12-55-51/000273.txt,
2019-09-16-12-55-51_000274,2019-09-16-12-55-51,000274,000067,3,2,car,range_angle.box,2019-09-16-12-55-51/range_angle_processed/000274.npy,images/2019-09-16-12-55-51/000274.png,labels/2019-09-16-12-55-51/000274.txt,
2019-09-16-12-55-51_000275,2019-09-16-12-55-51,000275,000067,3,2,car,range_angle.box,2019-09-16-12-55-51/range_angle_processed/000275.npy,images/2019-09-16-12-55-51/000275.png,labels/2019-09-16-12-55-51/000275.txt,
2019-09-16-12-55-51_000276,2019-09-16-12-55-51,000276,000067,3,2,car,range_angle.box,2019-09-16-12-55-51/range_angle_processed/000276.npy,images/2019-09-16-12-55-51/000276.png,labels/2019-09-16-12-55-51/000276.txt,
2019-09-16-12-55-51_000277,2019-09-16-12-55-51,000277,000067,3,2,car,range_angle.box,2019-09-16-12-55-51/range_angle_processed/000277.npy,images/2019-09-16-12-55-51/000277.png,labels/2019-09-16-12-55-51/000277.txt,
2019-09-16-12-55-51_000278,2019-09-16-12-55-51,000278,000067,3,2,car,range_angle.box,2019-09-16-12-55-51/range_angle_processed/000278.npy,images/2019-09-16-12-55-51/000278.png,labels/2019-09-16-12-55-51/000278.txt,
2019-09-16-12-55-51_000279,2019-09-16-12-55-51,000279,000067,3,2,car,range_angle.box,2019-09-16-12-55-51/range_angle_processed/000279.npy,images/2019-09-16-12-55-51/000279.png,labels/2019-09-16-12-55-51/000279.txt,
2019-09-16-12-55-51_000280,2019-09-16-12-55-51,000280,000067,3,2,car,range_angle.box,2019-09-16-12-55-51/range_angle_processed/000280.npy,images/2019-09-16-12-55-51/000280.png,labels/2019-09-16-12-55-51/000280.txt,
2019-09-16-12-55-51_000281,2019-09-16-12-55-51,000281,000067,3,2,car,range_angle.box,2019-09-16-12-55-51/range_angle_processed/000281.npy,images/2019-09-16-12-55-51/000281.png,labels/2019-09-16-12-55-51/000281.txt,
2019-09-16-12-55-51_000282,2019-09-16-12-55-51,000282,000067,3,2,car,range_angle.box,2019-09-16-12-55-51/range_angle_processed/000282.npy,images/2019-09-16-12-55-51/000282.png,labels/2019-09-16-12-55-51/000282.txt,
2019-09-16-12-55-51_000283,2019-09-16-12-55-51,000283,000067,3,2,car,range_angle.box,2019-09-16-12-55-51/range_angle_processed/000283.npy,images/2019-09-16-12-55-51/000283.png,labels/2019-09-16-12-55-51/000283.txt,
2019-09-16-12-55-51_000284,2019-09-16-12-55-51,000284,000067,3,2,car,range_angle.box,2019-09-16-12-55-51/range_angle_processed/000284.npy,images/2019-09-16-12-55-51/000284.png,labels/2019-09-16-12-55-51/000284.txt,
2019-09-16-12-55-51_000285,2019-09-16-12-55-51,000285,000067,3,2,car,range_angle.box,2019-09-16-12-55-51/range_angle_processed/000285.npy,images/2019-09-16-12-55-51/000285.png,labels/2019-09-16-12-55-51/000285.txt,
2019-09-16-12-55-51_000286,2019-09-16-12-55-51,000286,000067,3,2,car,range_angle.box,2019-09-16-12-55-51/range_angle_processed/000286.npy,images/2019-09-16-12-55-51/000286.png,labels/2019-09-16-12-55-51/000286.txt,
2019-09-16-12-55-51_000287,2019-09-16-12-55-51,000287,000067,3,2,car,range_angle.box,2019-09-16-12-55-51/range_angle_processed/000287.npy,images/2019-09-16-12-55-51/000287.png,labels/2019-09-16-12-55-51/000287.txt,
2019-09-16-12-55-51_000288,2019-09-16-12-55-51,000288,000067,3,2,car,range_angle.box,2019-09-16-12-55-51/range_angle_processed/000288.npy,images/2019-09-16-12-55-51/000288.png,labels/2019-09-16-12-55-51/000288.txt,
2019-09-16-12-55-51_000289,2019-09-16-12-55-51,000289,000067,3,2,car,range_angle.box,2019-09-16-12-55-51/range_angle_processed/000289.npy,images/2019-09-16-12-55-51/000289.png,labels/2019-09-16-12-55-51/000289.txt,
2019-09-16-12-55-51_000290,2019-09-16-12-55-51,000290,000067,3,2,car,range_angle.box,2019-09-16-12-55-51/range_angle_processed/000290.npy,images/2019-09-16-12-55-51/000290.png,labels/2019-09-16-12-55-51/000290.txt,
2019-09-16-12-55-51_000291,2019-09-16-12-55-51,000291,000067,3,2,car,range_angle.box,2019-09-16-12-55-51/range_angle_processed/000291.npy,images/2019-09-16-12-55-51/000291.png,labels/2019-09-16-12-55-51/000291.txt,
2019-09-16-12-55-51_000292,2019-09-16-12-55-51,000292,000067,3,2,car,range_angle.box,2019-09-16-12-55-51/range_angle_processed/000292.npy,images/2019-09-16-12-55-51/000292.png,labels/2019-09-16-12-55-51/000292.txt,
2019-09-16-12-55-51_000293,2019-09-16-12-55-51,000293,000067,3,2,car,range_angle.box,2019-09-16-12-55-51/range_angle_processed/000293.npy,images/2019-09-16-12-55-51/000293.png,labels/2019-09-16-12-55-51/000293.txt,
2019-09-16-12-55-51_000294,2019-09-16-12-55-51,000294,000067,3,2,car,range_angle.box,2019-09-16-12-55-51/range_angle_processed/000294.npy,images/2019-09-16-12-55-51/000294.png,labels/2019-09-16-12-55-51/000294.txt,
2019-09-16-12-55-51_000295,2019-09-16-12-55-51,000295,000067,3,2,car,range_angle.box,2019-09-16-12-55-51/range_angle_processed/000295.npy,images/2019-09-16-12-55-51/000295.png,labels/2019-09-16-12-55-51/000295.txt,
2019-09-16-12-55-51_000296,2019-09-16-12-55-51,000296,000067,3,2,car,range_angle.box,2019-09-16-12-55-51/range_angle_processed/000296.npy,images/2019-09-16-12-55-51/000296.png,labels/2019-09-16-12-55-51/000296.txt,
2019-09-16-12-55-51_000297,2019-09-16-12-55-51,000297,000067,3,2,car,range_angle.box,2019-09-16-12-55-51/range_angle_processed/000297.npy,images/2019-09-16-12-55-51/000297.png,labels/2019-09-16-12-55-51/000297.txt,
2019-09-16-12-55-51_000298,2019-09-16-12-55-51,000298,000067,3,2,car,range_angle.box,2019-09-16-12-55-51/range_angle_processed/000298.npy,images/2019-09-16-12-55-51/000298.png,labels/2019-09-16-12-55-51/000298.txt,
2019-09-16-12-55-51_000299,2019-09-16-12-55-51,000299,000067,3,2,car,range_angle.box,2019-09-16-12-55-51/range_angle_processed/000299.npy,images/2019-09-16-12-55-51/000299.png,labels/2019-09-16-12-55-51/000299.txt,
2019-09-16-12-55-51_000300,2019-09-16-12-55-51,000300,000067,3,2,car,range_angle.box,2019-09-16-12-55-51/range_angle_processed/000300.npy,images/2019-09-16-12-55-51/000300.png,labels/2019-09-16-12-55-51/000300.txt,
2019-09-16-12-55-51_000301,2019-09-16-12-55-51,000301,000067,3,2,car,range_angle.box,2019-09-16-12-55-51/range_angle_processed/000301.npy,images/2019-09-16-12-55-51/000301.png,labels/2019-09-16-12-55-51/000301.txt,
2019-09-16-12-55-51_000302,2019-09-16-12-55-51,000302,000067,3,2,car,range_angle.box,2019-09-16-12-55-51/range_angle_processed/000302.npy,images/2019-09-16-12-55-51/000302.png,labels/2019-09-16-12-55-51/000302.txt,
2019-09-16-12-55-51_000303,2019-09-16-12-55-51,000303,000067,3,2,car,range_angle.box,2019-09-16-12-55-51/range_angle_processed/000303.npy,images/2019-09-16-12-55-51/000303.png,labels/2019-09-16-12-55-51/000303.txt,
2019-09-16-12-55-51_000304,2019-09-16-12-55-51,000304,000067,3,2,car,range_angle.box,2019-09-16-12-55-51/range_angle_processed/000304.npy,images/2019-09-16-12-55-51/000304.png,labels/2019-09-16-12-55-51/000304.txt,
2019-09-16-12-55-51_000305,2019-09-16-12-55-51,000305,000067,3,2,car,range_angle.box,2019-09-16-12-55-51/range_angle_processed/000305.npy,images/2019-09-16-12-55-51/000305.png,labels/2019-09-16-12-55-51/000305.txt,
2019-09-16-12-55-51_000306,2019-09-16-12-55-51,000306,000067,3,2,car,range_angle.box,2019-09-16-12-55-51/range_angle_processed/000306.npy,images/2019-09-16-12-55-51/000306.png,labels/2019-09-16-12-55-51/000306.txt,
2019-09-16-12-55-51_000411,2019-09-16-12-55-51,000411,000076,3,2,car,range_angle.box,2019-09-16-12-55-51/range_angle_processed/000411.npy,images/2019-09-16-12-55-51/000411.png,labels/2019-09-16-12-55-51/000411.txt,
2019-09-16-12-55-51_000412,2019-09-16-12-55-51,000412,000076,3,2,car,range_angle.box,2019-09-16-12-55-51/range_angle_processed/000412.npy,images/2019-09-16-12-55-51/000412.png,labels/2019-09-16-12-55-51/000412.txt,
2019-09-16-12-55-51_000413,2019-09-16-12-55-51,000413,000076,3,2,car,range_angle.box,2019-09-16-12-55-51/range_angle_processed/000413.npy,images/2019-09-16-12-55-51/000413.png,labels/2019-09-16-12-55-51/000413.txt,
2019-09-16-12-55-51_000414,2019-09-16-12-55-51,000414,000076,3,2,car,range_angle.box,2019-09-16-12-55-51/range_angle_processed/000414.npy,images/2019-09-16-12-55-51/000414.png,labels/2019-09-16-12-55-51/000414.txt,
2019-09-16-12-55-51_000415,2019-09-16-12-55-51,000415,000076,3,2,car,range_angle.box,2019-09-16-12-55-51/range_angle_processed/000415.npy,images/2019-09-16-12-55-51/000415.png,labels/2019-09-16-12-55-51/000415.txt,
2019-09-16-12-55-51_000416,2019-09-16-12-55-51,000416,000076,3,2,car,range_angle.box,2019-09-16-12-55-51/range_angle_processed/000416.npy,images/2019-09-16-12-55-51/000416.png,labels/2019-09-16-12-55-51/000416.txt,
2019-09-16-12-55-51_000417,2019-09-16-12-55-51,000417,000076,3,2,car,range_angle.box,2019-09-16-12-55-51/range_angle_processed/000417.npy,images/2019-09-16-12-55-51/000417.png,labels/2019-09-16-12-55-51/000417.txt,
2019-09-16-12-55-51_000418,2019-09-16-12-55-51,000418,000076,3,2,car,range_angle.box,2019-09-16-12-55-51/range_angle_processed/000418.npy,images/2019-09-16-12-55-51/000418.png,labels/2019-09-16-12-55-51/000418.txt,
2019-09-16-12-55-51_000419,2019-09-16-12-55-51,000419,000076,3,2,car,range_angle.box,2019-09-16-12-55-51/range_angle_processed/000419.npy,images/2019-09-16-12-55-51/000419.png,labels/2019-09-16-12-55-51/000419.txt,
2019-09-16-12-55-51_000420,2019-09-16-12-55-51,000420,000076,3,2,car,range_angle.box,2019-09-16-12-55-51/range_angle_processed/000420.npy,images/2019-09-16-12-55-51/000420.png,labels/2019-09-16-12-55-51/000420.txt,
2019-09-16-12-55-51_000421,2019-09-16-12-55-51,000421,000076,3,2,car,range_angle.box,2019-09-16-12-55-51/range_angle_processed/000421.npy,images/2019-09-16-12-55-51/000421.png,labels/2019-09-16-12-55-51/000421.txt,
2019-09-16-12-55-51_000422,2019-09-16-12-55-51,000422,000076,3,2,car,range_angle.box,2019-09-16-12-55-51/range_angle_processed/000422.npy,images/2019-09-16-12-55-51/000422.png,labels/2019-09-16-12-55-51/000422.txt,
2019-09-16-12-55-51_000423,2019-09-16-12-55-51,000423,000076,3,2,car,range_angle.box,2019-09-16-12-55-51/range_angle_processed/000423.npy,images/2019-09-16-12-55-51/000423.png,labels/2019-09-16-12-55-51/000423.txt,
2019-09-16-12-55-51_000424,2019-09-16-12-55-51,000424,000076,3,2,car,range_angle.box,2019-09-16-12-55-51/range_angle_processed/000424.npy,images/2019-09-16-12-55-51/000424.png,labels/2019-09-16-12-55-51/000424.txt,
2019-09-16-12-55-51_000425,2019-09-16-12-55-51,000425,000076,3,2,car,range_angle.box,2019-09-16-12-55-51/range_angle_processed/000425.npy,images/2019-09-16-12-55-51/000425.png,labels/2019-09-16-12-55-51/000425.txt,
2019-09-16-12-55-51_000426,2019-09-16-12-55-51,000426,000076,3,2,car,range_angle.box,2019-09-16-12-55-51/range_angle_processed/000426.npy,images/2019-09-16-12-55-51/000426.png,labels/2019-09-16-12-55-51/000426.txt,
2019-09-16-12-55-51_000427,2019-09-16-12-55-51,000427,000076,3,2,car,range_angle.box,2019-09-16-12-55-51/range_angle_processed/000427.npy,images/2019-09-16-12-55-51/000427.png,labels/2019-09-16-12-55-51/000427.txt,
2019-09-16-12-55-51_000428,2019-09-16-12-55-51,000428,000076,3,2,car,range_angle.box,2019-09-16-12-55-51/range_angle_processed/000428.npy,images/2019-09-16-12-55-51/000428.png,labels/2019-09-16-12-55-51/000428.txt,
2019-09-16-12-55-51_000429,2019-09-16-12-55-51,000429,000076,3,2,car,range_angle.box,2019-09-16-12-55-51/range_angle_processed/000429.npy,images/2019-09-16-12-55-51/000429.png,labels/2019-09-16-12-55-51/000429.txt,
2019-09-16-12-55-51_000430,2019-09-16-12-55-51,000430,000076,3,2,car,range_angle.box,2019-09-16-12-55-51/range_angle_processed/000430.npy,images/2019-09-16-12-55-51/000430.png,labels/2019-09-16-12-55-51/000430.txt,
2019-09-16-12-55-51_000431,2019-09-16-12-55-51,000431,000076,3,2,car,range_angle.box,2019-09-16-12-55-51/range_angle_processed/000431.npy,images/2019-09-16-12-55-51/000431.png,labels/2019-09-16-12-55-51/000431.txt,
2019-09-16-12-55-51_000432,2019-09-16-12-55-51,000432,000076,3,2,car,range_angle.box,2019-09-16-12-55-51/range_angle_processed/000432.npy,images/2019-09-16-12-55-51/000432.png,labels/2019-09-16-12-55-51/000432.txt,
2019-09-16-12-55-51_000433,2019-09-16-12-55-51,000433,000076,3,2,car,range_angle.box,2019-09-16-12-55-51/range_angle_processed/000433.npy,images/2019-09-16-12-55-51/000433.png,labels/2019-09-16-12-55-51/000433.txt,
2019-09-16-12-55-51_000434,2019-09-16-12-55-51,000434,000076,3,2,car,range_angle.box,2019-09-16-12-55-51/range_angle_processed/000434.npy,images/2019-09-16-12-55-51/000434.png,labels/2019-09-16-12-55-51/000434.txt,
2019-09-16-12-55-51_000435,2019-09-16-12-55-51,000435,000076,3,2,car,range_angle.box,2019-09-16-12-55-51/range_angle_processed/000435.npy,images/2019-09-16-12-55-51/000435.png,labels/2019-09-16-12-55-51/000435.txt,
2019-09-16-12-55-51_000436,2019-09-16-12-55-51,000436,000076,3,2,car,range_angle.box,2019-09-16-12-55-51/range_angle_processed/000436.npy,images/2019-09-16-12-55-51/000436.png,labels/2019-09-16-12-55-51/000436.txt,
2019-09-16-12-55-51_000437,2019-09-16-12-55-51,000437,000076,3,2,car,range_angle.box,2019-09-16-12-55-51/range_angle_processed/000437.npy,images/2019-09-16-12-55-51/000437.png,labels/2019-09-16-12-55-51/000437.txt,
2019-09-16-12-55-51_000438,2019-09-16-12-55-51,000438,000076,3,2,car,range_angle.box,2019-09-16-12-55-51/range_angle_processed/000438.npy,images/2019-09-16-12-55-51/000438.png,labels/2019-09-16-12-55-51/000438.txt,
2019-09-16-12-55-51_000439,2019-09-16-12-55-51,000439,000076,3,2,car,range_angle.box,2019-09-16-12-55-51/range_angle_processed/000439.npy,images/2019-09-16-12-55-51/000439.png,labels/2019-09-16-12-55-51/000439.txt,
2019-09-16-12-55-51_000440,2019-09-16-12-55-51,000440,000076,3,2,car,range_angle.box,2019-09-16-12-55-51/range_angle_processed/000440.npy,images/2019-09-16-12-55-51/000440.png,labels/2019-09-16-12-55-51/000440.txt,
2019-09-16-12-55-51_000441,2019-09-16-12-55-51,000441,000076,3,2,car,range_angle.box,2019-09-16-12-55-51/range_angle_processed/000441.npy,images/2019-09-16-12-55-51/000441.png,labels/2019-09-16-12-55-51/000441.txt,
2019-09-16-12-55-51_000442,2019-09-16-12-55-51,000442,000076,3,2,car,range_angle.box,2019-09-16-12-55-51/range_angle_processed/000442.npy,images/2019-09-16-12-55-51/000442.png,labels/2019-09-16-12-55-51/000442.txt,
2019-09-16-12-55-51_000443,2019-09-16-12-55-51,000443,000076,3,2,car,range_angle.box,2019-09-16-12-55-51/range_angle_processed/000443.npy,images/2019-09-16-12-55-51/000443.png,labels/2019-09-16-12-55-51/000443.txt,
2019-09-16-12-55-51_000444,2019-09-16-12-55-51,000444,000076,3,2,car,range_angle.box,2019-09-16-12-55-51/range_angle_processed/000444.npy,images/2019-09-16-12-55-51/000444.png,labels/2019-09-16-12-55-51/000444.txt,
2019-09-16-12-55-51_000445,2019-09-16-12-55-51,000445,000076,3,2,car,range_angle.box,2019-09-16-12-55-51/range_angle_processed/000445.npy,images/2019-09-16-12-55-51/000445.png,labels/2019-09-16-12-55-51/000445.txt,
2019-09-16-12-55-51_000446,2019-09-16-12-55-51,000446,000076,3,2,car,range_angle.box,2019-09-16-12-55-51/range_angle_processed/000446.npy,images/2019-09-16-12-55-51/000446.png,labels/2019-09-16-12-55-51/000446.txt,
2019-09-16-12-55-51_000447,2019-09-16-12-55-51,000447,000076,3,2,car,range_angle.box,2019-09-16-12-55-51/range_angle_processed/000447.npy,images/2019-09-16-12-55-51/000447.png,labels/2019-09-16-12-55-51/000447.txt,
2019-09-16-12-55-51_000448,2019-09-16-12-55-51,000448,000076,3,2,car,range_angle.box,2019-09-16-12-55-51/range_angle_processed/000448.npy,images/2019-09-16-12-55-51/000448.png,labels/2019-09-16-12-55-51/000448.txt,
2019-09-16-12-55-51_000449,2019-09-16-12-55-51,000449,000076,3,2,car,range_angle.box,2019-09-16-12-55-51/range_angle_processed/000449.npy,images/2019-09-16-12-55-51/000449.png,labels/2019-09-16-12-55-51/000449.txt,
2019-09-16-12-55-51_000450,2019-09-16-12-55-51,000450,000076,3,2,car,range_angle.box,2019-09-16-12-55-51/range_angle_processed/000450.npy,images/2019-09-16-12-55-51/000450.png,labels/2019-09-16-12-55-51/000450.txt,
2019-09-16-12-55-51_000451,2019-09-16-12-55-51,000451,000076,3,2,car,range_angle.box,2019-09-16-12-55-51/range_angle_processed/000451.npy,images/2019-09-16-12-55-51/000451.png,labels/2019-09-16-12-55-51/000451.txt,
2019-09-16-12-55-51_000452,2019-09-16-12-55-51,000452,000076,3,2,car,range_angle.box,2019-09-16-12-55-51/range_angle_processed/000452.npy,images/2019-09-16-12-55-51/000452.png,labels/2019-09-16-12-55-51/000452.txt,
2019-09-16-12-55-51_000453,2019-09-16-12-55-51,000453,000076,3,2,car,range_angle.box,2019-09-16-12-55-51/range_angle_processed/000453.npy,images/2019-09-16-12-55-51/000453.png,labels/2019-09-16-12-55-51/000453.txt,
2019-09-16-12-55-51_000454,2019-09-16-12-55-51,000454,000076,3,2,car,range_angle.box,2019-09-16-12-55-51/range_angle_processed/000454.npy,images/2019-09-16-12-55-51/000454.png,labels/2019-09-16-12-55-51/000454.txt,
2019-09-16-12-55-51_000455,2019-09-16-12-55-51,000455,000076,3,2,car,range_angle.box,2019-09-16-12-55-51/range_angle_processed/000455.npy,images/2019-09-16-12-55-51/000455.png,labels/2019-09-16-12-55-51/000455.txt,
2019-09-16-12-55-51_000456,2019-09-16-12-55-51,000456,000076,3,2,car,range_angle.box,2019-09-16-12-55-51/range_angle_processed/000456.npy,images/2019-09-16-12-55-51/000456.png,labels/2019-09-16-12-55-51/000456.txt,
2019-09-16-12-55-51_000457,2019-09-16-12-55-51,000457,000076,3,2,car,range_angle.box,2019-09-16-12-55-51/range_angle_processed/000457.npy,images/2019-09-16-12-55-51/000457.png,labels/2019-09-16-12-55-51/000457.txt,
2019-09-16-12-55-51_000458,2019-09-16-12-55-51,000458,000076,3,2,car,range_angle.box,2019-09-16-12-55-51/range_angle_processed/000458.npy,images/2019-09-16-12-55-51/000458.png,labels/2019-09-16-12-55-51/000458.txt,
2019-09-16-12-55-51_000459,2019-09-16-12-55-51,000459,000076,3,2,car,range_angle.box,2019-09-16-12-55-51/range_angle_processed/000459.npy,images/2019-09-16-12-55-51/000459.png,labels/2019-09-16-12-55-51/000459.txt,
2019-09-16-12-55-51_000460,2019-09-16-12-55-51,000460,000076,3,2,car,range_angle.box,2019-09-16-12-55-51/range_angle_processed/000460.npy,images/2019-09-16-12-55-51/000460.png,labels/2019-09-16-12-55-51/000460.txt,
2019-09-16-12-55-51_000461,2019-09-16-12-55-51,000461,000076,3,2,car,range_angle.box,2019-09-16-12-55-51/range_angle_processed/000461.npy,images/2019-09-16-12-55-51/000461.png,labels/2019-09-16-12-55-51/000461.txt,
2019-09-16-12-55-51_000462,2019-09-16-12-55-51,000462,000076,3,2,car,range_angle.box,2019-09-16-12-55-51/range_angle_processed/000462.npy,images/2019-09-16-12-55-51/000462.png,labels/2019-09-16-12-55-51/000462.txt,
2019-09-16-12-55-51_000463,2019-09-16-12-55-51,000463,000076,3,2,car,range_angle.box,2019-09-16-12-55-51/range_angle_processed/000463.npy,images/2019-09-16-12-55-51/000463.png,labels/2019-09-16-12-55-51/000463.txt,
2019-09-16-12-55-51_000464,2019-09-16-12-55-51,000464,000076,3,2,car,range_angle.box,2019-09-16-12-55-51/range_angle_processed/000464.npy,images/2019-09-16-12-55-51/000464.png,labels/2019-09-16-12-55-51/000464.txt,
2019-09-16-12-55-51_000465,2019-09-16-12-55-51,000465,000076,3,2,car,range_angle.box,2019-09-16-12-55-51/range_angle_processed/000465.npy,images/2019-09-16-12-55-51/000465.png,labels/2019-09-16-12-55-51/000465.txt,
2019-09-16-12-55-51_000466,2019-09-16-12-55-51,000466,000076,3,2,car,range_angle.box,2019-09-16-12-55-51/range_angle_processed/000466.npy,images/2019-09-16-12-55-51/000466.png,labels/2019-09-16-12-55-51/000466.txt,
2019-09-16-12-55-51_000467,2019-09-16-12-55-51,000467,000076,3,2,car,range_angle.box,2019-09-16-12-55-51/range_angle_processed/000467.npy,images/2019-09-16-12-55-51/000467.png,labels/2019-09-16-12-55-51/000467.txt,
2019-09-16-12-55-51_000468,2019-09-16-12-55-51,000468,000076,3,2,car,range_angle.box,2019-09-16-12-55-51/range_angle_processed/000468.npy,images/2019-09-16-12-55-51/000468.png,labels/2019-09-16-12-55-51/000468.txt,
2019-09-16-12-55-51_000469,2019-09-16-12-55-51,000469,000076,3,2,car,range_angle.box,2019-09-16-12-55-51/range_angle_processed/000469.npy,images/2019-09-16-12-55-51/000469.png,labels/2019-09-16-12-55-51/000469.txt,
2019-09-16-12-55-51_000470,2019-09-16-12-55-51,000470,000076,3,2,car,range_angle.box,2019-09-16-12-55-51/range_angle_processed/000470.npy,images/2019-09-16-12-55-51/000470.png,labels/2019-09-16-12-55-51/000470.txt,
2019-09-16-12-55-51_000471,2019-09-16-12-55-51,000471,000076,3,2,car,range_angle.box,2019-09-16-12-55-51/range_angle_processed/000471.npy,images/2019-09-16-12-55-51/000471.png,labels/2019-09-16-12-55-51/000471.txt,
2019-09-16-12-55-51_000472,2019-09-16-12-55-51,000472,000076,3,2,car,range_angle.box,2019-09-16-12-55-51/range_angle_processed/000472.npy,images/2019-09-16-12-55-51/000472.png,labels/2019-09-16-12-55-51/000472.txt,
2019-09-16-12-55-51_000473,2019-09-16-12-55-51,000473,000076,3,2,car,range_angle.box,2019-09-16-12-55-51/range_angle_processed/000473.npy,images/2019-09-16-12-55-51/000473.png,labels/2019-09-16-12-55-51/000473.txt,
2019-09-16-12-55-51_000474,2019-09-16-12-55-51,000474,000076,3,2,car,range_angle.box,2019-09-16-12-55-51/range_angle_processed/000474.npy,images/2019-09-16-12-55-51/000474.png,labels/2019-09-16-12-55-51/000474.txt,
2019-09-16-12-55-51_000475,2019-09-16-12-55-51,000475,000076,3,2,car,range_angle.box,2019-09-16-12-55-51/range_angle_processed/000475.npy,images/2019-09-16-12-55-51/000475.png,labels/2019-09-16-12-55-51/000475.txt,
2019-09-16-12-55-51_000476,2019-09-16-12-55-51,000476,000076,3,2,car,range_angle.box,2019-09-16-12-55-51/range_angle_processed/000476.npy,images/2019-09-16-12-55-51/000476.png,labels/2019-09-16-12-55-51/000476.txt,
2019-09-16-12-55-51_000477,2019-09-16-12-55-51,000477,000076,3,2,car,range_angle.box,2019-09-16-12-55-51/range_angle_processed/000477.npy,images/2019-09-16-12-55-51/000477.png,labels/2019-09-16-12-55-51/000477.txt,
2019-09-16-12-55-51_000478,2019-09-16-12-55-51,000478,000076,3,2,car,range_angle.box,2019-09-16-12-55-51/range_angle_processed/000478.npy,images/2019-09-16-12-55-51/000478.png,labels/2019-09-16-12-55-51/000478.txt,
2019-09-16-12-55-51_000479,2019-09-16-12-55-51,000479,000076,3,2,car,range_angle.box,2019-09-16-12-55-51/range_angle_processed/000479.npy,images/2019-09-16-12-55-51/000479.png,labels/2019-09-16-12-55-51/000479.txt,
2019-09-16-12-55-51_000480,2019-09-16-12-55-51,000480,000076,3,2,car,range_angle.box,2019-09-16-12-55-51/range_angle_processed/000480.npy,images/2019-09-16-12-55-51/000480.png,labels/2019-09-16-12-55-51/000480.txt,
2019-09-16-12-55-51_000481,2019-09-16-12-55-51,000481,000076,3,2,car,range_angle.box,2019-09-16-12-55-51/range_angle_processed/000481.npy,images/2019-09-16-12-55-51/000481.png,labels/2019-09-16-12-55-51/000481.txt,
2019-09-16-12-55-51_000482,2019-09-16-12-55-51,000482,000076,3,2,car,range_angle.box,2019-09-16-12-55-51/range_angle_processed/000482.npy,images/2019-09-16-12-55-51/000482.png,labels/2019-09-16-12-55-51/000482.txt,
2019-09-16-12-55-51_000483,2019-09-16-12-55-51,000483,000076,3,2,car,range_angle.box,2019-09-16-12-55-51/range_angle_processed/000483.npy,images/2019-09-16-12-55-51/000483.png,labels/2019-09-16-12-55-51/000483.txt,
2019-09-16-12-55-51_000484,2019-09-16-12-55-51,000484,000076,3,2,car,range_angle.box,2019-09-16-12-55-51/range_angle_processed/000484.npy,images/2019-09-16-12-55-51/000484.png,labels/2019-09-16-12-55-51/000484.txt,
2019-09-16-12-55-51_000485,2019-09-16-12-55-51,000485,000076,3,2,car,range_angle.box,2019-09-16-12-55-51/range_angle_processed/000485.npy,images/2019-09-16-12-55-51/000485.png,labels/2019-09-16-12-55-51/000485.txt,
2019-09-16-12-55-51_000486,2019-09-16-12-55-51,000486,000076,3,2,car,range_angle.box,2019-09-16-12-55-51/range_angle_processed/000486.npy,images/2019-09-16-12-55-51/000486.png,labels/2019-09-16-12-55-51/000486.txt,
2019-09-16-12-55-51_000487,2019-09-16-12-55-51,000487,000076,3,2,car,range_angle.box,2019-09-16-12-55-51/range_angle_processed/000487.npy,images/2019-09-16-12-55-51/000487.png,labels/2019-09-16-12-55-51/000487.txt,
2019-09-16-12-55-51_000488,2019-09-16-12-55-51,000488,000076,3,2,car,range_angle.box,2019-09-16-12-55-51/range_angle_processed/000488.npy,images/2019-09-16-12-55-51/000488.png,labels/2019-09-16-12-55-51/000488.txt,
2019-09-16-12-55-51_000489,2019-09-16-12-55-51,000489,000076,3,2,car,range_angle.box,2019-09-16-12-55-51/range_angle_processed/000489.npy,images/2019-09-16-12-55-51/000489.png,labels/2019-09-16-12-55-51/000489.txt,
2019-09-16-12-55-51_000490,2019-09-16-12-55-51,000490,000076,3,2,car,range_angle.box,2019-09-16-12-55-51/range_angle_processed/000490.npy,images/2019-09-16-12-55-51/000490.png,labels/2019-09-16-12-55-51/000490.txt,
2019-09-16-12-55-51_000491,2019-09-16-12-55-51,000491,000076,3,2,car,range_angle.box,2019-09-16-12-55-51/range_angle_processed/000491.npy,images/2019-09-16-12-55-51/000491.png,labels/2019-09-16-12-55-51/000491.txt,
2019-09-16-12-55-51_000492,2019-09-16-12-55-51,000492,000076,3,2,car,range_angle.box,2019-09-16-12-55-51/range_angle_processed/000492.npy,images/2019-09-16-12-55-51/000492.png,labels/2019-09-16-12-55-51/000492.txt,
2019-09-16-12-55-51_000493,2019-09-16-12-55-51,000493,000076,3,2,car,range_angle.box,2019-09-16-12-55-51/range_angle_processed/000493.npy,images/2019-09-16-12-55-51/000493.png,labels/2019-09-16-12-55-51/000493.txt,
2019-09-16-12-55-51_000494,2019-09-16-12-55-51,000494,000076,3,2,car,range_angle.box,2019-09-16-12-55-51/range_angle_processed/000494.npy,images/2019-09-16-12-55-51/000494.png,labels/2019-09-16-12-55-51/000494.txt,
2019-09-16-12-55-51_000495,2019-09-16-12-55-51,000495,000076,3,2,car,range_angle.box,2019-09-16-12-55-51/range_angle_processed/000495.npy,images/2019-09-16-12-55-51/000495.png,labels/2019-09-16-12-55-51/000495.txt,
2019-09-16-12-55-51_000496,2019-09-16-12-55-51,000496,000076,3,2,car,range_angle.box,2019-09-16-12-55-51/range_angle_processed/000496.npy,images/2019-09-16-12-55-51/000496.png,labels/2019-09-16-12-55-51/000496.txt,
2019-09-16-12-55-51_000497,2019-09-16-12-55-51,000497,000076,3,2,car,range_angle.box,2019-09-16-12-55-51/range_angle_processed/000497.npy,images/2019-09-16-12-55-51/000497.png,labels/2019-09-16-12-55-51/000497.txt,
2019-09-16-12-55-51_000498,2019-09-16-12-55-51,000498,000076,3,2,car,range_angle.box,2019-09-16-12-55-51/range_angle_processed/000498.npy,images/2019-09-16-12-55-51/000498.png,labels/2019-09-16-12-55-51/000498.txt,
2019-09-16-12-55-51_000499,2019-09-16-12-55-51,000499,000076,3,2,car,range_angle.box,2019-09-16-12-55-51/range_angle_processed/000499.npy,images/2019-09-16-12-55-51/000499.png,labels/2019-09-16-12-55-51/000499.txt,
2019-09-16-12-55-51_000500,2019-09-16-12-55-51,000500,000076,3,2,car,range_angle.box,2019-09-16-12-55-51/range_angle_processed/000500.npy,images/2019-09-16-12-55-51/000500.png,labels/2019-09-16-12-55-51/000500.txt,
2019-09-16-12-55-51_000501,2019-09-16-12-55-51,000501,000076,3,2,car,range_angle.box,2019-09-16-12-55-51/range_angle_processed/000501.npy,images/2019-09-16-12-55-51/000501.png,labels/2019-09-16-12-55-51/000501.txt,
2019-09-16-12-55-51_000502,2019-09-16-12-55-51,000502,000076,3,2,car,range_angle.box,2019-09-16-12-55-51/range_angle_processed/000502.npy,images/2019-09-16-12-55-51/000502.png,labels/2019-09-16-12-55-51/000502.txt,
2019-09-16-12-55-51_000503,2019-09-16-12-55-51,000503,000076,3,2,car,range_angle.box,2019-09-16-12-55-51/range_angle_processed/000503.npy,images/2019-09-16-12-55-51/000503.png,labels/2019-09-16-12-55-51/000503.txt,
2019-09-16-12-55-51_000504,2019-09-16-12-55-51,000504,000076,3,2,car,range_angle.box,2019-09-16-12-55-51/range_angle_processed/000504.npy,images/2019-09-16-12-55-51/000504.png,labels/2019-09-16-12-55-51/000504.txt,
2019-09-16-12-55-51_000505,2019-09-16-12-55-51,000505,000076,3,2,car,range_angle.box,2019-09-16-12-55-51/range_angle_processed/000505.npy,images/2019-09-16-12-55-51/000505.png,labels/2019-09-16-12-55-51/000505.txt,
2019-09-16-12-55-51_000506,2019-09-16-12-55-51,000506,000076,3,2,car,range_angle.box,2019-09-16-12-55-51/range_angle_processed/000506.npy,images/2019-09-16-12-55-51/000506.png,labels/2019-09-16-12-55-51/000506.txt,
2019-09-16-12-55-51_000507,2019-09-16-12-55-51,000507,000076,3,2,car,range_angle.box,2019-09-16-12-55-51/range_angle_processed/000507.npy,images/2019-09-16-12-55-51/000507.png,labels/2019-09-16-12-55-51/000507.txt,
2019-09-16-12-55-51_000508,2019-09-16-12-55-51,000508,000076,3,2,car,range_angle.box,2019-09-16-12-55-51/range_angle_processed/000508.npy,images/2019-09-16-12-55-51/000508.png,labels/2019-09-16-12-55-51/000508.txt,
2019-09-16-12-55-51_000509,2019-09-16-12-55-51,000509,000076,3,2,car,range_angle.box,2019-09-16-12-55-51/range_angle_processed/000509.npy,images/2019-09-16-12-55-51/000509.png,labels/2019-09-16-12-55-51/000509.txt,
2019-09-16-12-55-51_000510,2019-09-16-12-55-51,000510,000076,3,2,car,range_angle.box,2019-09-16-12-55-51/range_angle_processed/000510.npy,images/2019-09-16-12-55-51/000510.png,labels/2019-09-16-12-55-51/000510.txt,
2019-09-16-12-55-51_000511,2019-09-16-12-55-51,000511,000076,3,2,car,range_angle.box,2019-09-16-12-55-51/range_angle_processed/000511.npy,images/2019-09-16-12-55-51/000511.png,labels/2019-09-16-12-55-51/000511.txt,
2019-09-16-12-55-51_000512,2019-09-16-12-55-51,000512,000076,3,2,car,range_angle.box,2019-09-16-12-55-51/range_angle_processed/000512.npy,images/2019-09-16-12-55-51/000512.png,labels/2019-09-16-12-55-51/000512.txt,
2019-09-16-12-55-51_000513,2019-09-16-12-55-51,000513,000076,3,2,car,range_angle.box,2019-09-16-12-55-51/range_angle_processed/000513.npy,images/2019-09-16-12-55-51/000513.png,labels/2019-09-16-12-55-51/000513.txt,
2019-09-16-12-55-51_000514,2019-09-16-12-55-51,000514,000076,3,2,car,range_angle.box,2019-09-16-12-55-51/range_angle_processed/000514.npy,images/2019-09-16-12-55-51/000514.png,labels/2019-09-16-12-55-51/000514.txt,
2019-09-16-12-55-51_000515,2019-09-16-12-55-51,000515,000076,3,2,car,range_angle.box,2019-09-16-12-55-51/range_angle_processed/000515.npy,images/2019-09-16-12-55-51/000515.png,labels/2019-09-16-12-55-51/000515.txt,
2019-09-16-12-55-51_000516,2019-09-16-12-55-51,000516,000076,3,2,car,range_angle.box,2019-09-16-12-55-51/range_angle_processed/000516.npy,images/2019-09-16-12-55-51/000516.png,labels/2019-09-16-12-55-51/000516.txt,
2019-09-16-12-55-51_000517,2019-09-16-12-55-51,000517,000076,3,2,car,range_angle.box,2019-09-16-12-55-51/range_angle_processed/000517.npy,images/2019-09-16-12-55-51/000517.png,labels/2019-09-16-12-55-51/000517.txt,
2019-09-16-12-55-51_000518,2019-09-16-12-55-51,000518,000076,3,2,car,range_angle.box,2019-09-16-12-55-51/range_angle_processed/000518.npy,images/2019-09-16-12-55-51/000518.png,labels/2019-09-16-12-55-51/000518.txt,
2019-09-16-12-55-51_000519,2019-09-16-12-55-51,000519,000076,3,2,car,range_angle.box,2019-09-16-12-55-51/range_angle_processed/000519.npy,images/2019-09-16-12-55-51/000519.png,labels/2019-09-16-12-55-51/000519.txt,
2019-09-16-12-55-51_000520,2019-09-16-12-55-51,000520,000076,3,2,car,range_angle.box,2019-09-16-12-55-51/range_angle_processed/000520.npy,images/2019-09-16-12-55-51/000520.png,labels/2019-09-16-12-55-51/000520.txt,
2019-09-16-12-55-51_000521,2019-09-16-12-55-51,000521,000076,3,2,car,range_angle.box,2019-09-16-12-55-51/range_angle_processed/000521.npy,images/2019-09-16-12-55-51/000521.png,labels/2019-09-16-12-55-51/000521.txt,
2019-09-16-12-55-51_000522,2019-09-16-12-55-51,000522,000076,3,2,car,range_angle.box,2019-09-16-12-55-51/range_angle_processed/000522.npy,images/2019-09-16-12-55-51/000522.png,labels/2019-09-16-12-55-51/000522.txt,
2019-09-16-12-55-51_000523,2019-09-16-12-55-51,000523,000076,3,2,car,range_angle.box,2019-09-16-12-55-51/range_angle_processed/000523.npy,images/2019-09-16-12-55-51/000523.png,labels/2019-09-16-12-55-51/000523.txt,
2019-09-16-12-55-51_000524,2019-09-16-12-55-51,000524,000076,3,2,car,range_angle.box,2019-09-16-12-55-51/range_angle_processed/000524.npy,images/2019-09-16-12-55-51/000524.png,labels/2019-09-16-12-55-51/000524.txt,
2019-09-16-12-55-51_000525,2019-09-16-12-55-51,000525,000076,3,2,car,range_angle.box,2019-09-16-12-55-51/range_angle_processed/000525.npy,images/2019-09-16-12-55-51/000525.png,labels/2019-09-16-12-55-51/000525.txt,
2019-09-16-12-55-51_000526,2019-09-16-12-55-51,000526,000076,3,2,car,range_angle.box,2019-09-16-12-55-51/range_angle_processed/000526.npy,images/2019-09-16-12-55-51/000526.png,labels/2019-09-16-12-55-51/000526.txt,
2019-09-16-12-55-51_000527,2019-09-16-12-55-51,000527,000076,3,2,car,range_angle.box,2019-09-16-12-55-51/range_angle_processed/000527.npy,images/2019-09-16-12-55-51/000527.png,labels/2019-09-16-12-55-51/000527.txt,
2019-09-16-12-55-51_000528,2019-09-16-12-55-51,000528,000076,3,2,car,range_angle.box,2019-09-16-12-55-51/range_angle_processed/000528.npy,images/2019-09-16-12-55-51/000528.png,labels/2019-09-16-12-55-51/000528.txt,
2019-09-16-12-55-51_000529,2019-09-16-12-55-51,000529,000076,3,2,car,range_angle.box,2019-09-16-12-55-51/range_angle_processed/000529.npy,images/2019-09-16-12-55-51/000529.png,labels/2019-09-16-12-55-51/000529.txt,
2019-09-16-12-55-51_000530,2019-09-16-12-55-51,000530,000076,3,2,car,range_angle.box,2019-09-16-12-55-51/range_angle_processed/000530.npy,images/2019-09-16-12-55-51/000530.png,labels/2019-09-16-12-55-51/000530.txt,
2019-09-16-12-55-51_000531,2019-09-16-12-55-51,000531,000076,3,2,car,range_angle.box,2019-09-16-12-55-51/range_angle_processed/000531.npy,images/2019-09-16-12-55-51/000531.png,labels/2019-09-16-12-55-51/000531.txt,
2019-09-16-12-55-51_000532,2019-09-16-12-55-51,000532,000076,3,2,car,range_angle.box,2019-09-16-12-55-51/range_angle_processed/000532.npy,images/2019-09-16-12-55-51/000532.png,labels/2019-09-16-12-55-51/000532.txt,
2019-09-16-12-55-51_000533,2019-09-16-12-55-51,000533,000076,3,2,car,range_angle.box,2019-09-16-12-55-51/range_angle_processed/000533.npy,images/2019-09-16-12-55-51/000533.png,labels/2019-09-16-12-55-51/000533.txt,
2019-09-16-12-55-51_000534,2019-09-16-12-55-51,000534,000076,3,2,car,range_angle.box,2019-09-16-12-55-51/range_angle_processed/000534.npy,images/2019-09-16-12-55-51/000534.png,labels/2019-09-16-12-55-51/000534.txt,
2019-09-16-12-55-51_000535,2019-09-16-12-55-51,000535,000076,3,2,car,range_angle.box,2019-09-16-12-55-51/range_angle_processed/000535.npy,images/2019-09-16-12-55-51/000535.png,labels/2019-09-16-12-55-51/000535.txt,
2019-09-16-12-55-51_000536,2019-09-16-12-55-51,000536,000076,3,2,car,range_angle.box,2019-09-16-12-55-51/range_angle_processed/000536.npy,images/2019-09-16-12-55-51/000536.png,labels/2019-09-16-12-55-51/000536.txt,
2019-09-16-12-55-51_000537,2019-09-16-12-55-51,000537,000076,3,2,car,range_angle.box,2019-09-16-12-55-51/range_angle_processed/000537.npy,images/2019-09-16-12-55-51/000537.png,labels/2019-09-16-12-55-51/000537.txt,
2019-09-16-12-55-51_000538,2019-09-16-12-55-51,000538,000076,3,2,car,range_angle.box,2019-09-16-12-55-51/range_angle_processed/000538.npy,images/2019-09-16-12-55-51/000538.png,labels/2019-09-16-12-55-51/000538.txt,
2019-09-16-12-55-51_000539,2019-09-16-12-55-51,000539,000076,3,2,car,range_angle.box,2019-09-16-12-55-51/range_angle_processed/000539.npy,images/2019-09-16-12-55-51/000539.png,labels/2019-09-16-12-55-51/000539.txt,
2019-09-16-12-55-51_000540,2019-09-16-12-55-51,000540,000076,3,2,car,range_angle.box,2019-09-16-12-55-51/range_angle_processed/000540.npy,images/2019-09-16-12-55-51/000540.png,labels/2019-09-16-12-55-51/000540.txt,
2019-09-16-12-58-42_000135,2019-09-16-12-58-42,000135,000109,3,2,car,range_angle.box,2019-09-16-12-58-42/range_angle_processed/000135.npy,images/2019-09-16-12-58-42/000135.png,labels/2019-09-16-12-58-42/000135.txt,
2019-09-16-12-58-42_000136,2019-09-16-12-58-42,000136,000109,3,2,car,range_angle.box,2019-09-16-12-58-42/range_angle_processed/000136.npy,images/2019-09-16-12-58-42/000136.png,labels/2019-09-16-12-58-42/000136.txt,
2019-09-16-12-58-42_000137,2019-09-16-12-58-42,000137,000109,3,2,car,range_angle.box,2019-09-16-12-58-42/range_angle_processed/000137.npy,images/2019-09-16-12-58-42/000137.png,labels/2019-09-16-12-58-42/000137.txt,
2019-09-16-12-58-42_000138,2019-09-16-12-58-42,000138,000109,3,2,car,range_angle.box,2019-09-16-12-58-42/range_angle_processed/000138.npy,images/2019-09-16-12-58-42/000138.png,labels/2019-09-16-12-58-42/000138.txt,
2019-09-16-12-58-42_000139,2019-09-16-12-58-42,000139,000109,3,2,car,range_angle.box,2019-09-16-12-58-42/range_angle_processed/000139.npy,images/2019-09-16-12-58-42/000139.png,labels/2019-09-16-12-58-42/000139.txt,
2019-09-16-12-58-42_000140,2019-09-16-12-58-42,000140,000109,3,2,car,range_angle.box,2019-09-16-12-58-42/range_angle_processed/000140.npy,images/2019-09-16-12-58-42/000140.png,labels/2019-09-16-12-58-42/000140.txt,
2019-09-16-12-58-42_000141,2019-09-16-12-58-42,000141,000109,3,2,car,range_angle.box,2019-09-16-12-58-42/range_angle_processed/000141.npy,images/2019-09-16-12-58-42/000141.png,labels/2019-09-16-12-58-42/000141.txt,
2019-09-16-12-58-42_000142,2019-09-16-12-58-42,000142,000109,3,2,car,range_angle.box,2019-09-16-12-58-42/range_angle_processed/000142.npy,images/2019-09-16-12-58-42/000142.png,labels/2019-09-16-12-58-42/000142.txt,
2019-09-16-12-58-42_000143,2019-09-16-12-58-42,000143,000109,3,2,car,range_angle.box,2019-09-16-12-58-42/range_angle_processed/000143.npy,images/2019-09-16-12-58-42/000143.png,labels/2019-09-16-12-58-42/000143.txt,
2019-09-16-12-58-42_000144,2019-09-16-12-58-42,000144,000109,3,2,car,range_angle.box,2019-09-16-12-58-42/range_angle_processed/000144.npy,images/2019-09-16-12-58-42/000144.png,labels/2019-09-16-12-58-42/000144.txt,
2019-09-16-12-58-42_000145,2019-09-16-12-58-42,000145,000109,3,2,car,range_angle.box,2019-09-16-12-58-42/range_angle_processed/000145.npy,images/2019-09-16-12-58-42/000145.png,labels/2019-09-16-12-58-42/000145.txt,
2019-09-16-12-58-42_000146,2019-09-16-12-58-42,000146,000109,3,2,car,range_angle.box,2019-09-16-12-58-42/range_angle_processed/000146.npy,images/2019-09-16-12-58-42/000146.png,labels/2019-09-16-12-58-42/000146.txt,
2019-09-16-12-58-42_000147,2019-09-16-12-58-42,000147,000109,3,2,car,range_angle.box,2019-09-16-12-58-42/range_angle_processed/000147.npy,images/2019-09-16-12-58-42/000147.png,labels/2019-09-16-12-58-42/000147.txt,
2019-09-16-12-58-42_000148,2019-09-16-12-58-42,000148,000109,3,2,car,range_angle.box,2019-09-16-12-58-42/range_angle_processed/000148.npy,images/2019-09-16-12-58-42/000148.png,labels/2019-09-16-12-58-42/000148.txt,
2019-09-16-12-58-42_000149,2019-09-16-12-58-42,000149,000109,3,2,car,range_angle.box,2019-09-16-12-58-42/range_angle_processed/000149.npy,images/2019-09-16-12-58-42/000149.png,labels/2019-09-16-12-58-42/000149.txt,
2019-09-16-12-58-42_000150,2019-09-16-12-58-42,000150,000109,3,2,car,range_angle.box,2019-09-16-12-58-42/range_angle_processed/000150.npy,images/2019-09-16-12-58-42/000150.png,labels/2019-09-16-12-58-42/000150.txt,
2019-09-16-12-58-42_000151,2019-09-16-12-58-42,000151,000109,3,2,car,range_angle.box,2019-09-16-12-58-42/range_angle_processed/000151.npy,images/2019-09-16-12-58-42/000151.png,labels/2019-09-16-12-58-42/000151.txt,
2019-09-16-12-58-42_000152,2019-09-16-12-58-42,000152,000109,3,2,car,range_angle.box,2019-09-16-12-58-42/range_angle_processed/000152.npy,images/2019-09-16-12-58-42/000152.png,labels/2019-09-16-12-58-42/000152.txt,
2019-09-16-12-58-42_000153,2019-09-16-12-58-42,000153,000109,3,2,car,range_angle.box,2019-09-16-12-58-42/range_angle_processed/000153.npy,images/2019-09-16-12-58-42/000153.png,labels/2019-09-16-12-58-42/000153.txt,
2019-09-16-12-58-42_000154,2019-09-16-12-58-42,000154,000109,3,2,car,range_angle.box,2019-09-16-12-58-42/range_angle_processed/000154.npy,images/2019-09-16-12-58-42/000154.png,labels/2019-09-16-12-58-42/000154.txt,
2019-09-16-12-58-42_000155,2019-09-16-12-58-42,000155,000109,3,2,car,range_angle.box,2019-09-16-12-58-42/range_angle_processed/000155.npy,images/2019-09-16-12-58-42/000155.png,labels/2019-09-16-12-58-42/000155.txt,
2019-09-16-12-58-42_000156,2019-09-16-12-58-42,000156,000109,3,2,car,range_angle.box,2019-09-16-12-58-42/range_angle_processed/000156.npy,images/2019-09-16-12-58-42/000156.png,labels/2019-09-16-12-58-42/000156.txt,
2019-09-16-12-58-42_000157,2019-09-16-12-58-42,000157,000109,3,2,car,range_angle.box,2019-09-16-12-58-42/range_angle_processed/000157.npy,images/2019-09-16-12-58-42/000157.png,labels/2019-09-16-12-58-42/000157.txt,
2019-09-16-12-58-42_000158,2019-09-16-12-58-42,000158,000109,3,2,car,range_angle.box,2019-09-16-12-58-42/range_angle_processed/000158.npy,images/2019-09-16-12-58-42/000158.png,labels/2019-09-16-12-58-42/000158.txt,
2019-09-16-12-58-42_000159,2019-09-16-12-58-42,000159,000109,3,2,car,range_angle.box,2019-09-16-12-58-42/range_angle_processed/000159.npy,images/2019-09-16-12-58-42/000159.png,labels/2019-09-16-12-58-42/000159.txt,
2019-09-16-12-58-42_000160,2019-09-16-12-58-42,000160,000109,3,2,car,range_angle.box,2019-09-16-12-58-42/range_angle_processed/000160.npy,images/2019-09-16-12-58-42/000160.png,labels/2019-09-16-12-58-42/000160.txt,
2019-09-16-12-58-42_000161,2019-09-16-12-58-42,000161,000109,3,2,car,range_angle.box,2019-09-16-12-58-42/range_angle_processed/000161.npy,images/2019-09-16-12-58-42/000161.png,labels/2019-09-16-12-58-42/000161.txt,
2019-09-16-12-58-42_000162,2019-09-16-12-58-42,000162,000109,3,2,car,range_angle.box,2019-09-16-12-58-42/range_angle_processed/000162.npy,images/2019-09-16-12-58-42/000162.png,labels/2019-09-16-12-58-42/000162.txt,
2019-09-16-12-58-42_000163,2019-09-16-12-58-42,000163,000109,3,2,car,range_angle.box,2019-09-16-12-58-42/range_angle_processed/000163.npy,images/2019-09-16-12-58-42/000163.png,labels/2019-09-16-12-58-42/000163.txt,
2019-09-16-12-58-42_000164,2019-09-16-12-58-42,000164,000109,3,2,car,range_angle.box,2019-09-16-12-58-42/range_angle_processed/000164.npy,images/2019-09-16-12-58-42/000164.png,labels/2019-09-16-12-58-42/000164.txt,
2019-09-16-12-58-42_000165,2019-09-16-12-58-42,000165,000109,3,2,car,range_angle.box,2019-09-16-12-58-42/range_angle_processed/000165.npy,images/2019-09-16-12-58-42/000165.png,labels/2019-09-16-12-58-42/000165.txt,
2019-09-16-12-58-42_000166,2019-09-16-12-58-42,000166,000109,3,2,car,range_angle.box,2019-09-16-12-58-42/range_angle_processed/000166.npy,images/2019-09-16-12-58-42/000166.png,labels/2019-09-16-12-58-42/000166.txt,
2019-09-16-12-58-42_000167,2019-09-16-12-58-42,000167,000109,3,2,car,range_angle.box,2019-09-16-12-58-42/range_angle_processed/000167.npy,images/2019-09-16-12-58-42/000167.png,labels/2019-09-16-12-58-42/000167.txt,
2019-09-16-12-58-42_000168,2019-09-16-12-58-42,000168,000109,3,2,car,range_angle.box,2019-09-16-12-58-42/range_angle_processed/000168.npy,images/2019-09-16-12-58-42/000168.png,labels/2019-09-16-12-58-42/000168.txt,
2019-09-16-12-58-42_000169,2019-09-16-12-58-42,000169,000109,3,2,car,range_angle.box,2019-09-16-12-58-42/range_angle_processed/000169.npy,images/2019-09-16-12-58-42/000169.png,labels/2019-09-16-12-58-42/000169.txt,
2019-09-16-12-58-42_000170,2019-09-16-12-58-42,000170,000109,3,2,car,range_angle.box,2019-09-16-12-58-42/range_angle_processed/000170.npy,images/2019-09-16-12-58-42/000170.png,labels/2019-09-16-12-58-42/000170.txt,
2019-09-16-12-58-42_000171,2019-09-16-12-58-42,000171,000109,3,2,car,range_angle.box,2019-09-16-12-58-42/range_angle_processed/000171.npy,images/2019-09-16-12-58-42/000171.png,labels/2019-09-16-12-58-42/000171.txt,
2019-09-16-12-58-42_000172,2019-09-16-12-58-42,000172,000109,3,2,car,range_angle.box,2019-09-16-12-58-42/range_angle_processed/000172.npy,images/2019-09-16-12-58-42/000172.png,labels/2019-09-16-12-58-42/000172.txt,
2019-09-16-12-58-42_000173,2019-09-16-12-58-42,000173,000109,3,2,car,range_angle.box,2019-09-16-12-58-42/range_angle_processed/000173.npy,images/2019-09-16-12-58-42/000173.png,labels/2019-09-16-12-58-42/000173.txt,
2019-09-16-12-58-42_000174,2019-09-16-12-58-42,000174,000109,3,2,car,range_angle.box,2019-09-16-12-58-42/range_angle_processed/000174.npy,images/2019-09-16-12-58-42/000174.png,labels/2019-09-16-12-58-42/000174.txt,
2019-09-16-12-58-42_000175,2019-09-16-12-58-42,000175,000109,3,2,car,range_angle.box,2019-09-16-12-58-42/range_angle_processed/000175.npy,images/2019-09-16-12-58-42/000175.png,labels/2019-09-16-12-58-42/000175.txt,
2019-09-16-12-58-42_000176,2019-09-16-12-58-42,000176,000109,3,2,car,range_angle.box,2019-09-16-12-58-42/range_angle_processed/000176.npy,images/2019-09-16-12-58-42/000176.png,labels/2019-09-16-12-58-42/000176.txt,
2019-09-16-12-58-42_000177,2019-09-16-12-58-42,000177,000109,3,2,car,range_angle.box,2019-09-16-12-58-42/range_angle_processed/000177.npy,images/2019-09-16-12-58-42/000177.png,labels/2019-09-16-12-58-42/000177.txt,
2019-09-16-12-58-42_000178,2019-09-16-12-58-42,000178,000109,3,2,car,range_angle.box,2019-09-16-12-58-42/range_angle_processed/000178.npy,images/2019-09-16-12-58-42/000178.png,labels/2019-09-16-12-58-42/000178.txt,
2019-09-16-12-58-42_000179,2019-09-16-12-58-42,000179,000109,3,2,car,range_angle.box,2019-09-16-12-58-42/range_angle_processed/000179.npy,images/2019-09-16-12-58-42/000179.png,labels/2019-09-16-12-58-42/000179.txt,
2019-09-16-12-58-42_000180,2019-09-16-12-58-42,000180,000109,3,2,car,range_angle.box,2019-09-16-12-58-42/range_angle_processed/000180.npy,images/2019-09-16-12-58-42/000180.png,labels/2019-09-16-12-58-42/000180.txt,
2019-09-16-12-58-42_000181,2019-09-16-12-58-42,000181,000109,3,2,car,range_angle.box,2019-09-16-12-58-42/range_angle_processed/000181.npy,images/2019-09-16-12-58-42/000181.png,labels/2019-09-16-12-58-42/000181.txt,
2019-09-16-12-58-42_000182,2019-09-16-12-58-42,000182,000109,3,2,car,range_angle.box,2019-09-16-12-58-42/range_angle_processed/000182.npy,images/2019-09-16-12-58-42/000182.png,labels/2019-09-16-12-58-42/000182.txt,
2019-09-16-12-58-42_000183,2019-09-16-12-58-42,000183,000109,3,2,car,range_angle.box,2019-09-16-12-58-42/range_angle_processed/000183.npy,images/2019-09-16-12-58-42/000183.png,labels/2019-09-16-12-58-42/000183.txt,
2019-09-16-12-58-42_000184,2019-09-16-12-58-42,000184,000109,3,2,car,range_angle.box,2019-09-16-12-58-42/range_angle_processed/000184.npy,images/2019-09-16-12-58-42/000184.png,labels/2019-09-16-12-58-42/000184.txt,
2019-09-16-12-58-42_000185,2019-09-16-12-58-42,000185,000109,3,2,car,range_angle.box,2019-09-16-12-58-42/range_angle_processed/000185.npy,images/2019-09-16-12-58-42/000185.png,labels/2019-09-16-12-58-42/000185.txt,
2019-09-16-12-58-42_000186,2019-09-16-12-58-42,000186,000109,3,2,car,range_angle.box,2019-09-16-12-58-42/range_angle_processed/000186.npy,images/2019-09-16-12-58-42/000186.png,labels/2019-09-16-12-58-42/000186.txt,
2019-09-16-12-58-42_000187,2019-09-16-12-58-42,000187,000109,3,2,car,range_angle.box,2019-09-16-12-58-42/range_angle_processed/000187.npy,images/2019-09-16-12-58-42/000187.png,labels/2019-09-16-12-58-42/000187.txt,
2019-09-16-12-58-42_000188,2019-09-16-12-58-42,000188,000109,3,2,car,range_angle.box,2019-09-16-12-58-42/range_angle_processed/000188.npy,images/2019-09-16-12-58-42/000188.png,labels/2019-09-16-12-58-42/000188.txt,
2019-09-16-12-58-42_000189,2019-09-16-12-58-42,000189,000109,3,2,car,range_angle.box,2019-09-16-12-58-42/range_angle_processed/000189.npy,images/2019-09-16-12-58-42/000189.png,labels/2019-09-16-12-58-42/000189.txt,
2019-09-16-12-58-42_000190,2019-09-16-12-58-42,000190,000109,3,2,car,range_angle.box,2019-09-16-12-58-42/range_angle_processed/000190.npy,images/2019-09-16-12-58-42/000190.png,labels/2019-09-16-12-58-42/000190.txt,
2019-09-16-12-58-42_000191,2019-09-16-12-58-42,000191,000109,3,2,car,range_angle.box,2019-09-16-12-58-42/range_angle_processed/000191.npy,images/2019-09-16-12-58-42/000191.png,labels/2019-09-16-12-58-42/000191.txt,
2019-09-16-12-58-42_000192,2019-09-16-12-58-42,000192,000109,3,2,car,range_angle.box,2019-09-16-12-58-42/range_angle_processed/000192.npy,images/2019-09-16-12-58-42/000192.png,labels/2019-09-16-12-58-42/000192.txt,
2019-09-16-12-58-42_000193,2019-09-16-12-58-42,000193,000109,3,2,car,range_angle.box,2019-09-16-12-58-42/range_angle_processed/000193.npy,images/2019-09-16-12-58-42/000193.png,labels/2019-09-16-12-58-42/000193.txt,
2019-09-16-12-58-42_000194,2019-09-16-12-58-42,000194,000109,3,2,car,range_angle.box,2019-09-16-12-58-42/range_angle_processed/000194.npy,images/2019-09-16-12-58-42/000194.png,labels/2019-09-16-12-58-42/000194.txt,
2019-09-16-12-58-42_000195,2019-09-16-12-58-42,000195,000109,3,2,car,range_angle.box,2019-09-16-12-58-42/range_angle_processed/000195.npy,images/2019-09-16-12-58-42/000195.png,labels/2019-09-16-12-58-42/000195.txt,
2019-09-16-12-58-42_000405,2019-09-16-12-58-42,000405,000153,3,2,car,range_angle.box,2019-09-16-12-58-42/range_angle_processed/000405.npy,images/2019-09-16-12-58-42/000405.png,labels/2019-09-16-12-58-42/000405.txt,
2019-09-16-12-58-42_000406,2019-09-16-12-58-42,000406,000153,3,2,car,range_angle.box,2019-09-16-12-58-42/range_angle_processed/000406.npy,images/2019-09-16-12-58-42/000406.png,labels/2019-09-16-12-58-42/000406.txt,
2019-09-16-12-58-42_000407,2019-09-16-12-58-42,000407,000153,3,2,car,range_angle.box,2019-09-16-12-58-42/range_angle_processed/000407.npy,images/2019-09-16-12-58-42/000407.png,labels/2019-09-16-12-58-42/000407.txt,
2019-09-16-12-58-42_000408,2019-09-16-12-58-42,000408,000153,3,2,car,range_angle.box,2019-09-16-12-58-42/range_angle_processed/000408.npy,images/2019-09-16-12-58-42/000408.png,labels/2019-09-16-12-58-42/000408.txt,
2019-09-16-12-58-42_000409,2019-09-16-12-58-42,000409,000153,3,2,car,range_angle.box,2019-09-16-12-58-42/range_angle_processed/000409.npy,images/2019-09-16-12-58-42/000409.png,labels/2019-09-16-12-58-42/000409.txt,
2019-09-16-12-58-42_000410,2019-09-16-12-58-42,000410,000153,3,2,car,range_angle.box,2019-09-16-12-58-42/range_angle_processed/000410.npy,images/2019-09-16-12-58-42/000410.png,labels/2019-09-16-12-58-42/000410.txt,
2019-09-16-12-58-42_000411,2019-09-16-12-58-42,000411,000153,3,2,car,range_angle.box,2019-09-16-12-58-42/range_angle_processed/000411.npy,images/2019-09-16-12-58-42/000411.png,labels/2019-09-16-12-58-42/000411.txt,
2019-09-16-12-58-42_000412,2019-09-16-12-58-42,000412,000153,3,2,car,range_angle.box,2019-09-16-12-58-42/range_angle_processed/000412.npy,images/2019-09-16-12-58-42/000412.png,labels/2019-09-16-12-58-42/000412.txt,
2019-09-16-12-58-42_000413,2019-09-16-12-58-42,000413,000153,3,2,car,range_angle.box,2019-09-16-12-58-42/range_angle_processed/000413.npy,images/2019-09-16-12-58-42/000413.png,labels/2019-09-16-12-58-42/000413.txt,
2019-09-16-12-58-42_000414,2019-09-16-12-58-42,000414,000153,3,2,car,range_angle.box,2019-09-16-12-58-42/range_angle_processed/000414.npy,images/2019-09-16-12-58-42/000414.png,labels/2019-09-16-12-58-42/000414.txt,
2019-09-16-12-58-42_000415,2019-09-16-12-58-42,000415,000153,3,2,car,range_angle.box,2019-09-16-12-58-42/range_angle_processed/000415.npy,images/2019-09-16-12-58-42/000415.png,labels/2019-09-16-12-58-42/000415.txt,
2019-09-16-12-58-42_000416,2019-09-16-12-58-42,000416,000153,3,2,car,range_angle.box,2019-09-16-12-58-42/range_angle_processed/000416.npy,images/2019-09-16-12-58-42/000416.png,labels/2019-09-16-12-58-42/000416.txt,
2019-09-16-12-58-42_000417,2019-09-16-12-58-42,000417,000153,3,2,car,range_angle.box,2019-09-16-12-58-42/range_angle_processed/000417.npy,images/2019-09-16-12-58-42/000417.png,labels/2019-09-16-12-58-42/000417.txt,
2019-09-16-12-58-42_000418,2019-09-16-12-58-42,000418,000153,3,2,car,range_angle.box,2019-09-16-12-58-42/range_angle_processed/000418.npy,images/2019-09-16-12-58-42/000418.png,labels/2019-09-16-12-58-42/000418.txt,
2019-09-16-12-58-42_000419,2019-09-16-12-58-42,000419,000153,3,2,car,range_angle.box,2019-09-16-12-58-42/range_angle_processed/000419.npy,images/2019-09-16-12-58-42/000419.png,labels/2019-09-16-12-58-42/000419.txt,
2019-09-16-12-58-42_000420,2019-09-16-12-58-42,000420,000153,3,2,car,range_angle.box,2019-09-16-12-58-42/range_angle_processed/000420.npy,images/2019-09-16-12-58-42/000420.png,labels/2019-09-16-12-58-42/000420.txt,
2019-09-16-12-58-42_000421,2019-09-16-12-58-42,000421,000153,3,2,car,range_angle.box,2019-09-16-12-58-42/range_angle_processed/000421.npy,images/2019-09-16-12-58-42/000421.png,labels/2019-09-16-12-58-42/000421.txt,
2019-09-16-12-58-42_000422,2019-09-16-12-58-42,000422,000153,3,2,car,range_angle.box,2019-09-16-12-58-42/range_angle_processed/000422.npy,images/2019-09-16-12-58-42/000422.png,labels/2019-09-16-12-58-42/000422.txt,
2019-09-16-12-58-42_000423,2019-09-16-12-58-42,000423,000153,3,2,car,range_angle.box,2019-09-16-12-58-42/range_angle_processed/000423.npy,images/2019-09-16-12-58-42/000423.png,labels/2019-09-16-12-58-42/000423.txt,
2019-09-16-12-58-42_000424,2019-09-16-12-58-42,000424,000153,3,2,car,range_angle.box,2019-09-16-12-58-42/range_angle_processed/000424.npy,images/2019-09-16-12-58-42/000424.png,labels/2019-09-16-12-58-42/000424.txt,
2019-09-16-12-58-42_000425,2019-09-16-12-58-42,000425,000153,3,2,car,range_angle.box,2019-09-16-12-58-42/range_angle_processed/000425.npy,images/2019-09-16-12-58-42/000425.png,labels/2019-09-16-12-58-42/000425.txt,
2019-09-16-12-58-42_000426,2019-09-16-12-58-42,000426,000153,3,2,car,range_angle.box,2019-09-16-12-58-42/range_angle_processed/000426.npy,images/2019-09-16-12-58-42/000426.png,labels/2019-09-16-12-58-42/000426.txt,
2019-09-16-12-58-42_000427,2019-09-16-12-58-42,000427,000153,3,2,car,range_angle.box,2019-09-16-12-58-42/range_angle_processed/000427.npy,images/2019-09-16-12-58-42/000427.png,labels/2019-09-16-12-58-42/000427.txt,
2019-09-16-12-58-42_000428,2019-09-16-12-58-42,000428,000153,3,2,car,range_angle.box,2019-09-16-12-58-42/range_angle_processed/000428.npy,images/2019-09-16-12-58-42/000428.png,labels/2019-09-16-12-58-42/000428.txt,
2019-09-16-12-58-42_000429,2019-09-16-12-58-42,000429,000153,3,2,car,range_angle.box,2019-09-16-12-58-42/range_angle_processed/000429.npy,images/2019-09-16-12-58-42/000429.png,labels/2019-09-16-12-58-42/000429.txt,
2019-09-16-12-58-42_000430,2019-09-16-12-58-42,000430,000153,3,2,car,range_angle.box,2019-09-16-12-58-42/range_angle_processed/000430.npy,images/2019-09-16-12-58-42/000430.png,labels/2019-09-16-12-58-42/000430.txt,
2019-09-16-12-58-42_000431,2019-09-16-12-58-42,000431,000153,3,2,car,range_angle.box,2019-09-16-12-58-42/range_angle_processed/000431.npy,images/2019-09-16-12-58-42/000431.png,labels/2019-09-16-12-58-42/000431.txt,
2019-09-16-12-58-42_000432,2019-09-16-12-58-42,000432,000153,3,2,car,range_angle.box,2019-09-16-12-58-42/range_angle_processed/000432.npy,images/2019-09-16-12-58-42/000432.png,labels/2019-09-16-12-58-42/000432.txt,
2019-09-16-12-58-42_000433,2019-09-16-12-58-42,000433,000153,3,2,car,range_angle.box,2019-09-16-12-58-42/range_angle_processed/000433.npy,images/2019-09-16-12-58-42/000433.png,labels/2019-09-16-12-58-42/000433.txt,
2019-09-16-12-58-42_000434,2019-09-16-12-58-42,000434,000153,3,2,car,range_angle.box,2019-09-16-12-58-42/range_angle_processed/000434.npy,images/2019-09-16-12-58-42/000434.png,labels/2019-09-16-12-58-42/000434.txt,
2019-09-16-12-58-42_000435,2019-09-16-12-58-42,000435,000153,3,2,car,range_angle.box,2019-09-16-12-58-42/range_angle_processed/000435.npy,images/2019-09-16-12-58-42/000435.png,labels/2019-09-16-12-58-42/000435.txt,
2019-09-16-12-58-42_000436,2019-09-16-12-58-42,000436,000153,3,2,car,range_angle.box,2019-09-16-12-58-42/range_angle_processed/000436.npy,images/2019-09-16-12-58-42/000436.png,labels/2019-09-16-12-58-42/000436.txt,
2019-09-16-12-58-42_000437,2019-09-16-12-58-42,000437,000153,3,2,car,range_angle.box,2019-09-16-12-58-42/range_angle_processed/000437.npy,images/2019-09-16-12-58-42/000437.png,labels/2019-09-16-12-58-42/000437.txt,
2019-09-16-12-58-42_000438,2019-09-16-12-58-42,000438,000153,3,2,car,range_angle.box,2019-09-16-12-58-42/range_angle_processed/000438.npy,images/2019-09-16-12-58-42/000438.png,labels/2019-09-16-12-58-42/000438.txt,
2019-09-16-12-58-42_000439,2019-09-16-12-58-42,000439,000153,3,2,car,range_angle.box,2019-09-16-12-58-42/range_angle_processed/000439.npy,images/2019-09-16-12-58-42/000439.png,labels/2019-09-16-12-58-42/000439.txt,
2019-09-16-12-58-42_000440,2019-09-16-12-58-42,000440,000153,3,2,car,range_angle.box,2019-09-16-12-58-42/range_angle_processed/000440.npy,images/2019-09-16-12-58-42/000440.png,labels/2019-09-16-12-58-42/000440.txt,
2019-09-16-12-58-42_000441,2019-09-16-12-58-42,000441,000153,3,2,car,range_angle.box,2019-09-16-12-58-42/range_angle_processed/000441.npy,images/2019-09-16-12-58-42/000441.png,labels/2019-09-16-12-58-42/000441.txt,
2019-09-16-12-58-42_000442,2019-09-16-12-58-42,000442,000153,3,2,car,range_angle.box,2019-09-16-12-58-42/range_angle_processed/000442.npy,images/2019-09-16-12-58-42/000442.png,labels/2019-09-16-12-58-42/000442.txt,
2019-09-16-12-58-42_000443,2019-09-16-12-58-42,000443,000153,3,2,car,range_angle.box,2019-09-16-12-58-42/range_angle_processed/000443.npy,images/2019-09-16-12-58-42/000443.png,labels/2019-09-16-12-58-42/000443.txt,
2019-09-16-12-58-42_000444,2019-09-16-12-58-42,000444,000153,3,2,car,range_angle.box,2019-09-16-12-58-42/range_angle_processed/000444.npy,images/2019-09-16-12-58-42/000444.png,labels/2019-09-16-12-58-42/000444.txt,
2019-09-16-12-58-42_000445,2019-09-16-12-58-42,000445,000153,3,2,car,range_angle.box,2019-09-16-12-58-42/range_angle_processed/000445.npy,images/2019-09-16-12-58-42/000445.png,labels/2019-09-16-12-58-42/000445.txt,
2019-09-16-12-58-42_000446,2019-09-16-12-58-42,000446,000153,3,2,car,range_angle.box,2019-09-16-12-58-42/range_angle_processed/000446.npy,images/2019-09-16-12-58-42/000446.png,labels/2019-09-16-12-58-42/000446.txt,
2019-09-16-12-58-42_000447,2019-09-16-12-58-42,000447,000153,3,2,car,range_angle.box,2019-09-16-12-58-42/range_angle_processed/000447.npy,images/2019-09-16-12-58-42/000447.png,labels/2019-09-16-12-58-42/000447.txt,
2019-09-16-12-58-42_000448,2019-09-16-12-58-42,000448,000153,3,2,car,range_angle.box,2019-09-16-12-58-42/range_angle_processed/000448.npy,images/2019-09-16-12-58-42/000448.png,labels/2019-09-16-12-58-42/000448.txt,
2019-09-16-12-58-42_000449,2019-09-16-12-58-42,000449,000153,3,2,car,range_angle.box,2019-09-16-12-58-42/range_angle_processed/000449.npy,images/2019-09-16-12-58-42/000449.png,labels/2019-09-16-12-58-42/000449.txt,
2019-09-16-12-58-42_000450,2019-09-16-12-58-42,000450,000153,3,2,car,range_angle.box,2019-09-16-12-58-42/range_angle_processed/000450.npy,images/2019-09-16-12-58-42/000450.png,labels/2019-09-16-12-58-42/000450.txt,
2019-09-16-12-58-42_000451,2019-09-16-12-58-42,000451,000153,3,2,car,range_angle.box,2019-09-16-12-58-42/range_angle_processed/000451.npy,images/2019-09-16-12-58-42/000451.png,labels/2019-09-16-12-58-42/000451.txt,
2019-09-16-12-58-42_000452,2019-09-16-12-58-42,000452,000153,3,2,car,range_angle.box,2019-09-16-12-58-42/range_angle_processed/000452.npy,images/2019-09-16-12-58-42/000452.png,labels/2019-09-16-12-58-42/000452.txt,
2019-09-16-12-58-42_000453,2019-09-16-12-58-42,000453,000153,3,2,car,range_angle.box,2019-09-16-12-58-42/range_angle_processed/000453.npy,images/2019-09-16-12-58-42/000453.png,labels/2019-09-16-12-58-42/000453.txt,
2019-09-16-12-58-42_000454,2019-09-16-12-58-42,000454,000153,3,2,car,range_angle.box,2019-09-16-12-58-42/range_angle_processed/000454.npy,images/2019-09-16-12-58-42/000454.png,labels/2019-09-16-12-58-42/000454.txt,
2019-09-16-12-58-42_000455,2019-09-16-12-58-42,000455,000153,3,2,car,range_angle.box,2019-09-16-12-58-42/range_angle_processed/000455.npy,images/2019-09-16-12-58-42/000455.png,labels/2019-09-16-12-58-42/000455.txt,
2019-09-16-12-58-42_000456,2019-09-16-12-58-42,000456,000153,3,2,car,range_angle.box,2019-09-16-12-58-42/range_angle_processed/000456.npy,images/2019-09-16-12-58-42/000456.png,labels/2019-09-16-12-58-42/000456.txt,
2019-09-16-12-58-42_000457,2019-09-16-12-58-42,000457,000153,3,2,car,range_angle.box,2019-09-16-12-58-42/range_angle_processed/000457.npy,images/2019-09-16-12-58-42/000457.png,labels/2019-09-16-12-58-42/000457.txt,
2019-09-16-12-58-42_000458,2019-09-16-12-58-42,000458,000153,3,2,car,range_angle.box,2019-09-16-12-58-42/range_angle_processed/000458.npy,images/2019-09-16-12-58-42/000458.png,labels/2019-09-16-12-58-42/000458.txt,
2019-09-16-12-58-42_000459,2019-09-16-12-58-42,000459,000153,3,2,car,range_angle.box,2019-09-16-12-58-42/range_angle_processed/000459.npy,images/2019-09-16-12-58-42/000459.png,labels/2019-09-16-12-58-42/000459.txt,
2019-09-16-12-58-42_000460,2019-09-16-12-58-42,000460,000153,3,2,car,range_angle.box,2019-09-16-12-58-42/range_angle_processed/000460.npy,images/2019-09-16-12-58-42/000460.png,labels/2019-09-16-12-58-42/000460.txt,
2019-09-16-12-58-42_000461,2019-09-16-12-58-42,000461,000153,3,2,car,range_angle.box,2019-09-16-12-58-42/range_angle_processed/000461.npy,images/2019-09-16-12-58-42/000461.png,labels/2019-09-16-12-58-42/000461.txt,
2019-09-16-12-58-42_000462,2019-09-16-12-58-42,000462,000153,3,2,car,range_angle.box,2019-09-16-12-58-42/range_angle_processed/000462.npy,images/2019-09-16-12-58-42/000462.png,labels/2019-09-16-12-58-42/000462.txt,
2019-09-16-12-58-42_000463,2019-09-16-12-58-42,000463,000153,3,2,car,range_angle.box,2019-09-16-12-58-42/range_angle_processed/000463.npy,images/2019-09-16-12-58-42/000463.png,labels/2019-09-16-12-58-42/000463.txt,
2019-09-16-12-58-42_000464,2019-09-16-12-58-42,000464,000153,3,2,car,range_angle.box,2019-09-16-12-58-42/range_angle_processed/000464.npy,images/2019-09-16-12-58-42/000464.png,labels/2019-09-16-12-58-42/000464.txt,
2019-09-16-12-58-42_000465,2019-09-16-12-58-42,000465,000153,3,2,car,range_angle.box,2019-09-16-12-58-42/range_angle_processed/000465.npy,images/2019-09-16-12-58-42/000465.png,labels/2019-09-16-12-58-42/000465.txt,
2019-09-16-12-58-42_000466,2019-09-16-12-58-42,000466,000153,3,2,car,range_angle.box,2019-09-16-12-58-42/range_angle_processed/000466.npy,images/2019-09-16-12-58-42/000466.png,labels/2019-09-16-12-58-42/000466.txt,
2019-09-16-12-58-42_000467,2019-09-16-12-58-42,000467,000153,3,2,car,range_angle.box,2019-09-16-12-58-42/range_angle_processed/000467.npy,images/2019-09-16-12-58-42/000467.png,labels/2019-09-16-12-58-42/000467.txt,
2019-09-16-12-58-42_000468,2019-09-16-12-58-42,000468,000153,3,2,car,range_angle.box,2019-09-16-12-58-42/range_angle_processed/000468.npy,images/2019-09-16-12-58-42/000468.png,labels/2019-09-16-12-58-42/000468.txt,
2019-09-16-12-58-42_000469,2019-09-16-12-58-42,000469,000153,3,2,car,range_angle.box,2019-09-16-12-58-42/range_angle_processed/000469.npy,images/2019-09-16-12-58-42/000469.png,labels/2019-09-16-12-58-42/000469.txt,
2019-09-16-12-58-42_000470,2019-09-16-12-58-42,000470,000153,3,2,car,range_angle.box,2019-09-16-12-58-42/range_angle_processed/000470.npy,images/2019-09-16-12-58-42/000470.png,labels/2019-09-16-12-58-42/000470.txt,
2019-09-16-12-58-42_000471,2019-09-16-12-58-42,000471,000153,3,2,car,range_angle.box,2019-09-16-12-58-42/range_angle_processed/000471.npy,images/2019-09-16-12-58-42/000471.png,labels/2019-09-16-12-58-42/000471.txt,
2019-09-16-12-58-42_000472,2019-09-16-12-58-42,000472,000153,3,2,car,range_angle.box,2019-09-16-12-58-42/range_angle_processed/000472.npy,images/2019-09-16-12-58-42/000472.png,labels/2019-09-16-12-58-42/000472.txt,
2019-09-16-12-58-42_000473,2019-09-16-12-58-42,000473,000153,3,2,car,range_angle.box,2019-09-16-12-58-42/range_angle_processed/000473.npy,images/2019-09-16-12-58-42/000473.png,labels/2019-09-16-12-58-42/000473.txt,
2019-09-16-12-58-42_000474,2019-09-16-12-58-42,000474,000153,3,2,car,range_angle.box,2019-09-16-12-58-42/range_angle_processed/000474.npy,images/2019-09-16-12-58-42/000474.png,labels/2019-09-16-12-58-42/000474.txt,
2019-09-16-12-58-42_000475,2019-09-16-12-58-42,000475,000153,3,2,car,range_angle.box,2019-09-16-12-58-42/range_angle_processed/000475.npy,images/2019-09-16-12-58-42/000475.png,labels/2019-09-16-12-58-42/000475.txt,
2019-09-16-12-58-42_000476,2019-09-16-12-58-42,000476,000153,3,2,car,range_angle.box,2019-09-16-12-58-42/range_angle_processed/000476.npy,images/2019-09-16-12-58-42/000476.png,labels/2019-09-16-12-58-42/000476.txt,
2019-09-16-12-58-42_000477,2019-09-16-12-58-42,000477,000153,3,2,car,range_angle.box,2019-09-16-12-58-42/range_angle_processed/000477.npy,images/2019-09-16-12-58-42/000477.png,labels/2019-09-16-12-58-42/000477.txt,
2019-09-16-12-58-42_000478,2019-09-16-12-58-42,000478,000153,3,2,car,range_angle.box,2019-09-16-12-58-42/range_angle_processed/000478.npy,images/2019-09-16-12-58-42/000478.png,labels/2019-09-16-12-58-42/000478.txt,
2019-09-16-12-58-42_000479,2019-09-16-12-58-42,000479,000153,3,2,car,range_angle.box,2019-09-16-12-58-42/range_angle_processed/000479.npy,images/2019-09-16-12-58-42/000479.png,labels/2019-09-16-12-58-42/000479.txt,
2019-09-16-12-58-42_000480,2019-09-16-12-58-42,000480,000153,3,2,car,range_angle.box,2019-09-16-12-58-42/range_angle_processed/000480.npy,images/2019-09-16-12-58-42/000480.png,labels/2019-09-16-12-58-42/000480.txt,
2019-09-16-12-58-42_000481,2019-09-16-12-58-42,000481,000153,3,2,car,range_angle.box,2019-09-16-12-58-42/range_angle_processed/000481.npy,images/2019-09-16-12-58-42/000481.png,labels/2019-09-16-12-58-42/000481.txt,
2019-09-16-12-58-42_000482,2019-09-16-12-58-42,000482,000153,3,2,car,range_angle.box,2019-09-16-12-58-42/range_angle_processed/000482.npy,images/2019-09-16-12-58-42/000482.png,labels/2019-09-16-12-58-42/000482.txt,
2019-09-16-12-58-42_000483,2019-09-16-12-58-42,000483,000153,3,2,car,range_angle.box,2019-09-16-12-58-42/range_angle_processed/000483.npy,images/2019-09-16-12-58-42/000483.png,labels/2019-09-16-12-58-42/000483.txt,
2019-09-16-12-58-42_000484,2019-09-16-12-58-42,000484,000153,3,2,car,range_angle.box,2019-09-16-12-58-42/range_angle_processed/000484.npy,images/2019-09-16-12-58-42/000484.png,labels/2019-09-16-12-58-42/000484.txt,
2019-09-16-12-58-42_000485,2019-09-16-12-58-42,000485,000153,3,2,car,range_angle.box,2019-09-16-12-58-42/range_angle_processed/000485.npy,images/2019-09-16-12-58-42/000485.png,labels/2019-09-16-12-58-42/000485.txt,
2019-09-16-12-58-42_000486,2019-09-16-12-58-42,000486,000153,3,2,car,range_angle.box,2019-09-16-12-58-42/range_angle_processed/000486.npy,images/2019-09-16-12-58-42/000486.png,labels/2019-09-16-12-58-42/000486.txt,
2019-09-16-12-58-42_000487,2019-09-16-12-58-42,000487,000153,3,2,car,range_angle.box,2019-09-16-12-58-42/range_angle_processed/000487.npy,images/2019-09-16-12-58-42/000487.png,labels/2019-09-16-12-58-42/000487.txt,
2019-09-16-12-58-42_000488,2019-09-16-12-58-42,000488,000153,3,2,car,range_angle.box,2019-09-16-12-58-42/range_angle_processed/000488.npy,images/2019-09-16-12-58-42/000488.png,labels/2019-09-16-12-58-42/000488.txt,
2019-09-16-12-58-42_000489,2019-09-16-12-58-42,000489,000153,3,2,car,range_angle.box,2019-09-16-12-58-42/range_angle_processed/000489.npy,images/2019-09-16-12-58-42/000489.png,labels/2019-09-16-12-58-42/000489.txt,
2019-09-16-12-58-42_000490,2019-09-16-12-58-42,000490,000153,3,2,car,range_angle.box,2019-09-16-12-58-42/range_angle_processed/000490.npy,images/2019-09-16-12-58-42/000490.png,labels/2019-09-16-12-58-42/000490.txt,
2019-09-16-12-58-42_000491,2019-09-16-12-58-42,000491,000153,3,2,car,range_angle.box,2019-09-16-12-58-42/range_angle_processed/000491.npy,images/2019-09-16-12-58-42/000491.png,labels/2019-09-16-12-58-42/000491.txt,
2019-09-16-12-58-42_000492,2019-09-16-12-58-42,000492,000153,3,2,car,range_angle.box,2019-09-16-12-58-42/range_angle_processed/000492.npy,images/2019-09-16-12-58-42/000492.png,labels/2019-09-16-12-58-42/000492.txt,
2019-09-16-12-58-42_000493,2019-09-16-12-58-42,000493,000153,3,2,car,range_angle.box,2019-09-16-12-58-42/range_angle_processed/000493.npy,images/2019-09-16-12-58-42/000493.png,labels/2019-09-16-12-58-42/000493.txt,
2019-09-16-12-58-42_000494,2019-09-16-12-58-42,000494,000153,3,2,car,range_angle.box,2019-09-16-12-58-42/range_angle_processed/000494.npy,images/2019-09-16-12-58-42/000494.png,labels/2019-09-16-12-58-42/000494.txt,
2019-09-16-12-58-42_000495,2019-09-16-12-58-42,000495,000153,3,2,car,range_angle.box,2019-09-16-12-58-42/range_angle_processed/000495.npy,images/2019-09-16-12-58-42/000495.png,labels/2019-09-16-12-58-42/000495.txt,
2019-09-16-12-58-42_000496,2019-09-16-12-58-42,000496,000153,3,2,car,range_angle.box,2019-09-16-12-58-42/range_angle_processed/000496.npy,images/2019-09-16-12-58-42/000496.png,labels/2019-09-16-12-58-42/000496.txt,
2019-09-16-12-58-42_000497,2019-09-16-12-58-42,000497,000153,3,2,car,range_angle.box,2019-09-16-12-58-42/range_angle_processed/000497.npy,images/2019-09-16-12-58-42/000497.png,labels/2019-09-16-12-58-42/000497.txt,
2019-09-16-12-58-42_000498,2019-09-16-12-58-42,000498,000153,3,2,car,range_angle.box,2019-09-16-12-58-42/range_angle_processed/000498.npy,images/2019-09-16-12-58-42/000498.png,labels/2019-09-16-12-58-42/000498.txt,
2019-09-16-12-58-42_000499,2019-09-16-12-58-42,000499,000153,3,2,car,range_angle.box,2019-09-16-12-58-42/range_angle_processed/000499.npy,images/2019-09-16-12-58-42/000499.png,labels/2019-09-16-12-58-42/000499.txt,
2019-09-16-12-58-42_000755,2019-09-16-12-58-42,000755,000187,3,2,car,range_angle.box,2019-09-16-12-58-42/range_angle_processed/000755.npy,images/2019-09-16-12-58-42/000755.png,labels/2019-09-16-12-58-42/000755.txt,
2019-09-16-12-58-42_000756,2019-09-16-12-58-42,000756,000187,3,2,car,range_angle.box,2019-09-16-12-58-42/range_angle_processed/000756.npy,images/2019-09-16-12-58-42/000756.png,labels/2019-09-16-12-58-42/000756.txt,
2019-09-16-12-58-42_000757,2019-09-16-12-58-42,000757,000187,3,2,car,range_angle.box,2019-09-16-12-58-42/range_angle_processed/000757.npy,images/2019-09-16-12-58-42/000757.png,labels/2019-09-16-12-58-42/000757.txt,
2019-09-16-12-58-42_000758,2019-09-16-12-58-42,000758,000187,3,2,car,range_angle.box,2019-09-16-12-58-42/range_angle_processed/000758.npy,images/2019-09-16-12-58-42/000758.png,labels/2019-09-16-12-58-42/000758.txt,
2019-09-16-12-58-42_000759,2019-09-16-12-58-42,000759,000187,3,2,car,range_angle.box,2019-09-16-12-58-42/range_angle_processed/000759.npy,images/2019-09-16-12-58-42/000759.png,labels/2019-09-16-12-58-42/000759.txt,
2019-09-16-12-58-42_000760,2019-09-16-12-58-42,000760,000187,3,2,car,range_angle.box,2019-09-16-12-58-42/range_angle_processed/000760.npy,images/2019-09-16-12-58-42/000760.png,labels/2019-09-16-12-58-42/000760.txt,
2019-09-16-12-58-42_000761,2019-09-16-12-58-42,000761,000187,3,2,car,range_angle.box,2019-09-16-12-58-42/range_angle_processed/000761.npy,images/2019-09-16-12-58-42/000761.png,labels/2019-09-16-12-58-42/000761.txt,
2019-09-16-12-58-42_000762,2019-09-16-12-58-42,000762,000187,3,2,car,range_angle.box,2019-09-16-12-58-42/range_angle_processed/000762.npy,images/2019-09-16-12-58-42/000762.png,labels/2019-09-16-12-58-42/000762.txt,
2019-09-16-12-58-42_000763,2019-09-16-12-58-42,000763,000187,3,2,car,range_angle.box,2019-09-16-12-58-42/range_angle_processed/000763.npy,images/2019-09-16-12-58-42/000763.png,labels/2019-09-16-12-58-42/000763.txt,
2019-09-16-12-58-42_000764,2019-09-16-12-58-42,000764,000187,3,2,car,range_angle.box,2019-09-16-12-58-42/range_angle_processed/000764.npy,images/2019-09-16-12-58-42/000764.png,labels/2019-09-16-12-58-42/000764.txt,
2019-09-16-12-58-42_000765,2019-09-16-12-58-42,000765,000187,3,2,car,range_angle.box,2019-09-16-12-58-42/range_angle_processed/000765.npy,images/2019-09-16-12-58-42/000765.png,labels/2019-09-16-12-58-42/000765.txt,
2019-09-16-12-58-42_000766,2019-09-16-12-58-42,000766,000187,3,2,car,range_angle.box,2019-09-16-12-58-42/range_angle_processed/000766.npy,images/2019-09-16-12-58-42/000766.png,labels/2019-09-16-12-58-42/000766.txt,
2019-09-16-12-58-42_000767,2019-09-16-12-58-42,000767,000187,3,2,car,range_angle.box,2019-09-16-12-58-42/range_angle_processed/000767.npy,images/2019-09-16-12-58-42/000767.png,labels/2019-09-16-12-58-42/000767.txt,
2019-09-16-12-58-42_000768,2019-09-16-12-58-42,000768,000187,3,2,car,range_angle.box,2019-09-16-12-58-42/range_angle_processed/000768.npy,images/2019-09-16-12-58-42/000768.png,labels/2019-09-16-12-58-42/000768.txt,
2019-09-16-12-58-42_000769,2019-09-16-12-58-42,000769,000187,3,2,car,range_angle.box,2019-09-16-12-58-42/range_angle_processed/000769.npy,images/2019-09-16-12-58-42/000769.png,labels/2019-09-16-12-58-42/000769.txt,
2019-09-16-12-58-42_000770,2019-09-16-12-58-42,000770,000187,3,2,car,range_angle.box,2019-09-16-12-58-42/range_angle_processed/000770.npy,images/2019-09-16-12-58-42/000770.png,labels/2019-09-16-12-58-42/000770.txt,
2019-09-16-12-58-42_000771,2019-09-16-12-58-42,000771,000187,3,2,car,range_angle.box,2019-09-16-12-58-42/range_angle_processed/000771.npy,images/2019-09-16-12-58-42/000771.png,labels/2019-09-16-12-58-42/000771.txt,
2019-09-16-12-58-42_000772,2019-09-16-12-58-42,000772,000187,3,2,car,range_angle.box,2019-09-16-12-58-42/range_angle_processed/000772.npy,images/2019-09-16-12-58-42/000772.png,labels/2019-09-16-12-58-42/000772.txt,
2019-09-16-12-58-42_000773,2019-09-16-12-58-42,000773,000187,3,2,car,range_angle.box,2019-09-16-12-58-42/range_angle_processed/000773.npy,images/2019-09-16-12-58-42/000773.png,labels/2019-09-16-12-58-42/000773.txt,
2019-09-16-12-58-42_000774,2019-09-16-12-58-42,000774,000187,3,2,car,range_angle.box,2019-09-16-12-58-42/range_angle_processed/000774.npy,images/2019-09-16-12-58-42/000774.png,labels/2019-09-16-12-58-42/000774.txt,
2019-09-16-12-58-42_000775,2019-09-16-12-58-42,000775,000187,3,2,car,range_angle.box,2019-09-16-12-58-42/range_angle_processed/000775.npy,images/2019-09-16-12-58-42/000775.png,labels/2019-09-16-12-58-42/000775.txt,
2019-09-16-12-58-42_000776,2019-09-16-12-58-42,000776,000187,3,2,car,range_angle.box,2019-09-16-12-58-42/range_angle_processed/000776.npy,images/2019-09-16-12-58-42/000776.png,labels/2019-09-16-12-58-42/000776.txt,
2019-09-16-12-58-42_000777,2019-09-16-12-58-42,000777,000187,3,2,car,range_angle.box,2019-09-16-12-58-42/range_angle_processed/000777.npy,images/2019-09-16-12-58-42/000777.png,labels/2019-09-16-12-58-42/000777.txt,
2019-09-16-12-58-42_000778,2019-09-16-12-58-42,000778,000187,3,2,car,range_angle.box,2019-09-16-12-58-42/range_angle_processed/000778.npy,images/2019-09-16-12-58-42/000778.png,labels/2019-09-16-12-58-42/000778.txt,
2019-09-16-12-58-42_000779,2019-09-16-12-58-42,000779,000187,3,2,car,range_angle.box,2019-09-16-12-58-42/range_angle_processed/000779.npy,images/2019-09-16-12-58-42/000779.png,labels/2019-09-16-12-58-42/000779.txt,
2019-09-16-12-58-42_000780,2019-09-16-12-58-42,000780,000187,3,2,car,range_angle.box,2019-09-16-12-58-42/range_angle_processed/000780.npy,images/2019-09-16-12-58-42/000780.png,labels/2019-09-16-12-58-42/000780.txt,
2019-09-16-12-58-42_000781,2019-09-16-12-58-42,000781,000187,3,2,car,range_angle.box,2019-09-16-12-58-42/range_angle_processed/000781.npy,images/2019-09-16-12-58-42/000781.png,labels/2019-09-16-12-58-42/000781.txt,
2019-09-16-12-58-42_000782,2019-09-16-12-58-42,000782,000187,3,2,car,range_angle.box,2019-09-16-12-58-42/range_angle_processed/000782.npy,images/2019-09-16-12-58-42/000782.png,labels/2019-09-16-12-58-42/000782.txt,
2019-09-16-12-58-42_000783,2019-09-16-12-58-42,000783,000187,3,2,car,range_angle.box,2019-09-16-12-58-42/range_angle_processed/000783.npy,images/2019-09-16-12-58-42/000783.png,labels/2019-09-16-12-58-42/000783.txt,
2019-09-16-12-58-42_000784,2019-09-16-12-58-42,000784,000187,3,2,car,range_angle.box,2019-09-16-12-58-42/range_angle_processed/000784.npy,images/2019-09-16-12-58-42/000784.png,labels/2019-09-16-12-58-42/000784.txt,
2019-09-16-12-58-42_000785,2019-09-16-12-58-42,000785,000187,3,2,car,range_angle.box,2019-09-16-12-58-42/range_angle_processed/000785.npy,images/2019-09-16-12-58-42/000785.png,labels/2019-09-16-12-58-42/000785.txt,
2019-09-16-12-58-42_000786,2019-09-16-12-58-42,000786,000187,3,2,car,range_angle.box,2019-09-16-12-58-42/range_angle_processed/000786.npy,images/2019-09-16-12-58-42/000786.png,labels/2019-09-16-12-58-42/000786.txt,
2019-09-16-12-58-42_000787,2019-09-16-12-58-42,000787,000187,3,2,car,range_angle.box,2019-09-16-12-58-42/range_angle_processed/000787.npy,images/2019-09-16-12-58-42/000787.png,labels/2019-09-16-12-58-42/000787.txt,
2019-09-16-12-58-42_000788,2019-09-16-12-58-42,000788,000187,3,2,car,range_angle.box,2019-09-16-12-58-42/range_angle_processed/000788.npy,images/2019-09-16-12-58-42/000788.png,labels/2019-09-16-12-58-42/000788.txt,
2019-09-16-12-58-42_000789,2019-09-16-12-58-42,000789,000187,3,2,car,range_angle.box,2019-09-16-12-58-42/range_angle_processed/000789.npy,images/2019-09-16-12-58-42/000789.png,labels/2019-09-16-12-58-42/000789.txt,
2019-09-16-12-58-42_000790,2019-09-16-12-58-42,000790,000187,3,2,car,range_angle.box,2019-09-16-12-58-42/range_angle_processed/000790.npy,images/2019-09-16-12-58-42/000790.png,labels/2019-09-16-12-58-42/000790.txt,
2019-09-16-12-58-42_000791,2019-09-16-12-58-42,000791,000187,3,2,car,range_angle.box,2019-09-16-12-58-42/range_angle_processed/000791.npy,images/2019-09-16-12-58-42/000791.png,labels/2019-09-16-12-58-42/000791.txt,
2019-09-16-12-58-42_000792,2019-09-16-12-58-42,000792,000187,3,2,car,range_angle.box,2019-09-16-12-58-42/range_angle_processed/000792.npy,images/2019-09-16-12-58-42/000792.png,labels/2019-09-16-12-58-42/000792.txt,
2019-09-16-12-58-42_000793,2019-09-16-12-58-42,000793,000187,3,2,car,range_angle.box,2019-09-16-12-58-42/range_angle_processed/000793.npy,images/2019-09-16-12-58-42/000793.png,labels/2019-09-16-12-58-42/000793.txt,
2019-09-16-12-58-42_000794,2019-09-16-12-58-42,000794,000187,3,2,car,range_angle.box,2019-09-16-12-58-42/range_angle_processed/000794.npy,images/2019-09-16-12-58-42/000794.png,labels/2019-09-16-12-58-42/000794.txt,
2019-09-16-12-58-42_000795,2019-09-16-12-58-42,000795,000187,3,2,car,range_angle.box,2019-09-16-12-58-42/range_angle_processed/000795.npy,images/2019-09-16-12-58-42/000795.png,labels/2019-09-16-12-58-42/000795.txt,
2019-09-16-12-58-42_000796,2019-09-16-12-58-42,000796,000187,3,2,car,range_angle.box,2019-09-16-12-58-42/range_angle_processed/000796.npy,images/2019-09-16-12-58-42/000796.png,labels/2019-09-16-12-58-42/000796.txt,
2019-09-16-12-58-42_000797,2019-09-16-12-58-42,000797,000187,3,2,car,range_angle.box,2019-09-16-12-58-42/range_angle_processed/000797.npy,images/2019-09-16-12-58-42/000797.png,labels/2019-09-16-12-58-42/000797.txt,
2019-09-16-12-58-42_000798,2019-09-16-12-58-42,000798,000187,3,2,car,range_angle.box,2019-09-16-12-58-42/range_angle_processed/000798.npy,images/2019-09-16-12-58-42/000798.png,labels/2019-09-16-12-58-42/000798.txt,
2019-09-16-12-58-42_000799,2019-09-16-12-58-42,000799,000187,3,2,car,range_angle.box,2019-09-16-12-58-42/range_angle_processed/000799.npy,images/2019-09-16-12-58-42/000799.png,labels/2019-09-16-12-58-42/000799.txt,
2019-09-16-12-58-42_000800,2019-09-16-12-58-42,000800,000187,3,2,car,range_angle.box,2019-09-16-12-58-42/range_angle_processed/000800.npy,images/2019-09-16-12-58-42/000800.png,labels/2019-09-16-12-58-42/000800.txt,
2019-09-16-12-58-42_000801,2019-09-16-12-58-42,000801,000187,3,2,car,range_angle.box,2019-09-16-12-58-42/range_angle_processed/000801.npy,images/2019-09-16-12-58-42/000801.png,labels/2019-09-16-12-58-42/000801.txt,
2019-09-16-12-58-42_000802,2019-09-16-12-58-42,000802,000187,3,2,car,range_angle.box,2019-09-16-12-58-42/range_angle_processed/000802.npy,images/2019-09-16-12-58-42/000802.png,labels/2019-09-16-12-58-42/000802.txt,
2019-09-16-12-58-42_000803,2019-09-16-12-58-42,000803,000187,3,2,car,range_angle.box,2019-09-16-12-58-42/range_angle_processed/000803.npy,images/2019-09-16-12-58-42/000803.png,labels/2019-09-16-12-58-42/000803.txt,
2019-09-16-12-58-42_000804,2019-09-16-12-58-42,000804,000187,3,2,car,range_angle.box,2019-09-16-12-58-42/range_angle_processed/000804.npy,images/2019-09-16-12-58-42/000804.png,labels/2019-09-16-12-58-42/000804.txt,
2019-09-16-12-58-42_000805,2019-09-16-12-58-42,000805,000187,3,2,car,range_angle.box,2019-09-16-12-58-42/range_angle_processed/000805.npy,images/2019-09-16-12-58-42/000805.png,labels/2019-09-16-12-58-42/000805.txt,
2019-09-16-12-58-42_000806,2019-09-16-12-58-42,000806,000187,3,2,car,range_angle.box,2019-09-16-12-58-42/range_angle_processed/000806.npy,images/2019-09-16-12-58-42/000806.png,labels/2019-09-16-12-58-42/000806.txt,
2019-09-16-12-58-42_000807,2019-09-16-12-58-42,000807,000187,3,2,car,range_angle.box,2019-09-16-12-58-42/range_angle_processed/000807.npy,images/2019-09-16-12-58-42/000807.png,labels/2019-09-16-12-58-42/000807.txt,
2019-09-16-12-58-42_000808,2019-09-16-12-58-42,000808,000187,3,2,car,range_angle.box,2019-09-16-12-58-42/range_angle_processed/000808.npy,images/2019-09-16-12-58-42/000808.png,labels/2019-09-16-12-58-42/000808.txt,
2019-09-16-12-58-42_000809,2019-09-16-12-58-42,000809,000187,3,2,car,range_angle.box,2019-09-16-12-58-42/range_angle_processed/000809.npy,images/2019-09-16-12-58-42/000809.png,labels/2019-09-16-12-58-42/000809.txt,
2019-09-16-12-58-42_000810,2019-09-16-12-58-42,000810,000187,3,2,car,range_angle.box,2019-09-16-12-58-42/range_angle_processed/000810.npy,images/2019-09-16-12-58-42/000810.png,labels/2019-09-16-12-58-42/000810.txt,
2019-09-16-12-58-42_000811,2019-09-16-12-58-42,000811,000187,3,2,car,range_angle.box,2019-09-16-12-58-42/range_angle_processed/000811.npy,images/2019-09-16-12-58-42/000811.png,labels/2019-09-16-12-58-42/000811.txt,
2019-09-16-12-58-42_000812,2019-09-16-12-58-42,000812,000187,3,2,car,range_angle.box,2019-09-16-12-58-42/range_angle_processed/000812.npy,images/2019-09-16-12-58-42/000812.png,labels/2019-09-16-12-58-42/000812.txt,
2019-09-16-12-58-42_000813,2019-09-16-12-58-42,000813,000187,3,2,car,range_angle.box,2019-09-16-12-58-42/range_angle_processed/000813.npy,images/2019-09-16-12-58-42/000813.png,labels/2019-09-16-12-58-42/000813.txt,
2019-09-16-12-58-42_000814,2019-09-16-12-58-42,000814,000187,3,2,car,range_angle.box,2019-09-16-12-58-42/range_angle_processed/000814.npy,images/2019-09-16-12-58-42/000814.png,labels/2019-09-16-12-58-42/000814.txt,
2019-09-16-12-58-42_000815,2019-09-16-12-58-42,000815,000187,3,2,car,range_angle.box,2019-09-16-12-58-42/range_angle_processed/000815.npy,images/2019-09-16-12-58-42/000815.png,labels/2019-09-16-12-58-42/000815.txt,
2019-09-16-12-58-42_000816,2019-09-16-12-58-42,000816,000187,3,2,car,range_angle.box,2019-09-16-12-58-42/range_angle_processed/000816.npy,images/2019-09-16-12-58-42/000816.png,labels/2019-09-16-12-58-42/000816.txt,
2019-09-16-12-58-42_000817,2019-09-16-12-58-42,000817,000187,3,2,car,range_angle.box,2019-09-16-12-58-42/range_angle_processed/000817.npy,images/2019-09-16-12-58-42/000817.png,labels/2019-09-16-12-58-42/000817.txt,
2019-09-16-12-58-42_000818,2019-09-16-12-58-42,000818,000187,3,2,car,range_angle.box,2019-09-16-12-58-42/range_angle_processed/000818.npy,images/2019-09-16-12-58-42/000818.png,labels/2019-09-16-12-58-42/000818.txt,
2019-09-16-12-58-42_000819,2019-09-16-12-58-42,000819,000187,3,2,car,range_angle.box,2019-09-16-12-58-42/range_angle_processed/000819.npy,images/2019-09-16-12-58-42/000819.png,labels/2019-09-16-12-58-42/000819.txt,
2019-09-16-12-58-42_000820,2019-09-16-12-58-42,000820,000187,3,2,car,range_angle.box,2019-09-16-12-58-42/range_angle_processed/000820.npy,images/2019-09-16-12-58-42/000820.png,labels/2019-09-16-12-58-42/000820.txt,
2019-09-16-12-58-42_000821,2019-09-16-12-58-42,000821,000187,3,2,car,range_angle.box,2019-09-16-12-58-42/range_angle_processed/000821.npy,images/2019-09-16-12-58-42/000821.png,labels/2019-09-16-12-58-42/000821.txt,
2019-09-16-12-58-42_000822,2019-09-16-12-58-42,000822,000187,3,2,car,range_angle.box,2019-09-16-12-58-42/range_angle_processed/000822.npy,images/2019-09-16-12-58-42/000822.png,labels/2019-09-16-12-58-42/000822.txt,
2019-09-16-12-58-42_000823,2019-09-16-12-58-42,000823,000187,3,2,car,range_angle.box,2019-09-16-12-58-42/range_angle_processed/000823.npy,images/2019-09-16-12-58-42/000823.png,labels/2019-09-16-12-58-42/000823.txt,
2019-09-16-12-58-42_000824,2019-09-16-12-58-42,000824,000187,3,2,car,range_angle.box,2019-09-16-12-58-42/range_angle_processed/000824.npy,images/2019-09-16-12-58-42/000824.png,labels/2019-09-16-12-58-42/000824.txt,
2019-09-16-12-58-42_000825,2019-09-16-12-58-42,000825,000187,3,2,car,range_angle.box,2019-09-16-12-58-42/range_angle_processed/000825.npy,images/2019-09-16-12-58-42/000825.png,labels/2019-09-16-12-58-42/000825.txt,
2019-09-16-12-58-42_000826,2019-09-16-12-58-42,000826,000187,3,2,car,range_angle.box,2019-09-16-12-58-42/range_angle_processed/000826.npy,images/2019-09-16-12-58-42/000826.png,labels/2019-09-16-12-58-42/000826.txt,
2019-09-16-12-58-42_000827,2019-09-16-12-58-42,000827,000187,3,2,car,range_angle.box,2019-09-16-12-58-42/range_angle_processed/000827.npy,images/2019-09-16-12-58-42/000827.png,labels/2019-09-16-12-58-42/000827.txt,
2019-09-16-12-58-42_000828,2019-09-16-12-58-42,000828,000187,3,2,car,range_angle.box,2019-09-16-12-58-42/range_angle_processed/000828.npy,images/2019-09-16-12-58-42/000828.png,labels/2019-09-16-12-58-42/000828.txt,
2019-09-16-12-58-42_000829,2019-09-16-12-58-42,000829,000187,3,2,car,range_angle.box,2019-09-16-12-58-42/range_angle_processed/000829.npy,images/2019-09-16-12-58-42/000829.png,labels/2019-09-16-12-58-42/000829.txt,
2019-09-16-12-58-42_000830,2019-09-16-12-58-42,000830,000187,3,2,car,range_angle.box,2019-09-16-12-58-42/range_angle_processed/000830.npy,images/2019-09-16-12-58-42/000830.png,labels/2019-09-16-12-58-42/000830.txt,
2019-09-16-12-58-42_000831,2019-09-16-12-58-42,000831,000187,3,2,car,range_angle.box,2019-09-16-12-58-42/range_angle_processed/000831.npy,images/2019-09-16-12-58-42/000831.png,labels/2019-09-16-12-58-42/000831.txt,
2019-09-16-12-58-42_000832,2019-09-16-12-58-42,000832,000187,3,2,car,range_angle.box,2019-09-16-12-58-42/range_angle_processed/000832.npy,images/2019-09-16-12-58-42/000832.png,labels/2019-09-16-12-58-42/000832.txt,
2019-09-16-12-58-42_000833,2019-09-16-12-58-42,000833,000187,3,2,car,range_angle.box,2019-09-16-12-58-42/range_angle_processed/000833.npy,images/2019-09-16-12-58-42/000833.png,labels/2019-09-16-12-58-42/000833.txt,
2019-09-16-12-58-42_000834,2019-09-16-12-58-42,000834,000187,3,2,car,range_angle.box,2019-09-16-12-58-42/range_angle_processed/000834.npy,images/2019-09-16-12-58-42/000834.png,labels/2019-09-16-12-58-42/000834.txt,
2019-09-16-12-58-42_000835,2019-09-16-12-58-42,000835,000187,3,2,car,range_angle.box,2019-09-16-12-58-42/range_angle_processed/000835.npy,images/2019-09-16-12-58-42/000835.png,labels/2019-09-16-12-58-42/000835.txt,
2019-09-16-12-58-42_000836,2019-09-16-12-58-42,000836,000187,3,2,car,range_angle.box,2019-09-16-12-58-42/range_angle_processed/000836.npy,images/2019-09-16-12-58-42/000836.png,labels/2019-09-16-12-58-42/000836.txt,
2019-09-16-12-58-42_000837,2019-09-16-12-58-42,000837,000187,3,2,car,range_angle.box,2019-09-16-12-58-42/range_angle_processed/000837.npy,images/2019-09-16-12-58-42/000837.png,labels/2019-09-16-12-58-42/000837.txt,
2019-09-16-12-58-42_000838,2019-09-16-12-58-42,000838,000187,3,2,car,range_angle.box,2019-09-16-12-58-42/range_angle_processed/000838.npy,images/2019-09-16-12-58-42/000838.png,labels/2019-09-16-12-58-42/000838.txt,
2019-09-16-12-58-42_000839,2019-09-16-12-58-42,000839,000187,3,2,car,range_angle.box,2019-09-16-12-58-42/range_angle_processed/000839.npy,images/2019-09-16-12-58-42/000839.png,labels/2019-09-16-12-58-42/000839.txt,
2019-09-16-12-58-42_000840,2019-09-16-12-58-42,000840,000187,3,2,car,range_angle.box,2019-09-16-12-58-42/range_angle_processed/000840.npy,images/2019-09-16-12-58-42/000840.png,labels/2019-09-16-12-58-42/000840.txt,
2019-09-16-12-58-42_000841,2019-09-16-12-58-42,000841,000187,3,2,car,range_angle.box,2019-09-16-12-58-42/range_angle_processed/000841.npy,images/2019-09-16-12-58-42/000841.png,labels/2019-09-16-12-58-42/000841.txt,
2019-09-16-12-58-42_000842,2019-09-16-12-58-42,000842,000187,3,2,car,range_angle.box,2019-09-16-12-58-42/range_angle_processed/000842.npy,images/2019-09-16-12-58-42/000842.png,labels/2019-09-16-12-58-42/000842.txt,
2019-09-16-12-58-42_000843,2019-09-16-12-58-42,000843,000187,3,2,car,range_angle.box,2019-09-16-12-58-42/range_angle_processed/000843.npy,images/2019-09-16-12-58-42/000843.png,labels/2019-09-16-12-58-42/000843.txt,
2019-09-16-12-58-42_000844,2019-09-16-12-58-42,000844,000187,3,2,car,range_angle.box,2019-09-16-12-58-42/range_angle_processed/000844.npy,images/2019-09-16-12-58-42/000844.png,labels/2019-09-16-12-58-42/000844.txt,
2019-09-16-12-58-42_000845,2019-09-16-12-58-42,000845,000187,3,2,car,range_angle.box,2019-09-16-12-58-42/range_angle_processed/000845.npy,images/2019-09-16-12-58-42/000845.png,labels/2019-09-16-12-58-42/000845.txt,
2019-09-16-12-58-42_000846,2019-09-16-12-58-42,000846,000187,3,2,car,range_angle.box,2019-09-16-12-58-42/range_angle_processed/000846.npy,images/2019-09-16-12-58-42/000846.png,labels/2019-09-16-12-58-42/000846.txt,
2019-09-16-12-58-42_000847,2019-09-16-12-58-42,000847,000187,3,2,car,range_angle.box,2019-09-16-12-58-42/range_angle_processed/000847.npy,images/2019-09-16-12-58-42/000847.png,labels/2019-09-16-12-58-42/000847.txt,
2019-09-16-12-58-42_000848,2019-09-16-12-58-42,000848,000187,3,2,car,range_angle.box,2019-09-16-12-58-42/range_angle_processed/000848.npy,images/2019-09-16-12-58-42/000848.png,labels/2019-09-16-12-58-42/000848.txt,
2019-09-16-12-58-42_000849,2019-09-16-12-58-42,000849,000187,3,2,car,range_angle.box,2019-09-16-12-58-42/range_angle_processed/000849.npy,images/2019-09-16-12-58-42/000849.png,labels/2019-09-16-12-58-42/000849.txt,
2019-09-16-12-58-42_000850,2019-09-16-12-58-42,000850,000187,3,2,car,range_angle.box,2019-09-16-12-58-42/range_angle_processed/000850.npy,images/2019-09-16-12-58-42/000850.png,labels/2019-09-16-12-58-42/000850.txt,
2019-09-16-12-58-42_000851,2019-09-16-12-58-42,000851,000187,3,2,car,range_angle.box,2019-09-16-12-58-42/range_angle_processed/000851.npy,images/2019-09-16-12-58-42/000851.png,labels/2019-09-16-12-58-42/000851.txt,
2019-09-16-12-58-42_000852,2019-09-16-12-58-42,000852,000187,3,2,car,range_angle.box,2019-09-16-12-58-42/range_angle_processed/000852.npy,images/2019-09-16-12-58-42/000852.png,labels/2019-09-16-12-58-42/000852.txt,
2019-09-16-12-58-42_000853,2019-09-16-12-58-42,000853,000187,3,2,car,range_angle.box,2019-09-16-12-58-42/range_angle_processed/000853.npy,images/2019-09-16-12-58-42/000853.png,labels/2019-09-16-12-58-42/000853.txt,
2019-09-16-12-58-42_000854,2019-09-16-12-58-42,000854,000187,3,2,car,range_angle.box,2019-09-16-12-58-42/range_angle_processed/000854.npy,images/2019-09-16-12-58-42/000854.png,labels/2019-09-16-12-58-42/000854.txt,
2019-09-16-12-58-42_000855,2019-09-16-12-58-42,000855,000187,3,2,car,range_angle.box,2019-09-16-12-58-42/range_angle_processed/000855.npy,images/2019-09-16-12-58-42/000855.png,labels/2019-09-16-12-58-42/000855.txt,
2019-09-16-12-58-42_000856,2019-09-16-12-58-42,000856,000187,3,2,car,range_angle.box,2019-09-16-12-58-42/range_angle_processed/000856.npy,images/2019-09-16-12-58-42/000856.png,labels/2019-09-16-12-58-42/000856.txt,
2019-09-16-12-58-42_000857,2019-09-16-12-58-42,000857,000187,3,2,car,range_angle.box,2019-09-16-12-58-42/range_angle_processed/000857.npy,images/2019-09-16-12-58-42/000857.png,labels/2019-09-16-12-58-42/000857.txt,
2019-09-16-12-58-42_000858,2019-09-16-12-58-42,000858,000187,3,2,car,range_angle.box,2019-09-16-12-58-42/range_angle_processed/000858.npy,images/2019-09-16-12-58-42/000858.png,labels/2019-09-16-12-58-42/000858.txt,
2019-09-16-12-58-42_000859,2019-09-16-12-58-42,000859,000187,3,2,car,range_angle.box,2019-09-16-12-58-42/range_angle_processed/000859.npy,images/2019-09-16-12-58-42/000859.png,labels/2019-09-16-12-58-42/000859.txt,
2019-09-16-12-58-42_000860,2019-09-16-12-58-42,000860,000187,3,2,car,range_angle.box,2019-09-16-12-58-42/range_angle_processed/000860.npy,images/2019-09-16-12-58-42/000860.png,labels/2019-09-16-12-58-42/000860.txt,
2019-09-16-12-58-42_000861,2019-09-16-12-58-42,000861,000187,3,2,car,range_angle.box,2019-09-16-12-58-42/range_angle_processed/000861.npy,images/2019-09-16-12-58-42/000861.png,labels/2019-09-16-12-58-42/000861.txt,
2019-09-16-12-58-42_000862,2019-09-16-12-58-42,000862,000187,3,2,car,range_angle.box,2019-09-16-12-58-42/range_angle_processed/000862.npy,images/2019-09-16-12-58-42/000862.png,labels/2019-09-16-12-58-42/000862.txt,
2019-09-16-12-58-42_000863,2019-09-16-12-58-42,000863,000187,3,2,car,range_angle.box,2019-09-16-12-58-42/range_angle_processed/000863.npy,images/2019-09-16-12-58-42/000863.png,labels/2019-09-16-12-58-42/000863.txt,
2019-09-16-12-58-42_000864,2019-09-16-12-58-42,000864,000187,3,2,car,range_angle.box,2019-09-16-12-58-42/range_angle_processed/000864.npy,images/2019-09-16-12-58-42/000864.png,labels/2019-09-16-12-58-42/000864.txt,
2019-09-16-12-58-42_000865,2019-09-16-12-58-42,000865,000187,3,2,car,range_angle.box,2019-09-16-12-58-42/range_angle_processed/000865.npy,images/2019-09-16-12-58-42/000865.png,labels/2019-09-16-12-58-42/000865.txt,
2019-09-16-12-58-42_000866,2019-09-16-12-58-42,000866,000187,3,2,car,range_angle.box,2019-09-16-12-58-42/range_angle_processed/000866.npy,images/2019-09-16-12-58-42/000866.png,labels/2019-09-16-12-58-42/000866.txt,
2019-09-16-12-58-42_000867,2019-09-16-12-58-42,000867,000187,3,2,car,range_angle.box,2019-09-16-12-58-42/range_angle_processed/000867.npy,images/2019-09-16-12-58-42/000867.png,labels/2019-09-16-12-58-42/000867.txt,
2019-09-16-12-58-42_000868,2019-09-16-12-58-42,000868,000187,3,2,car,range_angle.box,2019-09-16-12-58-42/range_angle_processed/000868.npy,images/2019-09-16-12-58-42/000868.png,labels/2019-09-16-12-58-42/000868.txt,
2019-09-16-12-58-42_000869,2019-09-16-12-58-42,000869,000187,3,2,car,range_angle.box,2019-09-16-12-58-42/range_angle_processed/000869.npy,images/2019-09-16-12-58-42/000869.png,labels/2019-09-16-12-58-42/000869.txt,
2019-09-16-12-58-42_000870,2019-09-16-12-58-42,000870,000187,3,2,car,range_angle.box,2019-09-16-12-58-42/range_angle_processed/000870.npy,images/2019-09-16-12-58-42/000870.png,labels/2019-09-16-12-58-42/000870.txt,
2019-09-16-12-58-42_000871,2019-09-16-12-58-42,000871,000187,3,2,car,range_angle.box,2019-09-16-12-58-42/range_angle_processed/000871.npy,images/2019-09-16-12-58-42/000871.png,labels/2019-09-16-12-58-42/000871.txt,
2019-09-16-12-58-42_000872,2019-09-16-12-58-42,000872,000187,3,2,car,range_angle.box,2019-09-16-12-58-42/range_angle_processed/000872.npy,images/2019-09-16-12-58-42/000872.png,labels/2019-09-16-12-58-42/000872.txt,
2019-09-16-12-58-42_000873,2019-09-16-12-58-42,000873,000187,3,2,car,range_angle.box,2019-09-16-12-58-42/range_angle_processed/000873.npy,images/2019-09-16-12-58-42/000873.png,labels/2019-09-16-12-58-42/000873.txt,
2019-09-16-12-58-42_000874,2019-09-16-12-58-42,000874,000187,3,2,car,range_angle.box,2019-09-16-12-58-42/range_angle_processed/000874.npy,images/2019-09-16-12-58-42/000874.png,labels/2019-09-16-12-58-42/000874.txt,
2019-09-16-12-58-42_000875,2019-09-16-12-58-42,000875,000187,3,2,car,range_angle.box,2019-09-16-12-58-42/range_angle_processed/000875.npy,images/2019-09-16-12-58-42/000875.png,labels/2019-09-16-12-58-42/000875.txt,
2019-09-16-12-58-42_000876,2019-09-16-12-58-42,000876,000187,3,2,car,range_angle.box,2019-09-16-12-58-42/range_angle_processed/000876.npy,images/2019-09-16-12-58-42/000876.png,labels/2019-09-16-12-58-42/000876.txt,
2019-09-16-12-58-42_000877,2019-09-16-12-58-42,000877,000187,3,2,car,range_angle.box,2019-09-16-12-58-42/range_angle_processed/000877.npy,images/2019-09-16-12-58-42/000877.png,labels/2019-09-16-12-58-42/000877.txt,
2019-09-16-12-58-42_000878,2019-09-16-12-58-42,000878,000187,3,2,car,range_angle.box,2019-09-16-12-58-42/range_angle_processed/000878.npy,images/2019-09-16-12-58-42/000878.png,labels/2019-09-16-12-58-42/000878.txt,
2019-09-16-12-58-42_000879,2019-09-16-12-58-42,000879,000187,3,2,car,range_angle.box,2019-09-16-12-58-42/range_angle_processed/000879.npy,images/2019-09-16-12-58-42/000879.png,labels/2019-09-16-12-58-42/000879.txt,
2019-09-16-12-58-42_000880,2019-09-16-12-58-42,000880,000187,3,2,car,range_angle.box,2019-09-16-12-58-42/range_angle_processed/000880.npy,images/2019-09-16-12-58-42/000880.png,labels/2019-09-16-12-58-42/000880.txt,
2019-09-16-12-58-42_000881,2019-09-16-12-58-42,000881,000187,3,2,car,range_angle.box,2019-09-16-12-58-42/range_angle_processed/000881.npy,images/2019-09-16-12-58-42/000881.png,labels/2019-09-16-12-58-42/000881.txt,
2019-09-16-12-58-42_000882,2019-09-16-12-58-42,000882,000187,3,2,car,range_angle.box,2019-09-16-12-58-42/range_angle_processed/000882.npy,images/2019-09-16-12-58-42/000882.png,labels/2019-09-16-12-58-42/000882.txt,
2019-09-16-12-58-42_000883,2019-09-16-12-58-42,000883,000187,3,2,car,range_angle.box,2019-09-16-12-58-42/range_angle_processed/000883.npy,images/2019-09-16-12-58-42/000883.png,labels/2019-09-16-12-58-42/000883.txt,
2019-09-16-12-58-42_000884,2019-09-16-12-58-42,000884,000187,3,2,car,range_angle.box,2019-09-16-12-58-42/range_angle_processed/000884.npy,images/2019-09-16-12-58-42/000884.png,labels/2019-09-16-12-58-42/000884.txt,
2019-09-16-12-58-42_000885,2019-09-16-12-58-42,000885,000187,3,2,car,range_angle.box,2019-09-16-12-58-42/range_angle_processed/000885.npy,images/2019-09-16-12-58-42/000885.png,labels/2019-09-16-12-58-42/000885.txt,
2019-09-16-12-58-42_000886,2019-09-16-12-58-42,000886,000187,3,2,car,range_angle.box,2019-09-16-12-58-42/range_angle_processed/000886.npy,images/2019-09-16-12-58-42/000886.png,labels/2019-09-16-12-58-42/000886.txt,
2019-09-16-12-58-42_000887,2019-09-16-12-58-42,000887,000187,3,2,car,range_angle.box,2019-09-16-12-58-42/range_angle_processed/000887.npy,images/2019-09-16-12-58-42/000887.png,labels/2019-09-16-12-58-42/000887.txt,
2019-09-16-12-58-42_000888,2019-09-16-12-58-42,000888,000187,3,2,car,range_angle.box,2019-09-16-12-58-42/range_angle_processed/000888.npy,images/2019-09-16-12-58-42/000888.png,labels/2019-09-16-12-58-42/000888.txt,
2019-09-16-12-58-42_000889,2019-09-16-12-58-42,000889,000187,3,2,car,range_angle.box,2019-09-16-12-58-42/range_angle_processed/000889.npy,images/2019-09-16-12-58-42/000889.png,labels/2019-09-16-12-58-42/000889.txt,
2019-09-16-12-58-42_000890,2019-09-16-12-58-42,000890,000187,3,2,car,range_angle.box,2019-09-16-12-58-42/range_angle_processed/000890.npy,images/2019-09-16-12-58-42/000890.png,labels/2019-09-16-12-58-42/000890.txt,
2019-09-16-12-58-42_000891,2019-09-16-12-58-42,000891,000187,3,2,car,range_angle.box,2019-09-16-12-58-42/range_angle_processed/000891.npy,images/2019-09-16-12-58-42/000891.png,labels/2019-09-16-12-58-42/000891.txt,
2019-09-16-12-58-42_000892,2019-09-16-12-58-42,000892,000187,3,2,car,range_angle.box,2019-09-16-12-58-42/range_angle_processed/000892.npy,images/2019-09-16-12-58-42/000892.png,labels/2019-09-16-12-58-42/000892.txt,
2019-09-16-12-58-42_000893,2019-09-16-12-58-42,000893,000187,3,2,car,range_angle.box,2019-09-16-12-58-42/range_angle_processed/000893.npy,images/2019-09-16-12-58-42/000893.png,labels/2019-09-16-12-58-42/000893.txt,
2019-09-16-12-58-42_000894,2019-09-16-12-58-42,000894,000187,3,2,car,range_angle.box,2019-09-16-12-58-42/range_angle_processed/000894.npy,images/2019-09-16-12-58-42/000894.png,labels/2019-09-16-12-58-42/000894.txt,
2019-09-16-12-58-42_000895,2019-09-16-12-58-42,000895,000187,3,2,car,range_angle.box,2019-09-16-12-58-42/range_angle_processed/000895.npy,images/2019-09-16-12-58-42/000895.png,labels/2019-09-16-12-58-42/000895.txt,
2019-09-16-12-58-42_000896,2019-09-16-12-58-42,000896,000187,3,2,car,range_angle.box,2019-09-16-12-58-42/range_angle_processed/000896.npy,images/2019-09-16-12-58-42/000896.png,labels/2019-09-16-12-58-42/000896.txt,
2019-09-16-12-58-42_000897,2019-09-16-12-58-42,000897,000187,3,2,car,range_angle.box,2019-09-16-12-58-42/range_angle_processed/000897.npy,images/2019-09-16-12-58-42/000897.png,labels/2019-09-16-12-58-42/000897.txt,
2019-09-16-12-58-42_000898,2019-09-16-12-58-42,000898,000187,3,2,car,range_angle.box,2019-09-16-12-58-42/range_angle_processed/000898.npy,images/2019-09-16-12-58-42/000898.png,labels/2019-09-16-12-58-42/000898.txt,
2019-09-16-12-58-42_000899,2019-09-16-12-58-42,000899,000187,3,2,car,range_angle.box,2019-09-16-12-58-42/range_angle_processed/000899.npy,images/2019-09-16-12-58-42/000899.png,labels/2019-09-16-12-58-42/000899.txt,
2019-09-16-12-58-42_000900,2019-09-16-12-58-42,000900,000187,3,2,car,range_angle.box,2019-09-16-12-58-42/range_angle_processed/000900.npy,images/2019-09-16-12-58-42/000900.png,labels/2019-09-16-12-58-42/000900.txt,
2019-09-16-12-58-42_000901,2019-09-16-12-58-42,000901,000187,3,2,car,range_angle.box,2019-09-16-12-58-42/range_angle_processed/000901.npy,images/2019-09-16-12-58-42/000901.png,labels/2019-09-16-12-58-42/000901.txt,
2019-09-16-12-58-42_000902,2019-09-16-12-58-42,000902,000187,3,2,car,range_angle.box,2019-09-16-12-58-42/range_angle_processed/000902.npy,images/2019-09-16-12-58-42/000902.png,labels/2019-09-16-12-58-42/000902.txt,
2019-09-16-13-03-38_000080,2019-09-16-13-03-38,000080,000210,3,2,car,range_angle.box,2019-09-16-13-03-38/range_angle_processed/000080.npy,images/2019-09-16-13-03-38/000080.png,labels/2019-09-16-13-03-38/000080.txt,
2019-09-16-13-03-38_000081,2019-09-16-13-03-38,000081,000210,3,2,car,range_angle.box,2019-09-16-13-03-38/range_angle_processed/000081.npy,images/2019-09-16-13-03-38/000081.png,labels/2019-09-16-13-03-38/000081.txt,
2019-09-16-13-03-38_000082,2019-09-16-13-03-38,000082,000210,3,2,car,range_angle.box,2019-09-16-13-03-38/range_angle_processed/000082.npy,images/2019-09-16-13-03-38/000082.png,labels/2019-09-16-13-03-38/000082.txt,
2019-09-16-13-03-38_000083,2019-09-16-13-03-38,000083,000210,3,2,car,range_angle.box,2019-09-16-13-03-38/range_angle_processed/000083.npy,images/2019-09-16-13-03-38/000083.png,labels/2019-09-16-13-03-38/000083.txt,
2019-09-16-13-03-38_000084,2019-09-16-13-03-38,000084,000210,3,2,car,range_angle.box,2019-09-16-13-03-38/range_angle_processed/000084.npy,images/2019-09-16-13-03-38/000084.png,labels/2019-09-16-13-03-38/000084.txt,
2019-09-16-13-03-38_000085,2019-09-16-13-03-38,000085,000210,3,2,car,range_angle.box,2019-09-16-13-03-38/range_angle_processed/000085.npy,images/2019-09-16-13-03-38/000085.png,labels/2019-09-16-13-03-38/000085.txt,
2019-09-16-13-03-38_000086,2019-09-16-13-03-38,000086,000210,3,2,car,range_angle.box,2019-09-16-13-03-38/range_angle_processed/000086.npy,images/2019-09-16-13-03-38/000086.png,labels/2019-09-16-13-03-38/000086.txt,
2019-09-16-13-03-38_000087,2019-09-16-13-03-38,000087,000210,3,2,car,range_angle.box,2019-09-16-13-03-38/range_angle_processed/000087.npy,images/2019-09-16-13-03-38/000087.png,labels/2019-09-16-13-03-38/000087.txt,
2019-09-16-13-03-38_000088,2019-09-16-13-03-38,000088,000210,3,2,car,range_angle.box,2019-09-16-13-03-38/range_angle_processed/000088.npy,images/2019-09-16-13-03-38/000088.png,labels/2019-09-16-13-03-38/000088.txt,
2019-09-16-13-03-38_000089,2019-09-16-13-03-38,000089,000210,3,2,car,range_angle.box,2019-09-16-13-03-38/range_angle_processed/000089.npy,images/2019-09-16-13-03-38/000089.png,labels/2019-09-16-13-03-38/000089.txt,
2019-09-16-13-03-38_000090,2019-09-16-13-03-38,000090,000210,3,2,car,range_angle.box,2019-09-16-13-03-38/range_angle_processed/000090.npy,images/2019-09-16-13-03-38/000090.png,labels/2019-09-16-13-03-38/000090.txt,
2019-09-16-13-03-38_000091,2019-09-16-13-03-38,000091,000210,3,2,car,range_angle.box,2019-09-16-13-03-38/range_angle_processed/000091.npy,images/2019-09-16-13-03-38/000091.png,labels/2019-09-16-13-03-38/000091.txt,
2019-09-16-13-03-38_000092,2019-09-16-13-03-38,000092,000210,3,2,car,range_angle.box,2019-09-16-13-03-38/range_angle_processed/000092.npy,images/2019-09-16-13-03-38/000092.png,labels/2019-09-16-13-03-38/000092.txt,
2019-09-16-13-03-38_000093,2019-09-16-13-03-38,000093,000210,3,2,car,range_angle.box,2019-09-16-13-03-38/range_angle_processed/000093.npy,images/2019-09-16-13-03-38/000093.png,labels/2019-09-16-13-03-38/000093.txt,
2019-09-16-13-03-38_000094,2019-09-16-13-03-38,000094,000210,3,2,car,range_angle.box,2019-09-16-13-03-38/range_angle_processed/000094.npy,images/2019-09-16-13-03-38/000094.png,labels/2019-09-16-13-03-38/000094.txt,
2019-09-16-13-03-38_000095,2019-09-16-13-03-38,000095,000210,3,2,car,range_angle.box,2019-09-16-13-03-38/range_angle_processed/000095.npy,images/2019-09-16-13-03-38/000095.png,labels/2019-09-16-13-03-38/000095.txt,
2019-09-16-13-03-38_000096,2019-09-16-13-03-38,000096,000210,3,2,car,range_angle.box,2019-09-16-13-03-38/range_angle_processed/000096.npy,images/2019-09-16-13-03-38/000096.png,labels/2019-09-16-13-03-38/000096.txt,
2019-09-16-13-03-38_000097,2019-09-16-13-03-38,000097,000210,3,2,car,range_angle.box,2019-09-16-13-03-38/range_angle_processed/000097.npy,images/2019-09-16-13-03-38/000097.png,labels/2019-09-16-13-03-38/000097.txt,
2019-09-16-13-03-38_000098,2019-09-16-13-03-38,000098,000210,3,2,car,range_angle.box,2019-09-16-13-03-38/range_angle_processed/000098.npy,images/2019-09-16-13-03-38/000098.png,labels/2019-09-16-13-03-38/000098.txt,
2019-09-16-13-03-38_000099,2019-09-16-13-03-38,000099,000210,3,2,car,range_angle.box,2019-09-16-13-03-38/range_angle_processed/000099.npy,images/2019-09-16-13-03-38/000099.png,labels/2019-09-16-13-03-38/000099.txt,
2019-09-16-13-03-38_000100,2019-09-16-13-03-38,000100,000210,3,2,car,range_angle.box,2019-09-16-13-03-38/range_angle_processed/000100.npy,images/2019-09-16-13-03-38/000100.png,labels/2019-09-16-13-03-38/000100.txt,
2019-09-16-13-03-38_000101,2019-09-16-13-03-38,000101,000210,3,2,car,range_angle.box,2019-09-16-13-03-38/range_angle_processed/000101.npy,images/2019-09-16-13-03-38/000101.png,labels/2019-09-16-13-03-38/000101.txt,
2019-09-16-13-03-38_000102,2019-09-16-13-03-38,000102,000210,3,2,car,range_angle.box,2019-09-16-13-03-38/range_angle_processed/000102.npy,images/2019-09-16-13-03-38/000102.png,labels/2019-09-16-13-03-38/000102.txt,
2019-09-16-13-03-38_000103,2019-09-16-13-03-38,000103,000210,3,2,car,range_angle.box,2019-09-16-13-03-38/range_angle_processed/000103.npy,images/2019-09-16-13-03-38/000103.png,labels/2019-09-16-13-03-38/000103.txt,
2019-09-16-13-03-38_000104,2019-09-16-13-03-38,000104,000210,3,2,car,range_angle.box,2019-09-16-13-03-38/range_angle_processed/000104.npy,images/2019-09-16-13-03-38/000104.png,labels/2019-09-16-13-03-38/000104.txt,
2019-09-16-13-03-38_000105,2019-09-16-13-03-38,000105,000210,3,2,car,range_angle.box,2019-09-16-13-03-38/range_angle_processed/000105.npy,images/2019-09-16-13-03-38/000105.png,labels/2019-09-16-13-03-38/000105.txt,
2019-09-16-13-03-38_000106,2019-09-16-13-03-38,000106,000210,3,2,car,range_angle.box,2019-09-16-13-03-38/range_angle_processed/000106.npy,images/2019-09-16-13-03-38/000106.png,labels/2019-09-16-13-03-38/000106.txt,
2019-09-16-13-03-38_000107,2019-09-16-13-03-38,000107,000210,3,2,car,range_angle.box,2019-09-16-13-03-38/range_angle_processed/000107.npy,images/2019-09-16-13-03-38/000107.png,labels/2019-09-16-13-03-38/000107.txt,
2019-09-16-13-03-38_000108,2019-09-16-13-03-38,000108,000210,3,2,car,range_angle.box,2019-09-16-13-03-38/range_angle_processed/000108.npy,images/2019-09-16-13-03-38/000108.png,labels/2019-09-16-13-03-38/000108.txt,
2019-09-16-13-03-38_000109,2019-09-16-13-03-38,000109,000210,3,2,car,range_angle.box,2019-09-16-13-03-38/range_angle_processed/000109.npy,images/2019-09-16-13-03-38/000109.png,labels/2019-09-16-13-03-38/000109.txt,
2019-09-16-13-03-38_000110,2019-09-16-13-03-38,000110,000210,3,2,car,range_angle.box,2019-09-16-13-03-38/range_angle_processed/000110.npy,images/2019-09-16-13-03-38/000110.png,labels/2019-09-16-13-03-38/000110.txt,
2019-09-16-13-03-38_000111,2019-09-16-13-03-38,000111,000210,3,2,car,range_angle.box,2019-09-16-13-03-38/range_angle_processed/000111.npy,images/2019-09-16-13-03-38/000111.png,labels/2019-09-16-13-03-38/000111.txt,
2019-09-16-13-03-38_000112,2019-09-16-13-03-38,000112,000210,3,2,car,range_angle.box,2019-09-16-13-03-38/range_angle_processed/000112.npy,images/2019-09-16-13-03-38/000112.png,labels/2019-09-16-13-03-38/000112.txt,
2019-09-16-13-03-38_000113,2019-09-16-13-03-38,000113,000210,3,2,car,range_angle.box,2019-09-16-13-03-38/range_angle_processed/000113.npy,images/2019-09-16-13-03-38/000113.png,labels/2019-09-16-13-03-38/000113.txt,
2019-09-16-13-03-38_000114,2019-09-16-13-03-38,000114,000210,3,2,car,range_angle.box,2019-09-16-13-03-38/range_angle_processed/000114.npy,images/2019-09-16-13-03-38/000114.png,labels/2019-09-16-13-03-38/000114.txt,
2019-09-16-13-03-38_000115,2019-09-16-13-03-38,000115,000210,3,2,car,range_angle.box,2019-09-16-13-03-38/range_angle_processed/000115.npy,images/2019-09-16-13-03-38/000115.png,labels/2019-09-16-13-03-38/000115.txt,
2019-09-16-13-03-38_000116,2019-09-16-13-03-38,000116,000210,3,2,car,range_angle.box,2019-09-16-13-03-38/range_angle_processed/000116.npy,images/2019-09-16-13-03-38/000116.png,labels/2019-09-16-13-03-38/000116.txt,
2019-09-16-13-03-38_000117,2019-09-16-13-03-38,000117,000210,3,2,car,range_angle.box,2019-09-16-13-03-38/range_angle_processed/000117.npy,images/2019-09-16-13-03-38/000117.png,labels/2019-09-16-13-03-38/000117.txt,
2019-09-16-13-03-38_000118,2019-09-16-13-03-38,000118,000210,3,2,car,range_angle.box,2019-09-16-13-03-38/range_angle_processed/000118.npy,images/2019-09-16-13-03-38/000118.png,labels/2019-09-16-13-03-38/000118.txt,
2019-09-16-13-03-38_000119,2019-09-16-13-03-38,000119,000210,3,2,car,range_angle.box,2019-09-16-13-03-38/range_angle_processed/000119.npy,images/2019-09-16-13-03-38/000119.png,labels/2019-09-16-13-03-38/000119.txt,
2019-09-16-13-03-38_000120,2019-09-16-13-03-38,000120,000210,3,2,car,range_angle.box,2019-09-16-13-03-38/range_angle_processed/000120.npy,images/2019-09-16-13-03-38/000120.png,labels/2019-09-16-13-03-38/000120.txt,
2019-09-16-13-03-38_000121,2019-09-16-13-03-38,000121,000210,3,2,car,range_angle.box,2019-09-16-13-03-38/range_angle_processed/000121.npy,images/2019-09-16-13-03-38/000121.png,labels/2019-09-16-13-03-38/000121.txt,
2019-09-16-13-03-38_000122,2019-09-16-13-03-38,000122,000210,3,2,car,range_angle.box,2019-09-16-13-03-38/range_angle_processed/000122.npy,images/2019-09-16-13-03-38/000122.png,labels/2019-09-16-13-03-38/000122.txt,
2019-09-16-13-03-38_000123,2019-09-16-13-03-38,000123,000210,3,2,car,range_angle.box,2019-09-16-13-03-38/range_angle_processed/000123.npy,images/2019-09-16-13-03-38/000123.png,labels/2019-09-16-13-03-38/000123.txt,
2019-09-16-13-03-38_000124,2019-09-16-13-03-38,000124,000210,3,2,car,range_angle.box,2019-09-16-13-03-38/range_angle_processed/000124.npy,images/2019-09-16-13-03-38/000124.png,labels/2019-09-16-13-03-38/000124.txt,
2019-09-16-13-03-38_000125,2019-09-16-13-03-38,000125,000210,3,2,car,range_angle.box,2019-09-16-13-03-38/range_angle_processed/000125.npy,images/2019-09-16-13-03-38/000125.png,labels/2019-09-16-13-03-38/000125.txt,
2019-09-16-13-03-38_000126,2019-09-16-13-03-38,000126,000210,3,2,car,range_angle.box,2019-09-16-13-03-38/range_angle_processed/000126.npy,images/2019-09-16-13-03-38/000126.png,labels/2019-09-16-13-03-38/000126.txt,
2019-09-16-13-03-38_000127,2019-09-16-13-03-38,000127,000210,3,2,car,range_angle.box,2019-09-16-13-03-38/range_angle_processed/000127.npy,images/2019-09-16-13-03-38/000127.png,labels/2019-09-16-13-03-38/000127.txt,
2019-09-16-13-03-38_000128,2019-09-16-13-03-38,000128,000210,3,2,car,range_angle.box,2019-09-16-13-03-38/range_angle_processed/000128.npy,images/2019-09-16-13-03-38/000128.png,labels/2019-09-16-13-03-38/000128.txt,
2019-09-16-13-03-38_000129,2019-09-16-13-03-38,000129,000210,3,2,car,range_angle.box,2019-09-16-13-03-38/range_angle_processed/000129.npy,images/2019-09-16-13-03-38/000129.png,labels/2019-09-16-13-03-38/000129.txt,
2019-09-16-13-03-38_000130,2019-09-16-13-03-38,000130,000210,3,2,car,range_angle.box,2019-09-16-13-03-38/range_angle_processed/000130.npy,images/2019-09-16-13-03-38/000130.png,labels/2019-09-16-13-03-38/000130.txt,
2019-09-16-13-03-38_000131,2019-09-16-13-03-38,000131,000210,3,2,car,range_angle.box,2019-09-16-13-03-38/range_angle_processed/000131.npy,images/2019-09-16-13-03-38/000131.png,labels/2019-09-16-13-03-38/000131.txt,
2019-09-16-13-03-38_000132,2019-09-16-13-03-38,000132,000210,3,2,car,range_angle.box,2019-09-16-13-03-38/range_angle_processed/000132.npy,images/2019-09-16-13-03-38/000132.png,labels/2019-09-16-13-03-38/000132.txt,
2019-09-16-13-03-38_000133,2019-09-16-13-03-38,000133,000210,3,2,car,range_angle.box,2019-09-16-13-03-38/range_angle_processed/000133.npy,images/2019-09-16-13-03-38/000133.png,labels/2019-09-16-13-03-38/000133.txt,
2019-09-16-13-03-38_000134,2019-09-16-13-03-38,000134,000210,3,2,car,range_angle.box,2019-09-16-13-03-38/range_angle_processed/000134.npy,images/2019-09-16-13-03-38/000134.png,labels/2019-09-16-13-03-38/000134.txt,
2019-09-16-13-03-38_000135,2019-09-16-13-03-38,000135,000210,3,2,car,range_angle.box,2019-09-16-13-03-38/range_angle_processed/000135.npy,images/2019-09-16-13-03-38/000135.png,labels/2019-09-16-13-03-38/000135.txt,
2019-09-16-13-03-38_000136,2019-09-16-13-03-38,000136,000210,3,2,car,range_angle.box,2019-09-16-13-03-38/range_angle_processed/000136.npy,images/2019-09-16-13-03-38/000136.png,labels/2019-09-16-13-03-38/000136.txt,
2019-09-16-13-03-38_000137,2019-09-16-13-03-38,000137,000210,3,2,car,range_angle.box,2019-09-16-13-03-38/range_angle_processed/000137.npy,images/2019-09-16-13-03-38/000137.png,labels/2019-09-16-13-03-38/000137.txt,
2019-09-16-13-03-38_000138,2019-09-16-13-03-38,000138,000210,3,2,car,range_angle.box,2019-09-16-13-03-38/range_angle_processed/000138.npy,images/2019-09-16-13-03-38/000138.png,labels/2019-09-16-13-03-38/000138.txt,
2019-09-16-13-03-38_000139,2019-09-16-13-03-38,000139,000210,3,2,car,range_angle.box,2019-09-16-13-03-38/range_angle_processed/000139.npy,images/2019-09-16-13-03-38/000139.png,labels/2019-09-16-13-03-38/000139.txt,
2019-09-16-13-03-38_000140,2019-09-16-13-03-38,000140,000210,3,2,car,range_angle.box,2019-09-16-13-03-38/range_angle_processed/000140.npy,images/2019-09-16-13-03-38/000140.png,labels/2019-09-16-13-03-38/000140.txt,
2019-09-16-13-03-38_000141,2019-09-16-13-03-38,000141,000210,3,2,car,range_angle.box,2019-09-16-13-03-38/range_angle_processed/000141.npy,images/2019-09-16-13-03-38/000141.png,labels/2019-09-16-13-03-38/000141.txt,
2019-09-16-13-03-38_000142,2019-09-16-13-03-38,000142,000210,3,2,car,range_angle.box,2019-09-16-13-03-38/range_angle_processed/000142.npy,images/2019-09-16-13-03-38/000142.png,labels/2019-09-16-13-03-38/000142.txt,
2019-09-16-13-03-38_000143,2019-09-16-13-03-38,000143,000210,3,2,car,range_angle.box,2019-09-16-13-03-38/range_angle_processed/000143.npy,images/2019-09-16-13-03-38/000143.png,labels/2019-09-16-13-03-38/000143.txt,
2019-09-16-13-03-38_000144,2019-09-16-13-03-38,000144,000210,3,2,car,range_angle.box,2019-09-16-13-03-38/range_angle_processed/000144.npy,images/2019-09-16-13-03-38/000144.png,labels/2019-09-16-13-03-38/000144.txt,
2019-09-16-13-03-38_000145,2019-09-16-13-03-38,000145,000210,3,2,car,range_angle.box,2019-09-16-13-03-38/range_angle_processed/000145.npy,images/2019-09-16-13-03-38/000145.png,labels/2019-09-16-13-03-38/000145.txt,
2019-09-16-13-03-38_000146,2019-09-16-13-03-38,000146,000210,3,2,car,range_angle.box,2019-09-16-13-03-38/range_angle_processed/000146.npy,images/2019-09-16-13-03-38/000146.png,labels/2019-09-16-13-03-38/000146.txt,
2019-09-16-13-03-38_000147,2019-09-16-13-03-38,000147,000210,3,2,car,range_angle.box,2019-09-16-13-03-38/range_angle_processed/000147.npy,images/2019-09-16-13-03-38/000147.png,labels/2019-09-16-13-03-38/000147.txt,
2019-09-16-13-03-38_000148,2019-09-16-13-03-38,000148,000210,3,2,car,range_angle.box,2019-09-16-13-03-38/range_angle_processed/000148.npy,images/2019-09-16-13-03-38/000148.png,labels/2019-09-16-13-03-38/000148.txt,
2019-09-16-13-03-38_000149,2019-09-16-13-03-38,000149,000210,3,2,car,range_angle.box,2019-09-16-13-03-38/range_angle_processed/000149.npy,images/2019-09-16-13-03-38/000149.png,labels/2019-09-16-13-03-38/000149.txt,
2019-09-16-13-03-38_000150,2019-09-16-13-03-38,000150,000210,3,2,car,range_angle.box,2019-09-16-13-03-38/range_angle_processed/000150.npy,images/2019-09-16-13-03-38/000150.png,labels/2019-09-16-13-03-38/000150.txt,
2019-09-16-13-03-38_000151,2019-09-16-13-03-38,000151,000210,3,2,car,range_angle.box,2019-09-16-13-03-38/range_angle_processed/000151.npy,images/2019-09-16-13-03-38/000151.png,labels/2019-09-16-13-03-38/000151.txt,
2019-09-16-13-03-38_000152,2019-09-16-13-03-38,000152,000210,3,2,car,range_angle.box,2019-09-16-13-03-38/range_angle_processed/000152.npy,images/2019-09-16-13-03-38/000152.png,labels/2019-09-16-13-03-38/000152.txt,
2019-09-16-13-03-38_000153,2019-09-16-13-03-38,000153,000210,3,2,car,range_angle.box,2019-09-16-13-03-38/range_angle_processed/000153.npy,images/2019-09-16-13-03-38/000153.png,labels/2019-09-16-13-03-38/000153.txt,
2019-09-16-13-03-38_000154,2019-09-16-13-03-38,000154,000210,3,2,car,range_angle.box,2019-09-16-13-03-38/range_angle_processed/000154.npy,images/2019-09-16-13-03-38/000154.png,labels/2019-09-16-13-03-38/000154.txt,
2019-09-16-13-03-38_000155,2019-09-16-13-03-38,000155,000210,3,2,car,range_angle.box,2019-09-16-13-03-38/range_angle_processed/000155.npy,images/2019-09-16-13-03-38/000155.png,labels/2019-09-16-13-03-38/000155.txt,
2019-09-16-13-03-38_000156,2019-09-16-13-03-38,000156,000210,3,2,car,range_angle.box,2019-09-16-13-03-38/range_angle_processed/000156.npy,images/2019-09-16-13-03-38/000156.png,labels/2019-09-16-13-03-38/000156.txt,
2019-09-16-13-03-38_000157,2019-09-16-13-03-38,000157,000210,3,2,car,range_angle.box,2019-09-16-13-03-38/range_angle_processed/000157.npy,images/2019-09-16-13-03-38/000157.png,labels/2019-09-16-13-03-38/000157.txt,
2019-09-16-13-03-38_000158,2019-09-16-13-03-38,000158,000210,3,2,car,range_angle.box,2019-09-16-13-03-38/range_angle_processed/000158.npy,images/2019-09-16-13-03-38/000158.png,labels/2019-09-16-13-03-38/000158.txt,
2019-09-16-13-03-38_000159,2019-09-16-13-03-38,000159,000210,3,2,car,range_angle.box,2019-09-16-13-03-38/range_angle_processed/000159.npy,images/2019-09-16-13-03-38/000159.png,labels/2019-09-16-13-03-38/000159.txt,
2019-09-16-13-03-38_000160,2019-09-16-13-03-38,000160,000210,3,2,car,range_angle.box,2019-09-16-13-03-38/range_angle_processed/000160.npy,images/2019-09-16-13-03-38/000160.png,labels/2019-09-16-13-03-38/000160.txt,
2019-09-16-13-03-38_000161,2019-09-16-13-03-38,000161,000210,3,2,car,range_angle.box,2019-09-16-13-03-38/range_angle_processed/000161.npy,images/2019-09-16-13-03-38/000161.png,labels/2019-09-16-13-03-38/000161.txt,
2019-09-16-13-03-38_000162,2019-09-16-13-03-38,000162,000210,3,2,car,range_angle.box,2019-09-16-13-03-38/range_angle_processed/000162.npy,images/2019-09-16-13-03-38/000162.png,labels/2019-09-16-13-03-38/000162.txt,
2019-09-16-13-03-38_000323,2019-09-16-13-03-38,000323,000238,3,2,car,range_angle.box,2019-09-16-13-03-38/range_angle_processed/000323.npy,images/2019-09-16-13-03-38/000323.png,labels/2019-09-16-13-03-38/000323.txt,
2019-09-16-13-03-38_000324,2019-09-16-13-03-38,000324,000238,3,2,car,range_angle.box,2019-09-16-13-03-38/range_angle_processed/000324.npy,images/2019-09-16-13-03-38/000324.png,labels/2019-09-16-13-03-38/000324.txt,
2019-09-16-13-03-38_000325,2019-09-16-13-03-38,000325,000238,3,2,car,range_angle.box,2019-09-16-13-03-38/range_angle_processed/000325.npy,images/2019-09-16-13-03-38/000325.png,labels/2019-09-16-13-03-38/000325.txt,
2019-09-16-13-03-38_000326,2019-09-16-13-03-38,000326,000238,3,2,car,range_angle.box,2019-09-16-13-03-38/range_angle_processed/000326.npy,images/2019-09-16-13-03-38/000326.png,labels/2019-09-16-13-03-38/000326.txt,
2019-09-16-13-03-38_000327,2019-09-16-13-03-38,000327,000238,3,2,car,range_angle.box,2019-09-16-13-03-38/range_angle_processed/000327.npy,images/2019-09-16-13-03-38/000327.png,labels/2019-09-16-13-03-38/000327.txt,
2019-09-16-13-03-38_000328,2019-09-16-13-03-38,000328,000238,3,2,car,range_angle.box,2019-09-16-13-03-38/range_angle_processed/000328.npy,images/2019-09-16-13-03-38/000328.png,labels/2019-09-16-13-03-38/000328.txt,
2019-09-16-13-03-38_000329,2019-09-16-13-03-38,000329,000238,3,2,car,range_angle.box,2019-09-16-13-03-38/range_angle_processed/000329.npy,images/2019-09-16-13-03-38/000329.png,labels/2019-09-16-13-03-38/000329.txt,
2019-09-16-13-03-38_000330,2019-09-16-13-03-38,000330,000238,3,2,car,range_angle.box,2019-09-16-13-03-38/range_angle_processed/000330.npy,images/2019-09-16-13-03-38/000330.png,labels/2019-09-16-13-03-38/000330.txt,
2019-09-16-13-03-38_000331,2019-09-16-13-03-38,000331,000238,3,2,car,range_angle.box,2019-09-16-13-03-38/range_angle_processed/000331.npy,images/2019-09-16-13-03-38/000331.png,labels/2019-09-16-13-03-38/000331.txt,
2019-09-16-13-03-38_000332,2019-09-16-13-03-38,000332,000238,3,2,car,range_angle.box,2019-09-16-13-03-38/range_angle_processed/000332.npy,images/2019-09-16-13-03-38/000332.png,labels/2019-09-16-13-03-38/000332.txt,
2019-09-16-13-03-38_000333,2019-09-16-13-03-38,000333,000238,3,2,car,range_angle.box,2019-09-16-13-03-38/range_angle_processed/000333.npy,images/2019-09-16-13-03-38/000333.png,labels/2019-09-16-13-03-38/000333.txt,
2019-09-16-13-03-38_000334,2019-09-16-13-03-38,000334,000238,3,2,car,range_angle.box,2019-09-16-13-03-38/range_angle_processed/000334.npy,images/2019-09-16-13-03-38/000334.png,labels/2019-09-16-13-03-38/000334.txt,
2019-09-16-13-03-38_000335,2019-09-16-13-03-38,000335,000238,3,2,car,range_angle.box,2019-09-16-13-03-38/range_angle_processed/000335.npy,images/2019-09-16-13-03-38/000335.png,labels/2019-09-16-13-03-38/000335.txt,
2019-09-16-13-03-38_000336,2019-09-16-13-03-38,000336,000238,3,2,car,range_angle.box,2019-09-16-13-03-38/range_angle_processed/000336.npy,images/2019-09-16-13-03-38/000336.png,labels/2019-09-16-13-03-38/000336.txt,
2019-09-16-13-03-38_000337,2019-09-16-13-03-38,000337,000238,3,2,car,range_angle.box,2019-09-16-13-03-38/range_angle_processed/000337.npy,images/2019-09-16-13-03-38/000337.png,labels/2019-09-16-13-03-38/000337.txt,
2019-09-16-13-03-38_000338,2019-09-16-13-03-38,000338,000238,3,2,car,range_angle.box,2019-09-16-13-03-38/range_angle_processed/000338.npy,images/2019-09-16-13-03-38/000338.png,labels/2019-09-16-13-03-38/000338.txt,
2019-09-16-13-03-38_000339,2019-09-16-13-03-38,000339,000238,3,2,car,range_angle.box,2019-09-16-13-03-38/range_angle_processed/000339.npy,images/2019-09-16-13-03-38/000339.png,labels/2019-09-16-13-03-38/000339.txt,
2019-09-16-13-03-38_000340,2019-09-16-13-03-38,000340,000238,3,2,car,range_angle.box,2019-09-16-13-03-38/range_angle_processed/000340.npy,images/2019-09-16-13-03-38/000340.png,labels/2019-09-16-13-03-38/000340.txt,
2019-09-16-13-03-38_000341,2019-09-16-13-03-38,000341,000238,3,2,car,range_angle.box,2019-09-16-13-03-38/range_angle_processed/000341.npy,images/2019-09-16-13-03-38/000341.png,labels/2019-09-16-13-03-38/000341.txt,
2019-09-16-13-03-38_000342,2019-09-16-13-03-38,000342,000238,3,2,car,range_angle.box,2019-09-16-13-03-38/range_angle_processed/000342.npy,images/2019-09-16-13-03-38/000342.png,labels/2019-09-16-13-03-38/000342.txt,
2019-09-16-13-03-38_000343,2019-09-16-13-03-38,000343,000238,3,2,car,range_angle.box,2019-09-16-13-03-38/range_angle_processed/000343.npy,images/2019-09-16-13-03-38/000343.png,labels/2019-09-16-13-03-38/000343.txt,
2019-09-16-13-03-38_000344,2019-09-16-13-03-38,000344,000238,3,2,car,range_angle.box,2019-09-16-13-03-38/range_angle_processed/000344.npy,images/2019-09-16-13-03-38/000344.png,labels/2019-09-16-13-03-38/000344.txt,
2019-09-16-13-03-38_000345,2019-09-16-13-03-38,000345,000238,3,2,car,range_angle.box,2019-09-16-13-03-38/range_angle_processed/000345.npy,images/2019-09-16-13-03-38/000345.png,labels/2019-09-16-13-03-38/000345.txt,
2019-09-16-13-03-38_000346,2019-09-16-13-03-38,000346,000238,3,2,car,range_angle.box,2019-09-16-13-03-38/range_angle_processed/000346.npy,images/2019-09-16-13-03-38/000346.png,labels/2019-09-16-13-03-38/000346.txt,
2019-09-16-13-03-38_000347,2019-09-16-13-03-38,000347,000238,3,2,car,range_angle.box,2019-09-16-13-03-38/range_angle_processed/000347.npy,images/2019-09-16-13-03-38/000347.png,labels/2019-09-16-13-03-38/000347.txt,
2019-09-16-13-03-38_000348,2019-09-16-13-03-38,000348,000238,3,2,car,range_angle.box,2019-09-16-13-03-38/range_angle_processed/000348.npy,images/2019-09-16-13-03-38/000348.png,labels/2019-09-16-13-03-38/000348.txt,
2019-09-16-13-03-38_000349,2019-09-16-13-03-38,000349,000238,3,2,car,range_angle.box,2019-09-16-13-03-38/range_angle_processed/000349.npy,images/2019-09-16-13-03-38/000349.png,labels/2019-09-16-13-03-38/000349.txt,
2019-09-16-13-03-38_000350,2019-09-16-13-03-38,000350,000238,3,2,car,range_angle.box,2019-09-16-13-03-38/range_angle_processed/000350.npy,images/2019-09-16-13-03-38/000350.png,labels/2019-09-16-13-03-38/000350.txt,
2019-09-16-13-03-38_000351,2019-09-16-13-03-38,000351,000238,3,2,car,range_angle.box,2019-09-16-13-03-38/range_angle_processed/000351.npy,images/2019-09-16-13-03-38/000351.png,labels/2019-09-16-13-03-38/000351.txt,
2019-09-16-13-03-38_000352,2019-09-16-13-03-38,000352,000238,3,2,car,range_angle.box,2019-09-16-13-03-38/range_angle_processed/000352.npy,images/2019-09-16-13-03-38/000352.png,labels/2019-09-16-13-03-38/000352.txt,
2019-09-16-13-03-38_000353,2019-09-16-13-03-38,000353,000238,3,2,car,range_angle.box,2019-09-16-13-03-38/range_angle_processed/000353.npy,images/2019-09-16-13-03-38/000353.png,labels/2019-09-16-13-03-38/000353.txt,
2019-09-16-13-03-38_000354,2019-09-16-13-03-38,000354,000238,3,2,car,range_angle.box,2019-09-16-13-03-38/range_angle_processed/000354.npy,images/2019-09-16-13-03-38/000354.png,labels/2019-09-16-13-03-38/000354.txt,
2019-09-16-13-03-38_000355,2019-09-16-13-03-38,000355,000238,3,2,car,range_angle.box,2019-09-16-13-03-38/range_angle_processed/000355.npy,images/2019-09-16-13-03-38/000355.png,labels/2019-09-16-13-03-38/000355.txt,
2019-09-16-13-03-38_000356,2019-09-16-13-03-38,000356,000238,3,2,car,range_angle.box,2019-09-16-13-03-38/range_angle_processed/000356.npy,images/2019-09-16-13-03-38/000356.png,labels/2019-09-16-13-03-38/000356.txt,
2019-09-16-13-03-38_000357,2019-09-16-13-03-38,000357,000238,3,2,car,range_angle.box,2019-09-16-13-03-38/range_angle_processed/000357.npy,images/2019-09-16-13-03-38/000357.png,labels/2019-09-16-13-03-38/000357.txt,
2019-09-16-13-03-38_000358,2019-09-16-13-03-38,000358,000238,3,2,car,range_angle.box,2019-09-16-13-03-38/range_angle_processed/000358.npy,images/2019-09-16-13-03-38/000358.png,labels/2019-09-16-13-03-38/000358.txt,
2019-09-16-13-03-38_000359,2019-09-16-13-03-38,000359,000238,3,2,car,range_angle.box,2019-09-16-13-03-38/range_angle_processed/000359.npy,images/2019-09-16-13-03-38/000359.png,labels/2019-09-16-13-03-38/000359.txt,
2019-09-16-13-03-38_000360,2019-09-16-13-03-38,000360,000238,3,2,car,range_angle.box,2019-09-16-13-03-38/range_angle_processed/000360.npy,images/2019-09-16-13-03-38/000360.png,labels/2019-09-16-13-03-38/000360.txt,
2019-09-16-13-03-38_000361,2019-09-16-13-03-38,000361,000238,3,2,car,range_angle.box,2019-09-16-13-03-38/range_angle_processed/000361.npy,images/2019-09-16-13-03-38/000361.png,labels/2019-09-16-13-03-38/000361.txt,
2019-09-16-13-03-38_000362,2019-09-16-13-03-38,000362,000238,3,2,car,range_angle.box,2019-09-16-13-03-38/range_angle_processed/000362.npy,images/2019-09-16-13-03-38/000362.png,labels/2019-09-16-13-03-38/000362.txt,
2019-09-16-13-03-38_000363,2019-09-16-13-03-38,000363,000238,3,2,car,range_angle.box,2019-09-16-13-03-38/range_angle_processed/000363.npy,images/2019-09-16-13-03-38/000363.png,labels/2019-09-16-13-03-38/000363.txt,
2019-09-16-13-03-38_000364,2019-09-16-13-03-38,000364,000238,3,2,car,range_angle.box,2019-09-16-13-03-38/range_angle_processed/000364.npy,images/2019-09-16-13-03-38/000364.png,labels/2019-09-16-13-03-38/000364.txt,
2019-09-16-13-03-38_000365,2019-09-16-13-03-38,000365,000238,3,2,car,range_angle.box,2019-09-16-13-03-38/range_angle_processed/000365.npy,images/2019-09-16-13-03-38/000365.png,labels/2019-09-16-13-03-38/000365.txt,
2019-09-16-13-03-38_000366,2019-09-16-13-03-38,000366,000238,3,2,car,range_angle.box,2019-09-16-13-03-38/range_angle_processed/000366.npy,images/2019-09-16-13-03-38/000366.png,labels/2019-09-16-13-03-38/000366.txt,
2019-09-16-13-03-38_000367,2019-09-16-13-03-38,000367,000238,3,2,car,range_angle.box,2019-09-16-13-03-38/range_angle_processed/000367.npy,images/2019-09-16-13-03-38/000367.png,labels/2019-09-16-13-03-38/000367.txt,
2019-09-16-13-03-38_000368,2019-09-16-13-03-38,000368,000238,3,2,car,range_angle.box,2019-09-16-13-03-38/range_angle_processed/000368.npy,images/2019-09-16-13-03-38/000368.png,labels/2019-09-16-13-03-38/000368.txt,
2019-09-16-13-03-38_000369,2019-09-16-13-03-38,000369,000238,3,2,car,range_angle.box,2019-09-16-13-03-38/range_angle_processed/000369.npy,images/2019-09-16-13-03-38/000369.png,labels/2019-09-16-13-03-38/000369.txt,
2019-09-16-13-03-38_000370,2019-09-16-13-03-38,000370,000238,3,2,car,range_angle.box,2019-09-16-13-03-38/range_angle_processed/000370.npy,images/2019-09-16-13-03-38/000370.png,labels/2019-09-16-13-03-38/000370.txt,
2019-09-16-13-03-38_000371,2019-09-16-13-03-38,000371,000238,3,2,car,range_angle.box,2019-09-16-13-03-38/range_angle_processed/000371.npy,images/2019-09-16-13-03-38/000371.png,labels/2019-09-16-13-03-38/000371.txt,
2019-09-16-13-03-38_000372,2019-09-16-13-03-38,000372,000238,3,2,car,range_angle.box,2019-09-16-13-03-38/range_angle_processed/000372.npy,images/2019-09-16-13-03-38/000372.png,labels/2019-09-16-13-03-38/000372.txt,
2019-09-16-13-03-38_000373,2019-09-16-13-03-38,000373,000238,3,2,car,range_angle.box,2019-09-16-13-03-38/range_angle_processed/000373.npy,images/2019-09-16-13-03-38/000373.png,labels/2019-09-16-13-03-38/000373.txt,
2019-09-16-13-03-38_000374,2019-09-16-13-03-38,000374,000238,3,2,car,range_angle.box,2019-09-16-13-03-38/range_angle_processed/000374.npy,images/2019-09-16-13-03-38/000374.png,labels/2019-09-16-13-03-38/000374.txt,
2019-09-16-13-03-38_000375,2019-09-16-13-03-38,000375,000238,3,2,car,range_angle.box,2019-09-16-13-03-38/range_angle_processed/000375.npy,images/2019-09-16-13-03-38/000375.png,labels/2019-09-16-13-03-38/000375.txt,
2019-09-16-13-03-38_000376,2019-09-16-13-03-38,000376,000238,3,2,car,range_angle.box,2019-09-16-13-03-38/range_angle_processed/000376.npy,images/2019-09-16-13-03-38/000376.png,labels/2019-09-16-13-03-38/000376.txt,
2019-09-16-13-03-38_000377,2019-09-16-13-03-38,000377,000238,3,2,car,range_angle.box,2019-09-16-13-03-38/range_angle_processed/000377.npy,images/2019-09-16-13-03-38/000377.png,labels/2019-09-16-13-03-38/000377.txt,
2019-09-16-13-03-38_000378,2019-09-16-13-03-38,000378,000238,3,2,car,range_angle.box,2019-09-16-13-03-38/range_angle_processed/000378.npy,images/2019-09-16-13-03-38/000378.png,labels/2019-09-16-13-03-38/000378.txt,
2019-09-16-13-03-38_000379,2019-09-16-13-03-38,000379,000238,3,2,car,range_angle.box,2019-09-16-13-03-38/range_angle_processed/000379.npy,images/2019-09-16-13-03-38/000379.png,labels/2019-09-16-13-03-38/000379.txt,
2019-09-16-13-03-38_000380,2019-09-16-13-03-38,000380,000238,3,2,car,range_angle.box,2019-09-16-13-03-38/range_angle_processed/000380.npy,images/2019-09-16-13-03-38/000380.png,labels/2019-09-16-13-03-38/000380.txt,
2019-09-16-13-03-38_000381,2019-09-16-13-03-38,000381,000238,3,2,car,range_angle.box,2019-09-16-13-03-38/range_angle_processed/000381.npy,images/2019-09-16-13-03-38/000381.png,labels/2019-09-16-13-03-38/000381.txt,
2019-09-16-13-03-38_000382,2019-09-16-13-03-38,000382,000238,3,2,car,range_angle.box,2019-09-16-13-03-38/range_angle_processed/000382.npy,images/2019-09-16-13-03-38/000382.png,labels/2019-09-16-13-03-38/000382.txt,
2019-09-16-13-03-38_000383,2019-09-16-13-03-38,000383,000238,3,2,car,range_angle.box,2019-09-16-13-03-38/range_angle_processed/000383.npy,images/2019-09-16-13-03-38/000383.png,labels/2019-09-16-13-03-38/000383.txt,
2019-09-16-13-03-38_000384,2019-09-16-13-03-38,000384,000238,3,2,car,range_angle.box,2019-09-16-13-03-38/range_angle_processed/000384.npy,images/2019-09-16-13-03-38/000384.png,labels/2019-09-16-13-03-38/000384.txt,
2019-09-16-13-03-38_000385,2019-09-16-13-03-38,000385,000238,3,2,car,range_angle.box,2019-09-16-13-03-38/range_angle_processed/000385.npy,images/2019-09-16-13-03-38/000385.png,labels/2019-09-16-13-03-38/000385.txt,
2019-09-16-13-03-38_000386,2019-09-16-13-03-38,000386,000238,3,2,car,range_angle.box,2019-09-16-13-03-38/range_angle_processed/000386.npy,images/2019-09-16-13-03-38/000386.png,labels/2019-09-16-13-03-38/000386.txt,
2019-09-16-13-03-38_000387,2019-09-16-13-03-38,000387,000238,3,2,car,range_angle.box,2019-09-16-13-03-38/range_angle_processed/000387.npy,images/2019-09-16-13-03-38/000387.png,labels/2019-09-16-13-03-38/000387.txt,
2019-09-16-13-03-38_000388,2019-09-16-13-03-38,000388,000238,3,2,car,range_angle.box,2019-09-16-13-03-38/range_angle_processed/000388.npy,images/2019-09-16-13-03-38/000388.png,labels/2019-09-16-13-03-38/000388.txt,
2019-09-16-13-03-38_000389,2019-09-16-13-03-38,000389,000238,3,2,car,range_angle.box,2019-09-16-13-03-38/range_angle_processed/000389.npy,images/2019-09-16-13-03-38/000389.png,labels/2019-09-16-13-03-38/000389.txt,
2019-09-16-13-03-38_000390,2019-09-16-13-03-38,000390,000238,3,2,car,range_angle.box,2019-09-16-13-03-38/range_angle_processed/000390.npy,images/2019-09-16-13-03-38/000390.png,labels/2019-09-16-13-03-38/000390.txt,
2019-09-16-13-03-38_000391,2019-09-16-13-03-38,000391,000238,3,2,car,range_angle.box,2019-09-16-13-03-38/range_angle_processed/000391.npy,images/2019-09-16-13-03-38/000391.png,labels/2019-09-16-13-03-38/000391.txt,
2019-09-16-13-03-38_000392,2019-09-16-13-03-38,000392,000238,3,2,car,range_angle.box,2019-09-16-13-03-38/range_angle_processed/000392.npy,images/2019-09-16-13-03-38/000392.png,labels/2019-09-16-13-03-38/000392.txt,
2019-09-16-13-03-38_000393,2019-09-16-13-03-38,000393,000238,3,2,car,range_angle.box,2019-09-16-13-03-38/range_angle_processed/000393.npy,images/2019-09-16-13-03-38/000393.png,labels/2019-09-16-13-03-38/000393.txt,
2019-09-16-13-03-38_000394,2019-09-16-13-03-38,000394,000238,3,2,car,range_angle.box,2019-09-16-13-03-38/range_angle_processed/000394.npy,images/2019-09-16-13-03-38/000394.png,labels/2019-09-16-13-03-38/000394.txt,
2019-09-16-13-03-38_000395,2019-09-16-13-03-38,000395,000238,3,2,car,range_angle.box,2019-09-16-13-03-38/range_angle_processed/000395.npy,images/2019-09-16-13-03-38/000395.png,labels/2019-09-16-13-03-38/000395.txt,
2019-09-16-13-03-38_000396,2019-09-16-13-03-38,000396,000238,3,2,car,range_angle.box,2019-09-16-13-03-38/range_angle_processed/000396.npy,images/2019-09-16-13-03-38/000396.png,labels/2019-09-16-13-03-38/000396.txt,
2019-09-16-13-03-38_000397,2019-09-16-13-03-38,000397,000238,3,2,car,range_angle.box,2019-09-16-13-03-38/range_angle_processed/000397.npy,images/2019-09-16-13-03-38/000397.png,labels/2019-09-16-13-03-38/000397.txt,
2019-09-16-13-03-38_000398,2019-09-16-13-03-38,000398,000238,3,2,car,range_angle.box,2019-09-16-13-03-38/range_angle_processed/000398.npy,images/2019-09-16-13-03-38/000398.png,labels/2019-09-16-13-03-38/000398.txt,
2019-09-16-13-03-38_000399,2019-09-16-13-03-38,000399,000238,3,2,car,range_angle.box,2019-09-16-13-03-38/range_angle_processed/000399.npy,images/2019-09-16-13-03-38/000399.png,labels/2019-09-16-13-03-38/000399.txt,
2019-09-16-13-03-38_000400,2019-09-16-13-03-38,000400,000238,3,2,car,range_angle.box,2019-09-16-13-03-38/range_angle_processed/000400.npy,images/2019-09-16-13-03-38/000400.png,labels/2019-09-16-13-03-38/000400.txt,
2019-09-16-13-03-38_000401,2019-09-16-13-03-38,000401,000238,3,2,car,range_angle.box,2019-09-16-13-03-38/range_angle_processed/000401.npy,images/2019-09-16-13-03-38/000401.png,labels/2019-09-16-13-03-38/000401.txt,
2019-09-16-13-03-38_000402,2019-09-16-13-03-38,000402,000238,3,2,car,range_angle.box,2019-09-16-13-03-38/range_angle_processed/000402.npy,images/2019-09-16-13-03-38/000402.png,labels/2019-09-16-13-03-38/000402.txt,
2019-09-16-13-03-38_000403,2019-09-16-13-03-38,000403,000238,3,2,car,range_angle.box,2019-09-16-13-03-38/range_angle_processed/000403.npy,images/2019-09-16-13-03-38/000403.png,labels/2019-09-16-13-03-38/000403.txt,
2019-09-16-13-03-38_000404,2019-09-16-13-03-38,000404,000238,3,2,car,range_angle.box,2019-09-16-13-03-38/range_angle_processed/000404.npy,images/2019-09-16-13-03-38/000404.png,labels/2019-09-16-13-03-38/000404.txt,
2019-09-16-13-03-38_000405,2019-09-16-13-03-38,000405,000238,3,2,car,range_angle.box,2019-09-16-13-03-38/range_angle_processed/000405.npy,images/2019-09-16-13-03-38/000405.png,labels/2019-09-16-13-03-38/000405.txt,
2019-09-16-13-03-38_000406,2019-09-16-13-03-38,000406,000238,3,2,car,range_angle.box,2019-09-16-13-03-38/range_angle_processed/000406.npy,images/2019-09-16-13-03-38/000406.png,labels/2019-09-16-13-03-38/000406.txt,
2019-09-16-13-03-38_000407,2019-09-16-13-03-38,000407,000238,3,2,car,range_angle.box,2019-09-16-13-03-38/range_angle_processed/000407.npy,images/2019-09-16-13-03-38/000407.png,labels/2019-09-16-13-03-38/000407.txt,
2019-09-16-13-03-38_000408,2019-09-16-13-03-38,000408,000238,3,2,car,range_angle.box,2019-09-16-13-03-38/range_angle_processed/000408.npy,images/2019-09-16-13-03-38/000408.png,labels/2019-09-16-13-03-38/000408.txt,
2019-09-16-13-03-38_000409,2019-09-16-13-03-38,000409,000238,3,2,car,range_angle.box,2019-09-16-13-03-38/range_angle_processed/000409.npy,images/2019-09-16-13-03-38/000409.png,labels/2019-09-16-13-03-38/000409.txt,
2019-09-16-13-03-38_000410,2019-09-16-13-03-38,000410,000238,3,2,car,range_angle.box,2019-09-16-13-03-38/range_angle_processed/000410.npy,images/2019-09-16-13-03-38/000410.png,labels/2019-09-16-13-03-38/000410.txt,
2019-09-16-13-03-38_000411,2019-09-16-13-03-38,000411,000238,3,2,car,range_angle.box,2019-09-16-13-03-38/range_angle_processed/000411.npy,images/2019-09-16-13-03-38/000411.png,labels/2019-09-16-13-03-38/000411.txt,
2019-09-16-13-03-38_000412,2019-09-16-13-03-38,000412,000238,3,2,car,range_angle.box,2019-09-16-13-03-38/range_angle_processed/000412.npy,images/2019-09-16-13-03-38/000412.png,labels/2019-09-16-13-03-38/000412.txt,
2019-09-16-13-03-38_000413,2019-09-16-13-03-38,000413,000238,3,2,car,range_angle.box,2019-09-16-13-03-38/range_angle_processed/000413.npy,images/2019-09-16-13-03-38/000413.png,labels/2019-09-16-13-03-38/000413.txt,
2019-09-16-13-03-38_000414,2019-09-16-13-03-38,000414,000238,3,2,car,range_angle.box,2019-09-16-13-03-38/range_angle_processed/000414.npy,images/2019-09-16-13-03-38/000414.png,labels/2019-09-16-13-03-38/000414.txt,
2019-09-16-13-03-38_000415,2019-09-16-13-03-38,000415,000238,3,2,car,range_angle.box,2019-09-16-13-03-38/range_angle_processed/000415.npy,images/2019-09-16-13-03-38/000415.png,labels/2019-09-16-13-03-38/000415.txt,
2019-09-16-13-03-38_000550,2019-09-16-13-03-38,000550,000260,3,2,car,range_angle.box,2019-09-16-13-03-38/range_angle_processed/000550.npy,images/2019-09-16-13-03-38/000550.png,labels/2019-09-16-13-03-38/000550.txt,
2019-09-16-13-03-38_000551,2019-09-16-13-03-38,000551,000260,3,2,car,range_angle.box,2019-09-16-13-03-38/range_angle_processed/000551.npy,images/2019-09-16-13-03-38/000551.png,labels/2019-09-16-13-03-38/000551.txt,
2019-09-16-13-03-38_000552,2019-09-16-13-03-38,000552,000260,3,2,car,range_angle.box,2019-09-16-13-03-38/range_angle_processed/000552.npy,images/2019-09-16-13-03-38/000552.png,labels/2019-09-16-13-03-38/000552.txt,
2019-09-16-13-03-38_000553,2019-09-16-13-03-38,000553,000260,3,2,car,range_angle.box,2019-09-16-13-03-38/range_angle_processed/000553.npy,images/2019-09-16-13-03-38/000553.png,labels/2019-09-16-13-03-38/000553.txt,
2019-09-16-13-03-38_000554,2019-09-16-13-03-38,000554,000260,3,2,car,range_angle.box,2019-09-16-13-03-38/range_angle_processed/000554.npy,images/2019-09-16-13-03-38/000554.png,labels/2019-09-16-13-03-38/000554.txt,
2019-09-16-13-03-38_000555,2019-09-16-13-03-38,000555,000260,3,2,car,range_angle.box,2019-09-16-13-03-38/range_angle_processed/000555.npy,images/2019-09-16-13-03-38/000555.png,labels/2019-09-16-13-03-38/000555.txt,
2019-09-16-13-03-38_000556,2019-09-16-13-03-38,000556,000260,3,2,car,range_angle.box,2019-09-16-13-03-38/range_angle_processed/000556.npy,images/2019-09-16-13-03-38/000556.png,labels/2019-09-16-13-03-38/000556.txt,
2019-09-16-13-03-38_000557,2019-09-16-13-03-38,000557,000260,3,2,car,range_angle.box,2019-09-16-13-03-38/range_angle_processed/000557.npy,images/2019-09-16-13-03-38/000557.png,labels/2019-09-16-13-03-38/000557.txt,
2019-09-16-13-03-38_000558,2019-09-16-13-03-38,000558,000260,3,2,car,range_angle.box,2019-09-16-13-03-38/range_angle_processed/000558.npy,images/2019-09-16-13-03-38/000558.png,labels/2019-09-16-13-03-38/000558.txt,
2019-09-16-13-03-38_000559,2019-09-16-13-03-38,000559,000260,3,2,car,range_angle.box,2019-09-16-13-03-38/range_angle_processed/000559.npy,images/2019-09-16-13-03-38/000559.png,labels/2019-09-16-13-03-38/000559.txt,
2019-09-16-13-03-38_000560,2019-09-16-13-03-38,000560,000260,3,2,car,range_angle.box,2019-09-16-13-03-38/range_angle_processed/000560.npy,images/2019-09-16-13-03-38/000560.png,labels/2019-09-16-13-03-38/000560.txt,
2019-09-16-13-03-38_000561,2019-09-16-13-03-38,000561,000260,3,2,car,range_angle.box,2019-09-16-13-03-38/range_angle_processed/000561.npy,images/2019-09-16-13-03-38/000561.png,labels/2019-09-16-13-03-38/000561.txt,
2019-09-16-13-03-38_000562,2019-09-16-13-03-38,000562,000260,3,2,car,range_angle.box,2019-09-16-13-03-38/range_angle_processed/000562.npy,images/2019-09-16-13-03-38/000562.png,labels/2019-09-16-13-03-38/000562.txt,
2019-09-16-13-03-38_000563,2019-09-16-13-03-38,000563,000260,3,2,car,range_angle.box,2019-09-16-13-03-38/range_angle_processed/000563.npy,images/2019-09-16-13-03-38/000563.png,labels/2019-09-16-13-03-38/000563.txt,
2019-09-16-13-03-38_000564,2019-09-16-13-03-38,000564,000260,3,2,car,range_angle.box,2019-09-16-13-03-38/range_angle_processed/000564.npy,images/2019-09-16-13-03-38/000564.png,labels/2019-09-16-13-03-38/000564.txt,
2019-09-16-13-03-38_000565,2019-09-16-13-03-38,000565,000260,3,2,car,range_angle.box,2019-09-16-13-03-38/range_angle_processed/000565.npy,images/2019-09-16-13-03-38/000565.png,labels/2019-09-16-13-03-38/000565.txt,
2019-09-16-13-03-38_000566,2019-09-16-13-03-38,000566,000260,3,2,car,range_angle.box,2019-09-16-13-03-38/range_angle_processed/000566.npy,images/2019-09-16-13-03-38/000566.png,labels/2019-09-16-13-03-38/000566.txt,
2019-09-16-13-03-38_000567,2019-09-16-13-03-38,000567,000260,3,2,car,range_angle.box,2019-09-16-13-03-38/range_angle_processed/000567.npy,images/2019-09-16-13-03-38/000567.png,labels/2019-09-16-13-03-38/000567.txt,
2019-09-16-13-03-38_000568,2019-09-16-13-03-38,000568,000260,3,2,car,range_angle.box,2019-09-16-13-03-38/range_angle_processed/000568.npy,images/2019-09-16-13-03-38/000568.png,labels/2019-09-16-13-03-38/000568.txt,
2019-09-16-13-03-38_000569,2019-09-16-13-03-38,000569,000260,3,2,car,range_angle.box,2019-09-16-13-03-38/range_angle_processed/000569.npy,images/2019-09-16-13-03-38/000569.png,labels/2019-09-16-13-03-38/000569.txt,
2019-09-16-13-03-38_000570,2019-09-16-13-03-38,000570,000260,3,2,car,range_angle.box,2019-09-16-13-03-38/range_angle_processed/000570.npy,images/2019-09-16-13-03-38/000570.png,labels/2019-09-16-13-03-38/000570.txt,
2019-09-16-13-03-38_000571,2019-09-16-13-03-38,000571,000260,3,2,car,range_angle.box,2019-09-16-13-03-38/range_angle_processed/000571.npy,images/2019-09-16-13-03-38/000571.png,labels/2019-09-16-13-03-38/000571.txt,
2019-09-16-13-03-38_000572,2019-09-16-13-03-38,000572,000260,3,2,car,range_angle.box,2019-09-16-13-03-38/range_angle_processed/000572.npy,images/2019-09-16-13-03-38/000572.png,labels/2019-09-16-13-03-38/000572.txt,
2019-09-16-13-03-38_000573,2019-09-16-13-03-38,000573,000260,3,2,car,range_angle.box,2019-09-16-13-03-38/range_angle_processed/000573.npy,images/2019-09-16-13-03-38/000573.png,labels/2019-09-16-13-03-38/000573.txt,
2019-09-16-13-03-38_000574,2019-09-16-13-03-38,000574,000260,3,2,car,range_angle.box,2019-09-16-13-03-38/range_angle_processed/000574.npy,images/2019-09-16-13-03-38/000574.png,labels/2019-09-16-13-03-38/000574.txt,
2019-09-16-13-03-38_000575,2019-09-16-13-03-38,000575,000260,3,2,car,range_angle.box,2019-09-16-13-03-38/range_angle_processed/000575.npy,images/2019-09-16-13-03-38/000575.png,labels/2019-09-16-13-03-38/000575.txt,
2019-09-16-13-03-38_000576,2019-09-16-13-03-38,000576,000260,3,2,car,range_angle.box,2019-09-16-13-03-38/range_angle_processed/000576.npy,images/2019-09-16-13-03-38/000576.png,labels/2019-09-16-13-03-38/000576.txt,
2019-09-16-13-03-38_000577,2019-09-16-13-03-38,000577,000260,3,2,car,range_angle.box,2019-09-16-13-03-38/range_angle_processed/000577.npy,images/2019-09-16-13-03-38/000577.png,labels/2019-09-16-13-03-38/000577.txt,
2019-09-16-13-03-38_000578,2019-09-16-13-03-38,000578,000260,3,2,car,range_angle.box,2019-09-16-13-03-38/range_angle_processed/000578.npy,images/2019-09-16-13-03-38/000578.png,labels/2019-09-16-13-03-38/000578.txt,
2019-09-16-13-03-38_000579,2019-09-16-13-03-38,000579,000260,3,2,car,range_angle.box,2019-09-16-13-03-38/range_angle_processed/000579.npy,images/2019-09-16-13-03-38/000579.png,labels/2019-09-16-13-03-38/000579.txt,
2019-09-16-13-03-38_000580,2019-09-16-13-03-38,000580,000260,3,2,car,range_angle.box,2019-09-16-13-03-38/range_angle_processed/000580.npy,images/2019-09-16-13-03-38/000580.png,labels/2019-09-16-13-03-38/000580.txt,
2019-09-16-13-03-38_000581,2019-09-16-13-03-38,000581,000260,3,2,car,range_angle.box,2019-09-16-13-03-38/range_angle_processed/000581.npy,images/2019-09-16-13-03-38/000581.png,labels/2019-09-16-13-03-38/000581.txt,
2019-09-16-13-03-38_000582,2019-09-16-13-03-38,000582,000260,3,2,car,range_angle.box,2019-09-16-13-03-38/range_angle_processed/000582.npy,images/2019-09-16-13-03-38/000582.png,labels/2019-09-16-13-03-38/000582.txt,
2019-09-16-13-03-38_000583,2019-09-16-13-03-38,000583,000260,3,2,car,range_angle.box,2019-09-16-13-03-38/range_angle_processed/000583.npy,images/2019-09-16-13-03-38/000583.png,labels/2019-09-16-13-03-38/000583.txt,
2019-09-16-13-03-38_000584,2019-09-16-13-03-38,000584,000260,3,2,car,range_angle.box,2019-09-16-13-03-38/range_angle_processed/000584.npy,images/2019-09-16-13-03-38/000584.png,labels/2019-09-16-13-03-38/000584.txt,
2019-09-16-13-03-38_000585,2019-09-16-13-03-38,000585,000260,3,2,car,range_angle.box,2019-09-16-13-03-38/range_angle_processed/000585.npy,images/2019-09-16-13-03-38/000585.png,labels/2019-09-16-13-03-38/000585.txt,
2019-09-16-13-03-38_000586,2019-09-16-13-03-38,000586,000260,3,2,car,range_angle.box,2019-09-16-13-03-38/range_angle_processed/000586.npy,images/2019-09-16-13-03-38/000586.png,labels/2019-09-16-13-03-38/000586.txt,
2019-09-16-13-03-38_000587,2019-09-16-13-03-38,000587,000260,3,2,car,range_angle.box,2019-09-16-13-03-38/range_angle_processed/000587.npy,images/2019-09-16-13-03-38/000587.png,labels/2019-09-16-13-03-38/000587.txt,
2019-09-16-13-03-38_000588,2019-09-16-13-03-38,000588,000260,3,2,car,range_angle.box,2019-09-16-13-03-38/range_angle_processed/000588.npy,images/2019-09-16-13-03-38/000588.png,labels/2019-09-16-13-03-38/000588.txt,
2019-09-16-13-03-38_000589,2019-09-16-13-03-38,000589,000260,3,2,car,range_angle.box,2019-09-16-13-03-38/range_angle_processed/000589.npy,images/2019-09-16-13-03-38/000589.png,labels/2019-09-16-13-03-38/000589.txt,
2019-09-16-13-03-38_000590,2019-09-16-13-03-38,000590,000260,3,2,car,range_angle.box,2019-09-16-13-03-38/range_angle_processed/000590.npy,images/2019-09-16-13-03-38/000590.png,labels/2019-09-16-13-03-38/000590.txt,
2019-09-16-13-03-38_000591,2019-09-16-13-03-38,000591,000260,3,2,car,range_angle.box,2019-09-16-13-03-38/range_angle_processed/000591.npy,images/2019-09-16-13-03-38/000591.png,labels/2019-09-16-13-03-38/000591.txt,
2019-09-16-13-03-38_000592,2019-09-16-13-03-38,000592,000260,3,2,car,range_angle.box,2019-09-16-13-03-38/range_angle_processed/000592.npy,images/2019-09-16-13-03-38/000592.png,labels/2019-09-16-13-03-38/000592.txt,
2019-09-16-13-03-38_000593,2019-09-16-13-03-38,000593,000260,3,2,car,range_angle.box,2019-09-16-13-03-38/range_angle_processed/000593.npy,images/2019-09-16-13-03-38/000593.png,labels/2019-09-16-13-03-38/000593.txt,
2019-09-16-13-03-38_000594,2019-09-16-13-03-38,000594,000260,3,2,car,range_angle.box,2019-09-16-13-03-38/range_angle_processed/000594.npy,images/2019-09-16-13-03-38/000594.png,labels/2019-09-16-13-03-38/000594.txt,
2019-09-16-13-03-38_000595,2019-09-16-13-03-38,000595,000260,3,2,car,range_angle.box,2019-09-16-13-03-38/range_angle_processed/000595.npy,images/2019-09-16-13-03-38/000595.png,labels/2019-09-16-13-03-38/000595.txt,
2019-09-16-13-03-38_000596,2019-09-16-13-03-38,000596,000260,3,2,car,range_angle.box,2019-09-16-13-03-38/range_angle_processed/000596.npy,images/2019-09-16-13-03-38/000596.png,labels/2019-09-16-13-03-38/000596.txt,
2019-09-16-13-03-38_000597,2019-09-16-13-03-38,000597,000260,3,2,car,range_angle.box,2019-09-16-13-03-38/range_angle_processed/000597.npy,images/2019-09-16-13-03-38/000597.png,labels/2019-09-16-13-03-38/000597.txt,
2019-09-16-13-03-38_000598,2019-09-16-13-03-38,000598,000260,3,2,car,range_angle.box,2019-09-16-13-03-38/range_angle_processed/000598.npy,images/2019-09-16-13-03-38/000598.png,labels/2019-09-16-13-03-38/000598.txt,
2019-09-16-13-03-38_000599,2019-09-16-13-03-38,000599,000260,3,2,car,range_angle.box,2019-09-16-13-03-38/range_angle_processed/000599.npy,images/2019-09-16-13-03-38/000599.png,labels/2019-09-16-13-03-38/000599.txt,
2019-09-16-13-03-38_000600,2019-09-16-13-03-38,000600,000260,3,2,car,range_angle.box,2019-09-16-13-03-38/range_angle_processed/000600.npy,images/2019-09-16-13-03-38/000600.png,labels/2019-09-16-13-03-38/000600.txt,
2019-09-16-13-03-38_000601,2019-09-16-13-03-38,000601,000260,3,2,car,range_angle.box,2019-09-16-13-03-38/range_angle_processed/000601.npy,images/2019-09-16-13-03-38/000601.png,labels/2019-09-16-13-03-38/000601.txt,
2019-09-16-13-03-38_000602,2019-09-16-13-03-38,000602,000260,3,2,car,range_angle.box,2019-09-16-13-03-38/range_angle_processed/000602.npy,images/2019-09-16-13-03-38/000602.png,labels/2019-09-16-13-03-38/000602.txt,
2019-09-16-13-03-38_000603,2019-09-16-13-03-38,000603,000260,3,2,car,range_angle.box,2019-09-16-13-03-38/range_angle_processed/000603.npy,images/2019-09-16-13-03-38/000603.png,labels/2019-09-16-13-03-38/000603.txt,
2019-09-16-13-03-38_000604,2019-09-16-13-03-38,000604,000260,3,2,car,range_angle.box,2019-09-16-13-03-38/range_angle_processed/000604.npy,images/2019-09-16-13-03-38/000604.png,labels/2019-09-16-13-03-38/000604.txt,
2019-09-16-13-03-38_000605,2019-09-16-13-03-38,000605,000260,3,2,car,range_angle.box,2019-09-16-13-03-38/range_angle_processed/000605.npy,images/2019-09-16-13-03-38/000605.png,labels/2019-09-16-13-03-38/000605.txt,
2019-09-16-13-03-38_000606,2019-09-16-13-03-38,000606,000260,3,2,car,range_angle.box,2019-09-16-13-03-38/range_angle_processed/000606.npy,images/2019-09-16-13-03-38/000606.png,labels/2019-09-16-13-03-38/000606.txt,
2019-09-16-13-03-38_000607,2019-09-16-13-03-38,000607,000260,3,2,car,range_angle.box,2019-09-16-13-03-38/range_angle_processed/000607.npy,images/2019-09-16-13-03-38/000607.png,labels/2019-09-16-13-03-38/000607.txt,
2019-09-16-13-03-38_000608,2019-09-16-13-03-38,000608,000260,3,2,car,range_angle.box,2019-09-16-13-03-38/range_angle_processed/000608.npy,images/2019-09-16-13-03-38/000608.png,labels/2019-09-16-13-03-38/000608.txt,
2019-09-16-13-03-38_000609,2019-09-16-13-03-38,000609,000260,3,2,car,range_angle.box,2019-09-16-13-03-38/range_angle_processed/000609.npy,images/2019-09-16-13-03-38/000609.png,labels/2019-09-16-13-03-38/000609.txt,
2019-09-16-13-03-38_000610,2019-09-16-13-03-38,000610,000260,3,2,car,range_angle.box,2019-09-16-13-03-38/range_angle_processed/000610.npy,images/2019-09-16-13-03-38/000610.png,labels/2019-09-16-13-03-38/000610.txt,
2019-09-16-13-03-38_000611,2019-09-16-13-03-38,000611,000260,3,2,car,range_angle.box,2019-09-16-13-03-38/range_angle_processed/000611.npy,images/2019-09-16-13-03-38/000611.png,labels/2019-09-16-13-03-38/000611.txt,
2019-09-16-13-03-38_000612,2019-09-16-13-03-38,000612,000260,3,2,car,range_angle.box,2019-09-16-13-03-38/range_angle_processed/000612.npy,images/2019-09-16-13-03-38/000612.png,labels/2019-09-16-13-03-38/000612.txt,
2019-09-16-13-03-38_000613,2019-09-16-13-03-38,000613,000260,3,2,car,range_angle.box,2019-09-16-13-03-38/range_angle_processed/000613.npy,images/2019-09-16-13-03-38/000613.png,labels/2019-09-16-13-03-38/000613.txt,
2019-09-16-13-03-38_000614,2019-09-16-13-03-38,000614,000260,3,2,car,range_angle.box,2019-09-16-13-03-38/range_angle_processed/000614.npy,images/2019-09-16-13-03-38/000614.png,labels/2019-09-16-13-03-38/000614.txt,
2019-09-16-13-03-38_000615,2019-09-16-13-03-38,000615,000260,3,2,car,range_angle.box,2019-09-16-13-03-38/range_angle_processed/000615.npy,images/2019-09-16-13-03-38/000615.png,labels/2019-09-16-13-03-38/000615.txt,
2019-09-16-13-03-38_000616,2019-09-16-13-03-38,000616,000260,3,2,car,range_angle.box,2019-09-16-13-03-38/range_angle_processed/000616.npy,images/2019-09-16-13-03-38/000616.png,labels/2019-09-16-13-03-38/000616.txt,
2019-09-16-13-03-38_000617,2019-09-16-13-03-38,000617,000260,3,2,car,range_angle.box,2019-09-16-13-03-38/range_angle_processed/000617.npy,images/2019-09-16-13-03-38/000617.png,labels/2019-09-16-13-03-38/000617.txt,
2019-09-16-13-03-38_000618,2019-09-16-13-03-38,000618,000260,3,2,car,range_angle.box,2019-09-16-13-03-38/range_angle_processed/000618.npy,images/2019-09-16-13-03-38/000618.png,labels/2019-09-16-13-03-38/000618.txt,
2019-09-16-13-03-38_000619,2019-09-16-13-03-38,000619,000260,3,2,car,range_angle.box,2019-09-16-13-03-38/range_angle_processed/000619.npy,images/2019-09-16-13-03-38/000619.png,labels/2019-09-16-13-03-38/000619.txt,
2019-09-16-13-03-38_000620,2019-09-16-13-03-38,000620,000260,3,2,car,range_angle.box,2019-09-16-13-03-38/range_angle_processed/000620.npy,images/2019-09-16-13-03-38/000620.png,labels/2019-09-16-13-03-38/000620.txt,
2019-09-16-13-03-38_000621,2019-09-16-13-03-38,000621,000260,3,2,car,range_angle.box,2019-09-16-13-03-38/range_angle_processed/000621.npy,images/2019-09-16-13-03-38/000621.png,labels/2019-09-16-13-03-38/000621.txt,
2019-09-16-13-03-38_000622,2019-09-16-13-03-38,000622,000260,3,2,car,range_angle.box,2019-09-16-13-03-38/range_angle_processed/000622.npy,images/2019-09-16-13-03-38/000622.png,labels/2019-09-16-13-03-38/000622.txt,
2019-09-16-13-03-38_000623,2019-09-16-13-03-38,000623,000260,3,2,car,range_angle.box,2019-09-16-13-03-38/range_angle_processed/000623.npy,images/2019-09-16-13-03-38/000623.png,labels/2019-09-16-13-03-38/000623.txt,
2019-09-16-13-03-38_000624,2019-09-16-13-03-38,000624,000260,3,2,car,range_angle.box,2019-09-16-13-03-38/range_angle_processed/000624.npy,images/2019-09-16-13-03-38/000624.png,labels/2019-09-16-13-03-38/000624.txt,
2019-09-16-13-03-38_000625,2019-09-16-13-03-38,000625,000260,3,2,car,range_angle.box,2019-09-16-13-03-38/range_angle_processed/000625.npy,images/2019-09-16-13-03-38/000625.png,labels/2019-09-16-13-03-38/000625.txt,
2019-09-16-13-03-38_000626,2019-09-16-13-03-38,000626,000260,3,2,car,range_angle.box,2019-09-16-13-03-38/range_angle_processed/000626.npy,images/2019-09-16-13-03-38/000626.png,labels/2019-09-16-13-03-38/000626.txt,
2019-09-16-13-03-38_000627,2019-09-16-13-03-38,000627,000260,3,2,car,range_angle.box,2019-09-16-13-03-38/range_angle_processed/000627.npy,images/2019-09-16-13-03-38/000627.png,labels/2019-09-16-13-03-38/000627.txt,
2019-09-16-13-03-38_000628,2019-09-16-13-03-38,000628,000260,3,2,car,range_angle.box,2019-09-16-13-03-38/range_angle_processed/000628.npy,images/2019-09-16-13-03-38/000628.png,labels/2019-09-16-13-03-38/000628.txt,
2019-09-16-13-03-38_000629,2019-09-16-13-03-38,000629,000260,3,2,car,range_angle.box,2019-09-16-13-03-38/range_angle_processed/000629.npy,images/2019-09-16-13-03-38/000629.png,labels/2019-09-16-13-03-38/000629.txt,
2019-09-16-13-03-38_000630,2019-09-16-13-03-38,000630,000260,3,2,car,range_angle.box,2019-09-16-13-03-38/range_angle_processed/000630.npy,images/2019-09-16-13-03-38/000630.png,labels/2019-09-16-13-03-38/000630.txt,
2019-09-16-13-03-38_000631,2019-09-16-13-03-38,000631,000260,3,2,car,range_angle.box,2019-09-16-13-03-38/range_angle_processed/000631.npy,images/2019-09-16-13-03-38/000631.png,labels/2019-09-16-13-03-38/000631.txt,
2019-09-16-13-03-38_000632,2019-09-16-13-03-38,000632,000260,3,2,car,range_angle.box,2019-09-16-13-03-38/range_angle_processed/000632.npy,images/2019-09-16-13-03-38/000632.png,labels/2019-09-16-13-03-38/000632.txt,
2019-09-16-13-03-38_000633,2019-09-16-13-03-38,000633,000260,3,2,car,range_angle.box,2019-09-16-13-03-38/range_angle_processed/000633.npy,images/2019-09-16-13-03-38/000633.png,labels/2019-09-16-13-03-38/000633.txt,
2019-09-16-13-03-38_000634,2019-09-16-13-03-38,000634,000260,3,2,car,range_angle.box,2019-09-16-13-03-38/range_angle_processed/000634.npy,images/2019-09-16-13-03-38/000634.png,labels/2019-09-16-13-03-38/000634.txt,
2019-09-16-13-03-38_000635,2019-09-16-13-03-38,000635,000260,3,2,car,range_angle.box,2019-09-16-13-03-38/range_angle_processed/000635.npy,images/2019-09-16-13-03-38/000635.png,labels/2019-09-16-13-03-38/000635.txt,
2019-09-16-13-03-38_000636,2019-09-16-13-03-38,000636,000260,3,2,car,range_angle.box,2019-09-16-13-03-38/range_angle_processed/000636.npy,images/2019-09-16-13-03-38/000636.png,labels/2019-09-16-13-03-38/000636.txt,
2019-09-16-13-03-38_000637,2019-09-16-13-03-38,000637,000260,3,2,car,range_angle.box,2019-09-16-13-03-38/range_angle_processed/000637.npy,images/2019-09-16-13-03-38/000637.png,labels/2019-09-16-13-03-38/000637.txt,
2019-09-16-13-03-38_000638,2019-09-16-13-03-38,000638,000260,3,2,car,range_angle.box,2019-09-16-13-03-38/range_angle_processed/000638.npy,images/2019-09-16-13-03-38/000638.png,labels/2019-09-16-13-03-38/000638.txt,
2019-09-16-13-03-38_000639,2019-09-16-13-03-38,000639,000260,3,2,car,range_angle.box,2019-09-16-13-03-38/range_angle_processed/000639.npy,images/2019-09-16-13-03-38/000639.png,labels/2019-09-16-13-03-38/000639.txt,
2019-09-16-13-03-38_000640,2019-09-16-13-03-38,000640,000260,3,2,car,range_angle.box,2019-09-16-13-03-38/range_angle_processed/000640.npy,images/2019-09-16-13-03-38/000640.png,labels/2019-09-16-13-03-38/000640.txt,
2019-09-16-13-03-38_000641,2019-09-16-13-03-38,000641,000260,3,2,car,range_angle.box,2019-09-16-13-03-38/range_angle_processed/000641.npy,images/2019-09-16-13-03-38/000641.png,labels/2019-09-16-13-03-38/000641.txt,
2019-09-16-13-03-38_000642,2019-09-16-13-03-38,000642,000260,3,2,car,range_angle.box,2019-09-16-13-03-38/range_angle_processed/000642.npy,images/2019-09-16-13-03-38/000642.png,labels/2019-09-16-13-03-38/000642.txt,
2019-09-16-13-03-38_000643,2019-09-16-13-03-38,000643,000260,3,2,car,range_angle.box,2019-09-16-13-03-38/range_angle_processed/000643.npy,images/2019-09-16-13-03-38/000643.png,labels/2019-09-16-13-03-38/000643.txt,
2019-09-16-13-03-38_000644,2019-09-16-13-03-38,000644,000260,3,2,car,range_angle.box,2019-09-16-13-03-38/range_angle_processed/000644.npy,images/2019-09-16-13-03-38/000644.png,labels/2019-09-16-13-03-38/000644.txt,
2019-09-16-13-03-38_000645,2019-09-16-13-03-38,000645,000260,3,2,car,range_angle.box,2019-09-16-13-03-38/range_angle_processed/000645.npy,images/2019-09-16-13-03-38/000645.png,labels/2019-09-16-13-03-38/000645.txt,
2019-09-16-13-03-38_000646,2019-09-16-13-03-38,000646,000260,3,2,car,range_angle.box,2019-09-16-13-03-38/range_angle_processed/000646.npy,images/2019-09-16-13-03-38/000646.png,labels/2019-09-16-13-03-38/000646.txt,
2019-09-16-13-03-38_000647,2019-09-16-13-03-38,000647,000260,3,2,car,range_angle.box,2019-09-16-13-03-38/range_angle_processed/000647.npy,images/2019-09-16-13-03-38/000647.png,labels/2019-09-16-13-03-38/000647.txt,
2019-09-16-13-03-38_000648,2019-09-16-13-03-38,000648,000260,3,2,car,range_angle.box,2019-09-16-13-03-38/range_angle_processed/000648.npy,images/2019-09-16-13-03-38/000648.png,labels/2019-09-16-13-03-38/000648.txt,
2019-09-16-13-03-38_000649,2019-09-16-13-03-38,000649,000260,3,2,car,range_angle.box,2019-09-16-13-03-38/range_angle_processed/000649.npy,images/2019-09-16-13-03-38/000649.png,labels/2019-09-16-13-03-38/000649.txt,
2019-09-16-13-03-38_000650,2019-09-16-13-03-38,000650,000260,3,2,car,range_angle.box,2019-09-16-13-03-38/range_angle_processed/000650.npy,images/2019-09-16-13-03-38/000650.png,labels/2019-09-16-13-03-38/000650.txt,
2019-09-16-13-03-38_000651,2019-09-16-13-03-38,000651,000260,3,2,car,range_angle.box,2019-09-16-13-03-38/range_angle_processed/000651.npy,images/2019-09-16-13-03-38/000651.png,labels/2019-09-16-13-03-38/000651.txt,
2019-09-16-13-03-38_000652,2019-09-16-13-03-38,000652,000260,3,2,car,range_angle.box,2019-09-16-13-03-38/range_angle_processed/000652.npy,images/2019-09-16-13-03-38/000652.png,labels/2019-09-16-13-03-38/000652.txt,
2019-09-16-13-03-38_000653,2019-09-16-13-03-38,000653,000260,3,2,car,range_angle.box,2019-09-16-13-03-38/range_angle_processed/000653.npy,images/2019-09-16-13-03-38/000653.png,labels/2019-09-16-13-03-38/000653.txt,
2019-09-16-13-03-38_000654,2019-09-16-13-03-38,000654,000260,3,2,car,range_angle.box,2019-09-16-13-03-38/range_angle_processed/000654.npy,images/2019-09-16-13-03-38/000654.png,labels/2019-09-16-13-03-38/000654.txt,
2019-09-16-13-03-38_000655,2019-09-16-13-03-38,000655,000260,3,2,car,range_angle.box,2019-09-16-13-03-38/range_angle_processed/000655.npy,images/2019-09-16-13-03-38/000655.png,labels/2019-09-16-13-03-38/000655.txt,
2019-09-16-13-03-38_000656,2019-09-16-13-03-38,000656,000260,3,2,car,range_angle.box,2019-09-16-13-03-38/range_angle_processed/000656.npy,images/2019-09-16-13-03-38/000656.png,labels/2019-09-16-13-03-38/000656.txt,
2019-09-16-13-03-38_000657,2019-09-16-13-03-38,000657,000260,3,2,car,range_angle.box,2019-09-16-13-03-38/range_angle_processed/000657.npy,images/2019-09-16-13-03-38/000657.png,labels/2019-09-16-13-03-38/000657.txt,
2019-09-16-13-03-38_000658,2019-09-16-13-03-38,000658,000260,3,2,car,range_angle.box,2019-09-16-13-03-38/range_angle_processed/000658.npy,images/2019-09-16-13-03-38/000658.png,labels/2019-09-16-13-03-38/000658.txt,
2019-09-16-13-03-38_000659,2019-09-16-13-03-38,000659,000260,3,2,car,range_angle.box,2019-09-16-13-03-38/range_angle_processed/000659.npy,images/2019-09-16-13-03-38/000659.png,labels/2019-09-16-13-03-38/000659.txt,
2019-09-16-13-03-38_000660,2019-09-16-13-03-38,000660,000260,3,2,car,range_angle.box,2019-09-16-13-03-38/range_angle_processed/000660.npy,images/2019-09-16-13-03-38/000660.png,labels/2019-09-16-13-03-38/000660.txt,
2019-09-16-13-03-38_000661,2019-09-16-13-03-38,000661,000260,3,2,car,range_angle.box,2019-09-16-13-03-38/range_angle_processed/000661.npy,images/2019-09-16-13-03-38/000661.png,labels/2019-09-16-13-03-38/000661.txt,
2019-09-16-13-03-38_000662,2019-09-16-13-03-38,000662,000260,3,2,car,range_angle.box,2019-09-16-13-03-38/range_angle_processed/000662.npy,images/2019-09-16-13-03-38/000662.png,labels/2019-09-16-13-03-38/000662.txt,
2019-09-16-13-03-38_000663,2019-09-16-13-03-38,000663,000260,3,2,car,range_angle.box,2019-09-16-13-03-38/range_angle_processed/000663.npy,images/2019-09-16-13-03-38/000663.png,labels/2019-09-16-13-03-38/000663.txt,
2019-09-16-13-03-38_000664,2019-09-16-13-03-38,000664,000260,3,2,car,range_angle.box,2019-09-16-13-03-38/range_angle_processed/000664.npy,images/2019-09-16-13-03-38/000664.png,labels/2019-09-16-13-03-38/000664.txt,
2019-09-16-13-03-38_000665,2019-09-16-13-03-38,000665,000260,3,2,car,range_angle.box,2019-09-16-13-03-38/range_angle_processed/000665.npy,images/2019-09-16-13-03-38/000665.png,labels/2019-09-16-13-03-38/000665.txt,
2019-09-16-13-03-38_000666,2019-09-16-13-03-38,000666,000260,3,2,car,range_angle.box,2019-09-16-13-03-38/range_angle_processed/000666.npy,images/2019-09-16-13-03-38/000666.png,labels/2019-09-16-13-03-38/000666.txt,
2019-09-16-13-03-38_000667,2019-09-16-13-03-38,000667,000260,3,2,car,range_angle.box,2019-09-16-13-03-38/range_angle_processed/000667.npy,images/2019-09-16-13-03-38/000667.png,labels/2019-09-16-13-03-38/000667.txt,
2019-09-16-13-03-38_000668,2019-09-16-13-03-38,000668,000260,3,2,car,range_angle.box,2019-09-16-13-03-38/range_angle_processed/000668.npy,images/2019-09-16-13-03-38/000668.png,labels/2019-09-16-13-03-38/000668.txt,
2019-09-16-13-03-38_000669,2019-09-16-13-03-38,000669,000260,3,2,car,range_angle.box,2019-09-16-13-03-38/range_angle_processed/000669.npy,images/2019-09-16-13-03-38/000669.png,labels/2019-09-16-13-03-38/000669.txt,
2019-09-16-13-03-38_000670,2019-09-16-13-03-38,000670,000260,3,2,car,range_angle.box,2019-09-16-13-03-38/range_angle_processed/000670.npy,images/2019-09-16-13-03-38/000670.png,labels/2019-09-16-13-03-38/000670.txt,
2019-09-16-13-03-38_000671,2019-09-16-13-03-38,000671,000260,3,2,car,range_angle.box,2019-09-16-13-03-38/range_angle_processed/000671.npy,images/2019-09-16-13-03-38/000671.png,labels/2019-09-16-13-03-38/000671.txt,
2019-09-16-13-03-38_000672,2019-09-16-13-03-38,000672,000260,3,2,car,range_angle.box,2019-09-16-13-03-38/range_angle_processed/000672.npy,images/2019-09-16-13-03-38/000672.png,labels/2019-09-16-13-03-38/000672.txt,
2019-09-16-13-03-38_000673,2019-09-16-13-03-38,000673,000260,3,2,car,range_angle.box,2019-09-16-13-03-38/range_angle_processed/000673.npy,images/2019-09-16-13-03-38/000673.png,labels/2019-09-16-13-03-38/000673.txt,
2019-09-16-13-03-38_000674,2019-09-16-13-03-38,000674,000260,3,2,car,range_angle.box,2019-09-16-13-03-38/range_angle_processed/000674.npy,images/2019-09-16-13-03-38/000674.png,labels/2019-09-16-13-03-38/000674.txt,
2019-09-16-13-03-38_000675,2019-09-16-13-03-38,000675,000260,3,2,car,range_angle.box,2019-09-16-13-03-38/range_angle_processed/000675.npy,images/2019-09-16-13-03-38/000675.png,labels/2019-09-16-13-03-38/000675.txt,
2019-09-16-13-03-38_000676,2019-09-16-13-03-38,000676,000260,3,2,car,range_angle.box,2019-09-16-13-03-38/range_angle_processed/000676.npy,images/2019-09-16-13-03-38/000676.png,labels/2019-09-16-13-03-38/000676.txt,
2019-09-16-13-03-38_000677,2019-09-16-13-03-38,000677,000260,3,2,car,range_angle.box,2019-09-16-13-03-38/range_angle_processed/000677.npy,images/2019-09-16-13-03-38/000677.png,labels/2019-09-16-13-03-38/000677.txt,
2019-09-16-13-03-38_000678,2019-09-16-13-03-38,000678,000260,3,2,car,range_angle.box,2019-09-16-13-03-38/range_angle_processed/000678.npy,images/2019-09-16-13-03-38/000678.png,labels/2019-09-16-13-03-38/000678.txt,
2019-09-16-13-03-38_000679,2019-09-16-13-03-38,000679,000260,3,2,car,range_angle.box,2019-09-16-13-03-38/range_angle_processed/000679.npy,images/2019-09-16-13-03-38/000679.png,labels/2019-09-16-13-03-38/000679.txt,
2019-09-16-13-03-38_000680,2019-09-16-13-03-38,000680,000260,3,2,car,range_angle.box,2019-09-16-13-03-38/range_angle_processed/000680.npy,images/2019-09-16-13-03-38/000680.png,labels/2019-09-16-13-03-38/000680.txt,
2019-09-16-13-03-38_000681,2019-09-16-13-03-38,000681,000260,3,2,car,range_angle.box,2019-09-16-13-03-38/range_angle_processed/000681.npy,images/2019-09-16-13-03-38/000681.png,labels/2019-09-16-13-03-38/000681.txt,
2019-09-16-13-03-38_000682,2019-09-16-13-03-38,000682,000260,3,2,car,range_angle.box,2019-09-16-13-03-38/range_angle_processed/000682.npy,images/2019-09-16-13-03-38/000682.png,labels/2019-09-16-13-03-38/000682.txt,
2019-09-16-13-03-38_000683,2019-09-16-13-03-38,000683,000260,3,2,car,range_angle.box,2019-09-16-13-03-38/range_angle_processed/000683.npy,images/2019-09-16-13-03-38/000683.png,labels/2019-09-16-13-03-38/000683.txt,
2019-09-16-13-03-38_000684,2019-09-16-13-03-38,000684,000260,3,2,car,range_angle.box,2019-09-16-13-03-38/range_angle_processed/000684.npy,images/2019-09-16-13-03-38/000684.png,labels/2019-09-16-13-03-38/000684.txt,
2019-09-16-13-03-38_000685,2019-09-16-13-03-38,000685,000260,3,2,car,range_angle.box,2019-09-16-13-03-38/range_angle_processed/000685.npy,images/2019-09-16-13-03-38/000685.png,labels/2019-09-16-13-03-38/000685.txt,
2019-09-16-13-03-38_000686,2019-09-16-13-03-38,000686,000260,3,2,car,range_angle.box,2019-09-16-13-03-38/range_angle_processed/000686.npy,images/2019-09-16-13-03-38/000686.png,labels/2019-09-16-13-03-38/000686.txt,
2019-09-16-13-03-38_000687,2019-09-16-13-03-38,000687,000260,3,2,car,range_angle.box,2019-09-16-13-03-38/range_angle_processed/000687.npy,images/2019-09-16-13-03-38/000687.png,labels/2019-09-16-13-03-38/000687.txt,
2019-09-16-13-03-38_000688,2019-09-16-13-03-38,000688,000260,3,2,car,range_angle.box,2019-09-16-13-03-38/range_angle_processed/000688.npy,images/2019-09-16-13-03-38/000688.png,labels/2019-09-16-13-03-38/000688.txt,
2019-09-16-13-03-38_000689,2019-09-16-13-03-38,000689,000260,3,2,car,range_angle.box,2019-09-16-13-03-38/range_angle_processed/000689.npy,images/2019-09-16-13-03-38/000689.png,labels/2019-09-16-13-03-38/000689.txt,
2019-09-16-13-03-38_000690,2019-09-16-13-03-38,000690,000260,3,2,car,range_angle.box,2019-09-16-13-03-38/range_angle_processed/000690.npy,images/2019-09-16-13-03-38/000690.png,labels/2019-09-16-13-03-38/000690.txt,
2019-09-16-13-03-38_000691,2019-09-16-13-03-38,000691,000260,3,2,car,range_angle.box,2019-09-16-13-03-38/range_angle_processed/000691.npy,images/2019-09-16-13-03-38/000691.png,labels/2019-09-16-13-03-38/000691.txt,
2019-09-16-13-03-38_000692,2019-09-16-13-03-38,000692,000260,3,2,car,range_angle.box,2019-09-16-13-03-38/range_angle_processed/000692.npy,images/2019-09-16-13-03-38/000692.png,labels/2019-09-16-13-03-38/000692.txt,
2019-09-16-13-03-38_000693,2019-09-16-13-03-38,000693,000260,3,2,car,range_angle.box,2019-09-16-13-03-38/range_angle_processed/000693.npy,images/2019-09-16-13-03-38/000693.png,labels/2019-09-16-13-03-38/000693.txt,
2019-09-16-13-03-38_000694,2019-09-16-13-03-38,000694,000260,3,2,car,range_angle.box,2019-09-16-13-03-38/range_angle_processed/000694.npy,images/2019-09-16-13-03-38/000694.png,labels/2019-09-16-13-03-38/000694.txt,
2019-09-16-13-03-38_000695,2019-09-16-13-03-38,000695,000260,3,2,car,range_angle.box,2019-09-16-13-03-38/range_angle_processed/000695.npy,images/2019-09-16-13-03-38/000695.png,labels/2019-09-16-13-03-38/000695.txt,
2019-09-16-13-03-38_000696,2019-09-16-13-03-38,000696,000260,3,2,car,range_angle.box,2019-09-16-13-03-38/range_angle_processed/000696.npy,images/2019-09-16-13-03-38/000696.png,labels/2019-09-16-13-03-38/000696.txt,
2019-09-16-13-03-38_000697,2019-09-16-13-03-38,000697,000260,3,2,car,range_angle.box,2019-09-16-13-03-38/range_angle_processed/000697.npy,images/2019-09-16-13-03-38/000697.png,labels/2019-09-16-13-03-38/000697.txt,
2019-09-16-13-03-38_000698,2019-09-16-13-03-38,000698,000260,3,2,car,range_angle.box,2019-09-16-13-03-38/range_angle_processed/000698.npy,images/2019-09-16-13-03-38/000698.png,labels/2019-09-16-13-03-38/000698.txt,
2019-09-16-13-03-38_000699,2019-09-16-13-03-38,000699,000260,3,2,car,range_angle.box,2019-09-16-13-03-38/range_angle_processed/000699.npy,images/2019-09-16-13-03-38/000699.png,labels/2019-09-16-13-03-38/000699.txt,
2019-09-16-13-03-38_000700,2019-09-16-13-03-38,000700,000260,3,2,car,range_angle.box,2019-09-16-13-03-38/range_angle_processed/000700.npy,images/2019-09-16-13-03-38/000700.png,labels/2019-09-16-13-03-38/000700.txt,
2019-09-16-13-06-41_000024,2019-09-16-13-06-41,000024,000282,3,2,car,range_angle.box,2019-09-16-13-06-41/range_angle_processed/000024.npy,images/2019-09-16-13-06-41/000024.png,labels/2019-09-16-13-06-41/000024.txt,
2019-09-16-13-06-41_000025,2019-09-16-13-06-41,000025,000282,3,2,car,range_angle.box,2019-09-16-13-06-41/range_angle_processed/000025.npy,images/2019-09-16-13-06-41/000025.png,labels/2019-09-16-13-06-41/000025.txt,
2019-09-16-13-06-41_000026,2019-09-16-13-06-41,000026,000282,3,2,car,range_angle.box,2019-09-16-13-06-41/range_angle_processed/000026.npy,images/2019-09-16-13-06-41/000026.png,labels/2019-09-16-13-06-41/000026.txt,
2019-09-16-13-06-41_000027,2019-09-16-13-06-41,000027,000282,3,2,car,range_angle.box,2019-09-16-13-06-41/range_angle_processed/000027.npy,images/2019-09-16-13-06-41/000027.png,labels/2019-09-16-13-06-41/000027.txt,
2019-09-16-13-06-41_000028,2019-09-16-13-06-41,000028,000282,3,2,car,range_angle.box,2019-09-16-13-06-41/range_angle_processed/000028.npy,images/2019-09-16-13-06-41/000028.png,labels/2019-09-16-13-06-41/000028.txt,
2019-09-16-13-06-41_000029,2019-09-16-13-06-41,000029,000282,3,2,car,range_angle.box,2019-09-16-13-06-41/range_angle_processed/000029.npy,images/2019-09-16-13-06-41/000029.png,labels/2019-09-16-13-06-41/000029.txt,
2019-09-16-13-06-41_000030,2019-09-16-13-06-41,000030,000282,3,2,car,range_angle.box,2019-09-16-13-06-41/range_angle_processed/000030.npy,images/2019-09-16-13-06-41/000030.png,labels/2019-09-16-13-06-41/000030.txt,
2019-09-16-13-06-41_000031,2019-09-16-13-06-41,000031,000282,3,2,car,range_angle.box,2019-09-16-13-06-41/range_angle_processed/000031.npy,images/2019-09-16-13-06-41/000031.png,labels/2019-09-16-13-06-41/000031.txt,
2019-09-16-13-06-41_000032,2019-09-16-13-06-41,000032,000282,3,2,car,range_angle.box,2019-09-16-13-06-41/range_angle_processed/000032.npy,images/2019-09-16-13-06-41/000032.png,labels/2019-09-16-13-06-41/000032.txt,
2019-09-16-13-06-41_000033,2019-09-16-13-06-41,000033,000282,3,2,car,range_angle.box,2019-09-16-13-06-41/range_angle_processed/000033.npy,images/2019-09-16-13-06-41/000033.png,labels/2019-09-16-13-06-41/000033.txt,
2019-09-16-13-06-41_000034,2019-09-16-13-06-41,000034,000282,3,2,car,range_angle.box,2019-09-16-13-06-41/range_angle_processed/000034.npy,images/2019-09-16-13-06-41/000034.png,labels/2019-09-16-13-06-41/000034.txt,
2019-09-16-13-06-41_000035,2019-09-16-13-06-41,000035,000282,3,2,car,range_angle.box,2019-09-16-13-06-41/range_angle_processed/000035.npy,images/2019-09-16-13-06-41/000035.png,labels/2019-09-16-13-06-41/000035.txt,
2019-09-16-13-06-41_000036,2019-09-16-13-06-41,000036,000282,3,2,car,range_angle.box,2019-09-16-13-06-41/range_angle_processed/000036.npy,images/2019-09-16-13-06-41/000036.png,labels/2019-09-16-13-06-41/000036.txt,
2019-09-16-13-06-41_000037,2019-09-16-13-06-41,000037,000282,3,2,car,range_angle.box,2019-09-16-13-06-41/range_angle_processed/000037.npy,images/2019-09-16-13-06-41/000037.png,labels/2019-09-16-13-06-41/000037.txt,
2019-09-16-13-06-41_000038,2019-09-16-13-06-41,000038,000282,3,2,car,range_angle.box,2019-09-16-13-06-41/range_angle_processed/000038.npy,images/2019-09-16-13-06-41/000038.png,labels/2019-09-16-13-06-41/000038.txt,
2019-09-16-13-06-41_000039,2019-09-16-13-06-41,000039,000282,3,2,car,range_angle.box,2019-09-16-13-06-41/range_angle_processed/000039.npy,images/2019-09-16-13-06-41/000039.png,labels/2019-09-16-13-06-41/000039.txt,
2019-09-16-13-06-41_000040,2019-09-16-13-06-41,000040,000282,3,2,car,range_angle.box,2019-09-16-13-06-41/range_angle_processed/000040.npy,images/2019-09-16-13-06-41/000040.png,labels/2019-09-16-13-06-41/000040.txt,
2019-09-16-13-06-41_000041,2019-09-16-13-06-41,000041,000282,3,2,car,range_angle.box,2019-09-16-13-06-41/range_angle_processed/000041.npy,images/2019-09-16-13-06-41/000041.png,labels/2019-09-16-13-06-41/000041.txt,
2019-09-16-13-06-41_000042,2019-09-16-13-06-41,000042,000282,3,2,car,range_angle.box,2019-09-16-13-06-41/range_angle_processed/000042.npy,images/2019-09-16-13-06-41/000042.png,labels/2019-09-16-13-06-41/000042.txt,
2019-09-16-13-06-41_000043,2019-09-16-13-06-41,000043,000282,3,2,car,range_angle.box,2019-09-16-13-06-41/range_angle_processed/000043.npy,images/2019-09-16-13-06-41/000043.png,labels/2019-09-16-13-06-41/000043.txt,
2019-09-16-13-06-41_000044,2019-09-16-13-06-41,000044,000282,3,2,car,range_angle.box,2019-09-16-13-06-41/range_angle_processed/000044.npy,images/2019-09-16-13-06-41/000044.png,labels/2019-09-16-13-06-41/000044.txt,
2019-09-16-13-06-41_000045,2019-09-16-13-06-41,000045,000282,3,2,car,range_angle.box,2019-09-16-13-06-41/range_angle_processed/000045.npy,images/2019-09-16-13-06-41/000045.png,labels/2019-09-16-13-06-41/000045.txt,
2019-09-16-13-06-41_000046,2019-09-16-13-06-41,000046,000282,3,2,car,range_angle.box,2019-09-16-13-06-41/range_angle_processed/000046.npy,images/2019-09-16-13-06-41/000046.png,labels/2019-09-16-13-06-41/000046.txt,
2019-09-16-13-06-41_000047,2019-09-16-13-06-41,000047,000282,3,2,car,range_angle.box,2019-09-16-13-06-41/range_angle_processed/000047.npy,images/2019-09-16-13-06-41/000047.png,labels/2019-09-16-13-06-41/000047.txt,
2019-09-16-13-06-41_000048,2019-09-16-13-06-41,000048,000282,3,2,car,range_angle.box,2019-09-16-13-06-41/range_angle_processed/000048.npy,images/2019-09-16-13-06-41/000048.png,labels/2019-09-16-13-06-41/000048.txt,
2019-09-16-13-06-41_000049,2019-09-16-13-06-41,000049,000282,3,2,car,range_angle.box,2019-09-16-13-06-41/range_angle_processed/000049.npy,images/2019-09-16-13-06-41/000049.png,labels/2019-09-16-13-06-41/000049.txt,
2019-09-16-13-06-41_000050,2019-09-16-13-06-41,000050,000282,3,2,car,range_angle.box,2019-09-16-13-06-41/range_angle_processed/000050.npy,images/2019-09-16-13-06-41/000050.png,labels/2019-09-16-13-06-41/000050.txt,
2019-09-16-13-06-41_000051,2019-09-16-13-06-41,000051,000282,3,2,car,range_angle.box,2019-09-16-13-06-41/range_angle_processed/000051.npy,images/2019-09-16-13-06-41/000051.png,labels/2019-09-16-13-06-41/000051.txt,
2019-09-16-13-06-41_000052,2019-09-16-13-06-41,000052,000282,3,2,car,range_angle.box,2019-09-16-13-06-41/range_angle_processed/000052.npy,images/2019-09-16-13-06-41/000052.png,labels/2019-09-16-13-06-41/000052.txt,
2019-09-16-13-06-41_000053,2019-09-16-13-06-41,000053,000282,3,2,car,range_angle.box,2019-09-16-13-06-41/range_angle_processed/000053.npy,images/2019-09-16-13-06-41/000053.png,labels/2019-09-16-13-06-41/000053.txt,
2019-09-16-13-06-41_000054,2019-09-16-13-06-41,000054,000282,3,2,car,range_angle.box,2019-09-16-13-06-41/range_angle_processed/000054.npy,images/2019-09-16-13-06-41/000054.png,labels/2019-09-16-13-06-41/000054.txt,
2019-09-16-13-06-41_000055,2019-09-16-13-06-41,000055,000282,3,2,car,range_angle.box,2019-09-16-13-06-41/range_angle_processed/000055.npy,images/2019-09-16-13-06-41/000055.png,labels/2019-09-16-13-06-41/000055.txt,
2019-09-16-13-06-41_000056,2019-09-16-13-06-41,000056,000282,3,2,car,range_angle.box,2019-09-16-13-06-41/range_angle_processed/000056.npy,images/2019-09-16-13-06-41/000056.png,labels/2019-09-16-13-06-41/000056.txt,
2019-09-16-13-06-41_000057,2019-09-16-13-06-41,000057,000282,3,2,car,range_angle.box,2019-09-16-13-06-41/range_angle_processed/000057.npy,images/2019-09-16-13-06-41/000057.png,labels/2019-09-16-13-06-41/000057.txt,
2019-09-16-13-06-41_000058,2019-09-16-13-06-41,000058,000282,3,2,car,range_angle.box,2019-09-16-13-06-41/range_angle_processed/000058.npy,images/2019-09-16-13-06-41/000058.png,labels/2019-09-16-13-06-41/000058.txt,
2019-09-16-13-06-41_000059,2019-09-16-13-06-41,000059,000282,3,2,car,range_angle.box,2019-09-16-13-06-41/range_angle_processed/000059.npy,images/2019-09-16-13-06-41/000059.png,labels/2019-09-16-13-06-41/000059.txt,
2019-09-16-13-06-41_000060,2019-09-16-13-06-41,000060,000282,3,2,car,range_angle.box,2019-09-16-13-06-41/range_angle_processed/000060.npy,images/2019-09-16-13-06-41/000060.png,labels/2019-09-16-13-06-41/000060.txt,
2019-09-16-13-06-41_000061,2019-09-16-13-06-41,000061,000282,3,2,car,range_angle.box,2019-09-16-13-06-41/range_angle_processed/000061.npy,images/2019-09-16-13-06-41/000061.png,labels/2019-09-16-13-06-41/000061.txt,
2019-09-16-13-06-41_000062,2019-09-16-13-06-41,000062,000282,3,2,car,range_angle.box,2019-09-16-13-06-41/range_angle_processed/000062.npy,images/2019-09-16-13-06-41/000062.png,labels/2019-09-16-13-06-41/000062.txt,
2019-09-16-13-06-41_000063,2019-09-16-13-06-41,000063,000282,3,2,car,range_angle.box,2019-09-16-13-06-41/range_angle_processed/000063.npy,images/2019-09-16-13-06-41/000063.png,labels/2019-09-16-13-06-41/000063.txt,
2019-09-16-13-06-41_000064,2019-09-16-13-06-41,000064,000282,3,2,car,range_angle.box,2019-09-16-13-06-41/range_angle_processed/000064.npy,images/2019-09-16-13-06-41/000064.png,labels/2019-09-16-13-06-41/000064.txt,
2019-09-16-13-06-41_000065,2019-09-16-13-06-41,000065,000282,3,2,car,range_angle.box,2019-09-16-13-06-41/range_angle_processed/000065.npy,images/2019-09-16-13-06-41/000065.png,labels/2019-09-16-13-06-41/000065.txt,
2019-09-16-13-06-41_000066,2019-09-16-13-06-41,000066,000282,3,2,car,range_angle.box,2019-09-16-13-06-41/range_angle_processed/000066.npy,images/2019-09-16-13-06-41/000066.png,labels/2019-09-16-13-06-41/000066.txt,
2019-09-16-13-06-41_000067,2019-09-16-13-06-41,000067,000282,3,2,car,range_angle.box,2019-09-16-13-06-41/range_angle_processed/000067.npy,images/2019-09-16-13-06-41/000067.png,labels/2019-09-16-13-06-41/000067.txt,
2019-09-16-13-06-41_000068,2019-09-16-13-06-41,000068,000282,3,2,car,range_angle.box,2019-09-16-13-06-41/range_angle_processed/000068.npy,images/2019-09-16-13-06-41/000068.png,labels/2019-09-16-13-06-41/000068.txt,
2019-09-16-13-06-41_000069,2019-09-16-13-06-41,000069,000282,3,2,car,range_angle.box,2019-09-16-13-06-41/range_angle_processed/000069.npy,images/2019-09-16-13-06-41/000069.png,labels/2019-09-16-13-06-41/000069.txt,
2019-09-16-13-06-41_000070,2019-09-16-13-06-41,000070,000282,3,2,car,range_angle.box,2019-09-16-13-06-41/range_angle_processed/000070.npy,images/2019-09-16-13-06-41/000070.png,labels/2019-09-16-13-06-41/000070.txt,
2019-09-16-13-06-41_000071,2019-09-16-13-06-41,000071,000282,3,2,car,range_angle.box,2019-09-16-13-06-41/range_angle_processed/000071.npy,images/2019-09-16-13-06-41/000071.png,labels/2019-09-16-13-06-41/000071.txt,
2019-09-16-13-06-41_000072,2019-09-16-13-06-41,000072,000282,3,2,car,range_angle.box,2019-09-16-13-06-41/range_angle_processed/000072.npy,images/2019-09-16-13-06-41/000072.png,labels/2019-09-16-13-06-41/000072.txt,
2019-09-16-13-06-41_000073,2019-09-16-13-06-41,000073,000282,3,2,car,range_angle.box,2019-09-16-13-06-41/range_angle_processed/000073.npy,images/2019-09-16-13-06-41/000073.png,labels/2019-09-16-13-06-41/000073.txt,
2019-09-16-13-06-41_000074,2019-09-16-13-06-41,000074,000282,3,2,car,range_angle.box,2019-09-16-13-06-41/range_angle_processed/000074.npy,images/2019-09-16-13-06-41/000074.png,labels/2019-09-16-13-06-41/000074.txt,
2019-09-16-13-06-41_000075,2019-09-16-13-06-41,000075,000282,3,2,car,range_angle.box,2019-09-16-13-06-41/range_angle_processed/000075.npy,images/2019-09-16-13-06-41/000075.png,labels/2019-09-16-13-06-41/000075.txt,
2019-09-16-13-06-41_000380,2019-09-16-13-06-41,000380,000321,3,2,car,range_angle.box,2019-09-16-13-06-41/range_angle_processed/000380.npy,images/2019-09-16-13-06-41/000380.png,labels/2019-09-16-13-06-41/000380.txt,
2019-09-16-13-06-41_000381,2019-09-16-13-06-41,000381,000321,3,2,car,range_angle.box,2019-09-16-13-06-41/range_angle_processed/000381.npy,images/2019-09-16-13-06-41/000381.png,labels/2019-09-16-13-06-41/000381.txt,
2019-09-16-13-06-41_000382,2019-09-16-13-06-41,000382,000321,3,2,car,range_angle.box,2019-09-16-13-06-41/range_angle_processed/000382.npy,images/2019-09-16-13-06-41/000382.png,labels/2019-09-16-13-06-41/000382.txt,
2019-09-16-13-06-41_000383,2019-09-16-13-06-41,000383,000321,3,2,car,range_angle.box,2019-09-16-13-06-41/range_angle_processed/000383.npy,images/2019-09-16-13-06-41/000383.png,labels/2019-09-16-13-06-41/000383.txt,
2019-09-16-13-06-41_000384,2019-09-16-13-06-41,000384,000321,3,2,car,range_angle.box,2019-09-16-13-06-41/range_angle_processed/000384.npy,images/2019-09-16-13-06-41/000384.png,labels/2019-09-16-13-06-41/000384.txt,
2019-09-16-13-06-41_000385,2019-09-16-13-06-41,000385,000321,3,2,car,range_angle.box,2019-09-16-13-06-41/range_angle_processed/000385.npy,images/2019-09-16-13-06-41/000385.png,labels/2019-09-16-13-06-41/000385.txt,
2019-09-16-13-06-41_000386,2019-09-16-13-06-41,000386,000321,3,2,car,range_angle.box,2019-09-16-13-06-41/range_angle_processed/000386.npy,images/2019-09-16-13-06-41/000386.png,labels/2019-09-16-13-06-41/000386.txt,
2019-09-16-13-06-41_000387,2019-09-16-13-06-41,000387,000321,3,2,car,range_angle.box,2019-09-16-13-06-41/range_angle_processed/000387.npy,images/2019-09-16-13-06-41/000387.png,labels/2019-09-16-13-06-41/000387.txt,
2019-09-16-13-06-41_000388,2019-09-16-13-06-41,000388,000321,3,2,car,range_angle.box,2019-09-16-13-06-41/range_angle_processed/000388.npy,images/2019-09-16-13-06-41/000388.png,labels/2019-09-16-13-06-41/000388.txt,
2019-09-16-13-06-41_000389,2019-09-16-13-06-41,000389,000321,3,2,car,range_angle.box,2019-09-16-13-06-41/range_angle_processed/000389.npy,images/2019-09-16-13-06-41/000389.png,labels/2019-09-16-13-06-41/000389.txt,
2019-09-16-13-06-41_000390,2019-09-16-13-06-41,000390,000321,3,2,car,range_angle.box,2019-09-16-13-06-41/range_angle_processed/000390.npy,images/2019-09-16-13-06-41/000390.png,labels/2019-09-16-13-06-41/000390.txt,
2019-09-16-13-06-41_000391,2019-09-16-13-06-41,000391,000321,3,2,car,range_angle.box,2019-09-16-13-06-41/range_angle_processed/000391.npy,images/2019-09-16-13-06-41/000391.png,labels/2019-09-16-13-06-41/000391.txt,
2019-09-16-13-06-41_000392,2019-09-16-13-06-41,000392,000321,3,2,car,range_angle.box,2019-09-16-13-06-41/range_angle_processed/000392.npy,images/2019-09-16-13-06-41/000392.png,labels/2019-09-16-13-06-41/000392.txt,
2019-09-16-13-06-41_000393,2019-09-16-13-06-41,000393,000321,3,2,car,range_angle.box,2019-09-16-13-06-41/range_angle_processed/000393.npy,images/2019-09-16-13-06-41/000393.png,labels/2019-09-16-13-06-41/000393.txt,
2019-09-16-13-06-41_000394,2019-09-16-13-06-41,000394,000321,3,2,car,range_angle.box,2019-09-16-13-06-41/range_angle_processed/000394.npy,images/2019-09-16-13-06-41/000394.png,labels/2019-09-16-13-06-41/000394.txt,
2019-09-16-13-06-41_000395,2019-09-16-13-06-41,000395,000321,3,2,car,range_angle.box,2019-09-16-13-06-41/range_angle_processed/000395.npy,images/2019-09-16-13-06-41/000395.png,labels/2019-09-16-13-06-41/000395.txt,
2019-09-16-13-06-41_000396,2019-09-16-13-06-41,000396,000321,3,2,car,range_angle.box,2019-09-16-13-06-41/range_angle_processed/000396.npy,images/2019-09-16-13-06-41/000396.png,labels/2019-09-16-13-06-41/000396.txt,
2019-09-16-13-06-41_000397,2019-09-16-13-06-41,000397,000321,3,2,car,range_angle.box,2019-09-16-13-06-41/range_angle_processed/000397.npy,images/2019-09-16-13-06-41/000397.png,labels/2019-09-16-13-06-41/000397.txt,
2019-09-16-13-06-41_000398,2019-09-16-13-06-41,000398,000321,3,2,car,range_angle.box,2019-09-16-13-06-41/range_angle_processed/000398.npy,images/2019-09-16-13-06-41/000398.png,labels/2019-09-16-13-06-41/000398.txt,
2019-09-16-13-06-41_000399,2019-09-16-13-06-41,000399,000321,3,2,car,range_angle.box,2019-09-16-13-06-41/range_angle_processed/000399.npy,images/2019-09-16-13-06-41/000399.png,labels/2019-09-16-13-06-41/000399.txt,
2019-09-16-13-06-41_000400,2019-09-16-13-06-41,000400,000321,3,2,car,range_angle.box,2019-09-16-13-06-41/range_angle_processed/000400.npy,images/2019-09-16-13-06-41/000400.png,labels/2019-09-16-13-06-41/000400.txt,
2019-09-16-13-06-41_000401,2019-09-16-13-06-41,000401,000321,3,2,car,range_angle.box,2019-09-16-13-06-41/range_angle_processed/000401.npy,images/2019-09-16-13-06-41/000401.png,labels/2019-09-16-13-06-41/000401.txt,
2019-09-16-13-06-41_000402,2019-09-16-13-06-41,000402,000321,3,2,car,range_angle.box,2019-09-16-13-06-41/range_angle_processed/000402.npy,images/2019-09-16-13-06-41/000402.png,labels/2019-09-16-13-06-41/000402.txt,
2019-09-16-13-06-41_000403,2019-09-16-13-06-41,000403,000321,3,2,car,range_angle.box,2019-09-16-13-06-41/range_angle_processed/000403.npy,images/2019-09-16-13-06-41/000403.png,labels/2019-09-16-13-06-41/000403.txt,
2019-09-16-13-06-41_000404,2019-09-16-13-06-41,000404,000321,3,2,car,range_angle.box,2019-09-16-13-06-41/range_angle_processed/000404.npy,images/2019-09-16-13-06-41/000404.png,labels/2019-09-16-13-06-41/000404.txt,
2019-09-16-13-06-41_000405,2019-09-16-13-06-41,000405,000321,3,2,car,range_angle.box,2019-09-16-13-06-41/range_angle_processed/000405.npy,images/2019-09-16-13-06-41/000405.png,labels/2019-09-16-13-06-41/000405.txt,
2019-09-16-13-06-41_000406,2019-09-16-13-06-41,000406,000321,3,2,car,range_angle.box,2019-09-16-13-06-41/range_angle_processed/000406.npy,images/2019-09-16-13-06-41/000406.png,labels/2019-09-16-13-06-41/000406.txt,
2019-09-16-13-06-41_000407,2019-09-16-13-06-41,000407,000321,3,2,car,range_angle.box,2019-09-16-13-06-41/range_angle_processed/000407.npy,images/2019-09-16-13-06-41/000407.png,labels/2019-09-16-13-06-41/000407.txt,
2019-09-16-13-06-41_000408,2019-09-16-13-06-41,000408,000321,3,2,car,range_angle.box,2019-09-16-13-06-41/range_angle_processed/000408.npy,images/2019-09-16-13-06-41/000408.png,labels/2019-09-16-13-06-41/000408.txt,
2019-09-16-13-06-41_000409,2019-09-16-13-06-41,000409,000321,3,2,car,range_angle.box,2019-09-16-13-06-41/range_angle_processed/000409.npy,images/2019-09-16-13-06-41/000409.png,labels/2019-09-16-13-06-41/000409.txt,
2019-09-16-13-06-41_000410,2019-09-16-13-06-41,000410,000321,3,2,car,range_angle.box,2019-09-16-13-06-41/range_angle_processed/000410.npy,images/2019-09-16-13-06-41/000410.png,labels/2019-09-16-13-06-41/000410.txt,
2019-09-16-13-06-41_000411,2019-09-16-13-06-41,000411,000321,3,2,car,range_angle.box,2019-09-16-13-06-41/range_angle_processed/000411.npy,images/2019-09-16-13-06-41/000411.png,labels/2019-09-16-13-06-41/000411.txt,
2019-09-16-13-06-41_000412,2019-09-16-13-06-41,000412,000321,3,2,car,range_angle.box,2019-09-16-13-06-41/range_angle_processed/000412.npy,images/2019-09-16-13-06-41/000412.png,labels/2019-09-16-13-06-41/000412.txt,
2019-09-16-13-06-41_000413,2019-09-16-13-06-41,000413,000321,3,2,car,range_angle.box,2019-09-16-13-06-41/range_angle_processed/000413.npy,images/2019-09-16-13-06-41/000413.png,labels/2019-09-16-13-06-41/000413.txt,
2019-09-16-13-06-41_000414,2019-09-16-13-06-41,000414,000321,3,2,car,range_angle.box,2019-09-16-13-06-41/range_angle_processed/000414.npy,images/2019-09-16-13-06-41/000414.png,labels/2019-09-16-13-06-41/000414.txt,
2019-09-16-13-06-41_000415,2019-09-16-13-06-41,000415,000321,3,2,car,range_angle.box,2019-09-16-13-06-41/range_angle_processed/000415.npy,images/2019-09-16-13-06-41/000415.png,labels/2019-09-16-13-06-41/000415.txt,
2019-09-16-13-06-41_000416,2019-09-16-13-06-41,000416,000321,3,2,car,range_angle.box,2019-09-16-13-06-41/range_angle_processed/000416.npy,images/2019-09-16-13-06-41/000416.png,labels/2019-09-16-13-06-41/000416.txt,
2019-09-16-13-06-41_000417,2019-09-16-13-06-41,000417,000321,3,2,car,range_angle.box,2019-09-16-13-06-41/range_angle_processed/000417.npy,images/2019-09-16-13-06-41/000417.png,labels/2019-09-16-13-06-41/000417.txt,
2019-09-16-13-06-41_000418,2019-09-16-13-06-41,000418,000321,3,2,car,range_angle.box,2019-09-16-13-06-41/range_angle_processed/000418.npy,images/2019-09-16-13-06-41/000418.png,labels/2019-09-16-13-06-41/000418.txt,
2019-09-16-13-06-41_000419,2019-09-16-13-06-41,000419,000321,3,2,car,range_angle.box,2019-09-16-13-06-41/range_angle_processed/000419.npy,images/2019-09-16-13-06-41/000419.png,labels/2019-09-16-13-06-41/000419.txt,
2019-09-16-13-06-41_000420,2019-09-16-13-06-41,000420,000321,3,2,car,range_angle.box,2019-09-16-13-06-41/range_angle_processed/000420.npy,images/2019-09-16-13-06-41/000420.png,labels/2019-09-16-13-06-41/000420.txt,
2019-09-16-13-06-41_000421,2019-09-16-13-06-41,000421,000321,3,2,car,range_angle.box,2019-09-16-13-06-41/range_angle_processed/000421.npy,images/2019-09-16-13-06-41/000421.png,labels/2019-09-16-13-06-41/000421.txt,
2019-09-16-13-06-41_000422,2019-09-16-13-06-41,000422,000321,3,2,car,range_angle.box,2019-09-16-13-06-41/range_angle_processed/000422.npy,images/2019-09-16-13-06-41/000422.png,labels/2019-09-16-13-06-41/000422.txt,
2019-09-16-13-06-41_000423,2019-09-16-13-06-41,000423,000321,3,2,car,range_angle.box,2019-09-16-13-06-41/range_angle_processed/000423.npy,images/2019-09-16-13-06-41/000423.png,labels/2019-09-16-13-06-41/000423.txt,
2019-09-16-13-06-41_000424,2019-09-16-13-06-41,000424,000321,3,2,car,range_angle.box,2019-09-16-13-06-41/range_angle_processed/000424.npy,images/2019-09-16-13-06-41/000424.png,labels/2019-09-16-13-06-41/000424.txt,
2019-09-16-13-06-41_000425,2019-09-16-13-06-41,000425,000321,3,2,car,range_angle.box,2019-09-16-13-06-41/range_angle_processed/000425.npy,images/2019-09-16-13-06-41/000425.png,labels/2019-09-16-13-06-41/000425.txt,
2019-09-16-13-06-41_000426,2019-09-16-13-06-41,000426,000321,3,2,car,range_angle.box,2019-09-16-13-06-41/range_angle_processed/000426.npy,images/2019-09-16-13-06-41/000426.png,labels/2019-09-16-13-06-41/000426.txt,
2019-09-16-13-06-41_000427,2019-09-16-13-06-41,000427,000321,3,2,car,range_angle.box,2019-09-16-13-06-41/range_angle_processed/000427.npy,images/2019-09-16-13-06-41/000427.png,labels/2019-09-16-13-06-41/000427.txt,
2019-09-16-13-06-41_000428,2019-09-16-13-06-41,000428,000321,3,2,car,range_angle.box,2019-09-16-13-06-41/range_angle_processed/000428.npy,images/2019-09-16-13-06-41/000428.png,labels/2019-09-16-13-06-41/000428.txt,
2019-09-16-13-06-41_000429,2019-09-16-13-06-41,000429,000321,3,2,car,range_angle.box,2019-09-16-13-06-41/range_angle_processed/000429.npy,images/2019-09-16-13-06-41/000429.png,labels/2019-09-16-13-06-41/000429.txt,
2019-09-16-13-06-41_000430,2019-09-16-13-06-41,000430,000321,3,2,car,range_angle.box,2019-09-16-13-06-41/range_angle_processed/000430.npy,images/2019-09-16-13-06-41/000430.png,labels/2019-09-16-13-06-41/000430.txt,
2019-09-16-13-06-41_000431,2019-09-16-13-06-41,000431,000321,3,2,car,range_angle.box,2019-09-16-13-06-41/range_angle_processed/000431.npy,images/2019-09-16-13-06-41/000431.png,labels/2019-09-16-13-06-41/000431.txt,
2019-09-16-13-06-41_000432,2019-09-16-13-06-41,000432,000321,3,2,car,range_angle.box,2019-09-16-13-06-41/range_angle_processed/000432.npy,images/2019-09-16-13-06-41/000432.png,labels/2019-09-16-13-06-41/000432.txt,
2019-09-16-13-06-41_000433,2019-09-16-13-06-41,000433,000321,3,2,car,range_angle.box,2019-09-16-13-06-41/range_angle_processed/000433.npy,images/2019-09-16-13-06-41/000433.png,labels/2019-09-16-13-06-41/000433.txt,
2019-09-16-13-06-41_000434,2019-09-16-13-06-41,000434,000321,3,2,car,range_angle.box,2019-09-16-13-06-41/range_angle_processed/000434.npy,images/2019-09-16-13-06-41/000434.png,labels/2019-09-16-13-06-41/000434.txt,
2019-09-16-13-06-41_000435,2019-09-16-13-06-41,000435,000321,3,2,car,range_angle.box,2019-09-16-13-06-41/range_angle_processed/000435.npy,images/2019-09-16-13-06-41/000435.png,labels/2019-09-16-13-06-41/000435.txt,
2019-09-16-13-06-41_000436,2019-09-16-13-06-41,000436,000321,3,2,car,range_angle.box,2019-09-16-13-06-41/range_angle_processed/000436.npy,images/2019-09-16-13-06-41/000436.png,labels/2019-09-16-13-06-41/000436.txt,
2019-09-16-13-06-41_000437,2019-09-16-13-06-41,000437,000321,3,2,car,range_angle.box,2019-09-16-13-06-41/range_angle_processed/000437.npy,images/2019-09-16-13-06-41/000437.png,labels/2019-09-16-13-06-41/000437.txt,
2019-09-16-13-06-41_000438,2019-09-16-13-06-41,000438,000321,3,2,car,range_angle.box,2019-09-16-13-06-41/range_angle_processed/000438.npy,images/2019-09-16-13-06-41/000438.png,labels/2019-09-16-13-06-41/000438.txt,
2019-09-16-13-06-41_000439,2019-09-16-13-06-41,000439,000321,3,2,car,range_angle.box,2019-09-16-13-06-41/range_angle_processed/000439.npy,images/2019-09-16-13-06-41/000439.png,labels/2019-09-16-13-06-41/000439.txt,
2019-09-16-13-06-41_000440,2019-09-16-13-06-41,000440,000321,3,2,car,range_angle.box,2019-09-16-13-06-41/range_angle_processed/000440.npy,images/2019-09-16-13-06-41/000440.png,labels/2019-09-16-13-06-41/000440.txt,
2019-09-16-13-06-41_000441,2019-09-16-13-06-41,000441,000321,3,2,car,range_angle.box,2019-09-16-13-06-41/range_angle_processed/000441.npy,images/2019-09-16-13-06-41/000441.png,labels/2019-09-16-13-06-41/000441.txt,
2019-09-16-13-06-41_000442,2019-09-16-13-06-41,000442,000321,3,2,car,range_angle.box,2019-09-16-13-06-41/range_angle_processed/000442.npy,images/2019-09-16-13-06-41/000442.png,labels/2019-09-16-13-06-41/000442.txt,
2019-09-16-13-06-41_000443,2019-09-16-13-06-41,000443,000321,3,2,car,range_angle.box,2019-09-16-13-06-41/range_angle_processed/000443.npy,images/2019-09-16-13-06-41/000443.png,labels/2019-09-16-13-06-41/000443.txt,
2019-09-16-13-06-41_000444,2019-09-16-13-06-41,000444,000321,3,2,car,range_angle.box,2019-09-16-13-06-41/range_angle_processed/000444.npy,images/2019-09-16-13-06-41/000444.png,labels/2019-09-16-13-06-41/000444.txt,
2019-09-16-13-06-41_000445,2019-09-16-13-06-41,000445,000321,3,2,car,range_angle.box,2019-09-16-13-06-41/range_angle_processed/000445.npy,images/2019-09-16-13-06-41/000445.png,labels/2019-09-16-13-06-41/000445.txt,
2019-09-16-13-06-41_000446,2019-09-16-13-06-41,000446,000321,3,2,car,range_angle.box,2019-09-16-13-06-41/range_angle_processed/000446.npy,images/2019-09-16-13-06-41/000446.png,labels/2019-09-16-13-06-41/000446.txt,
2019-09-16-13-06-41_000447,2019-09-16-13-06-41,000447,000321,3,2,car,range_angle.box,2019-09-16-13-06-41/range_angle_processed/000447.npy,images/2019-09-16-13-06-41/000447.png,labels/2019-09-16-13-06-41/000447.txt,
2019-09-16-13-06-41_000448,2019-09-16-13-06-41,000448,000321,3,2,car,range_angle.box,2019-09-16-13-06-41/range_angle_processed/000448.npy,images/2019-09-16-13-06-41/000448.png,labels/2019-09-16-13-06-41/000448.txt,
2019-09-16-13-06-41_000449,2019-09-16-13-06-41,000449,000321,3,2,car,range_angle.box,2019-09-16-13-06-41/range_angle_processed/000449.npy,images/2019-09-16-13-06-41/000449.png,labels/2019-09-16-13-06-41/000449.txt,
2019-09-16-13-06-41_000450,2019-09-16-13-06-41,000450,000321,3,2,car,range_angle.box,2019-09-16-13-06-41/range_angle_processed/000450.npy,images/2019-09-16-13-06-41/000450.png,labels/2019-09-16-13-06-41/000450.txt,
2019-09-16-13-06-41_000596,2019-09-16-13-06-41,000596,000347,3,2,car,range_angle.box,2019-09-16-13-06-41/range_angle_processed/000596.npy,images/2019-09-16-13-06-41/000596.png,labels/2019-09-16-13-06-41/000596.txt,
2019-09-16-13-06-41_000597,2019-09-16-13-06-41,000597,000347,3,2,car,range_angle.box,2019-09-16-13-06-41/range_angle_processed/000597.npy,images/2019-09-16-13-06-41/000597.png,labels/2019-09-16-13-06-41/000597.txt,
2019-09-16-13-06-41_000598,2019-09-16-13-06-41,000598,000347,3,2,car,range_angle.box,2019-09-16-13-06-41/range_angle_processed/000598.npy,images/2019-09-16-13-06-41/000598.png,labels/2019-09-16-13-06-41/000598.txt,
2019-09-16-13-06-41_000599,2019-09-16-13-06-41,000599,000347,3,2,car,range_angle.box,2019-09-16-13-06-41/range_angle_processed/000599.npy,images/2019-09-16-13-06-41/000599.png,labels/2019-09-16-13-06-41/000599.txt,
2019-09-16-13-06-41_000600,2019-09-16-13-06-41,000600,000347,3,2,car,range_angle.box,2019-09-16-13-06-41/range_angle_processed/000600.npy,images/2019-09-16-13-06-41/000600.png,labels/2019-09-16-13-06-41/000600.txt,
2019-09-16-13-06-41_000601,2019-09-16-13-06-41,000601,000347,3,2,car,range_angle.box,2019-09-16-13-06-41/range_angle_processed/000601.npy,images/2019-09-16-13-06-41/000601.png,labels/2019-09-16-13-06-41/000601.txt,
2019-09-16-13-06-41_000602,2019-09-16-13-06-41,000602,000347,3,2,car,range_angle.box,2019-09-16-13-06-41/range_angle_processed/000602.npy,images/2019-09-16-13-06-41/000602.png,labels/2019-09-16-13-06-41/000602.txt,
2019-09-16-13-06-41_000603,2019-09-16-13-06-41,000603,000347,3,2,car,range_angle.box,2019-09-16-13-06-41/range_angle_processed/000603.npy,images/2019-09-16-13-06-41/000603.png,labels/2019-09-16-13-06-41/000603.txt,
2019-09-16-13-06-41_000604,2019-09-16-13-06-41,000604,000347,3,2,car,range_angle.box,2019-09-16-13-06-41/range_angle_processed/000604.npy,images/2019-09-16-13-06-41/000604.png,labels/2019-09-16-13-06-41/000604.txt,
2019-09-16-13-06-41_000605,2019-09-16-13-06-41,000605,000347,3,2,car,range_angle.box,2019-09-16-13-06-41/range_angle_processed/000605.npy,images/2019-09-16-13-06-41/000605.png,labels/2019-09-16-13-06-41/000605.txt,
2019-09-16-13-06-41_000606,2019-09-16-13-06-41,000606,000347,3,2,car,range_angle.box,2019-09-16-13-06-41/range_angle_processed/000606.npy,images/2019-09-16-13-06-41/000606.png,labels/2019-09-16-13-06-41/000606.txt,
2019-09-16-13-06-41_000607,2019-09-16-13-06-41,000607,000347,3,2,car,range_angle.box,2019-09-16-13-06-41/range_angle_processed/000607.npy,images/2019-09-16-13-06-41/000607.png,labels/2019-09-16-13-06-41/000607.txt,
2019-09-16-13-06-41_000608,2019-09-16-13-06-41,000608,000347,3,2,car,range_angle.box,2019-09-16-13-06-41/range_angle_processed/000608.npy,images/2019-09-16-13-06-41/000608.png,labels/2019-09-16-13-06-41/000608.txt,
2019-09-16-13-06-41_000609,2019-09-16-13-06-41,000609,000347,3,2,car,range_angle.box,2019-09-16-13-06-41/range_angle_processed/000609.npy,images/2019-09-16-13-06-41/000609.png,labels/2019-09-16-13-06-41/000609.txt,
2019-09-16-13-06-41_000610,2019-09-16-13-06-41,000610,000347,3,2,car,range_angle.box,2019-09-16-13-06-41/range_angle_processed/000610.npy,images/2019-09-16-13-06-41/000610.png,labels/2019-09-16-13-06-41/000610.txt,
2019-09-16-13-06-41_000611,2019-09-16-13-06-41,000611,000347,3,2,car,range_angle.box,2019-09-16-13-06-41/range_angle_processed/000611.npy,images/2019-09-16-13-06-41/000611.png,labels/2019-09-16-13-06-41/000611.txt,
2019-09-16-13-06-41_000612,2019-09-16-13-06-41,000612,000347,3,2,car,range_angle.box,2019-09-16-13-06-41/range_angle_processed/000612.npy,images/2019-09-16-13-06-41/000612.png,labels/2019-09-16-13-06-41/000612.txt,
2019-09-16-13-06-41_000613,2019-09-16-13-06-41,000613,000347,3,2,car,range_angle.box,2019-09-16-13-06-41/range_angle_processed/000613.npy,images/2019-09-16-13-06-41/000613.png,labels/2019-09-16-13-06-41/000613.txt,
2019-09-16-13-06-41_000614,2019-09-16-13-06-41,000614,000347,3,2,car,range_angle.box,2019-09-16-13-06-41/range_angle_processed/000614.npy,images/2019-09-16-13-06-41/000614.png,labels/2019-09-16-13-06-41/000614.txt,
2019-09-16-13-06-41_000615,2019-09-16-13-06-41,000615,000347,3,2,car,range_angle.box,2019-09-16-13-06-41/range_angle_processed/000615.npy,images/2019-09-16-13-06-41/000615.png,labels/2019-09-16-13-06-41/000615.txt,
2019-09-16-13-06-41_000616,2019-09-16-13-06-41,000616,000347,3,2,car,range_angle.box,2019-09-16-13-06-41/range_angle_processed/000616.npy,images/2019-09-16-13-06-41/000616.png,labels/2019-09-16-13-06-41/000616.txt,
2019-09-16-13-06-41_000617,2019-09-16-13-06-41,000617,000347,3,2,car,range_angle.box,2019-09-16-13-06-41/range_angle_processed/000617.npy,images/2019-09-16-13-06-41/000617.png,labels/2019-09-16-13-06-41/000617.txt,
2019-09-16-13-06-41_000618,2019-09-16-13-06-41,000618,000347,3,2,car,range_angle.box,2019-09-16-13-06-41/range_angle_processed/000618.npy,images/2019-09-16-13-06-41/000618.png,labels/2019-09-16-13-06-41/000618.txt,
2019-09-16-13-06-41_000619,2019-09-16-13-06-41,000619,000347,3,2,car,range_angle.box,2019-09-16-13-06-41/range_angle_processed/000619.npy,images/2019-09-16-13-06-41/000619.png,labels/2019-09-16-13-06-41/000619.txt,
2019-09-16-13-06-41_000620,2019-09-16-13-06-41,000620,000347,3,2,car,range_angle.box,2019-09-16-13-06-41/range_angle_processed/000620.npy,images/2019-09-16-13-06-41/000620.png,labels/2019-09-16-13-06-41/000620.txt,
2019-09-16-13-06-41_000621,2019-09-16-13-06-41,000621,000347,3,2,car,range_angle.box,2019-09-16-13-06-41/range_angle_processed/000621.npy,images/2019-09-16-13-06-41/000621.png,labels/2019-09-16-13-06-41/000621.txt,
2019-09-16-13-06-41_000622,2019-09-16-13-06-41,000622,000347,3,2,car,range_angle.box,2019-09-16-13-06-41/range_angle_processed/000622.npy,images/2019-09-16-13-06-41/000622.png,labels/2019-09-16-13-06-41/000622.txt,
2019-09-16-13-06-41_000623,2019-09-16-13-06-41,000623,000347,3,2,car,range_angle.box,2019-09-16-13-06-41/range_angle_processed/000623.npy,images/2019-09-16-13-06-41/000623.png,labels/2019-09-16-13-06-41/000623.txt,
2019-09-16-13-06-41_000624,2019-09-16-13-06-41,000624,000347,3,2,car,range_angle.box,2019-09-16-13-06-41/range_angle_processed/000624.npy,images/2019-09-16-13-06-41/000624.png,labels/2019-09-16-13-06-41/000624.txt,
2019-09-16-13-06-41_000625,2019-09-16-13-06-41,000625,000347,3,2,car,range_angle.box,2019-09-16-13-06-41/range_angle_processed/000625.npy,images/2019-09-16-13-06-41/000625.png,labels/2019-09-16-13-06-41/000625.txt,
2019-09-16-13-06-41_000626,2019-09-16-13-06-41,000626,000347,3,2,car,range_angle.box,2019-09-16-13-06-41/range_angle_processed/000626.npy,images/2019-09-16-13-06-41/000626.png,labels/2019-09-16-13-06-41/000626.txt,
2019-09-16-13-06-41_000627,2019-09-16-13-06-41,000627,000347,3,2,car,range_angle.box,2019-09-16-13-06-41/range_angle_processed/000627.npy,images/2019-09-16-13-06-41/000627.png,labels/2019-09-16-13-06-41/000627.txt,
2019-09-16-13-06-41_000628,2019-09-16-13-06-41,000628,000347,3,2,car,range_angle.box,2019-09-16-13-06-41/range_angle_processed/000628.npy,images/2019-09-16-13-06-41/000628.png,labels/2019-09-16-13-06-41/000628.txt,
2019-09-16-13-06-41_000629,2019-09-16-13-06-41,000629,000347,3,2,car,range_angle.box,2019-09-16-13-06-41/range_angle_processed/000629.npy,images/2019-09-16-13-06-41/000629.png,labels/2019-09-16-13-06-41/000629.txt,
2019-09-16-13-06-41_000630,2019-09-16-13-06-41,000630,000347,3,2,car,range_angle.box,2019-09-16-13-06-41/range_angle_processed/000630.npy,images/2019-09-16-13-06-41/000630.png,labels/2019-09-16-13-06-41/000630.txt,
2019-09-16-13-06-41_000631,2019-09-16-13-06-41,000631,000347,3,2,car,range_angle.box,2019-09-16-13-06-41/range_angle_processed/000631.npy,images/2019-09-16-13-06-41/000631.png,labels/2019-09-16-13-06-41/000631.txt,
2019-09-16-13-06-41_000632,2019-09-16-13-06-41,000632,000347,3,2,car,range_angle.box,2019-09-16-13-06-41/range_angle_processed/000632.npy,images/2019-09-16-13-06-41/000632.png,labels/2019-09-16-13-06-41/000632.txt,
2019-09-16-13-06-41_000633,2019-09-16-13-06-41,000633,000347,3,2,car,range_angle.box,2019-09-16-13-06-41/range_angle_processed/000633.npy,images/2019-09-16-13-06-41/000633.png,labels/2019-09-16-13-06-41/000633.txt,
2019-09-16-13-06-41_000634,2019-09-16-13-06-41,000634,000347,3,2,car,range_angle.box,2019-09-16-13-06-41/range_angle_processed/000634.npy,images/2019-09-16-13-06-41/000634.png,labels/2019-09-16-13-06-41/000634.txt,
2019-09-16-13-06-41_000635,2019-09-16-13-06-41,000635,000347,3,2,car,range_angle.box,2019-09-16-13-06-41/range_angle_processed/000635.npy,images/2019-09-16-13-06-41/000635.png,labels/2019-09-16-13-06-41/000635.txt,
2019-09-16-13-06-41_000636,2019-09-16-13-06-41,000636,000347,3,2,car,range_angle.box,2019-09-16-13-06-41/range_angle_processed/000636.npy,images/2019-09-16-13-06-41/000636.png,labels/2019-09-16-13-06-41/000636.txt,
2019-09-16-13-06-41_000637,2019-09-16-13-06-41,000637,000347,3,2,car,range_angle.box,2019-09-16-13-06-41/range_angle_processed/000637.npy,images/2019-09-16-13-06-41/000637.png,labels/2019-09-16-13-06-41/000637.txt,
2019-09-16-13-06-41_000638,2019-09-16-13-06-41,000638,000347,3,2,car,range_angle.box,2019-09-16-13-06-41/range_angle_processed/000638.npy,images/2019-09-16-13-06-41/000638.png,labels/2019-09-16-13-06-41/000638.txt,
2019-09-16-13-06-41_000639,2019-09-16-13-06-41,000639,000347,3,2,car,range_angle.box,2019-09-16-13-06-41/range_angle_processed/000639.npy,images/2019-09-16-13-06-41/000639.png,labels/2019-09-16-13-06-41/000639.txt,
2019-09-16-13-06-41_000640,2019-09-16-13-06-41,000640,000347,3,2,car,range_angle.box,2019-09-16-13-06-41/range_angle_processed/000640.npy,images/2019-09-16-13-06-41/000640.png,labels/2019-09-16-13-06-41/000640.txt,
2019-09-16-13-06-41_000641,2019-09-16-13-06-41,000641,000347,3,2,car,range_angle.box,2019-09-16-13-06-41/range_angle_processed/000641.npy,images/2019-09-16-13-06-41/000641.png,labels/2019-09-16-13-06-41/000641.txt,
2019-09-16-13-06-41_000642,2019-09-16-13-06-41,000642,000347,3,2,car,range_angle.box,2019-09-16-13-06-41/range_angle_processed/000642.npy,images/2019-09-16-13-06-41/000642.png,labels/2019-09-16-13-06-41/000642.txt,
2019-09-16-13-06-41_000643,2019-09-16-13-06-41,000643,000347,3,2,car,range_angle.box,2019-09-16-13-06-41/range_angle_processed/000643.npy,images/2019-09-16-13-06-41/000643.png,labels/2019-09-16-13-06-41/000643.txt,
2019-09-16-13-06-41_000644,2019-09-16-13-06-41,000644,000347,3,2,car,range_angle.box,2019-09-16-13-06-41/range_angle_processed/000644.npy,images/2019-09-16-13-06-41/000644.png,labels/2019-09-16-13-06-41/000644.txt,
2019-09-16-13-06-41_000645,2019-09-16-13-06-41,000645,000347,3,2,car,range_angle.box,2019-09-16-13-06-41/range_angle_processed/000645.npy,images/2019-09-16-13-06-41/000645.png,labels/2019-09-16-13-06-41/000645.txt,
2019-09-16-13-06-41_000646,2019-09-16-13-06-41,000646,000347,3,2,car,range_angle.box,2019-09-16-13-06-41/range_angle_processed/000646.npy,images/2019-09-16-13-06-41/000646.png,labels/2019-09-16-13-06-41/000646.txt,
2019-09-16-13-06-41_000647,2019-09-16-13-06-41,000647,000347,3,2,car,range_angle.box,2019-09-16-13-06-41/range_angle_processed/000647.npy,images/2019-09-16-13-06-41/000647.png,labels/2019-09-16-13-06-41/000647.txt,
2019-09-16-13-06-41_000648,2019-09-16-13-06-41,000648,000347,3,2,car,range_angle.box,2019-09-16-13-06-41/range_angle_processed/000648.npy,images/2019-09-16-13-06-41/000648.png,labels/2019-09-16-13-06-41/000648.txt,
2019-09-16-13-06-41_000649,2019-09-16-13-06-41,000649,000347,3,2,car,range_angle.box,2019-09-16-13-06-41/range_angle_processed/000649.npy,images/2019-09-16-13-06-41/000649.png,labels/2019-09-16-13-06-41/000649.txt,
2019-09-16-13-06-41_000650,2019-09-16-13-06-41,000650,000347,3,2,car,range_angle.box,2019-09-16-13-06-41/range_angle_processed/000650.npy,images/2019-09-16-13-06-41/000650.png,labels/2019-09-16-13-06-41/000650.txt,
2019-09-16-13-06-41_000651,2019-09-16-13-06-41,000651,000347,3,2,car,range_angle.box,2019-09-16-13-06-41/range_angle_processed/000651.npy,images/2019-09-16-13-06-41/000651.png,labels/2019-09-16-13-06-41/000651.txt,
2019-09-16-13-06-41_000652,2019-09-16-13-06-41,000652,000347,3,2,car,range_angle.box,2019-09-16-13-06-41/range_angle_processed/000652.npy,images/2019-09-16-13-06-41/000652.png,labels/2019-09-16-13-06-41/000652.txt,
2019-09-16-13-06-41_000653,2019-09-16-13-06-41,000653,000347,3,2,car,range_angle.box,2019-09-16-13-06-41/range_angle_processed/000653.npy,images/2019-09-16-13-06-41/000653.png,labels/2019-09-16-13-06-41/000653.txt,
2019-09-16-13-06-41_000654,2019-09-16-13-06-41,000654,000347,3,2,car,range_angle.box,2019-09-16-13-06-41/range_angle_processed/000654.npy,images/2019-09-16-13-06-41/000654.png,labels/2019-09-16-13-06-41/000654.txt,
2019-09-16-13-06-41_000655,2019-09-16-13-06-41,000655,000347,3,2,car,range_angle.box,2019-09-16-13-06-41/range_angle_processed/000655.npy,images/2019-09-16-13-06-41/000655.png,labels/2019-09-16-13-06-41/000655.txt,
2019-09-16-13-06-41_000656,2019-09-16-13-06-41,000656,000347,3,2,car,range_angle.box,2019-09-16-13-06-41/range_angle_processed/000656.npy,images/2019-09-16-13-06-41/000656.png,labels/2019-09-16-13-06-41/000656.txt,
2019-09-16-13-06-41_000657,2019-09-16-13-06-41,000657,000347,3,2,car,range_angle.box,2019-09-16-13-06-41/range_angle_processed/000657.npy,images/2019-09-16-13-06-41/000657.png,labels/2019-09-16-13-06-41/000657.txt,
2019-09-16-13-06-41_000658,2019-09-16-13-06-41,000658,000347,3,2,car,range_angle.box,2019-09-16-13-06-41/range_angle_processed/000658.npy,images/2019-09-16-13-06-41/000658.png,labels/2019-09-16-13-06-41/000658.txt,
2019-09-16-13-06-41_000659,2019-09-16-13-06-41,000659,000347,3,2,car,range_angle.box,2019-09-16-13-06-41/range_angle_processed/000659.npy,images/2019-09-16-13-06-41/000659.png,labels/2019-09-16-13-06-41/000659.txt,
2019-09-16-13-06-41_000660,2019-09-16-13-06-41,000660,000347,3,2,car,range_angle.box,2019-09-16-13-06-41/range_angle_processed/000660.npy,images/2019-09-16-13-06-41/000660.png,labels/2019-09-16-13-06-41/000660.txt,
2019-09-16-13-06-41_000661,2019-09-16-13-06-41,000661,000347,3,2,car,range_angle.box,2019-09-16-13-06-41/range_angle_processed/000661.npy,images/2019-09-16-13-06-41/000661.png,labels/2019-09-16-13-06-41/000661.txt,
2019-09-16-13-06-41_000662,2019-09-16-13-06-41,000662,000347,3,2,car,range_angle.box,2019-09-16-13-06-41/range_angle_processed/000662.npy,images/2019-09-16-13-06-41/000662.png,labels/2019-09-16-13-06-41/000662.txt,
2019-09-16-13-06-41_000663,2019-09-16-13-06-41,000663,000347,3,2,car,range_angle.box,2019-09-16-13-06-41/range_angle_processed/000663.npy,images/2019-09-16-13-06-41/000663.png,labels/2019-09-16-13-06-41/000663.txt,
2019-09-16-13-06-41_000664,2019-09-16-13-06-41,000664,000347,3,2,car,range_angle.box,2019-09-16-13-06-41/range_angle_processed/000664.npy,images/2019-09-16-13-06-41/000664.png,labels/2019-09-16-13-06-41/000664.txt,
2019-09-16-13-06-41_000665,2019-09-16-13-06-41,000665,000347,3,2,car,range_angle.box,2019-09-16-13-06-41/range_angle_processed/000665.npy,images/2019-09-16-13-06-41/000665.png,labels/2019-09-16-13-06-41/000665.txt,
2019-09-16-13-06-41_000666,2019-09-16-13-06-41,000666,000347,3,2,car,range_angle.box,2019-09-16-13-06-41/range_angle_processed/000666.npy,images/2019-09-16-13-06-41/000666.png,labels/2019-09-16-13-06-41/000666.txt,
2019-09-16-13-06-41_000667,2019-09-16-13-06-41,000667,000347,3,2,car,range_angle.box,2019-09-16-13-06-41/range_angle_processed/000667.npy,images/2019-09-16-13-06-41/000667.png,labels/2019-09-16-13-06-41/000667.txt,
2019-09-16-13-06-41_000668,2019-09-16-13-06-41,000668,000347,3,2,car,range_angle.box,2019-09-16-13-06-41/range_angle_processed/000668.npy,images/2019-09-16-13-06-41/000668.png,labels/2019-09-16-13-06-41/000668.txt,
2019-09-16-13-06-41_000669,2019-09-16-13-06-41,000669,000347,3,2,car,range_angle.box,2019-09-16-13-06-41/range_angle_processed/000669.npy,images/2019-09-16-13-06-41/000669.png,labels/2019-09-16-13-06-41/000669.txt,
2019-09-16-13-06-41_000670,2019-09-16-13-06-41,000670,000347,3,2,car,range_angle.box,2019-09-16-13-06-41/range_angle_processed/000670.npy,images/2019-09-16-13-06-41/000670.png,labels/2019-09-16-13-06-41/000670.txt,
2019-09-16-13-06-41_000671,2019-09-16-13-06-41,000671,000347,3,2,car,range_angle.box,2019-09-16-13-06-41/range_angle_processed/000671.npy,images/2019-09-16-13-06-41/000671.png,labels/2019-09-16-13-06-41/000671.txt,
2019-09-16-13-06-41_000672,2019-09-16-13-06-41,000672,000347,3,2,car,range_angle.box,2019-09-16-13-06-41/range_angle_processed/000672.npy,images/2019-09-16-13-06-41/000672.png,labels/2019-09-16-13-06-41/000672.txt,
2019-09-16-13-06-41_000673,2019-09-16-13-06-41,000673,000347,3,2,car,range_angle.box,2019-09-16-13-06-41/range_angle_processed/000673.npy,images/2019-09-16-13-06-41/000673.png,labels/2019-09-16-13-06-41/000673.txt,
2019-09-16-13-06-41_000674,2019-09-16-13-06-41,000674,000347,3,2,car,range_angle.box,2019-09-16-13-06-41/range_angle_processed/000674.npy,images/2019-09-16-13-06-41/000674.png,labels/2019-09-16-13-06-41/000674.txt,
2019-09-16-13-06-41_000675,2019-09-16-13-06-41,000675,000347,3,2,car,range_angle.box,2019-09-16-13-06-41/range_angle_processed/000675.npy,images/2019-09-16-13-06-41/000675.png,labels/2019-09-16-13-06-41/000675.txt,
2019-09-16-13-06-41_000676,2019-09-16-13-06-41,000676,000347,3,2,car,range_angle.box,2019-09-16-13-06-41/range_angle_processed/000676.npy,images/2019-09-16-13-06-41/000676.png,labels/2019-09-16-13-06-41/000676.txt,
2019-09-16-13-06-41_000677,2019-09-16-13-06-41,000677,000347,3,2,car,range_angle.box,2019-09-16-13-06-41/range_angle_processed/000677.npy,images/2019-09-16-13-06-41/000677.png,labels/2019-09-16-13-06-41/000677.txt,
2019-09-16-13-06-41_000678,2019-09-16-13-06-41,000678,000347,3,2,car,range_angle.box,2019-09-16-13-06-41/range_angle_processed/000678.npy,images/2019-09-16-13-06-41/000678.png,labels/2019-09-16-13-06-41/000678.txt,
2019-09-16-13-06-41_000679,2019-09-16-13-06-41,000679,000347,3,2,car,range_angle.box,2019-09-16-13-06-41/range_angle_processed/000679.npy,images/2019-09-16-13-06-41/000679.png,labels/2019-09-16-13-06-41/000679.txt,
2019-09-16-13-06-41_000680,2019-09-16-13-06-41,000680,000347,3,2,car,range_angle.box,2019-09-16-13-06-41/range_angle_processed/000680.npy,images/2019-09-16-13-06-41/000680.png,labels/2019-09-16-13-06-41/000680.txt,
2019-09-16-13-06-41_000681,2019-09-16-13-06-41,000681,000347,3,2,car,range_angle.box,2019-09-16-13-06-41/range_angle_processed/000681.npy,images/2019-09-16-13-06-41/000681.png,labels/2019-09-16-13-06-41/000681.txt,
2019-09-16-13-06-41_000682,2019-09-16-13-06-41,000682,000347,3,2,car,range_angle.box,2019-09-16-13-06-41/range_angle_processed/000682.npy,images/2019-09-16-13-06-41/000682.png,labels/2019-09-16-13-06-41/000682.txt,
2019-09-16-13-06-41_000683,2019-09-16-13-06-41,000683,000347,3,2,car,range_angle.box,2019-09-16-13-06-41/range_angle_processed/000683.npy,images/2019-09-16-13-06-41/000683.png,labels/2019-09-16-13-06-41/000683.txt,
2019-09-16-13-06-41_000684,2019-09-16-13-06-41,000684,000347,3,2,car,range_angle.box,2019-09-16-13-06-41/range_angle_processed/000684.npy,images/2019-09-16-13-06-41/000684.png,labels/2019-09-16-13-06-41/000684.txt,
2019-09-16-13-06-41_000685,2019-09-16-13-06-41,000685,000347,3,2,car,range_angle.box,2019-09-16-13-06-41/range_angle_processed/000685.npy,images/2019-09-16-13-06-41/000685.png,labels/2019-09-16-13-06-41/000685.txt,
2019-09-16-13-06-41_000686,2019-09-16-13-06-41,000686,000347,3,2,car,range_angle.box,2019-09-16-13-06-41/range_angle_processed/000686.npy,images/2019-09-16-13-06-41/000686.png,labels/2019-09-16-13-06-41/000686.txt,
2019-09-16-13-06-41_000687,2019-09-16-13-06-41,000687,000347,3,2,car,range_angle.box,2019-09-16-13-06-41/range_angle_processed/000687.npy,images/2019-09-16-13-06-41/000687.png,labels/2019-09-16-13-06-41/000687.txt,
2019-09-16-13-06-41_000688,2019-09-16-13-06-41,000688,000347,3,2,car,range_angle.box,2019-09-16-13-06-41/range_angle_processed/000688.npy,images/2019-09-16-13-06-41/000688.png,labels/2019-09-16-13-06-41/000688.txt,
2019-09-16-13-06-41_000689,2019-09-16-13-06-41,000689,000347,3,2,car,range_angle.box,2019-09-16-13-06-41/range_angle_processed/000689.npy,images/2019-09-16-13-06-41/000689.png,labels/2019-09-16-13-06-41/000689.txt,
2019-09-16-13-06-41_000690,2019-09-16-13-06-41,000690,000347,3,2,car,range_angle.box,2019-09-16-13-06-41/range_angle_processed/000690.npy,images/2019-09-16-13-06-41/000690.png,labels/2019-09-16-13-06-41/000690.txt,
2019-09-16-13-11-12_000017,2019-09-16-13-11-12,000017,000381,3,2,car,range_angle.box,2019-09-16-13-11-12/range_angle_processed/000017.npy,images/2019-09-16-13-11-12/000017.png,labels/2019-09-16-13-11-12/000017.txt,
2019-09-16-13-11-12_000018,2019-09-16-13-11-12,000018,000381,3,2,car,range_angle.box,2019-09-16-13-11-12/range_angle_processed/000018.npy,images/2019-09-16-13-11-12/000018.png,labels/2019-09-16-13-11-12/000018.txt,
2019-09-16-13-11-12_000019,2019-09-16-13-11-12,000019,000381,3,2,car,range_angle.box,2019-09-16-13-11-12/range_angle_processed/000019.npy,images/2019-09-16-13-11-12/000019.png,labels/2019-09-16-13-11-12/000019.txt,
2019-09-16-13-11-12_000020,2019-09-16-13-11-12,000020,000381,3,2,car,range_angle.box,2019-09-16-13-11-12/range_angle_processed/000020.npy,images/2019-09-16-13-11-12/000020.png,labels/2019-09-16-13-11-12/000020.txt,
2019-09-16-13-11-12_000021,2019-09-16-13-11-12,000021,000381,3,2,car,range_angle.box,2019-09-16-13-11-12/range_angle_processed/000021.npy,images/2019-09-16-13-11-12/000021.png,labels/2019-09-16-13-11-12/000021.txt,
2019-09-16-13-11-12_000022,2019-09-16-13-11-12,000022,000381,3,2,car,range_angle.box,2019-09-16-13-11-12/range_angle_processed/000022.npy,images/2019-09-16-13-11-12/000022.png,labels/2019-09-16-13-11-12/000022.txt,
2019-09-16-13-11-12_000023,2019-09-16-13-11-12,000023,000381,3,2,car,range_angle.box,2019-09-16-13-11-12/range_angle_processed/000023.npy,images/2019-09-16-13-11-12/000023.png,labels/2019-09-16-13-11-12/000023.txt,
2019-09-16-13-11-12_000024,2019-09-16-13-11-12,000024,000381,3,2,car,range_angle.box,2019-09-16-13-11-12/range_angle_processed/000024.npy,images/2019-09-16-13-11-12/000024.png,labels/2019-09-16-13-11-12/000024.txt,
2019-09-16-13-11-12_000025,2019-09-16-13-11-12,000025,000381,3,2,car,range_angle.box,2019-09-16-13-11-12/range_angle_processed/000025.npy,images/2019-09-16-13-11-12/000025.png,labels/2019-09-16-13-11-12/000025.txt,
2019-09-16-13-11-12_000026,2019-09-16-13-11-12,000026,000381,3,2,car,range_angle.box,2019-09-16-13-11-12/range_angle_processed/000026.npy,images/2019-09-16-13-11-12/000026.png,labels/2019-09-16-13-11-12/000026.txt,
2019-09-16-13-11-12_000027,2019-09-16-13-11-12,000027,000381,3,2,car,range_angle.box,2019-09-16-13-11-12/range_angle_processed/000027.npy,images/2019-09-16-13-11-12/000027.png,labels/2019-09-16-13-11-12/000027.txt,
2019-09-16-13-11-12_000028,2019-09-16-13-11-12,000028,000381,3,2,car,range_angle.box,2019-09-16-13-11-12/range_angle_processed/000028.npy,images/2019-09-16-13-11-12/000028.png,labels/2019-09-16-13-11-12/000028.txt,
2019-09-16-13-11-12_000029,2019-09-16-13-11-12,000029,000381,3,2,car,range_angle.box,2019-09-16-13-11-12/range_angle_processed/000029.npy,images/2019-09-16-13-11-12/000029.png,labels/2019-09-16-13-11-12/000029.txt,
2019-09-16-13-11-12_000030,2019-09-16-13-11-12,000030,000381,3,2,car,range_angle.box,2019-09-16-13-11-12/range_angle_processed/000030.npy,images/2019-09-16-13-11-12/000030.png,labels/2019-09-16-13-11-12/000030.txt,
2019-09-16-13-11-12_000031,2019-09-16-13-11-12,000031,000381,3,2,car,range_angle.box,2019-09-16-13-11-12/range_angle_processed/000031.npy,images/2019-09-16-13-11-12/000031.png,labels/2019-09-16-13-11-12/000031.txt,
2019-09-16-13-11-12_000032,2019-09-16-13-11-12,000032,000381,3,2,car,range_angle.box,2019-09-16-13-11-12/range_angle_processed/000032.npy,images/2019-09-16-13-11-12/000032.png,labels/2019-09-16-13-11-12/000032.txt,
2019-09-16-13-11-12_000033,2019-09-16-13-11-12,000033,000381,3,2,car,range_angle.box,2019-09-16-13-11-12/range_angle_processed/000033.npy,images/2019-09-16-13-11-12/000033.png,labels/2019-09-16-13-11-12/000033.txt,
2019-09-16-13-11-12_000034,2019-09-16-13-11-12,000034,000381,3,2,car,range_angle.box,2019-09-16-13-11-12/range_angle_processed/000034.npy,images/2019-09-16-13-11-12/000034.png,labels/2019-09-16-13-11-12/000034.txt,
2019-09-16-13-11-12_000035,2019-09-16-13-11-12,000035,000381,3,2,car,range_angle.box,2019-09-16-13-11-12/range_angle_processed/000035.npy,images/2019-09-16-13-11-12/000035.png,labels/2019-09-16-13-11-12/000035.txt,
2019-09-16-13-11-12_000036,2019-09-16-13-11-12,000036,000381,3,2,car,range_angle.box,2019-09-16-13-11-12/range_angle_processed/000036.npy,images/2019-09-16-13-11-12/000036.png,labels/2019-09-16-13-11-12/000036.txt,
2019-09-16-13-11-12_000037,2019-09-16-13-11-12,000037,000381,3,2,car,range_angle.box,2019-09-16-13-11-12/range_angle_processed/000037.npy,images/2019-09-16-13-11-12/000037.png,labels/2019-09-16-13-11-12/000037.txt,
2019-09-16-13-11-12_000038,2019-09-16-13-11-12,000038,000381,3,2,car,range_angle.box,2019-09-16-13-11-12/range_angle_processed/000038.npy,images/2019-09-16-13-11-12/000038.png,labels/2019-09-16-13-11-12/000038.txt,
2019-09-16-13-11-12_000039,2019-09-16-13-11-12,000039,000381,3,2,car,range_angle.box,2019-09-16-13-11-12/range_angle_processed/000039.npy,images/2019-09-16-13-11-12/000039.png,labels/2019-09-16-13-11-12/000039.txt,
2019-09-16-13-11-12_000040,2019-09-16-13-11-12,000040,000381,3,2,car,range_angle.box,2019-09-16-13-11-12/range_angle_processed/000040.npy,images/2019-09-16-13-11-12/000040.png,labels/2019-09-16-13-11-12/000040.txt,
2019-09-16-13-11-12_000041,2019-09-16-13-11-12,000041,000381,3,2,car,range_angle.box,2019-09-16-13-11-12/range_angle_processed/000041.npy,images/2019-09-16-13-11-12/000041.png,labels/2019-09-16-13-11-12/000041.txt,
2019-09-16-13-11-12_000042,2019-09-16-13-11-12,000042,000381,3,2,car,range_angle.box,2019-09-16-13-11-12/range_angle_processed/000042.npy,images/2019-09-16-13-11-12/000042.png,labels/2019-09-16-13-11-12/000042.txt,
2019-09-16-13-11-12_000043,2019-09-16-13-11-12,000043,000381,3,2,car,range_angle.box,2019-09-16-13-11-12/range_angle_processed/000043.npy,images/2019-09-16-13-11-12/000043.png,labels/2019-09-16-13-11-12/000043.txt,
2019-09-16-13-11-12_000044,2019-09-16-13-11-12,000044,000381,3,2,car,range_angle.box,2019-09-16-13-11-12/range_angle_processed/000044.npy,images/2019-09-16-13-11-12/000044.png,labels/2019-09-16-13-11-12/000044.txt,
2019-09-16-13-11-12_000045,2019-09-16-13-11-12,000045,000381,3,2,car,range_angle.box,2019-09-16-13-11-12/range_angle_processed/000045.npy,images/2019-09-16-13-11-12/000045.png,labels/2019-09-16-13-11-12/000045.txt,
2019-09-16-13-11-12_000046,2019-09-16-13-11-12,000046,000381,3,2,car,range_angle.box,2019-09-16-13-11-12/range_angle_processed/000046.npy,images/2019-09-16-13-11-12/000046.png,labels/2019-09-16-13-11-12/000046.txt,
2019-09-16-13-11-12_000047,2019-09-16-13-11-12,000047,000381,3,2,car,range_angle.box,2019-09-16-13-11-12/range_angle_processed/000047.npy,images/2019-09-16-13-11-12/000047.png,labels/2019-09-16-13-11-12/000047.txt,
2019-09-16-13-11-12_000048,2019-09-16-13-11-12,000048,000381,3,2,car,range_angle.box,2019-09-16-13-11-12/range_angle_processed/000048.npy,images/2019-09-16-13-11-12/000048.png,labels/2019-09-16-13-11-12/000048.txt,
2019-09-16-13-11-12_000049,2019-09-16-13-11-12,000049,000381,3,2,car,range_angle.box,2019-09-16-13-11-12/range_angle_processed/000049.npy,images/2019-09-16-13-11-12/000049.png,labels/2019-09-16-13-11-12/000049.txt,
2019-09-16-13-11-12_000050,2019-09-16-13-11-12,000050,000381,3,2,car,range_angle.box,2019-09-16-13-11-12/range_angle_processed/000050.npy,images/2019-09-16-13-11-12/000050.png,labels/2019-09-16-13-11-12/000050.txt,
2019-09-16-13-11-12_000051,2019-09-16-13-11-12,000051,000381,3,2,car,range_angle.box,2019-09-16-13-11-12/range_angle_processed/000051.npy,images/2019-09-16-13-11-12/000051.png,labels/2019-09-16-13-11-12/000051.txt,
2019-09-16-13-11-12_000052,2019-09-16-13-11-12,000052,000381,3,2,car,range_angle.box,2019-09-16-13-11-12/range_angle_processed/000052.npy,images/2019-09-16-13-11-12/000052.png,labels/2019-09-16-13-11-12/000052.txt,
2019-09-16-13-11-12_000053,2019-09-16-13-11-12,000053,000381,3,2,car,range_angle.box,2019-09-16-13-11-12/range_angle_processed/000053.npy,images/2019-09-16-13-11-12/000053.png,labels/2019-09-16-13-11-12/000053.txt,
2019-09-16-13-11-12_000054,2019-09-16-13-11-12,000054,000381,3,2,car,range_angle.box,2019-09-16-13-11-12/range_angle_processed/000054.npy,images/2019-09-16-13-11-12/000054.png,labels/2019-09-16-13-11-12/000054.txt,
2019-09-16-13-11-12_000055,2019-09-16-13-11-12,000055,000381,3,2,car,range_angle.box,2019-09-16-13-11-12/range_angle_processed/000055.npy,images/2019-09-16-13-11-12/000055.png,labels/2019-09-16-13-11-12/000055.txt,
2019-09-16-13-11-12_000056,2019-09-16-13-11-12,000056,000381,3,2,car,range_angle.box,2019-09-16-13-11-12/range_angle_processed/000056.npy,images/2019-09-16-13-11-12/000056.png,labels/2019-09-16-13-11-12/000056.txt,
2019-09-16-13-11-12_000057,2019-09-16-13-11-12,000057,000381,3,2,car,range_angle.box,2019-09-16-13-11-12/range_angle_processed/000057.npy,images/2019-09-16-13-11-12/000057.png,labels/2019-09-16-13-11-12/000057.txt,
2019-09-16-13-11-12_000058,2019-09-16-13-11-12,000058,000381,3,2,car,range_angle.box,2019-09-16-13-11-12/range_angle_processed/000058.npy,images/2019-09-16-13-11-12/000058.png,labels/2019-09-16-13-11-12/000058.txt,
2019-09-16-13-11-12_000059,2019-09-16-13-11-12,000059,000381,3,2,car,range_angle.box,2019-09-16-13-11-12/range_angle_processed/000059.npy,images/2019-09-16-13-11-12/000059.png,labels/2019-09-16-13-11-12/000059.txt,
2019-09-16-13-11-12_000060,2019-09-16-13-11-12,000060,000381,3,2,car,range_angle.box,2019-09-16-13-11-12/range_angle_processed/000060.npy,images/2019-09-16-13-11-12/000060.png,labels/2019-09-16-13-11-12/000060.txt,
2019-09-16-13-11-12_000061,2019-09-16-13-11-12,000061,000381,3,2,car,range_angle.box,2019-09-16-13-11-12/range_angle_processed/000061.npy,images/2019-09-16-13-11-12/000061.png,labels/2019-09-16-13-11-12/000061.txt,
2019-09-16-13-11-12_000062,2019-09-16-13-11-12,000062,000381,3,2,car,range_angle.box,2019-09-16-13-11-12/range_angle_processed/000062.npy,images/2019-09-16-13-11-12/000062.png,labels/2019-09-16-13-11-12/000062.txt,
2019-09-16-13-11-12_000063,2019-09-16-13-11-12,000063,000381,3,2,car,range_angle.box,2019-09-16-13-11-12/range_angle_processed/000063.npy,images/2019-09-16-13-11-12/000063.png,labels/2019-09-16-13-11-12/000063.txt,
2019-09-16-13-11-12_000064,2019-09-16-13-11-12,000064,000381,3,2,car,range_angle.box,2019-09-16-13-11-12/range_angle_processed/000064.npy,images/2019-09-16-13-11-12/000064.png,labels/2019-09-16-13-11-12/000064.txt,
2019-09-16-13-11-12_000065,2019-09-16-13-11-12,000065,000381,3,2,car,range_angle.box,2019-09-16-13-11-12/range_angle_processed/000065.npy,images/2019-09-16-13-11-12/000065.png,labels/2019-09-16-13-11-12/000065.txt,
2019-09-16-13-11-12_000066,2019-09-16-13-11-12,000066,000381,3,2,car,range_angle.box,2019-09-16-13-11-12/range_angle_processed/000066.npy,images/2019-09-16-13-11-12/000066.png,labels/2019-09-16-13-11-12/000066.txt,
2019-09-16-13-11-12_000067,2019-09-16-13-11-12,000067,000381,3,2,car,range_angle.box,2019-09-16-13-11-12/range_angle_processed/000067.npy,images/2019-09-16-13-11-12/000067.png,labels/2019-09-16-13-11-12/000067.txt,
2019-09-16-13-11-12_000068,2019-09-16-13-11-12,000068,000381,3,2,car,range_angle.box,2019-09-16-13-11-12/range_angle_processed/000068.npy,images/2019-09-16-13-11-12/000068.png,labels/2019-09-16-13-11-12/000068.txt,
2019-09-16-13-11-12_000069,2019-09-16-13-11-12,000069,000381,3,2,car,range_angle.box,2019-09-16-13-11-12/range_angle_processed/000069.npy,images/2019-09-16-13-11-12/000069.png,labels/2019-09-16-13-11-12/000069.txt,
2019-09-16-13-11-12_000070,2019-09-16-13-11-12,000070,000381,3,2,car,range_angle.box,2019-09-16-13-11-12/range_angle_processed/000070.npy,images/2019-09-16-13-11-12/000070.png,labels/2019-09-16-13-11-12/000070.txt,
2019-09-16-13-11-12_000071,2019-09-16-13-11-12,000071,000381,3,2,car,range_angle.box,2019-09-16-13-11-12/range_angle_processed/000071.npy,images/2019-09-16-13-11-12/000071.png,labels/2019-09-16-13-11-12/000071.txt,
2019-09-16-13-11-12_000072,2019-09-16-13-11-12,000072,000381,3,2,car,range_angle.box,2019-09-16-13-11-12/range_angle_processed/000072.npy,images/2019-09-16-13-11-12/000072.png,labels/2019-09-16-13-11-12/000072.txt,
2019-09-16-13-11-12_000073,2019-09-16-13-11-12,000073,000381,3,2,car,range_angle.box,2019-09-16-13-11-12/range_angle_processed/000073.npy,images/2019-09-16-13-11-12/000073.png,labels/2019-09-16-13-11-12/000073.txt,
2019-09-16-13-11-12_000074,2019-09-16-13-11-12,000074,000381,3,2,car,range_angle.box,2019-09-16-13-11-12/range_angle_processed/000074.npy,images/2019-09-16-13-11-12/000074.png,labels/2019-09-16-13-11-12/000074.txt,
2019-09-16-13-11-12_000075,2019-09-16-13-11-12,000075,000381,3,2,car,range_angle.box,2019-09-16-13-11-12/range_angle_processed/000075.npy,images/2019-09-16-13-11-12/000075.png,labels/2019-09-16-13-11-12/000075.txt,
2019-09-16-13-11-12_000076,2019-09-16-13-11-12,000076,000381,3,2,car,range_angle.box,2019-09-16-13-11-12/range_angle_processed/000076.npy,images/2019-09-16-13-11-12/000076.png,labels/2019-09-16-13-11-12/000076.txt,
2019-09-16-13-11-12_000077,2019-09-16-13-11-12,000077,000381,3,2,car,range_angle.box,2019-09-16-13-11-12/range_angle_processed/000077.npy,images/2019-09-16-13-11-12/000077.png,labels/2019-09-16-13-11-12/000077.txt,
2019-09-16-13-11-12_000078,2019-09-16-13-11-12,000078,000381,3,2,car,range_angle.box,2019-09-16-13-11-12/range_angle_processed/000078.npy,images/2019-09-16-13-11-12/000078.png,labels/2019-09-16-13-11-12/000078.txt,
2019-09-16-13-11-12_000079,2019-09-16-13-11-12,000079,000381,3,2,car,range_angle.box,2019-09-16-13-11-12/range_angle_processed/000079.npy,images/2019-09-16-13-11-12/000079.png,labels/2019-09-16-13-11-12/000079.txt,
2019-09-16-13-11-12_000135,2019-09-16-13-11-12,000135,000401,3,2,car,range_angle.box,2019-09-16-13-11-12/range_angle_processed/000135.npy,images/2019-09-16-13-11-12/000135.png,labels/2019-09-16-13-11-12/000135.txt,
2019-09-16-13-11-12_000136,2019-09-16-13-11-12,000136,000401,3,2,car,range_angle.box,2019-09-16-13-11-12/range_angle_processed/000136.npy,images/2019-09-16-13-11-12/000136.png,labels/2019-09-16-13-11-12/000136.txt,
2019-09-16-13-11-12_000137,2019-09-16-13-11-12,000137,000401,3,2,car,range_angle.box,2019-09-16-13-11-12/range_angle_processed/000137.npy,images/2019-09-16-13-11-12/000137.png,labels/2019-09-16-13-11-12/000137.txt,
2019-09-16-13-11-12_000138,2019-09-16-13-11-12,000138,000401,3,2,car,range_angle.box,2019-09-16-13-11-12/range_angle_processed/000138.npy,images/2019-09-16-13-11-12/000138.png,labels/2019-09-16-13-11-12/000138.txt,
2019-09-16-13-11-12_000139,2019-09-16-13-11-12,000139,000401,3,2,car,range_angle.box,2019-09-16-13-11-12/range_angle_processed/000139.npy,images/2019-09-16-13-11-12/000139.png,labels/2019-09-16-13-11-12/000139.txt,
2019-09-16-13-11-12_000140,2019-09-16-13-11-12,000140,000401,3,2,car,range_angle.box,2019-09-16-13-11-12/range_angle_processed/000140.npy,images/2019-09-16-13-11-12/000140.png,labels/2019-09-16-13-11-12/000140.txt,
2019-09-16-13-11-12_000141,2019-09-16-13-11-12,000141,000401,3,2,car,range_angle.box,2019-09-16-13-11-12/range_angle_processed/000141.npy,images/2019-09-16-13-11-12/000141.png,labels/2019-09-16-13-11-12/000141.txt,
2019-09-16-13-11-12_000142,2019-09-16-13-11-12,000142,000401,3,2,car,range_angle.box,2019-09-16-13-11-12/range_angle_processed/000142.npy,images/2019-09-16-13-11-12/000142.png,labels/2019-09-16-13-11-12/000142.txt,
2019-09-16-13-11-12_000143,2019-09-16-13-11-12,000143,000401,3,2,car,range_angle.box,2019-09-16-13-11-12/range_angle_processed/000143.npy,images/2019-09-16-13-11-12/000143.png,labels/2019-09-16-13-11-12/000143.txt,
2019-09-16-13-11-12_000144,2019-09-16-13-11-12,000144,000401,3,2,car,range_angle.box,2019-09-16-13-11-12/range_angle_processed/000144.npy,images/2019-09-16-13-11-12/000144.png,labels/2019-09-16-13-11-12/000144.txt,
2019-09-16-13-11-12_000145,2019-09-16-13-11-12,000145,000401,3,2,car,range_angle.box,2019-09-16-13-11-12/range_angle_processed/000145.npy,images/2019-09-16-13-11-12/000145.png,labels/2019-09-16-13-11-12/000145.txt,
2019-09-16-13-11-12_000146,2019-09-16-13-11-12,000146,000401,3,2,car,range_angle.box,2019-09-16-13-11-12/range_angle_processed/000146.npy,images/2019-09-16-13-11-12/000146.png,labels/2019-09-16-13-11-12/000146.txt,
2019-09-16-13-11-12_000147,2019-09-16-13-11-12,000147,000401,3,2,car,range_angle.box,2019-09-16-13-11-12/range_angle_processed/000147.npy,images/2019-09-16-13-11-12/000147.png,labels/2019-09-16-13-11-12/000147.txt,
2019-09-16-13-11-12_000148,2019-09-16-13-11-12,000148,000401,3,2,car,range_angle.box,2019-09-16-13-11-12/range_angle_processed/000148.npy,images/2019-09-16-13-11-12/000148.png,labels/2019-09-16-13-11-12/000148.txt,
2019-09-16-13-11-12_000149,2019-09-16-13-11-12,000149,000401,3,2,car,range_angle.box,2019-09-16-13-11-12/range_angle_processed/000149.npy,images/2019-09-16-13-11-12/000149.png,labels/2019-09-16-13-11-12/000149.txt,
2019-09-16-13-11-12_000150,2019-09-16-13-11-12,000150,000401,3,2,car,range_angle.box,2019-09-16-13-11-12/range_angle_processed/000150.npy,images/2019-09-16-13-11-12/000150.png,labels/2019-09-16-13-11-12/000150.txt,
2019-09-16-13-11-12_000151,2019-09-16-13-11-12,000151,000401,3,2,car,range_angle.box,2019-09-16-13-11-12/range_angle_processed/000151.npy,images/2019-09-16-13-11-12/000151.png,labels/2019-09-16-13-11-12/000151.txt,
2019-09-16-13-11-12_000152,2019-09-16-13-11-12,000152,000401,3,2,car,range_angle.box,2019-09-16-13-11-12/range_angle_processed/000152.npy,images/2019-09-16-13-11-12/000152.png,labels/2019-09-16-13-11-12/000152.txt,
2019-09-16-13-11-12_000153,2019-09-16-13-11-12,000153,000401,3,2,car,range_angle.box,2019-09-16-13-11-12/range_angle_processed/000153.npy,images/2019-09-16-13-11-12/000153.png,labels/2019-09-16-13-11-12/000153.txt,
2019-09-16-13-11-12_000154,2019-09-16-13-11-12,000154,000401,3,2,car,range_angle.box,2019-09-16-13-11-12/range_angle_processed/000154.npy,images/2019-09-16-13-11-12/000154.png,labels/2019-09-16-13-11-12/000154.txt,
2019-09-16-13-11-12_000155,2019-09-16-13-11-12,000155,000401,3,2,car,range_angle.box,2019-09-16-13-11-12/range_angle_processed/000155.npy,images/2019-09-16-13-11-12/000155.png,labels/2019-09-16-13-11-12/000155.txt,
2019-09-16-13-11-12_000156,2019-09-16-13-11-12,000156,000401,3,2,car,range_angle.box,2019-09-16-13-11-12/range_angle_processed/000156.npy,images/2019-09-16-13-11-12/000156.png,labels/2019-09-16-13-11-12/000156.txt,
2019-09-16-13-11-12_000157,2019-09-16-13-11-12,000157,000401,3,2,car,range_angle.box,2019-09-16-13-11-12/range_angle_processed/000157.npy,images/2019-09-16-13-11-12/000157.png,labels/2019-09-16-13-11-12/000157.txt,
2019-09-16-13-11-12_000158,2019-09-16-13-11-12,000158,000401,3,2,car,range_angle.box,2019-09-16-13-11-12/range_angle_processed/000158.npy,images/2019-09-16-13-11-12/000158.png,labels/2019-09-16-13-11-12/000158.txt,
2019-09-16-13-11-12_000159,2019-09-16-13-11-12,000159,000401,3,2,car,range_angle.box,2019-09-16-13-11-12/range_angle_processed/000159.npy,images/2019-09-16-13-11-12/000159.png,labels/2019-09-16-13-11-12/000159.txt,
2019-09-16-13-11-12_000160,2019-09-16-13-11-12,000160,000401,3,2,car,range_angle.box,2019-09-16-13-11-12/range_angle_processed/000160.npy,images/2019-09-16-13-11-12/000160.png,labels/2019-09-16-13-11-12/000160.txt,
2019-09-16-13-11-12_000161,2019-09-16-13-11-12,000161,000401,3,2,car,range_angle.box,2019-09-16-13-11-12/range_angle_processed/000161.npy,images/2019-09-16-13-11-12/000161.png,labels/2019-09-16-13-11-12/000161.txt,
2019-09-16-13-11-12_000162,2019-09-16-13-11-12,000162,000401,3,2,car,range_angle.box,2019-09-16-13-11-12/range_angle_processed/000162.npy,images/2019-09-16-13-11-12/000162.png,labels/2019-09-16-13-11-12/000162.txt,
2019-09-16-13-11-12_000163,2019-09-16-13-11-12,000163,000401,3,2,car,range_angle.box,2019-09-16-13-11-12/range_angle_processed/000163.npy,images/2019-09-16-13-11-12/000163.png,labels/2019-09-16-13-11-12/000163.txt,
2019-09-16-13-11-12_000164,2019-09-16-13-11-12,000164,000401,3,2,car,range_angle.box,2019-09-16-13-11-12/range_angle_processed/000164.npy,images/2019-09-16-13-11-12/000164.png,labels/2019-09-16-13-11-12/000164.txt,
2019-09-16-13-11-12_000165,2019-09-16-13-11-12,000165,000401,3,2,car,range_angle.box,2019-09-16-13-11-12/range_angle_processed/000165.npy,images/2019-09-16-13-11-12/000165.png,labels/2019-09-16-13-11-12/000165.txt,
2019-09-16-13-11-12_000166,2019-09-16-13-11-12,000166,000401,3,2,car,range_angle.box,2019-09-16-13-11-12/range_angle_processed/000166.npy,images/2019-09-16-13-11-12/000166.png,labels/2019-09-16-13-11-12/000166.txt,
2019-09-16-13-11-12_000167,2019-09-16-13-11-12,000167,000401,3,2,car,range_angle.box,2019-09-16-13-11-12/range_angle_processed/000167.npy,images/2019-09-16-13-11-12/000167.png,labels/2019-09-16-13-11-12/000167.txt,
2019-09-16-13-11-12_000168,2019-09-16-13-11-12,000168,000401,3,2,car,range_angle.box,2019-09-16-13-11-12/range_angle_processed/000168.npy,images/2019-09-16-13-11-12/000168.png,labels/2019-09-16-13-11-12/000168.txt,
2019-09-16-13-11-12_000169,2019-09-16-13-11-12,000169,000401,3,2,car,range_angle.box,2019-09-16-13-11-12/range_angle_processed/000169.npy,images/2019-09-16-13-11-12/000169.png,labels/2019-09-16-13-11-12/000169.txt,
2019-09-16-13-11-12_000170,2019-09-16-13-11-12,000170,000401,3,2,car,range_angle.box,2019-09-16-13-11-12/range_angle_processed/000170.npy,images/2019-09-16-13-11-12/000170.png,labels/2019-09-16-13-11-12/000170.txt,
2019-09-16-13-11-12_000171,2019-09-16-13-11-12,000171,000401,3,2,car,range_angle.box,2019-09-16-13-11-12/range_angle_processed/000171.npy,images/2019-09-16-13-11-12/000171.png,labels/2019-09-16-13-11-12/000171.txt,
2019-09-16-13-11-12_000172,2019-09-16-13-11-12,000172,000401,3,2,car,range_angle.box,2019-09-16-13-11-12/range_angle_processed/000172.npy,images/2019-09-16-13-11-12/000172.png,labels/2019-09-16-13-11-12/000172.txt,
2019-09-16-13-11-12_000173,2019-09-16-13-11-12,000173,000401,3,2,car,range_angle.box,2019-09-16-13-11-12/range_angle_processed/000173.npy,images/2019-09-16-13-11-12/000173.png,labels/2019-09-16-13-11-12/000173.txt,
2019-09-16-13-11-12_000174,2019-09-16-13-11-12,000174,000401,3,2,car,range_angle.box,2019-09-16-13-11-12/range_angle_processed/000174.npy,images/2019-09-16-13-11-12/000174.png,labels/2019-09-16-13-11-12/000174.txt,
2019-09-16-13-11-12_000175,2019-09-16-13-11-12,000175,000401,3,2,car,range_angle.box,2019-09-16-13-11-12/range_angle_processed/000175.npy,images/2019-09-16-13-11-12/000175.png,labels/2019-09-16-13-11-12/000175.txt,
2019-09-16-13-11-12_000176,2019-09-16-13-11-12,000176,000401,3,2,car,range_angle.box,2019-09-16-13-11-12/range_angle_processed/000176.npy,images/2019-09-16-13-11-12/000176.png,labels/2019-09-16-13-11-12/000176.txt,
2019-09-16-13-11-12_000177,2019-09-16-13-11-12,000177,000401,3,2,car,range_angle.box,2019-09-16-13-11-12/range_angle_processed/000177.npy,images/2019-09-16-13-11-12/000177.png,labels/2019-09-16-13-11-12/000177.txt,
2019-09-16-13-11-12_000178,2019-09-16-13-11-12,000178,000401,3,2,car,range_angle.box,2019-09-16-13-11-12/range_angle_processed/000178.npy,images/2019-09-16-13-11-12/000178.png,labels/2019-09-16-13-11-12/000178.txt,
2019-09-16-13-11-12_000179,2019-09-16-13-11-12,000179,000401,3,2,car,range_angle.box,2019-09-16-13-11-12/range_angle_processed/000179.npy,images/2019-09-16-13-11-12/000179.png,labels/2019-09-16-13-11-12/000179.txt,
2019-09-16-13-11-12_000180,2019-09-16-13-11-12,000180,000401,3,2,car,range_angle.box,2019-09-16-13-11-12/range_angle_processed/000180.npy,images/2019-09-16-13-11-12/000180.png,labels/2019-09-16-13-11-12/000180.txt,
2019-09-16-13-11-12_000181,2019-09-16-13-11-12,000181,000401,3,2,car,range_angle.box,2019-09-16-13-11-12/range_angle_processed/000181.npy,images/2019-09-16-13-11-12/000181.png,labels/2019-09-16-13-11-12/000181.txt,
2019-09-16-13-11-12_000182,2019-09-16-13-11-12,000182,000401,3,2,car,range_angle.box,2019-09-16-13-11-12/range_angle_processed/000182.npy,images/2019-09-16-13-11-12/000182.png,labels/2019-09-16-13-11-12/000182.txt,
2019-09-16-13-11-12_000183,2019-09-16-13-11-12,000183,000401,3,2,car,range_angle.box,2019-09-16-13-11-12/range_angle_processed/000183.npy,images/2019-09-16-13-11-12/000183.png,labels/2019-09-16-13-11-12/000183.txt,
2019-09-16-13-11-12_000184,2019-09-16-13-11-12,000184,000401,3,2,car,range_angle.box,2019-09-16-13-11-12/range_angle_processed/000184.npy,images/2019-09-16-13-11-12/000184.png,labels/2019-09-16-13-11-12/000184.txt,
2019-09-16-13-11-12_000185,2019-09-16-13-11-12,000185,000401,3,2,car,range_angle.box,2019-09-16-13-11-12/range_angle_processed/000185.npy,images/2019-09-16-13-11-12/000185.png,labels/2019-09-16-13-11-12/000185.txt,
2019-09-16-13-11-12_000186,2019-09-16-13-11-12,000186,000401,3,2,car,range_angle.box,2019-09-16-13-11-12/range_angle_processed/000186.npy,images/2019-09-16-13-11-12/000186.png,labels/2019-09-16-13-11-12/000186.txt,
2019-09-16-13-11-12_000187,2019-09-16-13-11-12,000187,000401,3,2,car,range_angle.box,2019-09-16-13-11-12/range_angle_processed/000187.npy,images/2019-09-16-13-11-12/000187.png,labels/2019-09-16-13-11-12/000187.txt,
2019-09-16-13-11-12_000188,2019-09-16-13-11-12,000188,000401,3,2,car,range_angle.box,2019-09-16-13-11-12/range_angle_processed/000188.npy,images/2019-09-16-13-11-12/000188.png,labels/2019-09-16-13-11-12/000188.txt,
2019-09-16-13-11-12_000189,2019-09-16-13-11-12,000189,000401,3,2,car,range_angle.box,2019-09-16-13-11-12/range_angle_processed/000189.npy,images/2019-09-16-13-11-12/000189.png,labels/2019-09-16-13-11-12/000189.txt,
2019-09-16-13-11-12_000190,2019-09-16-13-11-12,000190,000401,3,2,car,range_angle.box,2019-09-16-13-11-12/range_angle_processed/000190.npy,images/2019-09-16-13-11-12/000190.png,labels/2019-09-16-13-11-12/000190.txt,
2019-09-16-13-11-12_000191,2019-09-16-13-11-12,000191,000401,3,2,car,range_angle.box,2019-09-16-13-11-12/range_angle_processed/000191.npy,images/2019-09-16-13-11-12/000191.png,labels/2019-09-16-13-11-12/000191.txt,
2019-09-16-13-11-12_000192,2019-09-16-13-11-12,000192,000401,3,2,car,range_angle.box,2019-09-16-13-11-12/range_angle_processed/000192.npy,images/2019-09-16-13-11-12/000192.png,labels/2019-09-16-13-11-12/000192.txt,
2019-09-16-13-11-12_000193,2019-09-16-13-11-12,000193,000401,3,2,car,range_angle.box,2019-09-16-13-11-12/range_angle_processed/000193.npy,images/2019-09-16-13-11-12/000193.png,labels/2019-09-16-13-11-12/000193.txt,
2019-09-16-13-11-12_000194,2019-09-16-13-11-12,000194,000401,3,2,car,range_angle.box,2019-09-16-13-11-12/range_angle_processed/000194.npy,images/2019-09-16-13-11-12/000194.png,labels/2019-09-16-13-11-12/000194.txt,
2019-09-16-13-11-12_000195,2019-09-16-13-11-12,000195,000401,3,2,car,range_angle.box,2019-09-16-13-11-12/range_angle_processed/000195.npy,images/2019-09-16-13-11-12/000195.png,labels/2019-09-16-13-11-12/000195.txt,
2019-09-16-13-11-12_000196,2019-09-16-13-11-12,000196,000401,3,2,car,range_angle.box,2019-09-16-13-11-12/range_angle_processed/000196.npy,images/2019-09-16-13-11-12/000196.png,labels/2019-09-16-13-11-12/000196.txt,
2019-09-16-13-11-12_000197,2019-09-16-13-11-12,000197,000401,3,2,car,range_angle.box,2019-09-16-13-11-12/range_angle_processed/000197.npy,images/2019-09-16-13-11-12/000197.png,labels/2019-09-16-13-11-12/000197.txt,
2019-09-16-13-11-12_000198,2019-09-16-13-11-12,000198,000401,3,2,car,range_angle.box,2019-09-16-13-11-12/range_angle_processed/000198.npy,images/2019-09-16-13-11-12/000198.png,labels/2019-09-16-13-11-12/000198.txt,
2019-09-16-13-11-12_000199,2019-09-16-13-11-12,000199,000401,3,2,car,range_angle.box,2019-09-16-13-11-12/range_angle_processed/000199.npy,images/2019-09-16-13-11-12/000199.png,labels/2019-09-16-13-11-12/000199.txt,
2019-09-16-13-11-12_000200,2019-09-16-13-11-12,000200,000401,3,2,car,range_angle.box,2019-09-16-13-11-12/range_angle_processed/000200.npy,images/2019-09-16-13-11-12/000200.png,labels/2019-09-16-13-11-12/000200.txt,
2019-09-16-13-11-12_000201,2019-09-16-13-11-12,000201,000401,3,2,car,range_angle.box,2019-09-16-13-11-12/range_angle_processed/000201.npy,images/2019-09-16-13-11-12/000201.png,labels/2019-09-16-13-11-12/000201.txt,
2019-09-16-13-11-12_000202,2019-09-16-13-11-12,000202,000401,3,2,car,range_angle.box,2019-09-16-13-11-12/range_angle_processed/000202.npy,images/2019-09-16-13-11-12/000202.png,labels/2019-09-16-13-11-12/000202.txt,
2019-09-16-13-11-12_000203,2019-09-16-13-11-12,000203,000401,3,2,car,range_angle.box,2019-09-16-13-11-12/range_angle_processed/000203.npy,images/2019-09-16-13-11-12/000203.png,labels/2019-09-16-13-11-12/000203.txt,
2019-09-16-13-11-12_000245,2019-09-16-13-11-12,000245,000416,3,2,car,range_angle.box,2019-09-16-13-11-12/range_angle_processed/000245.npy,images/2019-09-16-13-11-12/000245.png,labels/2019-09-16-13-11-12/000245.txt,
2019-09-16-13-11-12_000246,2019-09-16-13-11-12,000246,000416,3,2,car,range_angle.box,2019-09-16-13-11-12/range_angle_processed/000246.npy,images/2019-09-16-13-11-12/000246.png,labels/2019-09-16-13-11-12/000246.txt,
2019-09-16-13-11-12_000247,2019-09-16-13-11-12,000247,000416,3,2,car,range_angle.box,2019-09-16-13-11-12/range_angle_processed/000247.npy,images/2019-09-16-13-11-12/000247.png,labels/2019-09-16-13-11-12/000247.txt,
2019-09-16-13-11-12_000248,2019-09-16-13-11-12,000248,000416,3,2,car,range_angle.box,2019-09-16-13-11-12/range_angle_processed/000248.npy,images/2019-09-16-13-11-12/000248.png,labels/2019-09-16-13-11-12/000248.txt,
2019-09-16-13-11-12_000249,2019-09-16-13-11-12,000249,000416,3,2,car,range_angle.box,2019-09-16-13-11-12/range_angle_processed/000249.npy,images/2019-09-16-13-11-12/000249.png,labels/2019-09-16-13-11-12/000249.txt,
2019-09-16-13-11-12_000250,2019-09-16-13-11-12,000250,000416,3,2,car,range_angle.box,2019-09-16-13-11-12/range_angle_processed/000250.npy,images/2019-09-16-13-11-12/000250.png,labels/2019-09-16-13-11-12/000250.txt,
2019-09-16-13-11-12_000251,2019-09-16-13-11-12,000251,000416,3,2,car,range_angle.box,2019-09-16-13-11-12/range_angle_processed/000251.npy,images/2019-09-16-13-11-12/000251.png,labels/2019-09-16-13-11-12/000251.txt,
2019-09-16-13-11-12_000252,2019-09-16-13-11-12,000252,000416,3,2,car,range_angle.box,2019-09-16-13-11-12/range_angle_processed/000252.npy,images/2019-09-16-13-11-12/000252.png,labels/2019-09-16-13-11-12/000252.txt,
2019-09-16-13-11-12_000253,2019-09-16-13-11-12,000253,000416,3,2,car,range_angle.box,2019-09-16-13-11-12/range_angle_processed/000253.npy,images/2019-09-16-13-11-12/000253.png,labels/2019-09-16-13-11-12/000253.txt,
2019-09-16-13-11-12_000254,2019-09-16-13-11-12,000254,000416,3,2,car,range_angle.box,2019-09-16-13-11-12/range_angle_processed/000254.npy,images/2019-09-16-13-11-12/000254.png,labels/2019-09-16-13-11-12/000254.txt,
2019-09-16-13-11-12_000255,2019-09-16-13-11-12,000255,000416,3,2,car,range_angle.box,2019-09-16-13-11-12/range_angle_processed/000255.npy,images/2019-09-16-13-11-12/000255.png,labels/2019-09-16-13-11-12/000255.txt,
2019-09-16-13-11-12_000256,2019-09-16-13-11-12,000256,000416,3,2,car,range_angle.box,2019-09-16-13-11-12/range_angle_processed/000256.npy,images/2019-09-16-13-11-12/000256.png,labels/2019-09-16-13-11-12/000256.txt,
2019-09-16-13-11-12_000257,2019-09-16-13-11-12,000257,000416,3,2,car,range_angle.box,2019-09-16-13-11-12/range_angle_processed/000257.npy,images/2019-09-16-13-11-12/000257.png,labels/2019-09-16-13-11-12/000257.txt,
2019-09-16-13-11-12_000258,2019-09-16-13-11-12,000258,000416,3,2,car,range_angle.box,2019-09-16-13-11-12/range_angle_processed/000258.npy,images/2019-09-16-13-11-12/000258.png,labels/2019-09-16-13-11-12/000258.txt,
2019-09-16-13-11-12_000259,2019-09-16-13-11-12,000259,000416,3,2,car,range_angle.box,2019-09-16-13-11-12/range_angle_processed/000259.npy,images/2019-09-16-13-11-12/000259.png,labels/2019-09-16-13-11-12/000259.txt,
2019-09-16-13-11-12_000260,2019-09-16-13-11-12,000260,000416,3,2,car,range_angle.box,2019-09-16-13-11-12/range_angle_processed/000260.npy,images/2019-09-16-13-11-12/000260.png,labels/2019-09-16-13-11-12/000260.txt,
2019-09-16-13-11-12_000261,2019-09-16-13-11-12,000261,000416,3,2,car,range_angle.box,2019-09-16-13-11-12/range_angle_processed/000261.npy,images/2019-09-16-13-11-12/000261.png,labels/2019-09-16-13-11-12/000261.txt,
2019-09-16-13-11-12_000262,2019-09-16-13-11-12,000262,000416,3,2,car,range_angle.box,2019-09-16-13-11-12/range_angle_processed/000262.npy,images/2019-09-16-13-11-12/000262.png,labels/2019-09-16-13-11-12/000262.txt,
2019-09-16-13-11-12_000263,2019-09-16-13-11-12,000263,000416,3,2,car,range_angle.box,2019-09-16-13-11-12/range_angle_processed/000263.npy,images/2019-09-16-13-11-12/000263.png,labels/2019-09-16-13-11-12/000263.txt,
2019-09-16-13-11-12_000264,2019-09-16-13-11-12,000264,000416,3,2,car,range_angle.box,2019-09-16-13-11-12/range_angle_processed/000264.npy,images/2019-09-16-13-11-12/000264.png,labels/2019-09-16-13-11-12/000264.txt,
2019-09-16-13-11-12_000265,2019-09-16-13-11-12,000265,000416,3,2,car,range_angle.box,2019-09-16-13-11-12/range_angle_processed/000265.npy,images/2019-09-16-13-11-12/000265.png,labels/2019-09-16-13-11-12/000265.txt,
2019-09-16-13-11-12_000266,2019-09-16-13-11-12,000266,000416,3,2,car,range_angle.box,2019-09-16-13-11-12/range_angle_processed/000266.npy,images/2019-09-16-13-11-12/000266.png,labels/2019-09-16-13-11-12/000266.txt,
2019-09-16-13-11-12_000267,2019-09-16-13-11-12,000267,000416,3,2,car,range_angle.box,2019-09-16-13-11-12/range_angle_processed/000267.npy,images/2019-09-16-13-11-12/000267.png,labels/2019-09-16-13-11-12/000267.txt,
2019-09-16-13-11-12_000268,2019-09-16-13-11-12,000268,000416,3,2,car,range_angle.box,2019-09-16-13-11-12/range_angle_processed/000268.npy,images/2019-09-16-13-11-12/000268.png,labels/2019-09-16-13-11-12/000268.txt,
2019-09-16-13-11-12_000269,2019-09-16-13-11-12,000269,000416,3,2,car,range_angle.box,2019-09-16-13-11-12/range_angle_processed/000269.npy,images/2019-09-16-13-11-12/000269.png,labels/2019-09-16-13-11-12/000269.txt,
2019-09-16-13-11-12_000270,2019-09-16-13-11-12,000270,000416,3,2,car,range_angle.box,2019-09-16-13-11-12/range_angle_processed/000270.npy,images/2019-09-16-13-11-12/000270.png,labels/2019-09-16-13-11-12/000270.txt,
2019-09-16-13-11-12_000271,2019-09-16-13-11-12,000271,000416,3,2,car,range_angle.box,2019-09-16-13-11-12/range_angle_processed/000271.npy,images/2019-09-16-13-11-12/000271.png,labels/2019-09-16-13-11-12/000271.txt,
2019-09-16-13-11-12_000272,2019-09-16-13-11-12,000272,000416,3,2,car,range_angle.box,2019-09-16-13-11-12/range_angle_processed/000272.npy,images/2019-09-16-13-11-12/000272.png,labels/2019-09-16-13-11-12/000272.txt,
2019-09-16-13-11-12_000273,2019-09-16-13-11-12,000273,000416,3,2,car,range_angle.box,2019-09-16-13-11-12/range_angle_processed/000273.npy,images/2019-09-16-13-11-12/000273.png,labels/2019-09-16-13-11-12/000273.txt,
2019-09-16-13-11-12_000274,2019-09-16-13-11-12,000274,000416,3,2,car,range_angle.box,2019-09-16-13-11-12/range_angle_processed/000274.npy,images/2019-09-16-13-11-12/000274.png,labels/2019-09-16-13-11-12/000274.txt,
2019-09-16-13-11-12_000275,2019-09-16-13-11-12,000275,000416,3,2,car,range_angle.box,2019-09-16-13-11-12/range_angle_processed/000275.npy,images/2019-09-16-13-11-12/000275.png,labels/2019-09-16-13-11-12/000275.txt,
2019-09-16-13-11-12_000276,2019-09-16-13-11-12,000276,000416,3,2,car,range_angle.box,2019-09-16-13-11-12/range_angle_processed/000276.npy,images/2019-09-16-13-11-12/000276.png,labels/2019-09-16-13-11-12/000276.txt,
2019-09-16-13-11-12_000277,2019-09-16-13-11-12,000277,000416,3,2,car,range_angle.box,2019-09-16-13-11-12/range_angle_processed/000277.npy,images/2019-09-16-13-11-12/000277.png,labels/2019-09-16-13-11-12/000277.txt,
2019-09-16-13-11-12_000278,2019-09-16-13-11-12,000278,000416,3,2,car,range_angle.box,2019-09-16-13-11-12/range_angle_processed/000278.npy,images/2019-09-16-13-11-12/000278.png,labels/2019-09-16-13-11-12/000278.txt,
2019-09-16-13-11-12_000279,2019-09-16-13-11-12,000279,000416,3,2,car,range_angle.box,2019-09-16-13-11-12/range_angle_processed/000279.npy,images/2019-09-16-13-11-12/000279.png,labels/2019-09-16-13-11-12/000279.txt,
2019-09-16-13-11-12_000280,2019-09-16-13-11-12,000280,000416,3,2,car,range_angle.box,2019-09-16-13-11-12/range_angle_processed/000280.npy,images/2019-09-16-13-11-12/000280.png,labels/2019-09-16-13-11-12/000280.txt,
2019-09-16-13-11-12_000281,2019-09-16-13-11-12,000281,000416,3,2,car,range_angle.box,2019-09-16-13-11-12/range_angle_processed/000281.npy,images/2019-09-16-13-11-12/000281.png,labels/2019-09-16-13-11-12/000281.txt,
2019-09-16-13-11-12_000282,2019-09-16-13-11-12,000282,000416,3,2,car,range_angle.box,2019-09-16-13-11-12/range_angle_processed/000282.npy,images/2019-09-16-13-11-12/000282.png,labels/2019-09-16-13-11-12/000282.txt,
2019-09-16-13-11-12_000283,2019-09-16-13-11-12,000283,000416,3,2,car,range_angle.box,2019-09-16-13-11-12/range_angle_processed/000283.npy,images/2019-09-16-13-11-12/000283.png,labels/2019-09-16-13-11-12/000283.txt,
2019-09-16-13-11-12_000284,2019-09-16-13-11-12,000284,000416,3,2,car,range_angle.box,2019-09-16-13-11-12/range_angle_processed/000284.npy,images/2019-09-16-13-11-12/000284.png,labels/2019-09-16-13-11-12/000284.txt,
2019-09-16-13-11-12_000285,2019-09-16-13-11-12,000285,000416,3,2,car,range_angle.box,2019-09-16-13-11-12/range_angle_processed/000285.npy,images/2019-09-16-13-11-12/000285.png,labels/2019-09-16-13-11-12/000285.txt,
2019-09-16-13-11-12_000286,2019-09-16-13-11-12,000286,000416,3,2,car,range_angle.box,2019-09-16-13-11-12/range_angle_processed/000286.npy,images/2019-09-16-13-11-12/000286.png,labels/2019-09-16-13-11-12/000286.txt,
2019-09-16-13-11-12_000287,2019-09-16-13-11-12,000287,000416,3,2,car,range_angle.box,2019-09-16-13-11-12/range_angle_processed/000287.npy,images/2019-09-16-13-11-12/000287.png,labels/2019-09-16-13-11-12/000287.txt,
2019-09-16-13-11-12_000288,2019-09-16-13-11-12,000288,000416,3,2,car,range_angle.box,2019-09-16-13-11-12/range_angle_processed/000288.npy,images/2019-09-16-13-11-12/000288.png,labels/2019-09-16-13-11-12/000288.txt,
2019-09-16-13-11-12_000289,2019-09-16-13-11-12,000289,000416,3,2,car,range_angle.box,2019-09-16-13-11-12/range_angle_processed/000289.npy,images/2019-09-16-13-11-12/000289.png,labels/2019-09-16-13-11-12/000289.txt,
2019-09-16-13-11-12_000290,2019-09-16-13-11-12,000290,000416,3,2,car,range_angle.box,2019-09-16-13-11-12/range_angle_processed/000290.npy,images/2019-09-16-13-11-12/000290.png,labels/2019-09-16-13-11-12/000290.txt,
2019-09-16-13-11-12_000291,2019-09-16-13-11-12,000291,000416,3,2,car,range_angle.box,2019-09-16-13-11-12/range_angle_processed/000291.npy,images/2019-09-16-13-11-12/000291.png,labels/2019-09-16-13-11-12/000291.txt,
2019-09-16-13-11-12_000292,2019-09-16-13-11-12,000292,000416,3,2,car,range_angle.box,2019-09-16-13-11-12/range_angle_processed/000292.npy,images/2019-09-16-13-11-12/000292.png,labels/2019-09-16-13-11-12/000292.txt,
2019-09-16-13-11-12_000293,2019-09-16-13-11-12,000293,000416,3,2,car,range_angle.box,2019-09-16-13-11-12/range_angle_processed/000293.npy,images/2019-09-16-13-11-12/000293.png,labels/2019-09-16-13-11-12/000293.txt,
2019-09-16-13-11-12_000294,2019-09-16-13-11-12,000294,000416,3,2,car,range_angle.box,2019-09-16-13-11-12/range_angle_processed/000294.npy,images/2019-09-16-13-11-12/000294.png,labels/2019-09-16-13-11-12/000294.txt,
2019-09-16-13-11-12_000295,2019-09-16-13-11-12,000295,000416,3,2,car,range_angle.box,2019-09-16-13-11-12/range_angle_processed/000295.npy,images/2019-09-16-13-11-12/000295.png,labels/2019-09-16-13-11-12/000295.txt,
2019-09-16-13-11-12_000296,2019-09-16-13-11-12,000296,000416,3,2,car,range_angle.box,2019-09-16-13-11-12/range_angle_processed/000296.npy,images/2019-09-16-13-11-12/000296.png,labels/2019-09-16-13-11-12/000296.txt,
2019-09-16-13-11-12_000297,2019-09-16-13-11-12,000297,000416,3,2,car,range_angle.box,2019-09-16-13-11-12/range_angle_processed/000297.npy,images/2019-09-16-13-11-12/000297.png,labels/2019-09-16-13-11-12/000297.txt,
2019-09-16-13-11-12_000298,2019-09-16-13-11-12,000298,000416,3,2,car,range_angle.box,2019-09-16-13-11-12/range_angle_processed/000298.npy,images/2019-09-16-13-11-12/000298.png,labels/2019-09-16-13-11-12/000298.txt,
2019-09-16-13-11-12_000299,2019-09-16-13-11-12,000299,000416,3,2,car,range_angle.box,2019-09-16-13-11-12/range_angle_processed/000299.npy,images/2019-09-16-13-11-12/000299.png,labels/2019-09-16-13-11-12/000299.txt,
2019-09-16-13-11-12_000300,2019-09-16-13-11-12,000300,000416,3,2,car,range_angle.box,2019-09-16-13-11-12/range_angle_processed/000300.npy,images/2019-09-16-13-11-12/000300.png,labels/2019-09-16-13-11-12/000300.txt,
2019-09-16-13-11-12_000301,2019-09-16-13-11-12,000301,000416,3,2,car,range_angle.box,2019-09-16-13-11-12/range_angle_processed/000301.npy,images/2019-09-16-13-11-12/000301.png,labels/2019-09-16-13-11-12/000301.txt,
2019-09-16-13-11-12_000302,2019-09-16-13-11-12,000302,000416,3,2,car,range_angle.box,2019-09-16-13-11-12/range_angle_processed/000302.npy,images/2019-09-16-13-11-12/000302.png,labels/2019-09-16-13-11-12/000302.txt,
2019-09-16-13-11-12_000303,2019-09-16-13-11-12,000303,000416,3,2,car,range_angle.box,2019-09-16-13-11-12/range_angle_processed/000303.npy,images/2019-09-16-13-11-12/000303.png,labels/2019-09-16-13-11-12/000303.txt,
2019-09-16-13-11-12_000304,2019-09-16-13-11-12,000304,000416,3,2,car,range_angle.box,2019-09-16-13-11-12/range_angle_processed/000304.npy,images/2019-09-16-13-11-12/000304.png,labels/2019-09-16-13-11-12/000304.txt,
2019-09-16-13-11-12_000305,2019-09-16-13-11-12,000305,000416,3,2,car,range_angle.box,2019-09-16-13-11-12/range_angle_processed/000305.npy,images/2019-09-16-13-11-12/000305.png,labels/2019-09-16-13-11-12/000305.txt,
2019-09-16-13-11-12_000306,2019-09-16-13-11-12,000306,000416,3,2,car,range_angle.box,2019-09-16-13-11-12/range_angle_processed/000306.npy,images/2019-09-16-13-11-12/000306.png,labels/2019-09-16-13-11-12/000306.txt,
2019-09-16-13-11-12_000307,2019-09-16-13-11-12,000307,000416,3,2,car,range_angle.box,2019-09-16-13-11-12/range_angle_processed/000307.npy,images/2019-09-16-13-11-12/000307.png,labels/2019-09-16-13-11-12/000307.txt,
2019-09-16-13-11-12_000308,2019-09-16-13-11-12,000308,000416,3,2,car,range_angle.box,2019-09-16-13-11-12/range_angle_processed/000308.npy,images/2019-09-16-13-11-12/000308.png,labels/2019-09-16-13-11-12/000308.txt,
2019-09-16-13-11-12_000309,2019-09-16-13-11-12,000309,000416,3,2,car,range_angle.box,2019-09-16-13-11-12/range_angle_processed/000309.npy,images/2019-09-16-13-11-12/000309.png,labels/2019-09-16-13-11-12/000309.txt,
2019-09-16-13-11-12_000310,2019-09-16-13-11-12,000310,000416,3,2,car,range_angle.box,2019-09-16-13-11-12/range_angle_processed/000310.npy,images/2019-09-16-13-11-12/000310.png,labels/2019-09-16-13-11-12/000310.txt,
2019-09-16-13-11-12_000311,2019-09-16-13-11-12,000311,000416,3,2,car,range_angle.box,2019-09-16-13-11-12/range_angle_processed/000311.npy,images/2019-09-16-13-11-12/000311.png,labels/2019-09-16-13-11-12/000311.txt,
2019-09-16-13-11-12_000312,2019-09-16-13-11-12,000312,000416,3,2,car,range_angle.box,2019-09-16-13-11-12/range_angle_processed/000312.npy,images/2019-09-16-13-11-12/000312.png,labels/2019-09-16-13-11-12/000312.txt,
2019-09-16-13-11-12_000313,2019-09-16-13-11-12,000313,000416,3,2,car,range_angle.box,2019-09-16-13-11-12/range_angle_processed/000313.npy,images/2019-09-16-13-11-12/000313.png,labels/2019-09-16-13-11-12/000313.txt,
2019-09-16-13-11-12_000314,2019-09-16-13-11-12,000314,000416,3,2,car,range_angle.box,2019-09-16-13-11-12/range_angle_processed/000314.npy,images/2019-09-16-13-11-12/000314.png,labels/2019-09-16-13-11-12/000314.txt,
2019-09-16-13-11-12_000315,2019-09-16-13-11-12,000315,000416,3,2,car,range_angle.box,2019-09-16-13-11-12/range_angle_processed/000315.npy,images/2019-09-16-13-11-12/000315.png,labels/2019-09-16-13-11-12/000315.txt,
2019-09-16-13-11-12_000316,2019-09-16-13-11-12,000316,000416,3,2,car,range_angle.box,2019-09-16-13-11-12/range_angle_processed/000316.npy,images/2019-09-16-13-11-12/000316.png,labels/2019-09-16-13-11-12/000316.txt,
2019-09-16-13-11-12_000317,2019-09-16-13-11-12,000317,000416,3,2,car,range_angle.box,2019-09-16-13-11-12/range_angle_processed/000317.npy,images/2019-09-16-13-11-12/000317.png,labels/2019-09-16-13-11-12/000317.txt,
2019-09-16-13-11-12_000318,2019-09-16-13-11-12,000318,000416,3,2,car,range_angle.box,2019-09-16-13-11-12/range_angle_processed/000318.npy,images/2019-09-16-13-11-12/000318.png,labels/2019-09-16-13-11-12/000318.txt,
2019-09-16-13-11-12_000319,2019-09-16-13-11-12,000319,000416,3,2,car,range_angle.box,2019-09-16-13-11-12/range_angle_processed/000319.npy,images/2019-09-16-13-11-12/000319.png,labels/2019-09-16-13-11-12/000319.txt,
2019-09-16-13-11-12_000320,2019-09-16-13-11-12,000320,000416,3,2,car,range_angle.box,2019-09-16-13-11-12/range_angle_processed/000320.npy,images/2019-09-16-13-11-12/000320.png,labels/2019-09-16-13-11-12/000320.txt,
2019-09-16-13-11-12_000321,2019-09-16-13-11-12,000321,000416,3,2,car,range_angle.box,2019-09-16-13-11-12/range_angle_processed/000321.npy,images/2019-09-16-13-11-12/000321.png,labels/2019-09-16-13-11-12/000321.txt,
2019-09-16-13-11-12_000322,2019-09-16-13-11-12,000322,000416,3,2,car,range_angle.box,2019-09-16-13-11-12/range_angle_processed/000322.npy,images/2019-09-16-13-11-12/000322.png,labels/2019-09-16-13-11-12/000322.txt,
2019-09-16-13-11-12_000323,2019-09-16-13-11-12,000323,000416,3,2,car,range_angle.box,2019-09-16-13-11-12/range_angle_processed/000323.npy,images/2019-09-16-13-11-12/000323.png,labels/2019-09-16-13-11-12/000323.txt,
2019-09-16-13-11-12_000324,2019-09-16-13-11-12,000324,000416,3,2,car,range_angle.box,2019-09-16-13-11-12/range_angle_processed/000324.npy,images/2019-09-16-13-11-12/000324.png,labels/2019-09-16-13-11-12/000324.txt,
2019-09-16-13-11-12_000325,2019-09-16-13-11-12,000325,000416,3,2,car,range_angle.box,2019-09-16-13-11-12/range_angle_processed/000325.npy,images/2019-09-16-13-11-12/000325.png,labels/2019-09-16-13-11-12/000325.txt,
2019-09-16-13-11-12_000326,2019-09-16-13-11-12,000326,000416,3,2,car,range_angle.box,2019-09-16-13-11-12/range_angle_processed/000326.npy,images/2019-09-16-13-11-12/000326.png,labels/2019-09-16-13-11-12/000326.txt,
2019-09-16-13-11-12_000327,2019-09-16-13-11-12,000327,000416,3,2,car,range_angle.box,2019-09-16-13-11-12/range_angle_processed/000327.npy,images/2019-09-16-13-11-12/000327.png,labels/2019-09-16-13-11-12/000327.txt,
2019-09-16-13-11-12_000328,2019-09-16-13-11-12,000328,000416,3,2,car,range_angle.box,2019-09-16-13-11-12/range_angle_processed/000328.npy,images/2019-09-16-13-11-12/000328.png,labels/2019-09-16-13-11-12/000328.txt,
2019-09-16-13-11-12_000329,2019-09-16-13-11-12,000329,000416,3,2,car,range_angle.box,2019-09-16-13-11-12/range_angle_processed/000329.npy,images/2019-09-16-13-11-12/000329.png,labels/2019-09-16-13-11-12/000329.txt,
2019-09-16-13-11-12_000330,2019-09-16-13-11-12,000330,000416,3,2,car,range_angle.box,2019-09-16-13-11-12/range_angle_processed/000330.npy,images/2019-09-16-13-11-12/000330.png,labels/2019-09-16-13-11-12/000330.txt,
2019-09-16-13-11-12_000331,2019-09-16-13-11-12,000331,000416,3,2,car,range_angle.box,2019-09-16-13-11-12/range_angle_processed/000331.npy,images/2019-09-16-13-11-12/000331.png,labels/2019-09-16-13-11-12/000331.txt,
2019-09-16-13-14-29_000070,2019-09-16-13-14-29,000070,000526,3,2,car,range_angle.box,2019-09-16-13-14-29/range_angle_processed/000070.npy,images/2019-09-16-13-14-29/000070.png,labels/2019-09-16-13-14-29/000070.txt,
2019-09-16-13-14-29_000071,2019-09-16-13-14-29,000071,000526,3,2,car,range_angle.box,2019-09-16-13-14-29/range_angle_processed/000071.npy,images/2019-09-16-13-14-29/000071.png,labels/2019-09-16-13-14-29/000071.txt,
2019-09-16-13-14-29_000072,2019-09-16-13-14-29,000072,000526,3,2,car,range_angle.box,2019-09-16-13-14-29/range_angle_processed/000072.npy,images/2019-09-16-13-14-29/000072.png,labels/2019-09-16-13-14-29/000072.txt,
2019-09-16-13-14-29_000073,2019-09-16-13-14-29,000073,000526,3,2,car,range_angle.box,2019-09-16-13-14-29/range_angle_processed/000073.npy,images/2019-09-16-13-14-29/000073.png,labels/2019-09-16-13-14-29/000073.txt,
2019-09-16-13-14-29_000074,2019-09-16-13-14-29,000074,000526,3,2,car,range_angle.box,2019-09-16-13-14-29/range_angle_processed/000074.npy,images/2019-09-16-13-14-29/000074.png,labels/2019-09-16-13-14-29/000074.txt,
2019-09-16-13-14-29_000075,2019-09-16-13-14-29,000075,000526,3,2,car,range_angle.box,2019-09-16-13-14-29/range_angle_processed/000075.npy,images/2019-09-16-13-14-29/000075.png,labels/2019-09-16-13-14-29/000075.txt,
2019-09-16-13-14-29_000076,2019-09-16-13-14-29,000076,000526,3,2,car,range_angle.box,2019-09-16-13-14-29/range_angle_processed/000076.npy,images/2019-09-16-13-14-29/000076.png,labels/2019-09-16-13-14-29/000076.txt,
2019-09-16-13-14-29_000077,2019-09-16-13-14-29,000077,000526,3,2,car,range_angle.box,2019-09-16-13-14-29/range_angle_processed/000077.npy,images/2019-09-16-13-14-29/000077.png,labels/2019-09-16-13-14-29/000077.txt,
2019-09-16-13-14-29_000078,2019-09-16-13-14-29,000078,000526,3,2,car,range_angle.box,2019-09-16-13-14-29/range_angle_processed/000078.npy,images/2019-09-16-13-14-29/000078.png,labels/2019-09-16-13-14-29/000078.txt,
2019-09-16-13-14-29_000079,2019-09-16-13-14-29,000079,000526,3,2,car,range_angle.box,2019-09-16-13-14-29/range_angle_processed/000079.npy,images/2019-09-16-13-14-29/000079.png,labels/2019-09-16-13-14-29/000079.txt,
2019-09-16-13-14-29_000080,2019-09-16-13-14-29,000080,000526,3,2,car,range_angle.box,2019-09-16-13-14-29/range_angle_processed/000080.npy,images/2019-09-16-13-14-29/000080.png,labels/2019-09-16-13-14-29/000080.txt,
2019-09-16-13-14-29_000081,2019-09-16-13-14-29,000081,000526,3,2,car,range_angle.box,2019-09-16-13-14-29/range_angle_processed/000081.npy,images/2019-09-16-13-14-29/000081.png,labels/2019-09-16-13-14-29/000081.txt,
2019-09-16-13-14-29_000082,2019-09-16-13-14-29,000082,000526,3,2,car,range_angle.box,2019-09-16-13-14-29/range_angle_processed/000082.npy,images/2019-09-16-13-14-29/000082.png,labels/2019-09-16-13-14-29/000082.txt,
2019-09-16-13-14-29_000083,2019-09-16-13-14-29,000083,000526,3,2,car,range_angle.box,2019-09-16-13-14-29/range_angle_processed/000083.npy,images/2019-09-16-13-14-29/000083.png,labels/2019-09-16-13-14-29/000083.txt,
2019-09-16-13-14-29_000084,2019-09-16-13-14-29,000084,000526,3,2,car,range_angle.box,2019-09-16-13-14-29/range_angle_processed/000084.npy,images/2019-09-16-13-14-29/000084.png,labels/2019-09-16-13-14-29/000084.txt,
2019-09-16-13-14-29_000085,2019-09-16-13-14-29,000085,000526,3,2,car,range_angle.box,2019-09-16-13-14-29/range_angle_processed/000085.npy,images/2019-09-16-13-14-29/000085.png,labels/2019-09-16-13-14-29/000085.txt,
2019-09-16-13-14-29_000086,2019-09-16-13-14-29,000086,000526,3,2,car,range_angle.box,2019-09-16-13-14-29/range_angle_processed/000086.npy,images/2019-09-16-13-14-29/000086.png,labels/2019-09-16-13-14-29/000086.txt,
2019-09-16-13-14-29_000087,2019-09-16-13-14-29,000087,000526,3,2,car,range_angle.box,2019-09-16-13-14-29/range_angle_processed/000087.npy,images/2019-09-16-13-14-29/000087.png,labels/2019-09-16-13-14-29/000087.txt,
2019-09-16-13-14-29_000088,2019-09-16-13-14-29,000088,000526,3,2,car,range_angle.box,2019-09-16-13-14-29/range_angle_processed/000088.npy,images/2019-09-16-13-14-29/000088.png,labels/2019-09-16-13-14-29/000088.txt,
2019-09-16-13-14-29_000089,2019-09-16-13-14-29,000089,000526,3,2,car,range_angle.box,2019-09-16-13-14-29/range_angle_processed/000089.npy,images/2019-09-16-13-14-29/000089.png,labels/2019-09-16-13-14-29/000089.txt,
2019-09-16-13-14-29_000090,2019-09-16-13-14-29,000090,000526,3,2,car,range_angle.box,2019-09-16-13-14-29/range_angle_processed/000090.npy,images/2019-09-16-13-14-29/000090.png,labels/2019-09-16-13-14-29/000090.txt,
2019-09-16-13-14-29_000091,2019-09-16-13-14-29,000091,000526,3,2,car,range_angle.box,2019-09-16-13-14-29/range_angle_processed/000091.npy,images/2019-09-16-13-14-29/000091.png,labels/2019-09-16-13-14-29/000091.txt,
2019-09-16-13-14-29_000092,2019-09-16-13-14-29,000092,000526,3,2,car,range_angle.box,2019-09-16-13-14-29/range_angle_processed/000092.npy,images/2019-09-16-13-14-29/000092.png,labels/2019-09-16-13-14-29/000092.txt,
2019-09-16-13-14-29_000093,2019-09-16-13-14-29,000093,000526,3,2,car,range_angle.box,2019-09-16-13-14-29/range_angle_processed/000093.npy,images/2019-09-16-13-14-29/000093.png,labels/2019-09-16-13-14-29/000093.txt,
2019-09-16-13-14-29_000094,2019-09-16-13-14-29,000094,000526,3,2,car,range_angle.box,2019-09-16-13-14-29/range_angle_processed/000094.npy,images/2019-09-16-13-14-29/000094.png,labels/2019-09-16-13-14-29/000094.txt,
2019-09-16-13-14-29_000095,2019-09-16-13-14-29,000095,000526,3,2,car,range_angle.box,2019-09-16-13-14-29/range_angle_processed/000095.npy,images/2019-09-16-13-14-29/000095.png,labels/2019-09-16-13-14-29/000095.txt,
2019-09-16-13-14-29_000096,2019-09-16-13-14-29,000096,000526,3,2,car,range_angle.box,2019-09-16-13-14-29/range_angle_processed/000096.npy,images/2019-09-16-13-14-29/000096.png,labels/2019-09-16-13-14-29/000096.txt,
2019-09-16-13-14-29_000097,2019-09-16-13-14-29,000097,000526,3,2,car,range_angle.box,2019-09-16-13-14-29/range_angle_processed/000097.npy,images/2019-09-16-13-14-29/000097.png,labels/2019-09-16-13-14-29/000097.txt,
2019-09-16-13-14-29_000098,2019-09-16-13-14-29,000098,000526,3,2,car,range_angle.box,2019-09-16-13-14-29/range_angle_processed/000098.npy,images/2019-09-16-13-14-29/000098.png,labels/2019-09-16-13-14-29/000098.txt,
2019-09-16-13-14-29_000099,2019-09-16-13-14-29,000099,000526,3,2,car,range_angle.box,2019-09-16-13-14-29/range_angle_processed/000099.npy,images/2019-09-16-13-14-29/000099.png,labels/2019-09-16-13-14-29/000099.txt,
2019-09-16-13-14-29_000100,2019-09-16-13-14-29,000100,000526,3,2,car,range_angle.box,2019-09-16-13-14-29/range_angle_processed/000100.npy,images/2019-09-16-13-14-29/000100.png,labels/2019-09-16-13-14-29/000100.txt,
2019-09-16-13-14-29_000101,2019-09-16-13-14-29,000101,000526,3,2,car,range_angle.box,2019-09-16-13-14-29/range_angle_processed/000101.npy,images/2019-09-16-13-14-29/000101.png,labels/2019-09-16-13-14-29/000101.txt,
2019-09-16-13-14-29_000102,2019-09-16-13-14-29,000102,000526,3,2,car,range_angle.box,2019-09-16-13-14-29/range_angle_processed/000102.npy,images/2019-09-16-13-14-29/000102.png,labels/2019-09-16-13-14-29/000102.txt,
2019-09-16-13-14-29_000103,2019-09-16-13-14-29,000103,000526,3,2,car,range_angle.box,2019-09-16-13-14-29/range_angle_processed/000103.npy,images/2019-09-16-13-14-29/000103.png,labels/2019-09-16-13-14-29/000103.txt,
2019-09-16-13-14-29_000104,2019-09-16-13-14-29,000104,000526,3,2,car,range_angle.box,2019-09-16-13-14-29/range_angle_processed/000104.npy,images/2019-09-16-13-14-29/000104.png,labels/2019-09-16-13-14-29/000104.txt,
2019-09-16-13-14-29_000105,2019-09-16-13-14-29,000105,000526,3,2,car,range_angle.box,2019-09-16-13-14-29/range_angle_processed/000105.npy,images/2019-09-16-13-14-29/000105.png,labels/2019-09-16-13-14-29/000105.txt,
2019-09-16-13-14-29_000106,2019-09-16-13-14-29,000106,000526,3,2,car,range_angle.box,2019-09-16-13-14-29/range_angle_processed/000106.npy,images/2019-09-16-13-14-29/000106.png,labels/2019-09-16-13-14-29/000106.txt,
2019-09-16-13-14-29_000107,2019-09-16-13-14-29,000107,000526,3,2,car,range_angle.box,2019-09-16-13-14-29/range_angle_processed/000107.npy,images/2019-09-16-13-14-29/000107.png,labels/2019-09-16-13-14-29/000107.txt,
2019-09-16-13-14-29_000108,2019-09-16-13-14-29,000108,000526,3,2,car,range_angle.box,2019-09-16-13-14-29/range_angle_processed/000108.npy,images/2019-09-16-13-14-29/000108.png,labels/2019-09-16-13-14-29/000108.txt,
2019-09-16-13-14-29_000109,2019-09-16-13-14-29,000109,000526,3,2,car,range_angle.box,2019-09-16-13-14-29/range_angle_processed/000109.npy,images/2019-09-16-13-14-29/000109.png,labels/2019-09-16-13-14-29/000109.txt,
2019-09-16-13-14-29_000110,2019-09-16-13-14-29,000110,000526,3,2,car,range_angle.box,2019-09-16-13-14-29/range_angle_processed/000110.npy,images/2019-09-16-13-14-29/000110.png,labels/2019-09-16-13-14-29/000110.txt,
2019-09-16-13-14-29_000183,2019-09-16-13-14-29,000183,000545,3,2,car,range_angle.box,2019-09-16-13-14-29/range_angle_processed/000183.npy,images/2019-09-16-13-14-29/000183.png,labels/2019-09-16-13-14-29/000183.txt,
2019-09-16-13-14-29_000184,2019-09-16-13-14-29,000184,000545,3,2,car,range_angle.box,2019-09-16-13-14-29/range_angle_processed/000184.npy,images/2019-09-16-13-14-29/000184.png,labels/2019-09-16-13-14-29/000184.txt,
2019-09-16-13-14-29_000185,2019-09-16-13-14-29,000185,000545,3,2,car,range_angle.box,2019-09-16-13-14-29/range_angle_processed/000185.npy,images/2019-09-16-13-14-29/000185.png,labels/2019-09-16-13-14-29/000185.txt,
2019-09-16-13-14-29_000186,2019-09-16-13-14-29,000186,000545,3,2,car,range_angle.box,2019-09-16-13-14-29/range_angle_processed/000186.npy,images/2019-09-16-13-14-29/000186.png,labels/2019-09-16-13-14-29/000186.txt,
2019-09-16-13-14-29_000187,2019-09-16-13-14-29,000187,000545,3,2,car,range_angle.box,2019-09-16-13-14-29/range_angle_processed/000187.npy,images/2019-09-16-13-14-29/000187.png,labels/2019-09-16-13-14-29/000187.txt,
2019-09-16-13-14-29_000188,2019-09-16-13-14-29,000188,000545,3,2,car,range_angle.box,2019-09-16-13-14-29/range_angle_processed/000188.npy,images/2019-09-16-13-14-29/000188.png,labels/2019-09-16-13-14-29/000188.txt,
2019-09-16-13-14-29_000189,2019-09-16-13-14-29,000189,000545,3,2,car,range_angle.box,2019-09-16-13-14-29/range_angle_processed/000189.npy,images/2019-09-16-13-14-29/000189.png,labels/2019-09-16-13-14-29/000189.txt,
2019-09-16-13-14-29_000190,2019-09-16-13-14-29,000190,000545,3,2,car,range_angle.box,2019-09-16-13-14-29/range_angle_processed/000190.npy,images/2019-09-16-13-14-29/000190.png,labels/2019-09-16-13-14-29/000190.txt,
2019-09-16-13-14-29_000191,2019-09-16-13-14-29,000191,000545,3,2,car,range_angle.box,2019-09-16-13-14-29/range_angle_processed/000191.npy,images/2019-09-16-13-14-29/000191.png,labels/2019-09-16-13-14-29/000191.txt,
2019-09-16-13-14-29_000192,2019-09-16-13-14-29,000192,000545,3,2,car,range_angle.box,2019-09-16-13-14-29/range_angle_processed/000192.npy,images/2019-09-16-13-14-29/000192.png,labels/2019-09-16-13-14-29/000192.txt,
2019-09-16-13-14-29_000193,2019-09-16-13-14-29,000193,000545,3,2,car,range_angle.box,2019-09-16-13-14-29/range_angle_processed/000193.npy,images/2019-09-16-13-14-29/000193.png,labels/2019-09-16-13-14-29/000193.txt,
2019-09-16-13-14-29_000194,2019-09-16-13-14-29,000194,000545,3,2,car,range_angle.box,2019-09-16-13-14-29/range_angle_processed/000194.npy,images/2019-09-16-13-14-29/000194.png,labels/2019-09-16-13-14-29/000194.txt,
2019-09-16-13-14-29_000195,2019-09-16-13-14-29,000195,000545,3,2,car,range_angle.box,2019-09-16-13-14-29/range_angle_processed/000195.npy,images/2019-09-16-13-14-29/000195.png,labels/2019-09-16-13-14-29/000195.txt,
2019-09-16-13-14-29_000196,2019-09-16-13-14-29,000196,000545,3,2,car,range_angle.box,2019-09-16-13-14-29/range_angle_processed/000196.npy,images/2019-09-16-13-14-29/000196.png,labels/2019-09-16-13-14-29/000196.txt,
2019-09-16-13-14-29_000197,2019-09-16-13-14-29,000197,000545,3,2,car,range_angle.box,2019-09-16-13-14-29/range_angle_processed/000197.npy,images/2019-09-16-13-14-29/000197.png,labels/2019-09-16-13-14-29/000197.txt,
2019-09-16-13-14-29_000198,2019-09-16-13-14-29,000198,000545,3,2,car,range_angle.box,2019-09-16-13-14-29/range_angle_processed/000198.npy,images/2019-09-16-13-14-29/000198.png,labels/2019-09-16-13-14-29/000198.txt,
2019-09-16-13-14-29_000199,2019-09-16-13-14-29,000199,000545,3,2,car,range_angle.box,2019-09-16-13-14-29/range_angle_processed/000199.npy,images/2019-09-16-13-14-29/000199.png,labels/2019-09-16-13-14-29/000199.txt,
2019-09-16-13-14-29_000200,2019-09-16-13-14-29,000200,000545,3,2,car,range_angle.box,2019-09-16-13-14-29/range_angle_processed/000200.npy,images/2019-09-16-13-14-29/000200.png,labels/2019-09-16-13-14-29/000200.txt,
2019-09-16-13-14-29_000201,2019-09-16-13-14-29,000201,000545,3,2,car,range_angle.box,2019-09-16-13-14-29/range_angle_processed/000201.npy,images/2019-09-16-13-14-29/000201.png,labels/2019-09-16-13-14-29/000201.txt,
2019-09-16-13-14-29_000202,2019-09-16-13-14-29,000202,000545,3,2,car,range_angle.box,2019-09-16-13-14-29/range_angle_processed/000202.npy,images/2019-09-16-13-14-29/000202.png,labels/2019-09-16-13-14-29/000202.txt,
2019-09-16-13-14-29_000203,2019-09-16-13-14-29,000203,000545,3,2,car,range_angle.box,2019-09-16-13-14-29/range_angle_processed/000203.npy,images/2019-09-16-13-14-29/000203.png,labels/2019-09-16-13-14-29/000203.txt,
2019-09-16-13-14-29_000204,2019-09-16-13-14-29,000204,000545,3,2,car,range_angle.box,2019-09-16-13-14-29/range_angle_processed/000204.npy,images/2019-09-16-13-14-29/000204.png,labels/2019-09-16-13-14-29/000204.txt,
2019-09-16-13-14-29_000205,2019-09-16-13-14-29,000205,000545,3,2,car,range_angle.box,2019-09-16-13-14-29/range_angle_processed/000205.npy,images/2019-09-16-13-14-29/000205.png,labels/2019-09-16-13-14-29/000205.txt,
2019-09-16-13-14-29_000206,2019-09-16-13-14-29,000206,000545,3,2,car,range_angle.box,2019-09-16-13-14-29/range_angle_processed/000206.npy,images/2019-09-16-13-14-29/000206.png,labels/2019-09-16-13-14-29/000206.txt,
2019-09-16-13-14-29_000207,2019-09-16-13-14-29,000207,000545,3,2,car,range_angle.box,2019-09-16-13-14-29/range_angle_processed/000207.npy,images/2019-09-16-13-14-29/000207.png,labels/2019-09-16-13-14-29/000207.txt,
2019-09-16-13-14-29_000208,2019-09-16-13-14-29,000208,000545,3,2,car,range_angle.box,2019-09-16-13-14-29/range_angle_processed/000208.npy,images/2019-09-16-13-14-29/000208.png,labels/2019-09-16-13-14-29/000208.txt,
2019-09-16-13-14-29_000209,2019-09-16-13-14-29,000209,000545,3,2,car,range_angle.box,2019-09-16-13-14-29/range_angle_processed/000209.npy,images/2019-09-16-13-14-29/000209.png,labels/2019-09-16-13-14-29/000209.txt,
2019-09-16-13-14-29_000210,2019-09-16-13-14-29,000210,000545,3,2,car,range_angle.box,2019-09-16-13-14-29/range_angle_processed/000210.npy,images/2019-09-16-13-14-29/000210.png,labels/2019-09-16-13-14-29/000210.txt,
2019-09-16-13-14-29_000211,2019-09-16-13-14-29,000211,000545,3,2,car,range_angle.box,2019-09-16-13-14-29/range_angle_processed/000211.npy,images/2019-09-16-13-14-29/000211.png,labels/2019-09-16-13-14-29/000211.txt,
2019-09-16-13-14-29_000212,2019-09-16-13-14-29,000212,000545,3,2,car,range_angle.box,2019-09-16-13-14-29/range_angle_processed/000212.npy,images/2019-09-16-13-14-29/000212.png,labels/2019-09-16-13-14-29/000212.txt,
2019-09-16-13-14-29_000213,2019-09-16-13-14-29,000213,000545,3,2,car,range_angle.box,2019-09-16-13-14-29/range_angle_processed/000213.npy,images/2019-09-16-13-14-29/000213.png,labels/2019-09-16-13-14-29/000213.txt,
2019-09-16-13-14-29_000214,2019-09-16-13-14-29,000214,000545,3,2,car,range_angle.box,2019-09-16-13-14-29/range_angle_processed/000214.npy,images/2019-09-16-13-14-29/000214.png,labels/2019-09-16-13-14-29/000214.txt,
2019-09-16-13-14-29_000215,2019-09-16-13-14-29,000215,000545,3,2,car,range_angle.box,2019-09-16-13-14-29/range_angle_processed/000215.npy,images/2019-09-16-13-14-29/000215.png,labels/2019-09-16-13-14-29/000215.txt,
2019-09-16-13-14-29_000216,2019-09-16-13-14-29,000216,000545,3,2,car,range_angle.box,2019-09-16-13-14-29/range_angle_processed/000216.npy,images/2019-09-16-13-14-29/000216.png,labels/2019-09-16-13-14-29/000216.txt,
2019-09-16-13-14-29_000217,2019-09-16-13-14-29,000217,000545,3,2,car,range_angle.box,2019-09-16-13-14-29/range_angle_processed/000217.npy,images/2019-09-16-13-14-29/000217.png,labels/2019-09-16-13-14-29/000217.txt,
2019-09-16-13-14-29_000218,2019-09-16-13-14-29,000218,000545,3,2,car,range_angle.box,2019-09-16-13-14-29/range_angle_processed/000218.npy,images/2019-09-16-13-14-29/000218.png,labels/2019-09-16-13-14-29/000218.txt,
2019-09-16-13-14-29_000219,2019-09-16-13-14-29,000219,000545,3,2,car,range_angle.box,2019-09-16-13-14-29/range_angle_processed/000219.npy,images/2019-09-16-13-14-29/000219.png,labels/2019-09-16-13-14-29/000219.txt,
2019-09-16-13-14-29_000220,2019-09-16-13-14-29,000220,000545,3,2,car,range_angle.box,2019-09-16-13-14-29/range_angle_processed/000220.npy,images/2019-09-16-13-14-29/000220.png,labels/2019-09-16-13-14-29/000220.txt,
2019-09-16-13-14-29_000221,2019-09-16-13-14-29,000221,000545,3,2,car,range_angle.box,2019-09-16-13-14-29/range_angle_processed/000221.npy,images/2019-09-16-13-14-29/000221.png,labels/2019-09-16-13-14-29/000221.txt,
2019-09-16-13-14-29_000222,2019-09-16-13-14-29,000222,000545,3,2,car,range_angle.box,2019-09-16-13-14-29/range_angle_processed/000222.npy,images/2019-09-16-13-14-29/000222.png,labels/2019-09-16-13-14-29/000222.txt,
2019-09-16-13-14-29_000223,2019-09-16-13-14-29,000223,000545,3,2,car,range_angle.box,2019-09-16-13-14-29/range_angle_processed/000223.npy,images/2019-09-16-13-14-29/000223.png,labels/2019-09-16-13-14-29/000223.txt,
2019-09-16-13-14-29_000224,2019-09-16-13-14-29,000224,000545,3,2,car,range_angle.box,2019-09-16-13-14-29/range_angle_processed/000224.npy,images/2019-09-16-13-14-29/000224.png,labels/2019-09-16-13-14-29/000224.txt,
2019-09-16-13-14-29_000225,2019-09-16-13-14-29,000225,000545,3,2,car,range_angle.box,2019-09-16-13-14-29/range_angle_processed/000225.npy,images/2019-09-16-13-14-29/000225.png,labels/2019-09-16-13-14-29/000225.txt,
2019-09-16-13-14-29_000226,2019-09-16-13-14-29,000226,000545,3,2,car,range_angle.box,2019-09-16-13-14-29/range_angle_processed/000226.npy,images/2019-09-16-13-14-29/000226.png,labels/2019-09-16-13-14-29/000226.txt,
2019-09-16-13-14-29_000227,2019-09-16-13-14-29,000227,000545,3,2,car,range_angle.box,2019-09-16-13-14-29/range_angle_processed/000227.npy,images/2019-09-16-13-14-29/000227.png,labels/2019-09-16-13-14-29/000227.txt,
2019-09-16-13-14-29_000228,2019-09-16-13-14-29,000228,000545,3,2,car,range_angle.box,2019-09-16-13-14-29/range_angle_processed/000228.npy,images/2019-09-16-13-14-29/000228.png,labels/2019-09-16-13-14-29/000228.txt,
2019-09-16-13-14-29_000229,2019-09-16-13-14-29,000229,000545,3,2,car,range_angle.box,2019-09-16-13-14-29/range_angle_processed/000229.npy,images/2019-09-16-13-14-29/000229.png,labels/2019-09-16-13-14-29/000229.txt,
2019-09-16-13-14-29_000230,2019-09-16-13-14-29,000230,000545,3,2,car,range_angle.box,2019-09-16-13-14-29/range_angle_processed/000230.npy,images/2019-09-16-13-14-29/000230.png,labels/2019-09-16-13-14-29/000230.txt,
2019-09-16-13-14-29_000231,2019-09-16-13-14-29,000231,000545,3,2,car,range_angle.box,2019-09-16-13-14-29/range_angle_processed/000231.npy,images/2019-09-16-13-14-29/000231.png,labels/2019-09-16-13-14-29/000231.txt,
2019-09-16-13-14-29_000232,2019-09-16-13-14-29,000232,000545,3,2,car,range_angle.box,2019-09-16-13-14-29/range_angle_processed/000232.npy,images/2019-09-16-13-14-29/000232.png,labels/2019-09-16-13-14-29/000232.txt,
2019-09-16-13-14-29_000233,2019-09-16-13-14-29,000233,000545,3,2,car,range_angle.box,2019-09-16-13-14-29/range_angle_processed/000233.npy,images/2019-09-16-13-14-29/000233.png,labels/2019-09-16-13-14-29/000233.txt,
2019-09-16-13-14-29_000234,2019-09-16-13-14-29,000234,000545,3,2,car,range_angle.box,2019-09-16-13-14-29/range_angle_processed/000234.npy,images/2019-09-16-13-14-29/000234.png,labels/2019-09-16-13-14-29/000234.txt,
2019-09-16-13-14-29_000235,2019-09-16-13-14-29,000235,000545,3,2,car,range_angle.box,2019-09-16-13-14-29/range_angle_processed/000235.npy,images/2019-09-16-13-14-29/000235.png,labels/2019-09-16-13-14-29/000235.txt,
2019-09-16-13-14-29_000236,2019-09-16-13-14-29,000236,000545,3,2,car,range_angle.box,2019-09-16-13-14-29/range_angle_processed/000236.npy,images/2019-09-16-13-14-29/000236.png,labels/2019-09-16-13-14-29/000236.txt,
2019-09-16-13-14-29_000237,2019-09-16-13-14-29,000237,000545,3,2,car,range_angle.box,2019-09-16-13-14-29/range_angle_processed/000237.npy,images/2019-09-16-13-14-29/000237.png,labels/2019-09-16-13-14-29/000237.txt,
2019-09-16-13-14-29_000238,2019-09-16-13-14-29,000238,000545,3,2,car,range_angle.box,2019-09-16-13-14-29/range_angle_processed/000238.npy,images/2019-09-16-13-14-29/000238.png,labels/2019-09-16-13-14-29/000238.txt,
2019-09-16-13-14-29_000239,2019-09-16-13-14-29,000239,000545,3,2,car,range_angle.box,2019-09-16-13-14-29/range_angle_processed/000239.npy,images/2019-09-16-13-14-29/000239.png,labels/2019-09-16-13-14-29/000239.txt,
2019-09-16-13-14-29_000240,2019-09-16-13-14-29,000240,000545,3,2,car,range_angle.box,2019-09-16-13-14-29/range_angle_processed/000240.npy,images/2019-09-16-13-14-29/000240.png,labels/2019-09-16-13-14-29/000240.txt,
2019-09-16-13-14-29_000241,2019-09-16-13-14-29,000241,000545,3,2,car,range_angle.box,2019-09-16-13-14-29/range_angle_processed/000241.npy,images/2019-09-16-13-14-29/000241.png,labels/2019-09-16-13-14-29/000241.txt,
2019-09-16-13-14-29_000242,2019-09-16-13-14-29,000242,000545,3,2,car,range_angle.box,2019-09-16-13-14-29/range_angle_processed/000242.npy,images/2019-09-16-13-14-29/000242.png,labels/2019-09-16-13-14-29/000242.txt,
2019-09-16-13-14-29_000243,2019-09-16-13-14-29,000243,000545,3,2,car,range_angle.box,2019-09-16-13-14-29/range_angle_processed/000243.npy,images/2019-09-16-13-14-29/000243.png,labels/2019-09-16-13-14-29/000243.txt,
2019-09-16-13-14-29_000244,2019-09-16-13-14-29,000244,000545,3,2,car,range_angle.box,2019-09-16-13-14-29/range_angle_processed/000244.npy,images/2019-09-16-13-14-29/000244.png,labels/2019-09-16-13-14-29/000244.txt,
2019-09-16-13-14-29_000245,2019-09-16-13-14-29,000245,000545,3,2,car,range_angle.box,2019-09-16-13-14-29/range_angle_processed/000245.npy,images/2019-09-16-13-14-29/000245.png,labels/2019-09-16-13-14-29/000245.txt,
2019-09-16-13-14-29_000246,2019-09-16-13-14-29,000246,000545,3,2,car,range_angle.box,2019-09-16-13-14-29/range_angle_processed/000246.npy,images/2019-09-16-13-14-29/000246.png,labels/2019-09-16-13-14-29/000246.txt,
2019-09-16-13-14-29_000247,2019-09-16-13-14-29,000247,000545,3,2,car,range_angle.box,2019-09-16-13-14-29/range_angle_processed/000247.npy,images/2019-09-16-13-14-29/000247.png,labels/2019-09-16-13-14-29/000247.txt,
2019-09-16-13-14-29_000248,2019-09-16-13-14-29,000248,000545,3,2,car,range_angle.box,2019-09-16-13-14-29/range_angle_processed/000248.npy,images/2019-09-16-13-14-29/000248.png,labels/2019-09-16-13-14-29/000248.txt,
2019-09-16-13-14-29_000249,2019-09-16-13-14-29,000249,000545,3,2,car,range_angle.box,2019-09-16-13-14-29/range_angle_processed/000249.npy,images/2019-09-16-13-14-29/000249.png,labels/2019-09-16-13-14-29/000249.txt,
2019-09-16-13-14-29_000310,2019-09-16-13-14-29,000310,000594,3,2,car,range_angle.box,2019-09-16-13-14-29/range_angle_processed/000310.npy,images/2019-09-16-13-14-29/000310.png,labels/2019-09-16-13-14-29/000310.txt,
2019-09-16-13-14-29_000311,2019-09-16-13-14-29,000311,000594,3,2,car,range_angle.box,2019-09-16-13-14-29/range_angle_processed/000311.npy,images/2019-09-16-13-14-29/000311.png,labels/2019-09-16-13-14-29/000311.txt,
2019-09-16-13-14-29_000312,2019-09-16-13-14-29,000312,000594,3,2,car,range_angle.box,2019-09-16-13-14-29/range_angle_processed/000312.npy,images/2019-09-16-13-14-29/000312.png,labels/2019-09-16-13-14-29/000312.txt,
2019-09-16-13-14-29_000313,2019-09-16-13-14-29,000313,000594,3,2,car,range_angle.box,2019-09-16-13-14-29/range_angle_processed/000313.npy,images/2019-09-16-13-14-29/000313.png,labels/2019-09-16-13-14-29/000313.txt,
2019-09-16-13-14-29_000314,2019-09-16-13-14-29,000314,000594,3,2,car,range_angle.box,2019-09-16-13-14-29/range_angle_processed/000314.npy,images/2019-09-16-13-14-29/000314.png,labels/2019-09-16-13-14-29/000314.txt,
2019-09-16-13-14-29_000315,2019-09-16-13-14-29,000315,000594,3,2,car,range_angle.box,2019-09-16-13-14-29/range_angle_processed/000315.npy,images/2019-09-16-13-14-29/000315.png,labels/2019-09-16-13-14-29/000315.txt,
2019-09-16-13-14-29_000316,2019-09-16-13-14-29,000316,000594,3,2,car,range_angle.box,2019-09-16-13-14-29/range_angle_processed/000316.npy,images/2019-09-16-13-14-29/000316.png,labels/2019-09-16-13-14-29/000316.txt,
2019-09-16-13-14-29_000317,2019-09-16-13-14-29,000317,000594,3,2,car,range_angle.box,2019-09-16-13-14-29/range_angle_processed/000317.npy,images/2019-09-16-13-14-29/000317.png,labels/2019-09-16-13-14-29/000317.txt,
2019-09-16-13-14-29_000318,2019-09-16-13-14-29,000318,000594,3,2,car,range_angle.box,2019-09-16-13-14-29/range_angle_processed/000318.npy,images/2019-09-16-13-14-29/000318.png,labels/2019-09-16-13-14-29/000318.txt,
2019-09-16-13-14-29_000319,2019-09-16-13-14-29,000319,000594,3,2,car,range_angle.box,2019-09-16-13-14-29/range_angle_processed/000319.npy,images/2019-09-16-13-14-29/000319.png,labels/2019-09-16-13-14-29/000319.txt,
2019-09-16-13-14-29_000320,2019-09-16-13-14-29,000320,000594,3,2,car,range_angle.box,2019-09-16-13-14-29/range_angle_processed/000320.npy,images/2019-09-16-13-14-29/000320.png,labels/2019-09-16-13-14-29/000320.txt,
2019-09-16-13-14-29_000321,2019-09-16-13-14-29,000321,000594,3,2,car,range_angle.box,2019-09-16-13-14-29/range_angle_processed/000321.npy,images/2019-09-16-13-14-29/000321.png,labels/2019-09-16-13-14-29/000321.txt,
2019-09-16-13-14-29_000322,2019-09-16-13-14-29,000322,000594,3,2,car,range_angle.box,2019-09-16-13-14-29/range_angle_processed/000322.npy,images/2019-09-16-13-14-29/000322.png,labels/2019-09-16-13-14-29/000322.txt,
2019-09-16-13-14-29_000323,2019-09-16-13-14-29,000323,000594,3,2,car,range_angle.box,2019-09-16-13-14-29/range_angle_processed/000323.npy,images/2019-09-16-13-14-29/000323.png,labels/2019-09-16-13-14-29/000323.txt,
2019-09-16-13-14-29_000324,2019-09-16-13-14-29,000324,000594,3,2,car,range_angle.box,2019-09-16-13-14-29/range_angle_processed/000324.npy,images/2019-09-16-13-14-29/000324.png,labels/2019-09-16-13-14-29/000324.txt,
2019-09-16-13-14-29_000325,2019-09-16-13-14-29,000325,000594,3,2,car,range_angle.box,2019-09-16-13-14-29/range_angle_processed/000325.npy,images/2019-09-16-13-14-29/000325.png,labels/2019-09-16-13-14-29/000325.txt,
2019-09-16-13-14-29_000326,2019-09-16-13-14-29,000326,000594,3,2,car,range_angle.box,2019-09-16-13-14-29/range_angle_processed/000326.npy,images/2019-09-16-13-14-29/000326.png,labels/2019-09-16-13-14-29/000326.txt,
2019-09-16-13-14-29_000327,2019-09-16-13-14-29,000327,000594,3,2,car,range_angle.box,2019-09-16-13-14-29/range_angle_processed/000327.npy,images/2019-09-16-13-14-29/000327.png,labels/2019-09-16-13-14-29/000327.txt,
2019-09-16-13-14-29_000328,2019-09-16-13-14-29,000328,000594,3,2,car,range_angle.box,2019-09-16-13-14-29/range_angle_processed/000328.npy,images/2019-09-16-13-14-29/000328.png,labels/2019-09-16-13-14-29/000328.txt,
2019-09-16-13-14-29_000329,2019-09-16-13-14-29,000329,000594,3,2,car,range_angle.box,2019-09-16-13-14-29/range_angle_processed/000329.npy,images/2019-09-16-13-14-29/000329.png,labels/2019-09-16-13-14-29/000329.txt,
2019-09-16-13-14-29_000330,2019-09-16-13-14-29,000330,000594,3,2,car,range_angle.box,2019-09-16-13-14-29/range_angle_processed/000330.npy,images/2019-09-16-13-14-29/000330.png,labels/2019-09-16-13-14-29/000330.txt,
2019-09-16-13-14-29_000331,2019-09-16-13-14-29,000331,000594,3,2,car,range_angle.box,2019-09-16-13-14-29/range_angle_processed/000331.npy,images/2019-09-16-13-14-29/000331.png,labels/2019-09-16-13-14-29/000331.txt,
2019-09-16-13-14-29_000332,2019-09-16-13-14-29,000332,000594,3,2,car,range_angle.box,2019-09-16-13-14-29/range_angle_processed/000332.npy,images/2019-09-16-13-14-29/000332.png,labels/2019-09-16-13-14-29/000332.txt,
2019-09-16-13-14-29_000333,2019-09-16-13-14-29,000333,000594,3,2,car,range_angle.box,2019-09-16-13-14-29/range_angle_processed/000333.npy,images/2019-09-16-13-14-29/000333.png,labels/2019-09-16-13-14-29/000333.txt,
2019-09-16-13-14-29_000334,2019-09-16-13-14-29,000334,000594,3,2,car,range_angle.box,2019-09-16-13-14-29/range_angle_processed/000334.npy,images/2019-09-16-13-14-29/000334.png,labels/2019-09-16-13-14-29/000334.txt,
2019-09-16-13-14-29_000335,2019-09-16-13-14-29,000335,000594,3,2,car,range_angle.box,2019-09-16-13-14-29/range_angle_processed/000335.npy,images/2019-09-16-13-14-29/000335.png,labels/2019-09-16-13-14-29/000335.txt,
2019-09-16-13-14-29_000336,2019-09-16-13-14-29,000336,000594,3,2,car,range_angle.box,2019-09-16-13-14-29/range_angle_processed/000336.npy,images/2019-09-16-13-14-29/000336.png,labels/2019-09-16-13-14-29/000336.txt,
2019-09-16-13-14-29_000337,2019-09-16-13-14-29,000337,000594,3,2,car,range_angle.box,2019-09-16-13-14-29/range_angle_processed/000337.npy,images/2019-09-16-13-14-29/000337.png,labels/2019-09-16-13-14-29/000337.txt,
2019-09-16-13-14-29_000338,2019-09-16-13-14-29,000338,000594,3,2,car,range_angle.box,2019-09-16-13-14-29/range_angle_processed/000338.npy,images/2019-09-16-13-14-29/000338.png,labels/2019-09-16-13-14-29/000338.txt,
2019-09-16-13-14-29_000339,2019-09-16-13-14-29,000339,000594,3,2,car,range_angle.box,2019-09-16-13-14-29/range_angle_processed/000339.npy,images/2019-09-16-13-14-29/000339.png,labels/2019-09-16-13-14-29/000339.txt,
2019-09-16-13-14-29_000340,2019-09-16-13-14-29,000340,000594,3,2,car,range_angle.box,2019-09-16-13-14-29/range_angle_processed/000340.npy,images/2019-09-16-13-14-29/000340.png,labels/2019-09-16-13-14-29/000340.txt,
2019-09-16-13-14-29_000341,2019-09-16-13-14-29,000341,000594,3,2,car,range_angle.box,2019-09-16-13-14-29/range_angle_processed/000341.npy,images/2019-09-16-13-14-29/000341.png,labels/2019-09-16-13-14-29/000341.txt,
2019-09-16-13-14-29_000342,2019-09-16-13-14-29,000342,000594,3,2,car,range_angle.box,2019-09-16-13-14-29/range_angle_processed/000342.npy,images/2019-09-16-13-14-29/000342.png,labels/2019-09-16-13-14-29/000342.txt,
2019-09-16-13-14-29_000343,2019-09-16-13-14-29,000343,000594,3,2,car,range_angle.box,2019-09-16-13-14-29/range_angle_processed/000343.npy,images/2019-09-16-13-14-29/000343.png,labels/2019-09-16-13-14-29/000343.txt,
2019-09-16-13-14-29_000344,2019-09-16-13-14-29,000344,000594,3,2,car,range_angle.box,2019-09-16-13-14-29/range_angle_processed/000344.npy,images/2019-09-16-13-14-29/000344.png,labels/2019-09-16-13-14-29/000344.txt,
2019-09-16-13-14-29_000345,2019-09-16-13-14-29,000345,000594,3,2,car,range_angle.box,2019-09-16-13-14-29/range_angle_processed/000345.npy,images/2019-09-16-13-14-29/000345.png,labels/2019-09-16-13-14-29/000345.txt,
2019-09-16-13-14-29_000346,2019-09-16-13-14-29,000346,000594,3,2,car,range_angle.box,2019-09-16-13-14-29/range_angle_processed/000346.npy,images/2019-09-16-13-14-29/000346.png,labels/2019-09-16-13-14-29/000346.txt,
2019-09-16-13-14-29_000347,2019-09-16-13-14-29,000347,000594,3,2,car,range_angle.box,2019-09-16-13-14-29/range_angle_processed/000347.npy,images/2019-09-16-13-14-29/000347.png,labels/2019-09-16-13-14-29/000347.txt,
2019-09-16-13-14-29_000348,2019-09-16-13-14-29,000348,000594,3,2,car,range_angle.box,2019-09-16-13-14-29/range_angle_processed/000348.npy,images/2019-09-16-13-14-29/000348.png,labels/2019-09-16-13-14-29/000348.txt,
2019-09-16-13-14-29_000349,2019-09-16-13-14-29,000349,000594,3,2,car,range_angle.box,2019-09-16-13-14-29/range_angle_processed/000349.npy,images/2019-09-16-13-14-29/000349.png,labels/2019-09-16-13-14-29/000349.txt,
2019-09-16-13-14-29_000350,2019-09-16-13-14-29,000350,000594,3,2,car,range_angle.box,2019-09-16-13-14-29/range_angle_processed/000350.npy,images/2019-09-16-13-14-29/000350.png,labels/2019-09-16-13-14-29/000350.txt,
2019-09-16-13-14-29_000351,2019-09-16-13-14-29,000351,000594,3,2,car,range_angle.box,2019-09-16-13-14-29/range_angle_processed/000351.npy,images/2019-09-16-13-14-29/000351.png,labels/2019-09-16-13-14-29/000351.txt,
2019-09-16-13-14-29_000352,2019-09-16-13-14-29,000352,000594,3,2,car,range_angle.box,2019-09-16-13-14-29/range_angle_processed/000352.npy,images/2019-09-16-13-14-29/000352.png,labels/2019-09-16-13-14-29/000352.txt,
2019-09-16-13-14-29_000353,2019-09-16-13-14-29,000353,000594,3,2,car,range_angle.box,2019-09-16-13-14-29/range_angle_processed/000353.npy,images/2019-09-16-13-14-29/000353.png,labels/2019-09-16-13-14-29/000353.txt,
2019-09-16-13-14-29_000354,2019-09-16-13-14-29,000354,000594,3,2,car,range_angle.box,2019-09-16-13-14-29/range_angle_processed/000354.npy,images/2019-09-16-13-14-29/000354.png,labels/2019-09-16-13-14-29/000354.txt,
2019-09-16-13-14-29_000355,2019-09-16-13-14-29,000355,000594,3,2,car,range_angle.box,2019-09-16-13-14-29/range_angle_processed/000355.npy,images/2019-09-16-13-14-29/000355.png,labels/2019-09-16-13-14-29/000355.txt,
2019-09-16-13-14-29_000356,2019-09-16-13-14-29,000356,000594,3,2,car,range_angle.box,2019-09-16-13-14-29/range_angle_processed/000356.npy,images/2019-09-16-13-14-29/000356.png,labels/2019-09-16-13-14-29/000356.txt,
2019-09-16-13-14-29_000357,2019-09-16-13-14-29,000357,000594,3,2,car,range_angle.box,2019-09-16-13-14-29/range_angle_processed/000357.npy,images/2019-09-16-13-14-29/000357.png,labels/2019-09-16-13-14-29/000357.txt,
2019-09-16-13-14-29_000358,2019-09-16-13-14-29,000358,000594,3,2,car,range_angle.box,2019-09-16-13-14-29/range_angle_processed/000358.npy,images/2019-09-16-13-14-29/000358.png,labels/2019-09-16-13-14-29/000358.txt,
2019-09-16-13-14-29_000359,2019-09-16-13-14-29,000359,000594,3,2,car,range_angle.box,2019-09-16-13-14-29/range_angle_processed/000359.npy,images/2019-09-16-13-14-29/000359.png,labels/2019-09-16-13-14-29/000359.txt,
2019-09-16-13-14-29_000360,2019-09-16-13-14-29,000360,000594,3,2,car,range_angle.box,2019-09-16-13-14-29/range_angle_processed/000360.npy,images/2019-09-16-13-14-29/000360.png,labels/2019-09-16-13-14-29/000360.txt,
2019-09-16-13-14-29_000361,2019-09-16-13-14-29,000361,000594,3,2,car,range_angle.box,2019-09-16-13-14-29/range_angle_processed/000361.npy,images/2019-09-16-13-14-29/000361.png,labels/2019-09-16-13-14-29/000361.txt,
2019-09-16-13-14-29_000362,2019-09-16-13-14-29,000362,000594,3,2,car,range_angle.box,2019-09-16-13-14-29/range_angle_processed/000362.npy,images/2019-09-16-13-14-29/000362.png,labels/2019-09-16-13-14-29/000362.txt,
2019-09-16-13-14-29_000363,2019-09-16-13-14-29,000363,000594,3,2,car,range_angle.box,2019-09-16-13-14-29/range_angle_processed/000363.npy,images/2019-09-16-13-14-29/000363.png,labels/2019-09-16-13-14-29/000363.txt,
2019-09-16-13-14-29_000364,2019-09-16-13-14-29,000364,000594,3,2,car,range_angle.box,2019-09-16-13-14-29/range_angle_processed/000364.npy,images/2019-09-16-13-14-29/000364.png,labels/2019-09-16-13-14-29/000364.txt,
2019-09-16-13-14-29_000365,2019-09-16-13-14-29,000365,000594,3,2,car,range_angle.box,2019-09-16-13-14-29/range_angle_processed/000365.npy,images/2019-09-16-13-14-29/000365.png,labels/2019-09-16-13-14-29/000365.txt,
2019-09-16-13-14-29_000366,2019-09-16-13-14-29,000366,000594,3,2,car,range_angle.box,2019-09-16-13-14-29/range_angle_processed/000366.npy,images/2019-09-16-13-14-29/000366.png,labels/2019-09-16-13-14-29/000366.txt,
2019-09-16-13-14-29_000367,2019-09-16-13-14-29,000367,000594,3,2,car,range_angle.box,2019-09-16-13-14-29/range_angle_processed/000367.npy,images/2019-09-16-13-14-29/000367.png,labels/2019-09-16-13-14-29/000367.txt,
2019-09-16-13-14-29_000368,2019-09-16-13-14-29,000368,000594,3,2,car,range_angle.box,2019-09-16-13-14-29/range_angle_processed/000368.npy,images/2019-09-16-13-14-29/000368.png,labels/2019-09-16-13-14-29/000368.txt,
2019-09-16-13-14-29_000369,2019-09-16-13-14-29,000369,000594,3,2,car,range_angle.box,2019-09-16-13-14-29/range_angle_processed/000369.npy,images/2019-09-16-13-14-29/000369.png,labels/2019-09-16-13-14-29/000369.txt,
2019-09-16-13-14-29_000370,2019-09-16-13-14-29,000370,000594,3,2,car,range_angle.box,2019-09-16-13-14-29/range_angle_processed/000370.npy,images/2019-09-16-13-14-29/000370.png,labels/2019-09-16-13-14-29/000370.txt,
2019-09-16-13-14-29_000371,2019-09-16-13-14-29,000371,000594,3,2,car,range_angle.box,2019-09-16-13-14-29/range_angle_processed/000371.npy,images/2019-09-16-13-14-29/000371.png,labels/2019-09-16-13-14-29/000371.txt,
2019-09-16-13-14-29_000372,2019-09-16-13-14-29,000372,000594,3,2,car,range_angle.box,2019-09-16-13-14-29/range_angle_processed/000372.npy,images/2019-09-16-13-14-29/000372.png,labels/2019-09-16-13-14-29/000372.txt,
2019-09-16-13-14-29_000373,2019-09-16-13-14-29,000373,000594,3,2,car,range_angle.box,2019-09-16-13-14-29/range_angle_processed/000373.npy,images/2019-09-16-13-14-29/000373.png,labels/2019-09-16-13-14-29/000373.txt,
2019-09-16-13-14-29_000374,2019-09-16-13-14-29,000374,000594,3,2,car,range_angle.box,2019-09-16-13-14-29/range_angle_processed/000374.npy,images/2019-09-16-13-14-29/000374.png,labels/2019-09-16-13-14-29/000374.txt,
2019-09-16-13-14-29_000375,2019-09-16-13-14-29,000375,000594,3,2,car,range_angle.box,2019-09-16-13-14-29/range_angle_processed/000375.npy,images/2019-09-16-13-14-29/000375.png,labels/2019-09-16-13-14-29/000375.txt,
2019-09-16-13-14-29_000376,2019-09-16-13-14-29,000376,000594,3,2,car,range_angle.box,2019-09-16-13-14-29/range_angle_processed/000376.npy,images/2019-09-16-13-14-29/000376.png,labels/2019-09-16-13-14-29/000376.txt,
2019-09-16-13-14-29_000377,2019-09-16-13-14-29,000377,000594,3,2,car,range_angle.box,2019-09-16-13-14-29/range_angle_processed/000377.npy,images/2019-09-16-13-14-29/000377.png,labels/2019-09-16-13-14-29/000377.txt,
2019-09-16-13-14-29_000378,2019-09-16-13-14-29,000378,000594,3,2,car,range_angle.box,2019-09-16-13-14-29/range_angle_processed/000378.npy,images/2019-09-16-13-14-29/000378.png,labels/2019-09-16-13-14-29/000378.txt,
2019-09-16-13-14-29_000379,2019-09-16-13-14-29,000379,000594,3,2,car,range_angle.box,2019-09-16-13-14-29/range_angle_processed/000379.npy,images/2019-09-16-13-14-29/000379.png,labels/2019-09-16-13-14-29/000379.txt,
2019-09-16-13-14-29_000380,2019-09-16-13-14-29,000380,000594,3,2,car,range_angle.box,2019-09-16-13-14-29/range_angle_processed/000380.npy,images/2019-09-16-13-14-29/000380.png,labels/2019-09-16-13-14-29/000380.txt,
2019-09-16-13-14-29_000381,2019-09-16-13-14-29,000381,000594,3,2,car,range_angle.box,2019-09-16-13-14-29/range_angle_processed/000381.npy,images/2019-09-16-13-14-29/000381.png,labels/2019-09-16-13-14-29/000381.txt,
2019-09-16-13-14-29_000382,2019-09-16-13-14-29,000382,000594,3,2,car,range_angle.box,2019-09-16-13-14-29/range_angle_processed/000382.npy,images/2019-09-16-13-14-29/000382.png,labels/2019-09-16-13-14-29/000382.txt,
2019-09-16-13-14-29_000383,2019-09-16-13-14-29,000383,000594,3,2,car,range_angle.box,2019-09-16-13-14-29/range_angle_processed/000383.npy,images/2019-09-16-13-14-29/000383.png,labels/2019-09-16-13-14-29/000383.txt,
2019-09-16-13-14-29_000384,2019-09-16-13-14-29,000384,000594,3,2,car,range_angle.box,2019-09-16-13-14-29/range_angle_processed/000384.npy,images/2019-09-16-13-14-29/000384.png,labels/2019-09-16-13-14-29/000384.txt,
2019-09-16-13-14-29_000385,2019-09-16-13-14-29,000385,000594,3,2,car,range_angle.box,2019-09-16-13-14-29/range_angle_processed/000385.npy,images/2019-09-16-13-14-29/000385.png,labels/2019-09-16-13-14-29/000385.txt,
2019-09-16-13-14-29_000386,2019-09-16-13-14-29,000386,000594,3,2,car,range_angle.box,2019-09-16-13-14-29/range_angle_processed/000386.npy,images/2019-09-16-13-14-29/000386.png,labels/2019-09-16-13-14-29/000386.txt,
2019-09-16-13-14-29_000387,2019-09-16-13-14-29,000387,000594,3,2,car,range_angle.box,2019-09-16-13-14-29/range_angle_processed/000387.npy,images/2019-09-16-13-14-29/000387.png,labels/2019-09-16-13-14-29/000387.txt,
2019-09-16-13-14-29_000388,2019-09-16-13-14-29,000388,000594,3,2,car,range_angle.box,2019-09-16-13-14-29/range_angle_processed/000388.npy,images/2019-09-16-13-14-29/000388.png,labels/2019-09-16-13-14-29/000388.txt,
2019-09-16-13-14-29_000389,2019-09-16-13-14-29,000389,000594,3,2,car,range_angle.box,2019-09-16-13-14-29/range_angle_processed/000389.npy,images/2019-09-16-13-14-29/000389.png,labels/2019-09-16-13-14-29/000389.txt,
2019-09-16-13-14-29_000390,2019-09-16-13-14-29,000390,000594,3,2,car,range_angle.box,2019-09-16-13-14-29/range_angle_processed/000390.npy,images/2019-09-16-13-14-29/000390.png,labels/2019-09-16-13-14-29/000390.txt,
2019-09-16-13-14-29_000391,2019-09-16-13-14-29,000391,000594,3,2,car,range_angle.box,2019-09-16-13-14-29/range_angle_processed/000391.npy,images/2019-09-16-13-14-29/000391.png,labels/2019-09-16-13-14-29/000391.txt,
2019-09-16-13-14-29_000392,2019-09-16-13-14-29,000392,000594,3,2,car,range_angle.box,2019-09-16-13-14-29/range_angle_processed/000392.npy,images/2019-09-16-13-14-29/000392.png,labels/2019-09-16-13-14-29/000392.txt,
2019-09-16-13-14-29_000393,2019-09-16-13-14-29,000393,000594,3,2,car,range_angle.box,2019-09-16-13-14-29/range_angle_processed/000393.npy,images/2019-09-16-13-14-29/000393.png,labels/2019-09-16-13-14-29/000393.txt,
2019-09-16-13-14-29_000394,2019-09-16-13-14-29,000394,000594,3,2,car,range_angle.box,2019-09-16-13-14-29/range_angle_processed/000394.npy,images/2019-09-16-13-14-29/000394.png,labels/2019-09-16-13-14-29/000394.txt,
2019-09-16-13-14-29_000395,2019-09-16-13-14-29,000395,000594,3,2,car,range_angle.box,2019-09-16-13-14-29/range_angle_processed/000395.npy,images/2019-09-16-13-14-29/000395.png,labels/2019-09-16-13-14-29/000395.txt,
2019-09-16-13-14-29_000396,2019-09-16-13-14-29,000396,000594,3,2,car,range_angle.box,2019-09-16-13-14-29/range_angle_processed/000396.npy,images/2019-09-16-13-14-29/000396.png,labels/2019-09-16-13-14-29/000396.txt,
2019-09-16-13-14-29_000397,2019-09-16-13-14-29,000397,000594,3,2,car,range_angle.box,2019-09-16-13-14-29/range_angle_processed/000397.npy,images/2019-09-16-13-14-29/000397.png,labels/2019-09-16-13-14-29/000397.txt,
2019-09-16-13-14-29_000398,2019-09-16-13-14-29,000398,000594,3,2,car,range_angle.box,2019-09-16-13-14-29/range_angle_processed/000398.npy,images/2019-09-16-13-14-29/000398.png,labels/2019-09-16-13-14-29/000398.txt,
2019-09-16-13-14-29_000399,2019-09-16-13-14-29,000399,000594,3,2,car,range_angle.box,2019-09-16-13-14-29/range_angle_processed/000399.npy,images/2019-09-16-13-14-29/000399.png,labels/2019-09-16-13-14-29/000399.txt,
2019-09-16-13-14-29_000400,2019-09-16-13-14-29,000400,000594,3,2,car,range_angle.box,2019-09-16-13-14-29/range_angle_processed/000400.npy,images/2019-09-16-13-14-29/000400.png,labels/2019-09-16-13-14-29/000400.txt,
2019-09-16-13-14-29_000401,2019-09-16-13-14-29,000401,000594,3,2,car,range_angle.box,2019-09-16-13-14-29/range_angle_processed/000401.npy,images/2019-09-16-13-14-29/000401.png,labels/2019-09-16-13-14-29/000401.txt,
2019-09-16-13-14-29_000402,2019-09-16-13-14-29,000402,000594,3,2,car,range_angle.box,2019-09-16-13-14-29/range_angle_processed/000402.npy,images/2019-09-16-13-14-29/000402.png,labels/2019-09-16-13-14-29/000402.txt,
2019-09-16-13-14-29_000403,2019-09-16-13-14-29,000403,000594,3,2,car,range_angle.box,2019-09-16-13-14-29/range_angle_processed/000403.npy,images/2019-09-16-13-14-29/000403.png,labels/2019-09-16-13-14-29/000403.txt,
2019-09-16-13-14-29_000404,2019-09-16-13-14-29,000404,000594,3,2,car,range_angle.box,2019-09-16-13-14-29/range_angle_processed/000404.npy,images/2019-09-16-13-14-29/000404.png,labels/2019-09-16-13-14-29/000404.txt,
2019-09-16-13-14-29_000405,2019-09-16-13-14-29,000405,000594,3,2,car,range_angle.box,2019-09-16-13-14-29/range_angle_processed/000405.npy,images/2019-09-16-13-14-29/000405.png,labels/2019-09-16-13-14-29/000405.txt,
2019-09-16-13-14-29_000406,2019-09-16-13-14-29,000406,000594,3,2,car,range_angle.box,2019-09-16-13-14-29/range_angle_processed/000406.npy,images/2019-09-16-13-14-29/000406.png,labels/2019-09-16-13-14-29/000406.txt,
2019-09-16-13-14-29_000407,2019-09-16-13-14-29,000407,000594,3,2,car,range_angle.box,2019-09-16-13-14-29/range_angle_processed/000407.npy,images/2019-09-16-13-14-29/000407.png,labels/2019-09-16-13-14-29/000407.txt,
2019-09-16-13-14-29_000408,2019-09-16-13-14-29,000408,000594,3,2,car,range_angle.box,2019-09-16-13-14-29/range_angle_processed/000408.npy,images/2019-09-16-13-14-29/000408.png,labels/2019-09-16-13-14-29/000408.txt,
2019-09-16-13-14-29_000409,2019-09-16-13-14-29,000409,000594,3,2,car,range_angle.box,2019-09-16-13-14-29/range_angle_processed/000409.npy,images/2019-09-16-13-14-29/000409.png,labels/2019-09-16-13-14-29/000409.txt,
2019-09-16-13-18-33_000038,2019-09-16-13-18-33,000038,000652,3,2,car,range_angle.box,2019-09-16-13-18-33/range_angle_processed/000038.npy,images/2019-09-16-13-18-33/000038.png,labels/2019-09-16-13-18-33/000038.txt,
2019-09-16-13-18-33_000039,2019-09-16-13-18-33,000039,000652,3,2,car,range_angle.box,2019-09-16-13-18-33/range_angle_processed/000039.npy,images/2019-09-16-13-18-33/000039.png,labels/2019-09-16-13-18-33/000039.txt,
2019-09-16-13-18-33_000040,2019-09-16-13-18-33,000040,000652,3,2,car,range_angle.box,2019-09-16-13-18-33/range_angle_processed/000040.npy,images/2019-09-16-13-18-33/000040.png,labels/2019-09-16-13-18-33/000040.txt,
2019-09-16-13-18-33_000041,2019-09-16-13-18-33,000041,000652,3,2,car,range_angle.box,2019-09-16-13-18-33/range_angle_processed/000041.npy,images/2019-09-16-13-18-33/000041.png,labels/2019-09-16-13-18-33/000041.txt,
2019-09-16-13-18-33_000042,2019-09-16-13-18-33,000042,000652,3,2,car,range_angle.box,2019-09-16-13-18-33/range_angle_processed/000042.npy,images/2019-09-16-13-18-33/000042.png,labels/2019-09-16-13-18-33/000042.txt,
2019-09-16-13-18-33_000043,2019-09-16-13-18-33,000043,000652,3,2,car,range_angle.box,2019-09-16-13-18-33/range_angle_processed/000043.npy,images/2019-09-16-13-18-33/000043.png,labels/2019-09-16-13-18-33/000043.txt,
2019-09-16-13-18-33_000044,2019-09-16-13-18-33,000044,000652,3,2,car,range_angle.box,2019-09-16-13-18-33/range_angle_processed/000044.npy,images/2019-09-16-13-18-33/000044.png,labels/2019-09-16-13-18-33/000044.txt,
2019-09-16-13-18-33_000045,2019-09-16-13-18-33,000045,000652,3,2,car,range_angle.box,2019-09-16-13-18-33/range_angle_processed/000045.npy,images/2019-09-16-13-18-33/000045.png,labels/2019-09-16-13-18-33/000045.txt,
2019-09-16-13-18-33_000046,2019-09-16-13-18-33,000046,000652,3,2,car,range_angle.box,2019-09-16-13-18-33/range_angle_processed/000046.npy,images/2019-09-16-13-18-33/000046.png,labels/2019-09-16-13-18-33/000046.txt,
2019-09-16-13-18-33_000047,2019-09-16-13-18-33,000047,000652,3,2,car,range_angle.box,2019-09-16-13-18-33/range_angle_processed/000047.npy,images/2019-09-16-13-18-33/000047.png,labels/2019-09-16-13-18-33/000047.txt,
2019-09-16-13-18-33_000048,2019-09-16-13-18-33,000048,000652,3,2,car,range_angle.box,2019-09-16-13-18-33/range_angle_processed/000048.npy,images/2019-09-16-13-18-33/000048.png,labels/2019-09-16-13-18-33/000048.txt,
2019-09-16-13-18-33_000049,2019-09-16-13-18-33,000049,000652,3,2,car,range_angle.box,2019-09-16-13-18-33/range_angle_processed/000049.npy,images/2019-09-16-13-18-33/000049.png,labels/2019-09-16-13-18-33/000049.txt,
2019-09-16-13-18-33_000050,2019-09-16-13-18-33,000050,000652,3,2,car,range_angle.box,2019-09-16-13-18-33/range_angle_processed/000050.npy,images/2019-09-16-13-18-33/000050.png,labels/2019-09-16-13-18-33/000050.txt,
2019-09-16-13-18-33_000051,2019-09-16-13-18-33,000051,000652,3,2,car,range_angle.box,2019-09-16-13-18-33/range_angle_processed/000051.npy,images/2019-09-16-13-18-33/000051.png,labels/2019-09-16-13-18-33/000051.txt,
2019-09-16-13-18-33_000052,2019-09-16-13-18-33,000052,000652,3,2,car,range_angle.box,2019-09-16-13-18-33/range_angle_processed/000052.npy,images/2019-09-16-13-18-33/000052.png,labels/2019-09-16-13-18-33/000052.txt,
2019-09-16-13-18-33_000053,2019-09-16-13-18-33,000053,000652,3,2,car,range_angle.box,2019-09-16-13-18-33/range_angle_processed/000053.npy,images/2019-09-16-13-18-33/000053.png,labels/2019-09-16-13-18-33/000053.txt,
2019-09-16-13-18-33_000054,2019-09-16-13-18-33,000054,000652,3,2,car,range_angle.box,2019-09-16-13-18-33/range_angle_processed/000054.npy,images/2019-09-16-13-18-33/000054.png,labels/2019-09-16-13-18-33/000054.txt,
2019-09-16-13-18-33_000055,2019-09-16-13-18-33,000055,000652,3,2,car,range_angle.box,2019-09-16-13-18-33/range_angle_processed/000055.npy,images/2019-09-16-13-18-33/000055.png,labels/2019-09-16-13-18-33/000055.txt,
2019-09-16-13-18-33_000056,2019-09-16-13-18-33,000056,000652,3,2,car,range_angle.box,2019-09-16-13-18-33/range_angle_processed/000056.npy,images/2019-09-16-13-18-33/000056.png,labels/2019-09-16-13-18-33/000056.txt,
2019-09-16-13-18-33_000057,2019-09-16-13-18-33,000057,000652,3,2,car,range_angle.box,2019-09-16-13-18-33/range_angle_processed/000057.npy,images/2019-09-16-13-18-33/000057.png,labels/2019-09-16-13-18-33/000057.txt,
2019-09-16-13-18-33_000058,2019-09-16-13-18-33,000058,000652,3,2,car,range_angle.box,2019-09-16-13-18-33/range_angle_processed/000058.npy,images/2019-09-16-13-18-33/000058.png,labels/2019-09-16-13-18-33/000058.txt,
2019-09-16-13-18-33_000059,2019-09-16-13-18-33,000059,000652,3,2,car,range_angle.box,2019-09-16-13-18-33/range_angle_processed/000059.npy,images/2019-09-16-13-18-33/000059.png,labels/2019-09-16-13-18-33/000059.txt,
2019-09-16-13-18-33_000060,2019-09-16-13-18-33,000060,000652,3,2,car,range_angle.box,2019-09-16-13-18-33/range_angle_processed/000060.npy,images/2019-09-16-13-18-33/000060.png,labels/2019-09-16-13-18-33/000060.txt,
2019-09-16-13-18-33_000061,2019-09-16-13-18-33,000061,000652,3,2,car,range_angle.box,2019-09-16-13-18-33/range_angle_processed/000061.npy,images/2019-09-16-13-18-33/000061.png,labels/2019-09-16-13-18-33/000061.txt,
2019-09-16-13-18-33_000062,2019-09-16-13-18-33,000062,000652,3,2,car,range_angle.box,2019-09-16-13-18-33/range_angle_processed/000062.npy,images/2019-09-16-13-18-33/000062.png,labels/2019-09-16-13-18-33/000062.txt,
2019-09-16-13-18-33_000063,2019-09-16-13-18-33,000063,000652,3,2,car,range_angle.box,2019-09-16-13-18-33/range_angle_processed/000063.npy,images/2019-09-16-13-18-33/000063.png,labels/2019-09-16-13-18-33/000063.txt,
2019-09-16-13-18-33_000064,2019-09-16-13-18-33,000064,000652,3,2,car,range_angle.box,2019-09-16-13-18-33/range_angle_processed/000064.npy,images/2019-09-16-13-18-33/000064.png,labels/2019-09-16-13-18-33/000064.txt,
2019-09-16-13-18-33_000065,2019-09-16-13-18-33,000065,000652,3,2,car,range_angle.box,2019-09-16-13-18-33/range_angle_processed/000065.npy,images/2019-09-16-13-18-33/000065.png,labels/2019-09-16-13-18-33/000065.txt,
2019-09-16-13-18-33_000066,2019-09-16-13-18-33,000066,000652,3,2,car,range_angle.box,2019-09-16-13-18-33/range_angle_processed/000066.npy,images/2019-09-16-13-18-33/000066.png,labels/2019-09-16-13-18-33/000066.txt,
2019-09-16-13-18-33_000067,2019-09-16-13-18-33,000067,000652,3,2,car,range_angle.box,2019-09-16-13-18-33/range_angle_processed/000067.npy,images/2019-09-16-13-18-33/000067.png,labels/2019-09-16-13-18-33/000067.txt,
2019-09-16-13-18-33_000068,2019-09-16-13-18-33,000068,000652,3,2,car,range_angle.box,2019-09-16-13-18-33/range_angle_processed/000068.npy,images/2019-09-16-13-18-33/000068.png,labels/2019-09-16-13-18-33/000068.txt,
2019-09-16-13-18-33_000069,2019-09-16-13-18-33,000069,000652,3,2,car,range_angle.box,2019-09-16-13-18-33/range_angle_processed/000069.npy,images/2019-09-16-13-18-33/000069.png,labels/2019-09-16-13-18-33/000069.txt,
2019-09-16-13-18-33_000070,2019-09-16-13-18-33,000070,000652,3,2,car,range_angle.box,2019-09-16-13-18-33/range_angle_processed/000070.npy,images/2019-09-16-13-18-33/000070.png,labels/2019-09-16-13-18-33/000070.txt,
2019-09-16-13-18-33_000071,2019-09-16-13-18-33,000071,000652,3,2,car,range_angle.box,2019-09-16-13-18-33/range_angle_processed/000071.npy,images/2019-09-16-13-18-33/000071.png,labels/2019-09-16-13-18-33/000071.txt,
2019-09-16-13-18-33_000072,2019-09-16-13-18-33,000072,000652,3,2,car,range_angle.box,2019-09-16-13-18-33/range_angle_processed/000072.npy,images/2019-09-16-13-18-33/000072.png,labels/2019-09-16-13-18-33/000072.txt,
2019-09-16-13-18-33_000073,2019-09-16-13-18-33,000073,000652,3,2,car,range_angle.box,2019-09-16-13-18-33/range_angle_processed/000073.npy,images/2019-09-16-13-18-33/000073.png,labels/2019-09-16-13-18-33/000073.txt,
2019-09-16-13-18-33_000074,2019-09-16-13-18-33,000074,000652,3,2,car,range_angle.box,2019-09-16-13-18-33/range_angle_processed/000074.npy,images/2019-09-16-13-18-33/000074.png,labels/2019-09-16-13-18-33/000074.txt,
2019-09-16-13-18-33_000075,2019-09-16-13-18-33,000075,000652,3,2,car,range_angle.box,2019-09-16-13-18-33/range_angle_processed/000075.npy,images/2019-09-16-13-18-33/000075.png,labels/2019-09-16-13-18-33/000075.txt,
2019-09-16-13-18-33_000076,2019-09-16-13-18-33,000076,000652,3,2,car,range_angle.box,2019-09-16-13-18-33/range_angle_processed/000076.npy,images/2019-09-16-13-18-33/000076.png,labels/2019-09-16-13-18-33/000076.txt,
2019-09-16-13-18-33_000077,2019-09-16-13-18-33,000077,000652,3,2,car,range_angle.box,2019-09-16-13-18-33/range_angle_processed/000077.npy,images/2019-09-16-13-18-33/000077.png,labels/2019-09-16-13-18-33/000077.txt,
2019-09-16-13-18-33_000078,2019-09-16-13-18-33,000078,000652,3,2,car,range_angle.box,2019-09-16-13-18-33/range_angle_processed/000078.npy,images/2019-09-16-13-18-33/000078.png,labels/2019-09-16-13-18-33/000078.txt,
2019-09-16-13-18-33_000079,2019-09-16-13-18-33,000079,000652,3,2,car,range_angle.box,2019-09-16-13-18-33/range_angle_processed/000079.npy,images/2019-09-16-13-18-33/000079.png,labels/2019-09-16-13-18-33/000079.txt,
2019-09-16-13-18-33_000080,2019-09-16-13-18-33,000080,000652,3,2,car,range_angle.box,2019-09-16-13-18-33/range_angle_processed/000080.npy,images/2019-09-16-13-18-33/000080.png,labels/2019-09-16-13-18-33/000080.txt,
2019-09-16-13-18-33_000081,2019-09-16-13-18-33,000081,000652,3,2,car,range_angle.box,2019-09-16-13-18-33/range_angle_processed/000081.npy,images/2019-09-16-13-18-33/000081.png,labels/2019-09-16-13-18-33/000081.txt,
2019-09-16-13-18-33_000082,2019-09-16-13-18-33,000082,000652,3,2,car,range_angle.box,2019-09-16-13-18-33/range_angle_processed/000082.npy,images/2019-09-16-13-18-33/000082.png,labels/2019-09-16-13-18-33/000082.txt,
2019-09-16-13-18-33_000083,2019-09-16-13-18-33,000083,000652,3,2,car,range_angle.box,2019-09-16-13-18-33/range_angle_processed/000083.npy,images/2019-09-16-13-18-33/000083.png,labels/2019-09-16-13-18-33/000083.txt,
2019-09-16-13-18-33_000084,2019-09-16-13-18-33,000084,000652,3,2,car,range_angle.box,2019-09-16-13-18-33/range_angle_processed/000084.npy,images/2019-09-16-13-18-33/000084.png,labels/2019-09-16-13-18-33/000084.txt,
2019-09-16-13-18-33_000085,2019-09-16-13-18-33,000085,000652,3,2,car,range_angle.box,2019-09-16-13-18-33/range_angle_processed/000085.npy,images/2019-09-16-13-18-33/000085.png,labels/2019-09-16-13-18-33/000085.txt,
2019-09-16-13-18-33_000086,2019-09-16-13-18-33,000086,000652,3,2,car,range_angle.box,2019-09-16-13-18-33/range_angle_processed/000086.npy,images/2019-09-16-13-18-33/000086.png,labels/2019-09-16-13-18-33/000086.txt,
2019-09-16-13-18-33_000087,2019-09-16-13-18-33,000087,000652,3,2,car,range_angle.box,2019-09-16-13-18-33/range_angle_processed/000087.npy,images/2019-09-16-13-18-33/000087.png,labels/2019-09-16-13-18-33/000087.txt,
2019-09-16-13-18-33_000088,2019-09-16-13-18-33,000088,000652,3,2,car,range_angle.box,2019-09-16-13-18-33/range_angle_processed/000088.npy,images/2019-09-16-13-18-33/000088.png,labels/2019-09-16-13-18-33/000088.txt,
2019-09-16-13-18-33_000089,2019-09-16-13-18-33,000089,000652,3,2,car,range_angle.box,2019-09-16-13-18-33/range_angle_processed/000089.npy,images/2019-09-16-13-18-33/000089.png,labels/2019-09-16-13-18-33/000089.txt,
2019-09-16-13-18-33_000090,2019-09-16-13-18-33,000090,000652,3,2,car,range_angle.box,2019-09-16-13-18-33/range_angle_processed/000090.npy,images/2019-09-16-13-18-33/000090.png,labels/2019-09-16-13-18-33/000090.txt,
2019-09-16-13-18-33_000090,2019-09-16-13-18-33,000090,000660,3,2,car,range_angle.box,2019-09-16-13-18-33/range_angle_processed/000090.npy,images/2019-09-16-13-18-33/000090.png,labels/2019-09-16-13-18-33/000090.txt,
2019-09-16-13-18-33_000091,2019-09-16-13-18-33,000091,000652,3,2,car,range_angle.box,2019-09-16-13-18-33/range_angle_processed/000091.npy,images/2019-09-16-13-18-33/000091.png,labels/2019-09-16-13-18-33/000091.txt,
2019-09-16-13-18-33_000091,2019-09-16-13-18-33,000091,000660,3,2,car,range_angle.box,2019-09-16-13-18-33/range_angle_processed/000091.npy,images/2019-09-16-13-18-33/000091.png,labels/2019-09-16-13-18-33/000091.txt,
2019-09-16-13-18-33_000092,2019-09-16-13-18-33,000092,000652,3,2,car,range_angle.box,2019-09-16-13-18-33/range_angle_processed/000092.npy,images/2019-09-16-13-18-33/000092.png,labels/2019-09-16-13-18-33/000092.txt,
2019-09-16-13-18-33_000092,2019-09-16-13-18-33,000092,000660,3,2,car,range_angle.box,2019-09-16-13-18-33/range_angle_processed/000092.npy,images/2019-09-16-13-18-33/000092.png,labels/2019-09-16-13-18-33/000092.txt,
2019-09-16-13-18-33_000093,2019-09-16-13-18-33,000093,000652,3,2,car,range_angle.box,2019-09-16-13-18-33/range_angle_processed/000093.npy,images/2019-09-16-13-18-33/000093.png,labels/2019-09-16-13-18-33/000093.txt,
2019-09-16-13-18-33_000093,2019-09-16-13-18-33,000093,000660,3,2,car,range_angle.box,2019-09-16-13-18-33/range_angle_processed/000093.npy,images/2019-09-16-13-18-33/000093.png,labels/2019-09-16-13-18-33/000093.txt,
2019-09-16-13-18-33_000094,2019-09-16-13-18-33,000094,000652,3,2,car,range_angle.box,2019-09-16-13-18-33/range_angle_processed/000094.npy,images/2019-09-16-13-18-33/000094.png,labels/2019-09-16-13-18-33/000094.txt,
2019-09-16-13-18-33_000094,2019-09-16-13-18-33,000094,000660,3,2,car,range_angle.box,2019-09-16-13-18-33/range_angle_processed/000094.npy,images/2019-09-16-13-18-33/000094.png,labels/2019-09-16-13-18-33/000094.txt,
2019-09-16-13-18-33_000095,2019-09-16-13-18-33,000095,000652,3,2,car,range_angle.box,2019-09-16-13-18-33/range_angle_processed/000095.npy,images/2019-09-16-13-18-33/000095.png,labels/2019-09-16-13-18-33/000095.txt,
2019-09-16-13-18-33_000095,2019-09-16-13-18-33,000095,000660,3,2,car,range_angle.box,2019-09-16-13-18-33/range_angle_processed/000095.npy,images/2019-09-16-13-18-33/000095.png,labels/2019-09-16-13-18-33/000095.txt,
2019-09-16-13-18-33_000096,2019-09-16-13-18-33,000096,000652,3,2,car,range_angle.box,2019-09-16-13-18-33/range_angle_processed/000096.npy,images/2019-09-16-13-18-33/000096.png,labels/2019-09-16-13-18-33/000096.txt,
2019-09-16-13-18-33_000096,2019-09-16-13-18-33,000096,000660,3,2,car,range_angle.box,2019-09-16-13-18-33/range_angle_processed/000096.npy,images/2019-09-16-13-18-33/000096.png,labels/2019-09-16-13-18-33/000096.txt,
2019-09-16-13-18-33_000097,2019-09-16-13-18-33,000097,000652,3,2,car,range_angle.box,2019-09-16-13-18-33/range_angle_processed/000097.npy,images/2019-09-16-13-18-33/000097.png,labels/2019-09-16-13-18-33/000097.txt,
2019-09-16-13-18-33_000097,2019-09-16-13-18-33,000097,000660,3,2,car,range_angle.box,2019-09-16-13-18-33/range_angle_processed/000097.npy,images/2019-09-16-13-18-33/000097.png,labels/2019-09-16-13-18-33/000097.txt,
2019-09-16-13-18-33_000098,2019-09-16-13-18-33,000098,000652,3,2,car,range_angle.box,2019-09-16-13-18-33/range_angle_processed/000098.npy,images/2019-09-16-13-18-33/000098.png,labels/2019-09-16-13-18-33/000098.txt,
2019-09-16-13-18-33_000098,2019-09-16-13-18-33,000098,000660,3,2,car,range_angle.box,2019-09-16-13-18-33/range_angle_processed/000098.npy,images/2019-09-16-13-18-33/000098.png,labels/2019-09-16-13-18-33/000098.txt,
2019-09-16-13-18-33_000099,2019-09-16-13-18-33,000099,000652,3,2,car,range_angle.box,2019-09-16-13-18-33/range_angle_processed/000099.npy,images/2019-09-16-13-18-33/000099.png,labels/2019-09-16-13-18-33/000099.txt,
2019-09-16-13-18-33_000099,2019-09-16-13-18-33,000099,000660,3,2,car,range_angle.box,2019-09-16-13-18-33/range_angle_processed/000099.npy,images/2019-09-16-13-18-33/000099.png,labels/2019-09-16-13-18-33/000099.txt,
2019-09-16-13-18-33_000100,2019-09-16-13-18-33,000100,000652,3,2,car,range_angle.box,2019-09-16-13-18-33/range_angle_processed/000100.npy,images/2019-09-16-13-18-33/000100.png,labels/2019-09-16-13-18-33/000100.txt,
2019-09-16-13-18-33_000100,2019-09-16-13-18-33,000100,000660,3,2,car,range_angle.box,2019-09-16-13-18-33/range_angle_processed/000100.npy,images/2019-09-16-13-18-33/000100.png,labels/2019-09-16-13-18-33/000100.txt,
2019-09-16-13-18-33_000101,2019-09-16-13-18-33,000101,000652,3,2,car,range_angle.box,2019-09-16-13-18-33/range_angle_processed/000101.npy,images/2019-09-16-13-18-33/000101.png,labels/2019-09-16-13-18-33/000101.txt,
2019-09-16-13-18-33_000101,2019-09-16-13-18-33,000101,000660,3,2,car,range_angle.box,2019-09-16-13-18-33/range_angle_processed/000101.npy,images/2019-09-16-13-18-33/000101.png,labels/2019-09-16-13-18-33/000101.txt,
2019-09-16-13-18-33_000102,2019-09-16-13-18-33,000102,000652,3,2,car,range_angle.box,2019-09-16-13-18-33/range_angle_processed/000102.npy,images/2019-09-16-13-18-33/000102.png,labels/2019-09-16-13-18-33/000102.txt,
2019-09-16-13-18-33_000102,2019-09-16-13-18-33,000102,000660,3,2,car,range_angle.box,2019-09-16-13-18-33/range_angle_processed/000102.npy,images/2019-09-16-13-18-33/000102.png,labels/2019-09-16-13-18-33/000102.txt,
2019-09-16-13-18-33_000103,2019-09-16-13-18-33,000103,000652,3,2,car,range_angle.box,2019-09-16-13-18-33/range_angle_processed/000103.npy,images/2019-09-16-13-18-33/000103.png,labels/2019-09-16-13-18-33/000103.txt,
2019-09-16-13-18-33_000103,2019-09-16-13-18-33,000103,000660,3,2,car,range_angle.box,2019-09-16-13-18-33/range_angle_processed/000103.npy,images/2019-09-16-13-18-33/000103.png,labels/2019-09-16-13-18-33/000103.txt,
2019-09-16-13-18-33_000104,2019-09-16-13-18-33,000104,000652,3,2,car,range_angle.box,2019-09-16-13-18-33/range_angle_processed/000104.npy,images/2019-09-16-13-18-33/000104.png,labels/2019-09-16-13-18-33/000104.txt,
2019-09-16-13-18-33_000104,2019-09-16-13-18-33,000104,000660,3,2,car,range_angle.box,2019-09-16-13-18-33/range_angle_processed/000104.npy,images/2019-09-16-13-18-33/000104.png,labels/2019-09-16-13-18-33/000104.txt,
2019-09-16-13-18-33_000105,2019-09-16-13-18-33,000105,000652,3,2,car,range_angle.box,2019-09-16-13-18-33/range_angle_processed/000105.npy,images/2019-09-16-13-18-33/000105.png,labels/2019-09-16-13-18-33/000105.txt,
2019-09-16-13-18-33_000105,2019-09-16-13-18-33,000105,000660,3,2,car,range_angle.box,2019-09-16-13-18-33/range_angle_processed/000105.npy,images/2019-09-16-13-18-33/000105.png,labels/2019-09-16-13-18-33/000105.txt,
2019-09-16-13-18-33_000106,2019-09-16-13-18-33,000106,000652,3,2,car,range_angle.box,2019-09-16-13-18-33/range_angle_processed/000106.npy,images/2019-09-16-13-18-33/000106.png,labels/2019-09-16-13-18-33/000106.txt,
2019-09-16-13-18-33_000106,2019-09-16-13-18-33,000106,000660,3,2,car,range_angle.box,2019-09-16-13-18-33/range_angle_processed/000106.npy,images/2019-09-16-13-18-33/000106.png,labels/2019-09-16-13-18-33/000106.txt,
2019-09-16-13-18-33_000107,2019-09-16-13-18-33,000107,000652,3,2,car,range_angle.box,2019-09-16-13-18-33/range_angle_processed/000107.npy,images/2019-09-16-13-18-33/000107.png,labels/2019-09-16-13-18-33/000107.txt,
2019-09-16-13-18-33_000107,2019-09-16-13-18-33,000107,000660,3,2,car,range_angle.box,2019-09-16-13-18-33/range_angle_processed/000107.npy,images/2019-09-16-13-18-33/000107.png,labels/2019-09-16-13-18-33/000107.txt,
2019-09-16-13-18-33_000108,2019-09-16-13-18-33,000108,000652,3,2,car,range_angle.box,2019-09-16-13-18-33/range_angle_processed/000108.npy,images/2019-09-16-13-18-33/000108.png,labels/2019-09-16-13-18-33/000108.txt,
2019-09-16-13-18-33_000108,2019-09-16-13-18-33,000108,000660,3,2,car,range_angle.box,2019-09-16-13-18-33/range_angle_processed/000108.npy,images/2019-09-16-13-18-33/000108.png,labels/2019-09-16-13-18-33/000108.txt,
2019-09-16-13-18-33_000109,2019-09-16-13-18-33,000109,000652,3,2,car,range_angle.box,2019-09-16-13-18-33/range_angle_processed/000109.npy,images/2019-09-16-13-18-33/000109.png,labels/2019-09-16-13-18-33/000109.txt,
2019-09-16-13-18-33_000109,2019-09-16-13-18-33,000109,000660,3,2,car,range_angle.box,2019-09-16-13-18-33/range_angle_processed/000109.npy,images/2019-09-16-13-18-33/000109.png,labels/2019-09-16-13-18-33/000109.txt,
2019-09-16-13-18-33_000110,2019-09-16-13-18-33,000110,000652,3,2,car,range_angle.box,2019-09-16-13-18-33/range_angle_processed/000110.npy,images/2019-09-16-13-18-33/000110.png,labels/2019-09-16-13-18-33/000110.txt,
2019-09-16-13-18-33_000110,2019-09-16-13-18-33,000110,000660,3,2,car,range_angle.box,2019-09-16-13-18-33/range_angle_processed/000110.npy,images/2019-09-16-13-18-33/000110.png,labels/2019-09-16-13-18-33/000110.txt,
2019-09-16-13-18-33_000111,2019-09-16-13-18-33,000111,000652,3,2,car,range_angle.box,2019-09-16-13-18-33/range_angle_processed/000111.npy,images/2019-09-16-13-18-33/000111.png,labels/2019-09-16-13-18-33/000111.txt,
2019-09-16-13-18-33_000111,2019-09-16-13-18-33,000111,000660,3,2,car,range_angle.box,2019-09-16-13-18-33/range_angle_processed/000111.npy,images/2019-09-16-13-18-33/000111.png,labels/2019-09-16-13-18-33/000111.txt,
2019-09-16-13-18-33_000112,2019-09-16-13-18-33,000112,000652,3,2,car,range_angle.box,2019-09-16-13-18-33/range_angle_processed/000112.npy,images/2019-09-16-13-18-33/000112.png,labels/2019-09-16-13-18-33/000112.txt,
2019-09-16-13-18-33_000112,2019-09-16-13-18-33,000112,000660,3,2,car,range_angle.box,2019-09-16-13-18-33/range_angle_processed/000112.npy,images/2019-09-16-13-18-33/000112.png,labels/2019-09-16-13-18-33/000112.txt,
2019-09-16-13-18-33_000113,2019-09-16-13-18-33,000113,000652,3,2,car,range_angle.box,2019-09-16-13-18-33/range_angle_processed/000113.npy,images/2019-09-16-13-18-33/000113.png,labels/2019-09-16-13-18-33/000113.txt,
2019-09-16-13-18-33_000113,2019-09-16-13-18-33,000113,000660,3,2,car,range_angle.box,2019-09-16-13-18-33/range_angle_processed/000113.npy,images/2019-09-16-13-18-33/000113.png,labels/2019-09-16-13-18-33/000113.txt,
2019-09-16-13-18-33_000114,2019-09-16-13-18-33,000114,000652,3,2,car,range_angle.box,2019-09-16-13-18-33/range_angle_processed/000114.npy,images/2019-09-16-13-18-33/000114.png,labels/2019-09-16-13-18-33/000114.txt,
2019-09-16-13-18-33_000114,2019-09-16-13-18-33,000114,000660,3,2,car,range_angle.box,2019-09-16-13-18-33/range_angle_processed/000114.npy,images/2019-09-16-13-18-33/000114.png,labels/2019-09-16-13-18-33/000114.txt,
2019-09-16-13-18-33_000115,2019-09-16-13-18-33,000115,000652,3,2,car,range_angle.box,2019-09-16-13-18-33/range_angle_processed/000115.npy,images/2019-09-16-13-18-33/000115.png,labels/2019-09-16-13-18-33/000115.txt,
2019-09-16-13-18-33_000115,2019-09-16-13-18-33,000115,000660,3,2,car,range_angle.box,2019-09-16-13-18-33/range_angle_processed/000115.npy,images/2019-09-16-13-18-33/000115.png,labels/2019-09-16-13-18-33/000115.txt,
2019-09-16-13-18-33_000116,2019-09-16-13-18-33,000116,000652,3,2,car,range_angle.box,2019-09-16-13-18-33/range_angle_processed/000116.npy,images/2019-09-16-13-18-33/000116.png,labels/2019-09-16-13-18-33/000116.txt,
2019-09-16-13-18-33_000116,2019-09-16-13-18-33,000116,000660,3,2,car,range_angle.box,2019-09-16-13-18-33/range_angle_processed/000116.npy,images/2019-09-16-13-18-33/000116.png,labels/2019-09-16-13-18-33/000116.txt,
2019-09-16-13-18-33_000117,2019-09-16-13-18-33,000117,000652,3,2,car,range_angle.box,2019-09-16-13-18-33/range_angle_processed/000117.npy,images/2019-09-16-13-18-33/000117.png,labels/2019-09-16-13-18-33/000117.txt,
2019-09-16-13-18-33_000117,2019-09-16-13-18-33,000117,000660,3,2,car,range_angle.box,2019-09-16-13-18-33/range_angle_processed/000117.npy,images/2019-09-16-13-18-33/000117.png,labels/2019-09-16-13-18-33/000117.txt,
2019-09-16-13-18-33_000118,2019-09-16-13-18-33,000118,000652,3,2,car,range_angle.box,2019-09-16-13-18-33/range_angle_processed/000118.npy,images/2019-09-16-13-18-33/000118.png,labels/2019-09-16-13-18-33/000118.txt,
2019-09-16-13-18-33_000118,2019-09-16-13-18-33,000118,000660,3,2,car,range_angle.box,2019-09-16-13-18-33/range_angle_processed/000118.npy,images/2019-09-16-13-18-33/000118.png,labels/2019-09-16-13-18-33/000118.txt,
2019-09-16-13-18-33_000119,2019-09-16-13-18-33,000119,000652,3,2,car,range_angle.box,2019-09-16-13-18-33/range_angle_processed/000119.npy,images/2019-09-16-13-18-33/000119.png,labels/2019-09-16-13-18-33/000119.txt,
2019-09-16-13-18-33_000119,2019-09-16-13-18-33,000119,000660,3,2,car,range_angle.box,2019-09-16-13-18-33/range_angle_processed/000119.npy,images/2019-09-16-13-18-33/000119.png,labels/2019-09-16-13-18-33/000119.txt,
2019-09-16-13-18-33_000120,2019-09-16-13-18-33,000120,000652,3,2,car,range_angle.box,2019-09-16-13-18-33/range_angle_processed/000120.npy,images/2019-09-16-13-18-33/000120.png,labels/2019-09-16-13-18-33/000120.txt,
2019-09-16-13-18-33_000120,2019-09-16-13-18-33,000120,000660,3,2,car,range_angle.box,2019-09-16-13-18-33/range_angle_processed/000120.npy,images/2019-09-16-13-18-33/000120.png,labels/2019-09-16-13-18-33/000120.txt,
2019-09-16-13-18-33_000121,2019-09-16-13-18-33,000121,000652,3,2,car,range_angle.box,2019-09-16-13-18-33/range_angle_processed/000121.npy,images/2019-09-16-13-18-33/000121.png,labels/2019-09-16-13-18-33/000121.txt,
2019-09-16-13-18-33_000121,2019-09-16-13-18-33,000121,000660,3,2,car,range_angle.box,2019-09-16-13-18-33/range_angle_processed/000121.npy,images/2019-09-16-13-18-33/000121.png,labels/2019-09-16-13-18-33/000121.txt,
2019-09-16-13-18-33_000122,2019-09-16-13-18-33,000122,000652,3,2,car,range_angle.box,2019-09-16-13-18-33/range_angle_processed/000122.npy,images/2019-09-16-13-18-33/000122.png,labels/2019-09-16-13-18-33/000122.txt,
2019-09-16-13-18-33_000122,2019-09-16-13-18-33,000122,000660,3,2,car,range_angle.box,2019-09-16-13-18-33/range_angle_processed/000122.npy,images/2019-09-16-13-18-33/000122.png,labels/2019-09-16-13-18-33/000122.txt,
2019-09-16-13-18-33_000123,2019-09-16-13-18-33,000123,000652,3,2,car,range_angle.box,2019-09-16-13-18-33/range_angle_processed/000123.npy,images/2019-09-16-13-18-33/000123.png,labels/2019-09-16-13-18-33/000123.txt,
2019-09-16-13-18-33_000123,2019-09-16-13-18-33,000123,000660,3,2,car,range_angle.box,2019-09-16-13-18-33/range_angle_processed/000123.npy,images/2019-09-16-13-18-33/000123.png,labels/2019-09-16-13-18-33/000123.txt,
2019-09-16-13-18-33_000124,2019-09-16-13-18-33,000124,000652,3,2,car,range_angle.box,2019-09-16-13-18-33/range_angle_processed/000124.npy,images/2019-09-16-13-18-33/000124.png,labels/2019-09-16-13-18-33/000124.txt,
2019-09-16-13-18-33_000124,2019-09-16-13-18-33,000124,000660,3,2,car,range_angle.box,2019-09-16-13-18-33/range_angle_processed/000124.npy,images/2019-09-16-13-18-33/000124.png,labels/2019-09-16-13-18-33/000124.txt,
2019-09-16-13-18-33_000125,2019-09-16-13-18-33,000125,000652,3,2,car,range_angle.box,2019-09-16-13-18-33/range_angle_processed/000125.npy,images/2019-09-16-13-18-33/000125.png,labels/2019-09-16-13-18-33/000125.txt,
2019-09-16-13-18-33_000125,2019-09-16-13-18-33,000125,000660,3,2,car,range_angle.box,2019-09-16-13-18-33/range_angle_processed/000125.npy,images/2019-09-16-13-18-33/000125.png,labels/2019-09-16-13-18-33/000125.txt,
2019-09-16-13-18-33_000126,2019-09-16-13-18-33,000126,000652,3,2,car,range_angle.box,2019-09-16-13-18-33/range_angle_processed/000126.npy,images/2019-09-16-13-18-33/000126.png,labels/2019-09-16-13-18-33/000126.txt,
2019-09-16-13-18-33_000126,2019-09-16-13-18-33,000126,000660,3,2,car,range_angle.box,2019-09-16-13-18-33/range_angle_processed/000126.npy,images/2019-09-16-13-18-33/000126.png,labels/2019-09-16-13-18-33/000126.txt,
2019-09-16-13-18-33_000127,2019-09-16-13-18-33,000127,000652,3,2,car,range_angle.box,2019-09-16-13-18-33/range_angle_processed/000127.npy,images/2019-09-16-13-18-33/000127.png,labels/2019-09-16-13-18-33/000127.txt,
2019-09-16-13-18-33_000127,2019-09-16-13-18-33,000127,000660,3,2,car,range_angle.box,2019-09-16-13-18-33/range_angle_processed/000127.npy,images/2019-09-16-13-18-33/000127.png,labels/2019-09-16-13-18-33/000127.txt,
2019-09-16-13-18-33_000128,2019-09-16-13-18-33,000128,000652,3,2,car,range_angle.box,2019-09-16-13-18-33/range_angle_processed/000128.npy,images/2019-09-16-13-18-33/000128.png,labels/2019-09-16-13-18-33/000128.txt,
2019-09-16-13-18-33_000128,2019-09-16-13-18-33,000128,000660,3,2,car,range_angle.box,2019-09-16-13-18-33/range_angle_processed/000128.npy,images/2019-09-16-13-18-33/000128.png,labels/2019-09-16-13-18-33/000128.txt,
2019-09-16-13-18-33_000129,2019-09-16-13-18-33,000129,000652,3,2,car,range_angle.box,2019-09-16-13-18-33/range_angle_processed/000129.npy,images/2019-09-16-13-18-33/000129.png,labels/2019-09-16-13-18-33/000129.txt,
2019-09-16-13-18-33_000129,2019-09-16-13-18-33,000129,000660,3,2,car,range_angle.box,2019-09-16-13-18-33/range_angle_processed/000129.npy,images/2019-09-16-13-18-33/000129.png,labels/2019-09-16-13-18-33/000129.txt,
2019-09-16-13-18-33_000130,2019-09-16-13-18-33,000130,000652,3,2,car,range_angle.box,2019-09-16-13-18-33/range_angle_processed/000130.npy,images/2019-09-16-13-18-33/000130.png,labels/2019-09-16-13-18-33/000130.txt,
2019-09-16-13-18-33_000130,2019-09-16-13-18-33,000130,000660,3,2,car,range_angle.box,2019-09-16-13-18-33/range_angle_processed/000130.npy,images/2019-09-16-13-18-33/000130.png,labels/2019-09-16-13-18-33/000130.txt,
2019-09-16-13-18-33_000131,2019-09-16-13-18-33,000131,000652,3,2,car,range_angle.box,2019-09-16-13-18-33/range_angle_processed/000131.npy,images/2019-09-16-13-18-33/000131.png,labels/2019-09-16-13-18-33/000131.txt,
2019-09-16-13-18-33_000131,2019-09-16-13-18-33,000131,000660,3,2,car,range_angle.box,2019-09-16-13-18-33/range_angle_processed/000131.npy,images/2019-09-16-13-18-33/000131.png,labels/2019-09-16-13-18-33/000131.txt,
2019-09-16-13-18-33_000132,2019-09-16-13-18-33,000132,000652,3,2,car,range_angle.box,2019-09-16-13-18-33/range_angle_processed/000132.npy,images/2019-09-16-13-18-33/000132.png,labels/2019-09-16-13-18-33/000132.txt,
2019-09-16-13-18-33_000132,2019-09-16-13-18-33,000132,000660,3,2,car,range_angle.box,2019-09-16-13-18-33/range_angle_processed/000132.npy,images/2019-09-16-13-18-33/000132.png,labels/2019-09-16-13-18-33/000132.txt,
2019-09-16-13-18-33_000133,2019-09-16-13-18-33,000133,000652,3,2,car,range_angle.box,2019-09-16-13-18-33/range_angle_processed/000133.npy,images/2019-09-16-13-18-33/000133.png,labels/2019-09-16-13-18-33/000133.txt,
2019-09-16-13-18-33_000133,2019-09-16-13-18-33,000133,000660,3,2,car,range_angle.box,2019-09-16-13-18-33/range_angle_processed/000133.npy,images/2019-09-16-13-18-33/000133.png,labels/2019-09-16-13-18-33/000133.txt,
2019-09-16-13-18-33_000134,2019-09-16-13-18-33,000134,000652,3,2,car,range_angle.box,2019-09-16-13-18-33/range_angle_processed/000134.npy,images/2019-09-16-13-18-33/000134.png,labels/2019-09-16-13-18-33/000134.txt,
2019-09-16-13-18-33_000134,2019-09-16-13-18-33,000134,000660,3,2,car,range_angle.box,2019-09-16-13-18-33/range_angle_processed/000134.npy,images/2019-09-16-13-18-33/000134.png,labels/2019-09-16-13-18-33/000134.txt,
2019-09-16-13-18-33_000135,2019-09-16-13-18-33,000135,000652,3,2,car,range_angle.box,2019-09-16-13-18-33/range_angle_processed/000135.npy,images/2019-09-16-13-18-33/000135.png,labels/2019-09-16-13-18-33/000135.txt,
2019-09-16-13-18-33_000135,2019-09-16-13-18-33,000135,000660,3,2,car,range_angle.box,2019-09-16-13-18-33/range_angle_processed/000135.npy,images/2019-09-16-13-18-33/000135.png,labels/2019-09-16-13-18-33/000135.txt,
2019-09-16-13-18-33_000136,2019-09-16-13-18-33,000136,000652,3,2,car,range_angle.box,2019-09-16-13-18-33/range_angle_processed/000136.npy,images/2019-09-16-13-18-33/000136.png,labels/2019-09-16-13-18-33/000136.txt,
2019-09-16-13-18-33_000136,2019-09-16-13-18-33,000136,000660,3,2,car,range_angle.box,2019-09-16-13-18-33/range_angle_processed/000136.npy,images/2019-09-16-13-18-33/000136.png,labels/2019-09-16-13-18-33/000136.txt,
2019-09-16-13-18-33_000137,2019-09-16-13-18-33,000137,000652,3,2,car,range_angle.box,2019-09-16-13-18-33/range_angle_processed/000137.npy,images/2019-09-16-13-18-33/000137.png,labels/2019-09-16-13-18-33/000137.txt,
2019-09-16-13-18-33_000137,2019-09-16-13-18-33,000137,000660,3,2,car,range_angle.box,2019-09-16-13-18-33/range_angle_processed/000137.npy,images/2019-09-16-13-18-33/000137.png,labels/2019-09-16-13-18-33/000137.txt,
2019-09-16-13-18-33_000138,2019-09-16-13-18-33,000138,000652,3,2,car,range_angle.box,2019-09-16-13-18-33/range_angle_processed/000138.npy,images/2019-09-16-13-18-33/000138.png,labels/2019-09-16-13-18-33/000138.txt,
2019-09-16-13-18-33_000138,2019-09-16-13-18-33,000138,000660,3,2,car,range_angle.box,2019-09-16-13-18-33/range_angle_processed/000138.npy,images/2019-09-16-13-18-33/000138.png,labels/2019-09-16-13-18-33/000138.txt,
2019-09-16-13-18-33_000139,2019-09-16-13-18-33,000139,000652,3,2,car,range_angle.box,2019-09-16-13-18-33/range_angle_processed/000139.npy,images/2019-09-16-13-18-33/000139.png,labels/2019-09-16-13-18-33/000139.txt,
2019-09-16-13-18-33_000139,2019-09-16-13-18-33,000139,000660,3,2,car,range_angle.box,2019-09-16-13-18-33/range_angle_processed/000139.npy,images/2019-09-16-13-18-33/000139.png,labels/2019-09-16-13-18-33/000139.txt,
2019-09-16-13-18-33_000140,2019-09-16-13-18-33,000140,000652,3,2,car,range_angle.box,2019-09-16-13-18-33/range_angle_processed/000140.npy,images/2019-09-16-13-18-33/000140.png,labels/2019-09-16-13-18-33/000140.txt,
2019-09-16-13-18-33_000140,2019-09-16-13-18-33,000140,000660,3,2,car,range_angle.box,2019-09-16-13-18-33/range_angle_processed/000140.npy,images/2019-09-16-13-18-33/000140.png,labels/2019-09-16-13-18-33/000140.txt,
2019-09-16-13-18-33_000141,2019-09-16-13-18-33,000141,000652,3,2,car,range_angle.box,2019-09-16-13-18-33/range_angle_processed/000141.npy,images/2019-09-16-13-18-33/000141.png,labels/2019-09-16-13-18-33/000141.txt,
2019-09-16-13-18-33_000141,2019-09-16-13-18-33,000141,000660,3,2,car,range_angle.box,2019-09-16-13-18-33/range_angle_processed/000141.npy,images/2019-09-16-13-18-33/000141.png,labels/2019-09-16-13-18-33/000141.txt,
2019-09-16-13-18-33_000142,2019-09-16-13-18-33,000142,000652,3,2,car,range_angle.box,2019-09-16-13-18-33/range_angle_processed/000142.npy,images/2019-09-16-13-18-33/000142.png,labels/2019-09-16-13-18-33/000142.txt,
2019-09-16-13-18-33_000142,2019-09-16-13-18-33,000142,000660,3,2,car,range_angle.box,2019-09-16-13-18-33/range_angle_processed/000142.npy,images/2019-09-16-13-18-33/000142.png,labels/2019-09-16-13-18-33/000142.txt,
2019-09-16-13-18-33_000143,2019-09-16-13-18-33,000143,000652,3,2,car,range_angle.box,2019-09-16-13-18-33/range_angle_processed/000143.npy,images/2019-09-16-13-18-33/000143.png,labels/2019-09-16-13-18-33/000143.txt,
2019-09-16-13-18-33_000143,2019-09-16-13-18-33,000143,000660,3,2,car,range_angle.box,2019-09-16-13-18-33/range_angle_processed/000143.npy,images/2019-09-16-13-18-33/000143.png,labels/2019-09-16-13-18-33/000143.txt,
2019-09-16-13-18-33_000144,2019-09-16-13-18-33,000144,000652,3,2,car,range_angle.box,2019-09-16-13-18-33/range_angle_processed/000144.npy,images/2019-09-16-13-18-33/000144.png,labels/2019-09-16-13-18-33/000144.txt,
2019-09-16-13-18-33_000144,2019-09-16-13-18-33,000144,000660,3,2,car,range_angle.box,2019-09-16-13-18-33/range_angle_processed/000144.npy,images/2019-09-16-13-18-33/000144.png,labels/2019-09-16-13-18-33/000144.txt,
2019-09-16-13-18-33_000145,2019-09-16-13-18-33,000145,000652,3,2,car,range_angle.box,2019-09-16-13-18-33/range_angle_processed/000145.npy,images/2019-09-16-13-18-33/000145.png,labels/2019-09-16-13-18-33/000145.txt,
2019-09-16-13-18-33_000145,2019-09-16-13-18-33,000145,000660,3,2,car,range_angle.box,2019-09-16-13-18-33/range_angle_processed/000145.npy,images/2019-09-16-13-18-33/000145.png,labels/2019-09-16-13-18-33/000145.txt,
2019-09-16-13-18-33_000146,2019-09-16-13-18-33,000146,000652,3,2,car,range_angle.box,2019-09-16-13-18-33/range_angle_processed/000146.npy,images/2019-09-16-13-18-33/000146.png,labels/2019-09-16-13-18-33/000146.txt,
2019-09-16-13-18-33_000146,2019-09-16-13-18-33,000146,000660,3,2,car,range_angle.box,2019-09-16-13-18-33/range_angle_processed/000146.npy,images/2019-09-16-13-18-33/000146.png,labels/2019-09-16-13-18-33/000146.txt,
2019-09-16-13-18-33_000147,2019-09-16-13-18-33,000147,000652,3,2,car,range_angle.box,2019-09-16-13-18-33/range_angle_processed/000147.npy,images/2019-09-16-13-18-33/000147.png,labels/2019-09-16-13-18-33/000147.txt,
2019-09-16-13-18-33_000147,2019-09-16-13-18-33,000147,000660,3,2,car,range_angle.box,2019-09-16-13-18-33/range_angle_processed/000147.npy,images/2019-09-16-13-18-33/000147.png,labels/2019-09-16-13-18-33/000147.txt,
2019-09-16-13-18-33_000148,2019-09-16-13-18-33,000148,000652,3,2,car,range_angle.box,2019-09-16-13-18-33/range_angle_processed/000148.npy,images/2019-09-16-13-18-33/000148.png,labels/2019-09-16-13-18-33/000148.txt,
2019-09-16-13-18-33_000148,2019-09-16-13-18-33,000148,000660,3,2,car,range_angle.box,2019-09-16-13-18-33/range_angle_processed/000148.npy,images/2019-09-16-13-18-33/000148.png,labels/2019-09-16-13-18-33/000148.txt,
2019-09-16-13-18-33_000149,2019-09-16-13-18-33,000149,000652,3,2,car,range_angle.box,2019-09-16-13-18-33/range_angle_processed/000149.npy,images/2019-09-16-13-18-33/000149.png,labels/2019-09-16-13-18-33/000149.txt,
2019-09-16-13-18-33_000149,2019-09-16-13-18-33,000149,000660,3,2,car,range_angle.box,2019-09-16-13-18-33/range_angle_processed/000149.npy,images/2019-09-16-13-18-33/000149.png,labels/2019-09-16-13-18-33/000149.txt,
2019-09-16-13-18-33_000150,2019-09-16-13-18-33,000150,000652,3,2,car,range_angle.box,2019-09-16-13-18-33/range_angle_processed/000150.npy,images/2019-09-16-13-18-33/000150.png,labels/2019-09-16-13-18-33/000150.txt,
2019-09-16-13-18-33_000150,2019-09-16-13-18-33,000150,000660,3,2,car,range_angle.box,2019-09-16-13-18-33/range_angle_processed/000150.npy,images/2019-09-16-13-18-33/000150.png,labels/2019-09-16-13-18-33/000150.txt,
2019-09-16-13-18-33_000151,2019-09-16-13-18-33,000151,000652,3,2,car,range_angle.box,2019-09-16-13-18-33/range_angle_processed/000151.npy,images/2019-09-16-13-18-33/000151.png,labels/2019-09-16-13-18-33/000151.txt,
2019-09-16-13-18-33_000152,2019-09-16-13-18-33,000152,000652,3,2,car,range_angle.box,2019-09-16-13-18-33/range_angle_processed/000152.npy,images/2019-09-16-13-18-33/000152.png,labels/2019-09-16-13-18-33/000152.txt,
2019-09-16-13-18-33_000153,2019-09-16-13-18-33,000153,000652,3,2,car,range_angle.box,2019-09-16-13-18-33/range_angle_processed/000153.npy,images/2019-09-16-13-18-33/000153.png,labels/2019-09-16-13-18-33/000153.txt,
2019-09-16-13-18-33_000154,2019-09-16-13-18-33,000154,000652,3,2,car,range_angle.box,2019-09-16-13-18-33/range_angle_processed/000154.npy,images/2019-09-16-13-18-33/000154.png,labels/2019-09-16-13-18-33/000154.txt,
2019-09-16-13-18-33_000155,2019-09-16-13-18-33,000155,000652,3,2,car,range_angle.box,2019-09-16-13-18-33/range_angle_processed/000155.npy,images/2019-09-16-13-18-33/000155.png,labels/2019-09-16-13-18-33/000155.txt,
2019-09-16-13-18-33_000156,2019-09-16-13-18-33,000156,000652,3,2,car,range_angle.box,2019-09-16-13-18-33/range_angle_processed/000156.npy,images/2019-09-16-13-18-33/000156.png,labels/2019-09-16-13-18-33/000156.txt,
2019-09-16-13-18-33_000157,2019-09-16-13-18-33,000157,000652,3,2,car,range_angle.box,2019-09-16-13-18-33/range_angle_processed/000157.npy,images/2019-09-16-13-18-33/000157.png,labels/2019-09-16-13-18-33/000157.txt,
2019-09-16-13-18-33_000158,2019-09-16-13-18-33,000158,000652,3,2,car,range_angle.box,2019-09-16-13-18-33/range_angle_processed/000158.npy,images/2019-09-16-13-18-33/000158.png,labels/2019-09-16-13-18-33/000158.txt,
2019-09-16-13-18-33_000159,2019-09-16-13-18-33,000159,000652,3,2,car,range_angle.box,2019-09-16-13-18-33/range_angle_processed/000159.npy,images/2019-09-16-13-18-33/000159.png,labels/2019-09-16-13-18-33/000159.txt,
2019-09-16-13-18-33_000160,2019-09-16-13-18-33,000160,000652,3,2,car,range_angle.box,2019-09-16-13-18-33/range_angle_processed/000160.npy,images/2019-09-16-13-18-33/000160.png,labels/2019-09-16-13-18-33/000160.txt,
2019-09-16-13-18-33_000161,2019-09-16-13-18-33,000161,000652,3,2,car,range_angle.box,2019-09-16-13-18-33/range_angle_processed/000161.npy,images/2019-09-16-13-18-33/000161.png,labels/2019-09-16-13-18-33/000161.txt,
2019-09-16-13-18-33_000162,2019-09-16-13-18-33,000162,000652,3,2,car,range_angle.box,2019-09-16-13-18-33/range_angle_processed/000162.npy,images/2019-09-16-13-18-33/000162.png,labels/2019-09-16-13-18-33/000162.txt,
2019-09-16-13-18-33_000163,2019-09-16-13-18-33,000163,000652,3,2,car,range_angle.box,2019-09-16-13-18-33/range_angle_processed/000163.npy,images/2019-09-16-13-18-33/000163.png,labels/2019-09-16-13-18-33/000163.txt,
2019-09-16-13-18-33_000164,2019-09-16-13-18-33,000164,000652,3,2,car,range_angle.box,2019-09-16-13-18-33/range_angle_processed/000164.npy,images/2019-09-16-13-18-33/000164.png,labels/2019-09-16-13-18-33/000164.txt,
2019-09-16-13-18-33_000165,2019-09-16-13-18-33,000165,000652,3,2,car,range_angle.box,2019-09-16-13-18-33/range_angle_processed/000165.npy,images/2019-09-16-13-18-33/000165.png,labels/2019-09-16-13-18-33/000165.txt,
2019-09-16-13-18-33_000166,2019-09-16-13-18-33,000166,000652,3,2,car,range_angle.box,2019-09-16-13-18-33/range_angle_processed/000166.npy,images/2019-09-16-13-18-33/000166.png,labels/2019-09-16-13-18-33/000166.txt,
2019-09-16-13-18-33_000167,2019-09-16-13-18-33,000167,000652,3,2,car,range_angle.box,2019-09-16-13-18-33/range_angle_processed/000167.npy,images/2019-09-16-13-18-33/000167.png,labels/2019-09-16-13-18-33/000167.txt,
2019-09-16-13-18-33_000168,2019-09-16-13-18-33,000168,000652,3,2,car,range_angle.box,2019-09-16-13-18-33/range_angle_processed/000168.npy,images/2019-09-16-13-18-33/000168.png,labels/2019-09-16-13-18-33/000168.txt,
2019-09-16-13-18-33_000169,2019-09-16-13-18-33,000169,000652,3,2,car,range_angle.box,2019-09-16-13-18-33/range_angle_processed/000169.npy,images/2019-09-16-13-18-33/000169.png,labels/2019-09-16-13-18-33/000169.txt,
2019-09-16-13-18-33_000170,2019-09-16-13-18-33,000170,000652,3,2,car,range_angle.box,2019-09-16-13-18-33/range_angle_processed/000170.npy,images/2019-09-16-13-18-33/000170.png,labels/2019-09-16-13-18-33/000170.txt,
2019-09-16-13-18-33_000171,2019-09-16-13-18-33,000171,000652,3,2,car,range_angle.box,2019-09-16-13-18-33/range_angle_processed/000171.npy,images/2019-09-16-13-18-33/000171.png,labels/2019-09-16-13-18-33/000171.txt,
2019-09-16-13-18-33_000172,2019-09-16-13-18-33,000172,000652,3,2,car,range_angle.box,2019-09-16-13-18-33/range_angle_processed/000172.npy,images/2019-09-16-13-18-33/000172.png,labels/2019-09-16-13-18-33/000172.txt,
2019-09-16-13-18-33_000173,2019-09-16-13-18-33,000173,000652,3,2,car,range_angle.box,2019-09-16-13-18-33/range_angle_processed/000173.npy,images/2019-09-16-13-18-33/000173.png,labels/2019-09-16-13-18-33/000173.txt,
2019-09-16-13-18-33_000174,2019-09-16-13-18-33,000174,000652,3,2,car,range_angle.box,2019-09-16-13-18-33/range_angle_processed/000174.npy,images/2019-09-16-13-18-33/000174.png,labels/2019-09-16-13-18-33/000174.txt,
2019-09-16-13-18-33_000175,2019-09-16-13-18-33,000175,000652,3,2,car,range_angle.box,2019-09-16-13-18-33/range_angle_processed/000175.npy,images/2019-09-16-13-18-33/000175.png,labels/2019-09-16-13-18-33/000175.txt,
2019-09-16-13-18-33_000176,2019-09-16-13-18-33,000176,000652,3,2,car,range_angle.box,2019-09-16-13-18-33/range_angle_processed/000176.npy,images/2019-09-16-13-18-33/000176.png,labels/2019-09-16-13-18-33/000176.txt,
2019-09-16-13-18-33_000177,2019-09-16-13-18-33,000177,000652,3,2,car,range_angle.box,2019-09-16-13-18-33/range_angle_processed/000177.npy,images/2019-09-16-13-18-33/000177.png,labels/2019-09-16-13-18-33/000177.txt,
2019-09-16-13-18-33_000178,2019-09-16-13-18-33,000178,000652,3,2,car,range_angle.box,2019-09-16-13-18-33/range_angle_processed/000178.npy,images/2019-09-16-13-18-33/000178.png,labels/2019-09-16-13-18-33/000178.txt,
2019-09-16-13-18-33_000179,2019-09-16-13-18-33,000179,000652,3,2,car,range_angle.box,2019-09-16-13-18-33/range_angle_processed/000179.npy,images/2019-09-16-13-18-33/000179.png,labels/2019-09-16-13-18-33/000179.txt,
2019-09-16-13-18-33_000180,2019-09-16-13-18-33,000180,000652,3,2,car,range_angle.box,2019-09-16-13-18-33/range_angle_processed/000180.npy,images/2019-09-16-13-18-33/000180.png,labels/2019-09-16-13-18-33/000180.txt,
2019-09-16-13-18-33_000181,2019-09-16-13-18-33,000181,000652,3,2,car,range_angle.box,2019-09-16-13-18-33/range_angle_processed/000181.npy,images/2019-09-16-13-18-33/000181.png,labels/2019-09-16-13-18-33/000181.txt,
2019-09-16-13-18-33_000182,2019-09-16-13-18-33,000182,000652,3,2,car,range_angle.box,2019-09-16-13-18-33/range_angle_processed/000182.npy,images/2019-09-16-13-18-33/000182.png,labels/2019-09-16-13-18-33/000182.txt,
2019-09-16-13-18-33_000183,2019-09-16-13-18-33,000183,000652,3,2,car,range_angle.box,2019-09-16-13-18-33/range_angle_processed/000183.npy,images/2019-09-16-13-18-33/000183.png,labels/2019-09-16-13-18-33/000183.txt,
2019-09-16-13-18-33_000184,2019-09-16-13-18-33,000184,000652,3,2,car,range_angle.box,2019-09-16-13-18-33/range_angle_processed/000184.npy,images/2019-09-16-13-18-33/000184.png,labels/2019-09-16-13-18-33/000184.txt,
2019-09-16-13-18-33_000185,2019-09-16-13-18-33,000185,000652,3,2,car,range_angle.box,2019-09-16-13-18-33/range_angle_processed/000185.npy,images/2019-09-16-13-18-33/000185.png,labels/2019-09-16-13-18-33/000185.txt,
2019-09-16-13-18-33_000186,2019-09-16-13-18-33,000186,000652,3,2,car,range_angle.box,2019-09-16-13-18-33/range_angle_processed/000186.npy,images/2019-09-16-13-18-33/000186.png,labels/2019-09-16-13-18-33/000186.txt,
2019-09-16-13-18-33_000187,2019-09-16-13-18-33,000187,000652,3,2,car,range_angle.box,2019-09-16-13-18-33/range_angle_processed/000187.npy,images/2019-09-16-13-18-33/000187.png,labels/2019-09-16-13-18-33/000187.txt,
2019-09-16-13-18-33_000188,2019-09-16-13-18-33,000188,000652,3,2,car,range_angle.box,2019-09-16-13-18-33/range_angle_processed/000188.npy,images/2019-09-16-13-18-33/000188.png,labels/2019-09-16-13-18-33/000188.txt,
2019-09-16-13-18-33_000189,2019-09-16-13-18-33,000189,000652,3,2,car,range_angle.box,2019-09-16-13-18-33/range_angle_processed/000189.npy,images/2019-09-16-13-18-33/000189.png,labels/2019-09-16-13-18-33/000189.txt,
2019-09-16-13-20-20_000055,2019-09-16-13-20-20,000055,000670,3,2,car,range_angle.box,2019-09-16-13-20-20/range_angle_processed/000055.npy,images/2019-09-16-13-20-20/000055.png,labels/2019-09-16-13-20-20/000055.txt,
2019-09-16-13-20-20_000056,2019-09-16-13-20-20,000056,000670,3,2,car,range_angle.box,2019-09-16-13-20-20/range_angle_processed/000056.npy,images/2019-09-16-13-20-20/000056.png,labels/2019-09-16-13-20-20/000056.txt,
2019-09-16-13-20-20_000057,2019-09-16-13-20-20,000057,000670,3,2,car,range_angle.box,2019-09-16-13-20-20/range_angle_processed/000057.npy,images/2019-09-16-13-20-20/000057.png,labels/2019-09-16-13-20-20/000057.txt,
2019-09-16-13-20-20_000057,2019-09-16-13-20-20,000057,000673,3,2,car,range_angle.box,2019-09-16-13-20-20/range_angle_processed/000057.npy,images/2019-09-16-13-20-20/000057.png,labels/2019-09-16-13-20-20/000057.txt,
2019-09-16-13-20-20_000058,2019-09-16-13-20-20,000058,000670,3,2,car,range_angle.box,2019-09-16-13-20-20/range_angle_processed/000058.npy,images/2019-09-16-13-20-20/000058.png,labels/2019-09-16-13-20-20/000058.txt,
2019-09-16-13-20-20_000058,2019-09-16-13-20-20,000058,000673,3,2,car,range_angle.box,2019-09-16-13-20-20/range_angle_processed/000058.npy,images/2019-09-16-13-20-20/000058.png,labels/2019-09-16-13-20-20/000058.txt,
2019-09-16-13-20-20_000059,2019-09-16-13-20-20,000059,000670,3,2,car,range_angle.box,2019-09-16-13-20-20/range_angle_processed/000059.npy,images/2019-09-16-13-20-20/000059.png,labels/2019-09-16-13-20-20/000059.txt,
2019-09-16-13-20-20_000059,2019-09-16-13-20-20,000059,000673,3,2,car,range_angle.box,2019-09-16-13-20-20/range_angle_processed/000059.npy,images/2019-09-16-13-20-20/000059.png,labels/2019-09-16-13-20-20/000059.txt,
2019-09-16-13-20-20_000060,2019-09-16-13-20-20,000060,000670,3,2,car,range_angle.box,2019-09-16-13-20-20/range_angle_processed/000060.npy,images/2019-09-16-13-20-20/000060.png,labels/2019-09-16-13-20-20/000060.txt,
2019-09-16-13-20-20_000060,2019-09-16-13-20-20,000060,000673,3,2,car,range_angle.box,2019-09-16-13-20-20/range_angle_processed/000060.npy,images/2019-09-16-13-20-20/000060.png,labels/2019-09-16-13-20-20/000060.txt,
2019-09-16-13-20-20_000061,2019-09-16-13-20-20,000061,000670,3,2,car,range_angle.box,2019-09-16-13-20-20/range_angle_processed/000061.npy,images/2019-09-16-13-20-20/000061.png,labels/2019-09-16-13-20-20/000061.txt,
2019-09-16-13-20-20_000061,2019-09-16-13-20-20,000061,000673,3,2,car,range_angle.box,2019-09-16-13-20-20/range_angle_processed/000061.npy,images/2019-09-16-13-20-20/000061.png,labels/2019-09-16-13-20-20/000061.txt,
2019-09-16-13-20-20_000062,2019-09-16-13-20-20,000062,000670,3,2,car,range_angle.box,2019-09-16-13-20-20/range_angle_processed/000062.npy,images/2019-09-16-13-20-20/000062.png,labels/2019-09-16-13-20-20/000062.txt,
2019-09-16-13-20-20_000062,2019-09-16-13-20-20,000062,000673,3,2,car,range_angle.box,2019-09-16-13-20-20/range_angle_processed/000062.npy,images/2019-09-16-13-20-20/000062.png,labels/2019-09-16-13-20-20/000062.txt,
2019-09-16-13-20-20_000063,2019-09-16-13-20-20,000063,000670,3,2,car,range_angle.box,2019-09-16-13-20-20/range_angle_processed/000063.npy,images/2019-09-16-13-20-20/000063.png,labels/2019-09-16-13-20-20/000063.txt,
2019-09-16-13-20-20_000063,2019-09-16-13-20-20,000063,000673,3,2,car,range_angle.box,2019-09-16-13-20-20/range_angle_processed/000063.npy,images/2019-09-16-13-20-20/000063.png,labels/2019-09-16-13-20-20/000063.txt,
2019-09-16-13-20-20_000064,2019-09-16-13-20-20,000064,000670,3,2,car,range_angle.box,2019-09-16-13-20-20/range_angle_processed/000064.npy,images/2019-09-16-13-20-20/000064.png,labels/2019-09-16-13-20-20/000064.txt,
2019-09-16-13-20-20_000064,2019-09-16-13-20-20,000064,000673,3,2,car,range_angle.box,2019-09-16-13-20-20/range_angle_processed/000064.npy,images/2019-09-16-13-20-20/000064.png,labels/2019-09-16-13-20-20/000064.txt,
2019-09-16-13-20-20_000065,2019-09-16-13-20-20,000065,000670,3,2,car,range_angle.box,2019-09-16-13-20-20/range_angle_processed/000065.npy,images/2019-09-16-13-20-20/000065.png,labels/2019-09-16-13-20-20/000065.txt,
2019-09-16-13-20-20_000065,2019-09-16-13-20-20,000065,000673,3,2,car,range_angle.box,2019-09-16-13-20-20/range_angle_processed/000065.npy,images/2019-09-16-13-20-20/000065.png,labels/2019-09-16-13-20-20/000065.txt,
2019-09-16-13-20-20_000066,2019-09-16-13-20-20,000066,000670,3,2,car,range_angle.box,2019-09-16-13-20-20/range_angle_processed/000066.npy,images/2019-09-16-13-20-20/000066.png,labels/2019-09-16-13-20-20/000066.txt,
2019-09-16-13-20-20_000066,2019-09-16-13-20-20,000066,000673,3,2,car,range_angle.box,2019-09-16-13-20-20/range_angle_processed/000066.npy,images/2019-09-16-13-20-20/000066.png,labels/2019-09-16-13-20-20/000066.txt,
2019-09-16-13-20-20_000067,2019-09-16-13-20-20,000067,000670,3,2,car,range_angle.box,2019-09-16-13-20-20/range_angle_processed/000067.npy,images/2019-09-16-13-20-20/000067.png,labels/2019-09-16-13-20-20/000067.txt,
2019-09-16-13-20-20_000067,2019-09-16-13-20-20,000067,000673,3,2,car,range_angle.box,2019-09-16-13-20-20/range_angle_processed/000067.npy,images/2019-09-16-13-20-20/000067.png,labels/2019-09-16-13-20-20/000067.txt,
2019-09-16-13-20-20_000068,2019-09-16-13-20-20,000068,000670,3,2,car,range_angle.box,2019-09-16-13-20-20/range_angle_processed/000068.npy,images/2019-09-16-13-20-20/000068.png,labels/2019-09-16-13-20-20/000068.txt,
2019-09-16-13-20-20_000068,2019-09-16-13-20-20,000068,000673,3,2,car,range_angle.box,2019-09-16-13-20-20/range_angle_processed/000068.npy,images/2019-09-16-13-20-20/000068.png,labels/2019-09-16-13-20-20/000068.txt,
2019-09-16-13-20-20_000069,2019-09-16-13-20-20,000069,000670,3,2,car,range_angle.box,2019-09-16-13-20-20/range_angle_processed/000069.npy,images/2019-09-16-13-20-20/000069.png,labels/2019-09-16-13-20-20/000069.txt,
2019-09-16-13-20-20_000069,2019-09-16-13-20-20,000069,000673,3,2,car,range_angle.box,2019-09-16-13-20-20/range_angle_processed/000069.npy,images/2019-09-16-13-20-20/000069.png,labels/2019-09-16-13-20-20/000069.txt,
2019-09-16-13-20-20_000070,2019-09-16-13-20-20,000070,000670,3,2,car,range_angle.box,2019-09-16-13-20-20/range_angle_processed/000070.npy,images/2019-09-16-13-20-20/000070.png,labels/2019-09-16-13-20-20/000070.txt,
2019-09-16-13-20-20_000070,2019-09-16-13-20-20,000070,000673,3,2,car,range_angle.box,2019-09-16-13-20-20/range_angle_processed/000070.npy,images/2019-09-16-13-20-20/000070.png,labels/2019-09-16-13-20-20/000070.txt,
2019-09-16-13-20-20_000071,2019-09-16-13-20-20,000071,000670,3,2,car,range_angle.box,2019-09-16-13-20-20/range_angle_processed/000071.npy,images/2019-09-16-13-20-20/000071.png,labels/2019-09-16-13-20-20/000071.txt,
2019-09-16-13-20-20_000071,2019-09-16-13-20-20,000071,000673,3,2,car,range_angle.box,2019-09-16-13-20-20/range_angle_processed/000071.npy,images/2019-09-16-13-20-20/000071.png,labels/2019-09-16-13-20-20/000071.txt,
2019-09-16-13-20-20_000072,2019-09-16-13-20-20,000072,000670,3,2,car,range_angle.box,2019-09-16-13-20-20/range_angle_processed/000072.npy,images/2019-09-16-13-20-20/000072.png,labels/2019-09-16-13-20-20/000072.txt,
2019-09-16-13-20-20_000072,2019-09-16-13-20-20,000072,000673,3,2,car,range_angle.box,2019-09-16-13-20-20/range_angle_processed/000072.npy,images/2019-09-16-13-20-20/000072.png,labels/2019-09-16-13-20-20/000072.txt,
2019-09-16-13-20-20_000073,2019-09-16-13-20-20,000073,000670,3,2,car,range_angle.box,2019-09-16-13-20-20/range_angle_processed/000073.npy,images/2019-09-16-13-20-20/000073.png,labels/2019-09-16-13-20-20/000073.txt,
2019-09-16-13-20-20_000073,2019-09-16-13-20-20,000073,000673,3,2,car,range_angle.box,2019-09-16-13-20-20/range_angle_processed/000073.npy,images/2019-09-16-13-20-20/000073.png,labels/2019-09-16-13-20-20/000073.txt,
2019-09-16-13-20-20_000074,2019-09-16-13-20-20,000074,000670,3,2,car,range_angle.box,2019-09-16-13-20-20/range_angle_processed/000074.npy,images/2019-09-16-13-20-20/000074.png,labels/2019-09-16-13-20-20/000074.txt,
2019-09-16-13-20-20_000074,2019-09-16-13-20-20,000074,000673,3,2,car,range_angle.box,2019-09-16-13-20-20/range_angle_processed/000074.npy,images/2019-09-16-13-20-20/000074.png,labels/2019-09-16-13-20-20/000074.txt,
2019-09-16-13-20-20_000075,2019-09-16-13-20-20,000075,000670,3,2,car,range_angle.box,2019-09-16-13-20-20/range_angle_processed/000075.npy,images/2019-09-16-13-20-20/000075.png,labels/2019-09-16-13-20-20/000075.txt,
2019-09-16-13-20-20_000075,2019-09-16-13-20-20,000075,000673,3,2,car,range_angle.box,2019-09-16-13-20-20/range_angle_processed/000075.npy,images/2019-09-16-13-20-20/000075.png,labels/2019-09-16-13-20-20/000075.txt,
2019-09-16-13-20-20_000076,2019-09-16-13-20-20,000076,000670,3,2,car,range_angle.box,2019-09-16-13-20-20/range_angle_processed/000076.npy,images/2019-09-16-13-20-20/000076.png,labels/2019-09-16-13-20-20/000076.txt,
2019-09-16-13-20-20_000076,2019-09-16-13-20-20,000076,000673,3,2,car,range_angle.box,2019-09-16-13-20-20/range_angle_processed/000076.npy,images/2019-09-16-13-20-20/000076.png,labels/2019-09-16-13-20-20/000076.txt,
2019-09-16-13-20-20_000077,2019-09-16-13-20-20,000077,000670,3,2,car,range_angle.box,2019-09-16-13-20-20/range_angle_processed/000077.npy,images/2019-09-16-13-20-20/000077.png,labels/2019-09-16-13-20-20/000077.txt,
2019-09-16-13-20-20_000077,2019-09-16-13-20-20,000077,000673,3,2,car,range_angle.box,2019-09-16-13-20-20/range_angle_processed/000077.npy,images/2019-09-16-13-20-20/000077.png,labels/2019-09-16-13-20-20/000077.txt,
2019-09-16-13-20-20_000078,2019-09-16-13-20-20,000078,000670,3,2,car,range_angle.box,2019-09-16-13-20-20/range_angle_processed/000078.npy,images/2019-09-16-13-20-20/000078.png,labels/2019-09-16-13-20-20/000078.txt,
2019-09-16-13-20-20_000078,2019-09-16-13-20-20,000078,000673,3,2,car,range_angle.box,2019-09-16-13-20-20/range_angle_processed/000078.npy,images/2019-09-16-13-20-20/000078.png,labels/2019-09-16-13-20-20/000078.txt,
2019-09-16-13-20-20_000079,2019-09-16-13-20-20,000079,000670,3,2,car,range_angle.box,2019-09-16-13-20-20/range_angle_processed/000079.npy,images/2019-09-16-13-20-20/000079.png,labels/2019-09-16-13-20-20/000079.txt,
2019-09-16-13-20-20_000079,2019-09-16-13-20-20,000079,000673,3,2,car,range_angle.box,2019-09-16-13-20-20/range_angle_processed/000079.npy,images/2019-09-16-13-20-20/000079.png,labels/2019-09-16-13-20-20/000079.txt,
2019-09-16-13-20-20_000080,2019-09-16-13-20-20,000080,000670,3,2,car,range_angle.box,2019-09-16-13-20-20/range_angle_processed/000080.npy,images/2019-09-16-13-20-20/000080.png,labels/2019-09-16-13-20-20/000080.txt,
2019-09-16-13-20-20_000080,2019-09-16-13-20-20,000080,000673,3,2,car,range_angle.box,2019-09-16-13-20-20/range_angle_processed/000080.npy,images/2019-09-16-13-20-20/000080.png,labels/2019-09-16-13-20-20/000080.txt,
2019-09-16-13-20-20_000081,2019-09-16-13-20-20,000081,000670,3,2,car,range_angle.box,2019-09-16-13-20-20/range_angle_processed/000081.npy,images/2019-09-16-13-20-20/000081.png,labels/2019-09-16-13-20-20/000081.txt,
2019-09-16-13-20-20_000081,2019-09-16-13-20-20,000081,000673,3,2,car,range_angle.box,2019-09-16-13-20-20/range_angle_processed/000081.npy,images/2019-09-16-13-20-20/000081.png,labels/2019-09-16-13-20-20/000081.txt,
2019-09-16-13-20-20_000082,2019-09-16-13-20-20,000082,000670,3,2,car,range_angle.box,2019-09-16-13-20-20/range_angle_processed/000082.npy,images/2019-09-16-13-20-20/000082.png,labels/2019-09-16-13-20-20/000082.txt,
2019-09-16-13-20-20_000082,2019-09-16-13-20-20,000082,000673,3,2,car,range_angle.box,2019-09-16-13-20-20/range_angle_processed/000082.npy,images/2019-09-16-13-20-20/000082.png,labels/2019-09-16-13-20-20/000082.txt,
2019-09-16-13-20-20_000083,2019-09-16-13-20-20,000083,000670,3,2,car,range_angle.box,2019-09-16-13-20-20/range_angle_processed/000083.npy,images/2019-09-16-13-20-20/000083.png,labels/2019-09-16-13-20-20/000083.txt,
2019-09-16-13-20-20_000083,2019-09-16-13-20-20,000083,000673,3,2,car,range_angle.box,2019-09-16-13-20-20/range_angle_processed/000083.npy,images/2019-09-16-13-20-20/000083.png,labels/2019-09-16-13-20-20/000083.txt,
2019-09-16-13-20-20_000084,2019-09-16-13-20-20,000084,000670,3,2,car,range_angle.box,2019-09-16-13-20-20/range_angle_processed/000084.npy,images/2019-09-16-13-20-20/000084.png,labels/2019-09-16-13-20-20/000084.txt,
2019-09-16-13-20-20_000084,2019-09-16-13-20-20,000084,000673,3,2,car,range_angle.box,2019-09-16-13-20-20/range_angle_processed/000084.npy,images/2019-09-16-13-20-20/000084.png,labels/2019-09-16-13-20-20/000084.txt,
2019-09-16-13-20-20_000085,2019-09-16-13-20-20,000085,000670,3,2,car,range_angle.box,2019-09-16-13-20-20/range_angle_processed/000085.npy,images/2019-09-16-13-20-20/000085.png,labels/2019-09-16-13-20-20/000085.txt,
2019-09-16-13-20-20_000085,2019-09-16-13-20-20,000085,000673,3,2,car,range_angle.box,2019-09-16-13-20-20/range_angle_processed/000085.npy,images/2019-09-16-13-20-20/000085.png,labels/2019-09-16-13-20-20/000085.txt,
2019-09-16-13-20-20_000086,2019-09-16-13-20-20,000086,000670,3,2,car,range_angle.box,2019-09-16-13-20-20/range_angle_processed/000086.npy,images/2019-09-16-13-20-20/000086.png,labels/2019-09-16-13-20-20/000086.txt,
2019-09-16-13-20-20_000086,2019-09-16-13-20-20,000086,000673,3,2,car,range_angle.box,2019-09-16-13-20-20/range_angle_processed/000086.npy,images/2019-09-16-13-20-20/000086.png,labels/2019-09-16-13-20-20/000086.txt,
2019-09-16-13-20-20_000087,2019-09-16-13-20-20,000087,000670,3,2,car,range_angle.box,2019-09-16-13-20-20/range_angle_processed/000087.npy,images/2019-09-16-13-20-20/000087.png,labels/2019-09-16-13-20-20/000087.txt,
2019-09-16-13-20-20_000087,2019-09-16-13-20-20,000087,000673,3,2,car,range_angle.box,2019-09-16-13-20-20/range_angle_processed/000087.npy,images/2019-09-16-13-20-20/000087.png,labels/2019-09-16-13-20-20/000087.txt,
2019-09-16-13-20-20_000088,2019-09-16-13-20-20,000088,000670,3,2,car,range_angle.box,2019-09-16-13-20-20/range_angle_processed/000088.npy,images/2019-09-16-13-20-20/000088.png,labels/2019-09-16-13-20-20/000088.txt,
2019-09-16-13-20-20_000088,2019-09-16-13-20-20,000088,000673,3,2,car,range_angle.box,2019-09-16-13-20-20/range_angle_processed/000088.npy,images/2019-09-16-13-20-20/000088.png,labels/2019-09-16-13-20-20/000088.txt,
2019-09-16-13-20-20_000089,2019-09-16-13-20-20,000089,000670,3,2,car,range_angle.box,2019-09-16-13-20-20/range_angle_processed/000089.npy,images/2019-09-16-13-20-20/000089.png,labels/2019-09-16-13-20-20/000089.txt,
2019-09-16-13-20-20_000089,2019-09-16-13-20-20,000089,000673,3,2,car,range_angle.box,2019-09-16-13-20-20/range_angle_processed/000089.npy,images/2019-09-16-13-20-20/000089.png,labels/2019-09-16-13-20-20/000089.txt,
2019-09-16-13-20-20_000090,2019-09-16-13-20-20,000090,000670,3,2,car,range_angle.box,2019-09-16-13-20-20/range_angle_processed/000090.npy,images/2019-09-16-13-20-20/000090.png,labels/2019-09-16-13-20-20/000090.txt,
2019-09-16-13-20-20_000090,2019-09-16-13-20-20,000090,000673,3,2,car,range_angle.box,2019-09-16-13-20-20/range_angle_processed/000090.npy,images/2019-09-16-13-20-20/000090.png,labels/2019-09-16-13-20-20/000090.txt,
2019-09-16-13-20-20_000091,2019-09-16-13-20-20,000091,000670,3,2,car,range_angle.box,2019-09-16-13-20-20/range_angle_processed/000091.npy,images/2019-09-16-13-20-20/000091.png,labels/2019-09-16-13-20-20/000091.txt,
2019-09-16-13-20-20_000091,2019-09-16-13-20-20,000091,000673,3,2,car,range_angle.box,2019-09-16-13-20-20/range_angle_processed/000091.npy,images/2019-09-16-13-20-20/000091.png,labels/2019-09-16-13-20-20/000091.txt,
2019-09-16-13-20-20_000092,2019-09-16-13-20-20,000092,000670,3,2,car,range_angle.box,2019-09-16-13-20-20/range_angle_processed/000092.npy,images/2019-09-16-13-20-20/000092.png,labels/2019-09-16-13-20-20/000092.txt,
2019-09-16-13-20-20_000092,2019-09-16-13-20-20,000092,000673,3,2,car,range_angle.box,2019-09-16-13-20-20/range_angle_processed/000092.npy,images/2019-09-16-13-20-20/000092.png,labels/2019-09-16-13-20-20/000092.txt,
2019-09-16-13-20-20_000093,2019-09-16-13-20-20,000093,000670,3,2,car,range_angle.box,2019-09-16-13-20-20/range_angle_processed/000093.npy,images/2019-09-16-13-20-20/000093.png,labels/2019-09-16-13-20-20/000093.txt,
2019-09-16-13-20-20_000093,2019-09-16-13-20-20,000093,000673,3,2,car,range_angle.box,2019-09-16-13-20-20/range_angle_processed/000093.npy,images/2019-09-16-13-20-20/000093.png,labels/2019-09-16-13-20-20/000093.txt,
2019-09-16-13-20-20_000094,2019-09-16-13-20-20,000094,000670,3,2,car,range_angle.box,2019-09-16-13-20-20/range_angle_processed/000094.npy,images/2019-09-16-13-20-20/000094.png,labels/2019-09-16-13-20-20/000094.txt,
2019-09-16-13-20-20_000094,2019-09-16-13-20-20,000094,000673,3,2,car,range_angle.box,2019-09-16-13-20-20/range_angle_processed/000094.npy,images/2019-09-16-13-20-20/000094.png,labels/2019-09-16-13-20-20/000094.txt,
2019-09-16-13-20-20_000095,2019-09-16-13-20-20,000095,000670,3,2,car,range_angle.box,2019-09-16-13-20-20/range_angle_processed/000095.npy,images/2019-09-16-13-20-20/000095.png,labels/2019-09-16-13-20-20/000095.txt,
2019-09-16-13-20-20_000095,2019-09-16-13-20-20,000095,000673,3,2,car,range_angle.box,2019-09-16-13-20-20/range_angle_processed/000095.npy,images/2019-09-16-13-20-20/000095.png,labels/2019-09-16-13-20-20/000095.txt,
2019-09-16-13-20-20_000096,2019-09-16-13-20-20,000096,000670,3,2,car,range_angle.box,2019-09-16-13-20-20/range_angle_processed/000096.npy,images/2019-09-16-13-20-20/000096.png,labels/2019-09-16-13-20-20/000096.txt,
2019-09-16-13-20-20_000096,2019-09-16-13-20-20,000096,000673,3,2,car,range_angle.box,2019-09-16-13-20-20/range_angle_processed/000096.npy,images/2019-09-16-13-20-20/000096.png,labels/2019-09-16-13-20-20/000096.txt,
2019-09-16-13-20-20_000097,2019-09-16-13-20-20,000097,000670,3,2,car,range_angle.box,2019-09-16-13-20-20/range_angle_processed/000097.npy,images/2019-09-16-13-20-20/000097.png,labels/2019-09-16-13-20-20/000097.txt,
2019-09-16-13-20-20_000097,2019-09-16-13-20-20,000097,000673,3,2,car,range_angle.box,2019-09-16-13-20-20/range_angle_processed/000097.npy,images/2019-09-16-13-20-20/000097.png,labels/2019-09-16-13-20-20/000097.txt,
2019-09-16-13-20-20_000098,2019-09-16-13-20-20,000098,000670,3,2,car,range_angle.box,2019-09-16-13-20-20/range_angle_processed/000098.npy,images/2019-09-16-13-20-20/000098.png,labels/2019-09-16-13-20-20/000098.txt,
2019-09-16-13-20-20_000098,2019-09-16-13-20-20,000098,000673,3,2,car,range_angle.box,2019-09-16-13-20-20/range_angle_processed/000098.npy,images/2019-09-16-13-20-20/000098.png,labels/2019-09-16-13-20-20/000098.txt,
2019-09-16-13-20-20_000099,2019-09-16-13-20-20,000099,000670,3,2,car,range_angle.box,2019-09-16-13-20-20/range_angle_processed/000099.npy,images/2019-09-16-13-20-20/000099.png,labels/2019-09-16-13-20-20/000099.txt,
2019-09-16-13-20-20_000099,2019-09-16-13-20-20,000099,000673,3,2,car,range_angle.box,2019-09-16-13-20-20/range_angle_processed/000099.npy,images/2019-09-16-13-20-20/000099.png,labels/2019-09-16-13-20-20/000099.txt,
2019-09-16-13-20-20_000100,2019-09-16-13-20-20,000100,000670,3,2,car,range_angle.box,2019-09-16-13-20-20/range_angle_processed/000100.npy,images/2019-09-16-13-20-20/000100.png,labels/2019-09-16-13-20-20/000100.txt,
2019-09-16-13-20-20_000100,2019-09-16-13-20-20,000100,000673,3,2,car,range_angle.box,2019-09-16-13-20-20/range_angle_processed/000100.npy,images/2019-09-16-13-20-20/000100.png,labels/2019-09-16-13-20-20/000100.txt,
2019-09-16-13-20-20_000101,2019-09-16-13-20-20,000101,000670,3,2,car,range_angle.box,2019-09-16-13-20-20/range_angle_processed/000101.npy,images/2019-09-16-13-20-20/000101.png,labels/2019-09-16-13-20-20/000101.txt,
2019-09-16-13-20-20_000101,2019-09-16-13-20-20,000101,000673,3,2,car,range_angle.box,2019-09-16-13-20-20/range_angle_processed/000101.npy,images/2019-09-16-13-20-20/000101.png,labels/2019-09-16-13-20-20/000101.txt,
2019-09-16-13-20-20_000102,2019-09-16-13-20-20,000102,000670,3,2,car,range_angle.box,2019-09-16-13-20-20/range_angle_processed/000102.npy,images/2019-09-16-13-20-20/000102.png,labels/2019-09-16-13-20-20/000102.txt,
2019-09-16-13-20-20_000102,2019-09-16-13-20-20,000102,000673,3,2,car,range_angle.box,2019-09-16-13-20-20/range_angle_processed/000102.npy,images/2019-09-16-13-20-20/000102.png,labels/2019-09-16-13-20-20/000102.txt,
2019-09-16-13-20-20_000103,2019-09-16-13-20-20,000103,000670,3,2,car,range_angle.box,2019-09-16-13-20-20/range_angle_processed/000103.npy,images/2019-09-16-13-20-20/000103.png,labels/2019-09-16-13-20-20/000103.txt,
2019-09-16-13-20-20_000103,2019-09-16-13-20-20,000103,000673,3,2,car,range_angle.box,2019-09-16-13-20-20/range_angle_processed/000103.npy,images/2019-09-16-13-20-20/000103.png,labels/2019-09-16-13-20-20/000103.txt,
2019-09-16-13-20-20_000104,2019-09-16-13-20-20,000104,000670,3,2,car,range_angle.box,2019-09-16-13-20-20/range_angle_processed/000104.npy,images/2019-09-16-13-20-20/000104.png,labels/2019-09-16-13-20-20/000104.txt,
2019-09-16-13-20-20_000104,2019-09-16-13-20-20,000104,000673,3,2,car,range_angle.box,2019-09-16-13-20-20/range_angle_processed/000104.npy,images/2019-09-16-13-20-20/000104.png,labels/2019-09-16-13-20-20/000104.txt,
2019-09-16-13-20-20_000105,2019-09-16-13-20-20,000105,000670,3,2,car,range_angle.box,2019-09-16-13-20-20/range_angle_processed/000105.npy,images/2019-09-16-13-20-20/000105.png,labels/2019-09-16-13-20-20/000105.txt,
2019-09-16-13-20-20_000105,2019-09-16-13-20-20,000105,000673,3,2,car,range_angle.box,2019-09-16-13-20-20/range_angle_processed/000105.npy,images/2019-09-16-13-20-20/000105.png,labels/2019-09-16-13-20-20/000105.txt,
2019-09-16-13-20-20_000106,2019-09-16-13-20-20,000106,000670,3,2,car,range_angle.box,2019-09-16-13-20-20/range_angle_processed/000106.npy,images/2019-09-16-13-20-20/000106.png,labels/2019-09-16-13-20-20/000106.txt,
2019-09-16-13-20-20_000106,2019-09-16-13-20-20,000106,000673,3,2,car,range_angle.box,2019-09-16-13-20-20/range_angle_processed/000106.npy,images/2019-09-16-13-20-20/000106.png,labels/2019-09-16-13-20-20/000106.txt,
2019-09-16-13-20-20_000107,2019-09-16-13-20-20,000107,000670,3,2,car,range_angle.box,2019-09-16-13-20-20/range_angle_processed/000107.npy,images/2019-09-16-13-20-20/000107.png,labels/2019-09-16-13-20-20/000107.txt,
2019-09-16-13-20-20_000107,2019-09-16-13-20-20,000107,000673,3,2,car,range_angle.box,2019-09-16-13-20-20/range_angle_processed/000107.npy,images/2019-09-16-13-20-20/000107.png,labels/2019-09-16-13-20-20/000107.txt,
2019-09-16-13-20-20_000108,2019-09-16-13-20-20,000108,000670,3,2,car,range_angle.box,2019-09-16-13-20-20/range_angle_processed/000108.npy,images/2019-09-16-13-20-20/000108.png,labels/2019-09-16-13-20-20/000108.txt,
2019-09-16-13-20-20_000108,2019-09-16-13-20-20,000108,000673,3,2,car,range_angle.box,2019-09-16-13-20-20/range_angle_processed/000108.npy,images/2019-09-16-13-20-20/000108.png,labels/2019-09-16-13-20-20/000108.txt,
2019-09-16-13-20-20_000109,2019-09-16-13-20-20,000109,000670,3,2,car,range_angle.box,2019-09-16-13-20-20/range_angle_processed/000109.npy,images/2019-09-16-13-20-20/000109.png,labels/2019-09-16-13-20-20/000109.txt,
2019-09-16-13-20-20_000109,2019-09-16-13-20-20,000109,000673,3,2,car,range_angle.box,2019-09-16-13-20-20/range_angle_processed/000109.npy,images/2019-09-16-13-20-20/000109.png,labels/2019-09-16-13-20-20/000109.txt,
2019-09-16-13-20-20_000110,2019-09-16-13-20-20,000110,000673,3,2,car,range_angle.box,2019-09-16-13-20-20/range_angle_processed/000110.npy,images/2019-09-16-13-20-20/000110.png,labels/2019-09-16-13-20-20/000110.txt,
2019-09-16-13-20-20_000111,2019-09-16-13-20-20,000111,000673,3,2,car,range_angle.box,2019-09-16-13-20-20/range_angle_processed/000111.npy,images/2019-09-16-13-20-20/000111.png,labels/2019-09-16-13-20-20/000111.txt,
2019-09-16-13-20-20_000112,2019-09-16-13-20-20,000112,000673,3,2,car,range_angle.box,2019-09-16-13-20-20/range_angle_processed/000112.npy,images/2019-09-16-13-20-20/000112.png,labels/2019-09-16-13-20-20/000112.txt,
2019-09-16-13-20-20_000113,2019-09-16-13-20-20,000113,000673,3,2,car,range_angle.box,2019-09-16-13-20-20/range_angle_processed/000113.npy,images/2019-09-16-13-20-20/000113.png,labels/2019-09-16-13-20-20/000113.txt,
2019-09-16-13-20-20_000114,2019-09-16-13-20-20,000114,000673,3,2,car,range_angle.box,2019-09-16-13-20-20/range_angle_processed/000114.npy,images/2019-09-16-13-20-20/000114.png,labels/2019-09-16-13-20-20/000114.txt,
2019-09-16-13-20-20_000115,2019-09-16-13-20-20,000115,000673,3,2,car,range_angle.box,2019-09-16-13-20-20/range_angle_processed/000115.npy,images/2019-09-16-13-20-20/000115.png,labels/2019-09-16-13-20-20/000115.txt,
2019-09-16-13-20-20_000116,2019-09-16-13-20-20,000116,000673,3,2,car,range_angle.box,2019-09-16-13-20-20/range_angle_processed/000116.npy,images/2019-09-16-13-20-20/000116.png,labels/2019-09-16-13-20-20/000116.txt,
2019-09-16-13-20-20_000117,2019-09-16-13-20-20,000117,000673,3,2,car,range_angle.box,2019-09-16-13-20-20/range_angle_processed/000117.npy,images/2019-09-16-13-20-20/000117.png,labels/2019-09-16-13-20-20/000117.txt,
2019-09-16-13-20-20_000118,2019-09-16-13-20-20,000118,000673,3,2,car,range_angle.box,2019-09-16-13-20-20/range_angle_processed/000118.npy,images/2019-09-16-13-20-20/000118.png,labels/2019-09-16-13-20-20/000118.txt,
2019-09-16-13-20-20_000119,2019-09-16-13-20-20,000119,000673,3,2,car,range_angle.box,2019-09-16-13-20-20/range_angle_processed/000119.npy,images/2019-09-16-13-20-20/000119.png,labels/2019-09-16-13-20-20/000119.txt,
2019-09-16-13-20-20_000120,2019-09-16-13-20-20,000120,000673,3,2,car,range_angle.box,2019-09-16-13-20-20/range_angle_processed/000120.npy,images/2019-09-16-13-20-20/000120.png,labels/2019-09-16-13-20-20/000120.txt,
2019-09-16-13-20-20_000121,2019-09-16-13-20-20,000121,000673,3,2,car,range_angle.box,2019-09-16-13-20-20/range_angle_processed/000121.npy,images/2019-09-16-13-20-20/000121.png,labels/2019-09-16-13-20-20/000121.txt,
2019-09-16-13-20-20_000122,2019-09-16-13-20-20,000122,000673,3,2,car,range_angle.box,2019-09-16-13-20-20/range_angle_processed/000122.npy,images/2019-09-16-13-20-20/000122.png,labels/2019-09-16-13-20-20/000122.txt,
2019-09-16-13-20-20_000123,2019-09-16-13-20-20,000123,000673,3,2,car,range_angle.box,2019-09-16-13-20-20/range_angle_processed/000123.npy,images/2019-09-16-13-20-20/000123.png,labels/2019-09-16-13-20-20/000123.txt,
2019-09-16-13-20-20_000124,2019-09-16-13-20-20,000124,000673,3,2,car,range_angle.box,2019-09-16-13-20-20/range_angle_processed/000124.npy,images/2019-09-16-13-20-20/000124.png,labels/2019-09-16-13-20-20/000124.txt,
2019-09-16-13-20-20_000125,2019-09-16-13-20-20,000125,000673,3,2,car,range_angle.box,2019-09-16-13-20-20/range_angle_processed/000125.npy,images/2019-09-16-13-20-20/000125.png,labels/2019-09-16-13-20-20/000125.txt,
2019-09-16-13-20-20_000126,2019-09-16-13-20-20,000126,000673,3,2,car,range_angle.box,2019-09-16-13-20-20/range_angle_processed/000126.npy,images/2019-09-16-13-20-20/000126.png,labels/2019-09-16-13-20-20/000126.txt,
2019-09-16-13-20-20_000127,2019-09-16-13-20-20,000127,000673,3,2,car,range_angle.box,2019-09-16-13-20-20/range_angle_processed/000127.npy,images/2019-09-16-13-20-20/000127.png,labels/2019-09-16-13-20-20/000127.txt,
2019-09-16-13-20-20_000128,2019-09-16-13-20-20,000128,000673,3,2,car,range_angle.box,2019-09-16-13-20-20/range_angle_processed/000128.npy,images/2019-09-16-13-20-20/000128.png,labels/2019-09-16-13-20-20/000128.txt,
2019-09-16-13-20-20_000129,2019-09-16-13-20-20,000129,000673,3,2,car,range_angle.box,2019-09-16-13-20-20/range_angle_processed/000129.npy,images/2019-09-16-13-20-20/000129.png,labels/2019-09-16-13-20-20/000129.txt,
2019-09-16-13-20-20_000130,2019-09-16-13-20-20,000130,000673,3,2,car,range_angle.box,2019-09-16-13-20-20/range_angle_processed/000130.npy,images/2019-09-16-13-20-20/000130.png,labels/2019-09-16-13-20-20/000130.txt,
2019-09-16-13-20-20_000131,2019-09-16-13-20-20,000131,000673,3,2,car,range_angle.box,2019-09-16-13-20-20/range_angle_processed/000131.npy,images/2019-09-16-13-20-20/000131.png,labels/2019-09-16-13-20-20/000131.txt,
2019-09-16-13-20-20_000132,2019-09-16-13-20-20,000132,000673,3,2,car,range_angle.box,2019-09-16-13-20-20/range_angle_processed/000132.npy,images/2019-09-16-13-20-20/000132.png,labels/2019-09-16-13-20-20/000132.txt,
2019-09-16-13-20-20_000133,2019-09-16-13-20-20,000133,000673,3,2,car,range_angle.box,2019-09-16-13-20-20/range_angle_processed/000133.npy,images/2019-09-16-13-20-20/000133.png,labels/2019-09-16-13-20-20/000133.txt,
2019-09-16-13-20-20_000134,2019-09-16-13-20-20,000134,000673,3,2,car,range_angle.box,2019-09-16-13-20-20/range_angle_processed/000134.npy,images/2019-09-16-13-20-20/000134.png,labels/2019-09-16-13-20-20/000134.txt,
2019-09-16-13-20-20_000135,2019-09-16-13-20-20,000135,000673,3,2,car,range_angle.box,2019-09-16-13-20-20/range_angle_processed/000135.npy,images/2019-09-16-13-20-20/000135.png,labels/2019-09-16-13-20-20/000135.txt,
2019-09-16-13-20-20_000136,2019-09-16-13-20-20,000136,000673,3,2,car,range_angle.box,2019-09-16-13-20-20/range_angle_processed/000136.npy,images/2019-09-16-13-20-20/000136.png,labels/2019-09-16-13-20-20/000136.txt,
2019-09-16-13-20-20_000137,2019-09-16-13-20-20,000137,000673,3,2,car,range_angle.box,2019-09-16-13-20-20/range_angle_processed/000137.npy,images/2019-09-16-13-20-20/000137.png,labels/2019-09-16-13-20-20/000137.txt,
2019-09-16-13-20-20_000138,2019-09-16-13-20-20,000138,000673,3,2,car,range_angle.box,2019-09-16-13-20-20/range_angle_processed/000138.npy,images/2019-09-16-13-20-20/000138.png,labels/2019-09-16-13-20-20/000138.txt,
2019-09-16-13-20-20_000139,2019-09-16-13-20-20,000139,000673,3,2,car,range_angle.box,2019-09-16-13-20-20/range_angle_processed/000139.npy,images/2019-09-16-13-20-20/000139.png,labels/2019-09-16-13-20-20/000139.txt,
2019-09-16-13-20-20_000140,2019-09-16-13-20-20,000140,000673,3,2,car,range_angle.box,2019-09-16-13-20-20/range_angle_processed/000140.npy,images/2019-09-16-13-20-20/000140.png,labels/2019-09-16-13-20-20/000140.txt,
2019-09-16-13-20-20_000141,2019-09-16-13-20-20,000141,000673,3,2,car,range_angle.box,2019-09-16-13-20-20/range_angle_processed/000141.npy,images/2019-09-16-13-20-20/000141.png,labels/2019-09-16-13-20-20/000141.txt,
2019-09-16-13-20-20_000142,2019-09-16-13-20-20,000142,000673,3,2,car,range_angle.box,2019-09-16-13-20-20/range_angle_processed/000142.npy,images/2019-09-16-13-20-20/000142.png,labels/2019-09-16-13-20-20/000142.txt,
2019-09-16-13-20-20_000143,2019-09-16-13-20-20,000143,000673,3,2,car,range_angle.box,2019-09-16-13-20-20/range_angle_processed/000143.npy,images/2019-09-16-13-20-20/000143.png,labels/2019-09-16-13-20-20/000143.txt,
2019-09-16-13-20-20_000144,2019-09-16-13-20-20,000144,000673,3,2,car,range_angle.box,2019-09-16-13-20-20/range_angle_processed/000144.npy,images/2019-09-16-13-20-20/000144.png,labels/2019-09-16-13-20-20/000144.txt,
2019-09-16-13-20-20_000145,2019-09-16-13-20-20,000145,000673,3,2,car,range_angle.box,2019-09-16-13-20-20/range_angle_processed/000145.npy,images/2019-09-16-13-20-20/000145.png,labels/2019-09-16-13-20-20/000145.txt,
2019-09-16-13-20-20_000146,2019-09-16-13-20-20,000146,000673,3,2,car,range_angle.box,2019-09-16-13-20-20/range_angle_processed/000146.npy,images/2019-09-16-13-20-20/000146.png,labels/2019-09-16-13-20-20/000146.txt,
2019-09-16-13-20-20_000147,2019-09-16-13-20-20,000147,000673,3,2,car,range_angle.box,2019-09-16-13-20-20/range_angle_processed/000147.npy,images/2019-09-16-13-20-20/000147.png,labels/2019-09-16-13-20-20/000147.txt,
2019-09-16-13-20-20_000148,2019-09-16-13-20-20,000148,000673,3,2,car,range_angle.box,2019-09-16-13-20-20/range_angle_processed/000148.npy,images/2019-09-16-13-20-20/000148.png,labels/2019-09-16-13-20-20/000148.txt,
2019-09-16-13-20-20_000149,2019-09-16-13-20-20,000149,000673,3,2,car,range_angle.box,2019-09-16-13-20-20/range_angle_processed/000149.npy,images/2019-09-16-13-20-20/000149.png,labels/2019-09-16-13-20-20/000149.txt,
2019-09-16-13-20-20_000150,2019-09-16-13-20-20,000150,000673,3,2,car,range_angle.box,2019-09-16-13-20-20/range_angle_processed/000150.npy,images/2019-09-16-13-20-20/000150.png,labels/2019-09-16-13-20-20/000150.txt,
2019-09-16-13-20-20_000151,2019-09-16-13-20-20,000151,000673,3,2,car,range_angle.box,2019-09-16-13-20-20/range_angle_processed/000151.npy,images/2019-09-16-13-20-20/000151.png,labels/2019-09-16-13-20-20/000151.txt,
2019-09-16-13-20-20_000152,2019-09-16-13-20-20,000152,000673,3,2,car,range_angle.box,2019-09-16-13-20-20/range_angle_processed/000152.npy,images/2019-09-16-13-20-20/000152.png,labels/2019-09-16-13-20-20/000152.txt,
2019-09-16-13-20-20_000153,2019-09-16-13-20-20,000153,000673,3,2,car,range_angle.box,2019-09-16-13-20-20/range_angle_processed/000153.npy,images/2019-09-16-13-20-20/000153.png,labels/2019-09-16-13-20-20/000153.txt,
2019-09-16-13-20-20_000154,2019-09-16-13-20-20,000154,000673,3,2,car,range_angle.box,2019-09-16-13-20-20/range_angle_processed/000154.npy,images/2019-09-16-13-20-20/000154.png,labels/2019-09-16-13-20-20/000154.txt,
2019-09-16-13-20-20_000155,2019-09-16-13-20-20,000155,000673,3,2,car,range_angle.box,2019-09-16-13-20-20/range_angle_processed/000155.npy,images/2019-09-16-13-20-20/000155.png,labels/2019-09-16-13-20-20/000155.txt,
2019-09-16-13-20-20_000156,2019-09-16-13-20-20,000156,000673,3,2,car,range_angle.box,2019-09-16-13-20-20/range_angle_processed/000156.npy,images/2019-09-16-13-20-20/000156.png,labels/2019-09-16-13-20-20/000156.txt,
2019-09-16-13-20-20_000157,2019-09-16-13-20-20,000157,000673,3,2,car,range_angle.box,2019-09-16-13-20-20/range_angle_processed/000157.npy,images/2019-09-16-13-20-20/000157.png,labels/2019-09-16-13-20-20/000157.txt,
2019-09-16-13-20-20_000158,2019-09-16-13-20-20,000158,000673,3,2,car,range_angle.box,2019-09-16-13-20-20/range_angle_processed/000158.npy,images/2019-09-16-13-20-20/000158.png,labels/2019-09-16-13-20-20/000158.txt,
2019-09-16-13-20-20_000159,2019-09-16-13-20-20,000159,000673,3,2,car,range_angle.box,2019-09-16-13-20-20/range_angle_processed/000159.npy,images/2019-09-16-13-20-20/000159.png,labels/2019-09-16-13-20-20/000159.txt,
2019-09-16-13-20-20_000160,2019-09-16-13-20-20,000160,000673,3,2,car,range_angle.box,2019-09-16-13-20-20/range_angle_processed/000160.npy,images/2019-09-16-13-20-20/000160.png,labels/2019-09-16-13-20-20/000160.txt,
2019-09-16-13-20-20_000161,2019-09-16-13-20-20,000161,000673,3,2,car,range_angle.box,2019-09-16-13-20-20/range_angle_processed/000161.npy,images/2019-09-16-13-20-20/000161.png,labels/2019-09-16-13-20-20/000161.txt,
2019-09-16-13-20-20_000162,2019-09-16-13-20-20,000162,000673,3,2,car,range_angle.box,2019-09-16-13-20-20/range_angle_processed/000162.npy,images/2019-09-16-13-20-20/000162.png,labels/2019-09-16-13-20-20/000162.txt,
2019-09-16-13-20-20_000163,2019-09-16-13-20-20,000163,000673,3,2,car,range_angle.box,2019-09-16-13-20-20/range_angle_processed/000163.npy,images/2019-09-16-13-20-20/000163.png,labels/2019-09-16-13-20-20/000163.txt,
2019-09-16-13-20-20_000164,2019-09-16-13-20-20,000164,000673,3,2,car,range_angle.box,2019-09-16-13-20-20/range_angle_processed/000164.npy,images/2019-09-16-13-20-20/000164.png,labels/2019-09-16-13-20-20/000164.txt,
2019-09-16-13-20-20_000165,2019-09-16-13-20-20,000165,000673,3,2,car,range_angle.box,2019-09-16-13-20-20/range_angle_processed/000165.npy,images/2019-09-16-13-20-20/000165.png,labels/2019-09-16-13-20-20/000165.txt,
2019-09-16-13-20-20_000166,2019-09-16-13-20-20,000166,000673,3,2,car,range_angle.box,2019-09-16-13-20-20/range_angle_processed/000166.npy,images/2019-09-16-13-20-20/000166.png,labels/2019-09-16-13-20-20/000166.txt,
2019-09-16-13-20-20_000167,2019-09-16-13-20-20,000167,000673,3,2,car,range_angle.box,2019-09-16-13-20-20/range_angle_processed/000167.npy,images/2019-09-16-13-20-20/000167.png,labels/2019-09-16-13-20-20/000167.txt,
2019-09-16-13-20-20_000168,2019-09-16-13-20-20,000168,000673,3,2,car,range_angle.box,2019-09-16-13-20-20/range_angle_processed/000168.npy,images/2019-09-16-13-20-20/000168.png,labels/2019-09-16-13-20-20/000168.txt,
2019-09-16-13-20-20_000169,2019-09-16-13-20-20,000169,000673,3,2,car,range_angle.box,2019-09-16-13-20-20/range_angle_processed/000169.npy,images/2019-09-16-13-20-20/000169.png,labels/2019-09-16-13-20-20/000169.txt,
2019-09-16-13-20-20_000170,2019-09-16-13-20-20,000170,000673,3,2,car,range_angle.box,2019-09-16-13-20-20/range_angle_processed/000170.npy,images/2019-09-16-13-20-20/000170.png,labels/2019-09-16-13-20-20/000170.txt,
2019-09-16-13-20-20_000171,2019-09-16-13-20-20,000171,000673,3,2,car,range_angle.box,2019-09-16-13-20-20/range_angle_processed/000171.npy,images/2019-09-16-13-20-20/000171.png,labels/2019-09-16-13-20-20/000171.txt,
2019-09-16-13-20-20_000172,2019-09-16-13-20-20,000172,000673,3,2,car,range_angle.box,2019-09-16-13-20-20/range_angle_processed/000172.npy,images/2019-09-16-13-20-20/000172.png,labels/2019-09-16-13-20-20/000172.txt,
2019-09-16-13-20-20_000173,2019-09-16-13-20-20,000173,000673,3,2,car,range_angle.box,2019-09-16-13-20-20/range_angle_processed/000173.npy,images/2019-09-16-13-20-20/000173.png,labels/2019-09-16-13-20-20/000173.txt,
2019-09-16-13-20-20_000174,2019-09-16-13-20-20,000174,000673,3,2,car,range_angle.box,2019-09-16-13-20-20/range_angle_processed/000174.npy,images/2019-09-16-13-20-20/000174.png,labels/2019-09-16-13-20-20/000174.txt,
2019-09-16-13-20-20_000175,2019-09-16-13-20-20,000175,000673,3,2,car,range_angle.box,2019-09-16-13-20-20/range_angle_processed/000175.npy,images/2019-09-16-13-20-20/000175.png,labels/2019-09-16-13-20-20/000175.txt,
2019-09-16-13-20-20_000176,2019-09-16-13-20-20,000176,000673,3,2,car,range_angle.box,2019-09-16-13-20-20/range_angle_processed/000176.npy,images/2019-09-16-13-20-20/000176.png,labels/2019-09-16-13-20-20/000176.txt,
2019-09-16-13-20-20_000177,2019-09-16-13-20-20,000177,000673,3,2,car,range_angle.box,2019-09-16-13-20-20/range_angle_processed/000177.npy,images/2019-09-16-13-20-20/000177.png,labels/2019-09-16-13-20-20/000177.txt,
2019-09-16-13-20-20_000178,2019-09-16-13-20-20,000178,000673,3,2,car,range_angle.box,2019-09-16-13-20-20/range_angle_processed/000178.npy,images/2019-09-16-13-20-20/000178.png,labels/2019-09-16-13-20-20/000178.txt,
2019-09-16-13-20-20_000179,2019-09-16-13-20-20,000179,000673,3,2,car,range_angle.box,2019-09-16-13-20-20/range_angle_processed/000179.npy,images/2019-09-16-13-20-20/000179.png,labels/2019-09-16-13-20-20/000179.txt,
2019-09-16-13-20-20_000180,2019-09-16-13-20-20,000180,000673,3,2,car,range_angle.box,2019-09-16-13-20-20/range_angle_processed/000180.npy,images/2019-09-16-13-20-20/000180.png,labels/2019-09-16-13-20-20/000180.txt,
2019-09-16-13-20-20_000181,2019-09-16-13-20-20,000181,000673,3,2,car,range_angle.box,2019-09-16-13-20-20/range_angle_processed/000181.npy,images/2019-09-16-13-20-20/000181.png,labels/2019-09-16-13-20-20/000181.txt,
2019-09-16-13-20-20_000182,2019-09-16-13-20-20,000182,000673,3,2,car,range_angle.box,2019-09-16-13-20-20/range_angle_processed/000182.npy,images/2019-09-16-13-20-20/000182.png,labels/2019-09-16-13-20-20/000182.txt,
2019-09-16-13-20-20_000183,2019-09-16-13-20-20,000183,000673,3,2,car,range_angle.box,2019-09-16-13-20-20/range_angle_processed/000183.npy,images/2019-09-16-13-20-20/000183.png,labels/2019-09-16-13-20-20/000183.txt,
2019-09-16-13-20-20_000184,2019-09-16-13-20-20,000184,000673,3,2,car,range_angle.box,2019-09-16-13-20-20/range_angle_processed/000184.npy,images/2019-09-16-13-20-20/000184.png,labels/2019-09-16-13-20-20/000184.txt,
2019-09-16-13-20-20_000185,2019-09-16-13-20-20,000185,000673,3,2,car,range_angle.box,2019-09-16-13-20-20/range_angle_processed/000185.npy,images/2019-09-16-13-20-20/000185.png,labels/2019-09-16-13-20-20/000185.txt,
2019-09-16-13-20-20_000186,2019-09-16-13-20-20,000186,000673,3,2,car,range_angle.box,2019-09-16-13-20-20/range_angle_processed/000186.npy,images/2019-09-16-13-20-20/000186.png,labels/2019-09-16-13-20-20/000186.txt,
2019-09-16-13-20-20_000187,2019-09-16-13-20-20,000187,000673,3,2,car,range_angle.box,2019-09-16-13-20-20/range_angle_processed/000187.npy,images/2019-09-16-13-20-20/000187.png,labels/2019-09-16-13-20-20/000187.txt,
2019-09-16-13-20-20_000188,2019-09-16-13-20-20,000188,000673,3,2,car,range_angle.box,2019-09-16-13-20-20/range_angle_processed/000188.npy,images/2019-09-16-13-20-20/000188.png,labels/2019-09-16-13-20-20/000188.txt,
2019-09-16-13-20-20_000189,2019-09-16-13-20-20,000189,000673,3,2,car,range_angle.box,2019-09-16-13-20-20/range_angle_processed/000189.npy,images/2019-09-16-13-20-20/000189.png,labels/2019-09-16-13-20-20/000189.txt,
2019-09-16-13-20-20_000190,2019-09-16-13-20-20,000190,000673,3,2,car,range_angle.box,2019-09-16-13-20-20/range_angle_processed/000190.npy,images/2019-09-16-13-20-20/000190.png,labels/2019-09-16-13-20-20/000190.txt,
2019-09-16-13-20-20_000191,2019-09-16-13-20-20,000191,000673,3,2,car,range_angle.box,2019-09-16-13-20-20/range_angle_processed/000191.npy,images/2019-09-16-13-20-20/000191.png,labels/2019-09-16-13-20-20/000191.txt,
2019-09-16-13-20-20_000192,2019-09-16-13-20-20,000192,000673,3,2,car,range_angle.box,2019-09-16-13-20-20/range_angle_processed/000192.npy,images/2019-09-16-13-20-20/000192.png,labels/2019-09-16-13-20-20/000192.txt,
2019-09-16-13-20-20_000193,2019-09-16-13-20-20,000193,000673,3,2,car,range_angle.box,2019-09-16-13-20-20/range_angle_processed/000193.npy,images/2019-09-16-13-20-20/000193.png,labels/2019-09-16-13-20-20/000193.txt,
2019-09-16-13-20-20_000194,2019-09-16-13-20-20,000194,000673,3,2,car,range_angle.box,2019-09-16-13-20-20/range_angle_processed/000194.npy,images/2019-09-16-13-20-20/000194.png,labels/2019-09-16-13-20-20/000194.txt,
2019-09-16-13-20-20_000195,2019-09-16-13-20-20,000195,000673,3,2,car,range_angle.box,2019-09-16-13-20-20/range_angle_processed/000195.npy,images/2019-09-16-13-20-20/000195.png,labels/2019-09-16-13-20-20/000195.txt,
2019-09-16-13-20-20_000196,2019-09-16-13-20-20,000196,000673,3,2,car,range_angle.box,2019-09-16-13-20-20/range_angle_processed/000196.npy,images/2019-09-16-13-20-20/000196.png,labels/2019-09-16-13-20-20/000196.txt,
2019-09-16-13-20-20_000197,2019-09-16-13-20-20,000197,000673,3,2,car,range_angle.box,2019-09-16-13-20-20/range_angle_processed/000197.npy,images/2019-09-16-13-20-20/000197.png,labels/2019-09-16-13-20-20/000197.txt,
2019-09-16-13-20-20_000198,2019-09-16-13-20-20,000198,000673,3,2,car,range_angle.box,2019-09-16-13-20-20/range_angle_processed/000198.npy,images/2019-09-16-13-20-20/000198.png,labels/2019-09-16-13-20-20/000198.txt,
2019-09-16-13-20-20_000199,2019-09-16-13-20-20,000199,000673,3,2,car,range_angle.box,2019-09-16-13-20-20/range_angle_processed/000199.npy,images/2019-09-16-13-20-20/000199.png,labels/2019-09-16-13-20-20/000199.txt,
2019-09-16-13-20-20_000200,2019-09-16-13-20-20,000200,000673,3,2,car,range_angle.box,2019-09-16-13-20-20/range_angle_processed/000200.npy,images/2019-09-16-13-20-20/000200.png,labels/2019-09-16-13-20-20/000200.txt,
2019-09-16-13-20-20_000201,2019-09-16-13-20-20,000201,000673,3,2,car,range_angle.box,2019-09-16-13-20-20/range_angle_processed/000201.npy,images/2019-09-16-13-20-20/000201.png,labels/2019-09-16-13-20-20/000201.txt,
2019-09-16-13-20-20_000202,2019-09-16-13-20-20,000202,000673,3,2,car,range_angle.box,2019-09-16-13-20-20/range_angle_processed/000202.npy,images/2019-09-16-13-20-20/000202.png,labels/2019-09-16-13-20-20/000202.txt,
2019-09-16-13-20-20_000203,2019-09-16-13-20-20,000203,000673,3,2,car,range_angle.box,2019-09-16-13-20-20/range_angle_processed/000203.npy,images/2019-09-16-13-20-20/000203.png,labels/2019-09-16-13-20-20/000203.txt,
2019-09-16-13-20-20_000204,2019-09-16-13-20-20,000204,000673,3,2,car,range_angle.box,2019-09-16-13-20-20/range_angle_processed/000204.npy,images/2019-09-16-13-20-20/000204.png,labels/2019-09-16-13-20-20/000204.txt,
2019-09-16-13-20-20_000205,2019-09-16-13-20-20,000205,000673,3,2,car,range_angle.box,2019-09-16-13-20-20/range_angle_processed/000205.npy,images/2019-09-16-13-20-20/000205.png,labels/2019-09-16-13-20-20/000205.txt,
2019-09-16-13-20-20_000206,2019-09-16-13-20-20,000206,000673,3,2,car,range_angle.box,2019-09-16-13-20-20/range_angle_processed/000206.npy,images/2019-09-16-13-20-20/000206.png,labels/2019-09-16-13-20-20/000206.txt,
2019-09-16-13-20-20_000207,2019-09-16-13-20-20,000207,000673,3,2,car,range_angle.box,2019-09-16-13-20-20/range_angle_processed/000207.npy,images/2019-09-16-13-20-20/000207.png,labels/2019-09-16-13-20-20/000207.txt,
2019-09-16-13-20-20_000208,2019-09-16-13-20-20,000208,000673,3,2,car,range_angle.box,2019-09-16-13-20-20/range_angle_processed/000208.npy,images/2019-09-16-13-20-20/000208.png,labels/2019-09-16-13-20-20/000208.txt,
2019-09-16-13-20-20_000209,2019-09-16-13-20-20,000209,000673,3,2,car,range_angle.box,2019-09-16-13-20-20/range_angle_processed/000209.npy,images/2019-09-16-13-20-20/000209.png,labels/2019-09-16-13-20-20/000209.txt,
2019-09-16-13-20-20_000210,2019-09-16-13-20-20,000210,000673,3,2,car,range_angle.box,2019-09-16-13-20-20/range_angle_processed/000210.npy,images/2019-09-16-13-20-20/000210.png,labels/2019-09-16-13-20-20/000210.txt,
2019-09-16-13-20-20_000211,2019-09-16-13-20-20,000211,000673,3,2,car,range_angle.box,2019-09-16-13-20-20/range_angle_processed/000211.npy,images/2019-09-16-13-20-20/000211.png,labels/2019-09-16-13-20-20/000211.txt,
2019-09-16-13-20-20_000212,2019-09-16-13-20-20,000212,000673,3,2,car,range_angle.box,2019-09-16-13-20-20/range_angle_processed/000212.npy,images/2019-09-16-13-20-20/000212.png,labels/2019-09-16-13-20-20/000212.txt,
2019-09-16-13-20-20_000213,2019-09-16-13-20-20,000213,000673,3,2,car,range_angle.box,2019-09-16-13-20-20/range_angle_processed/000213.npy,images/2019-09-16-13-20-20/000213.png,labels/2019-09-16-13-20-20/000213.txt,
2019-09-16-13-20-20_000214,2019-09-16-13-20-20,000214,000673,3,2,car,range_angle.box,2019-09-16-13-20-20/range_angle_processed/000214.npy,images/2019-09-16-13-20-20/000214.png,labels/2019-09-16-13-20-20/000214.txt,
2019-09-16-13-20-20_000215,2019-09-16-13-20-20,000215,000673,3,2,car,range_angle.box,2019-09-16-13-20-20/range_angle_processed/000215.npy,images/2019-09-16-13-20-20/000215.png,labels/2019-09-16-13-20-20/000215.txt,
2019-09-16-13-20-20_000216,2019-09-16-13-20-20,000216,000673,3,2,car,range_angle.box,2019-09-16-13-20-20/range_angle_processed/000216.npy,images/2019-09-16-13-20-20/000216.png,labels/2019-09-16-13-20-20/000216.txt,
2019-09-16-13-20-20_000217,2019-09-16-13-20-20,000217,000673,3,2,car,range_angle.box,2019-09-16-13-20-20/range_angle_processed/000217.npy,images/2019-09-16-13-20-20/000217.png,labels/2019-09-16-13-20-20/000217.txt,
2019-09-16-13-20-20_000218,2019-09-16-13-20-20,000218,000673,3,2,car,range_angle.box,2019-09-16-13-20-20/range_angle_processed/000218.npy,images/2019-09-16-13-20-20/000218.png,labels/2019-09-16-13-20-20/000218.txt,
2019-09-16-13-20-20_000219,2019-09-16-13-20-20,000219,000673,3,2,car,range_angle.box,2019-09-16-13-20-20/range_angle_processed/000219.npy,images/2019-09-16-13-20-20/000219.png,labels/2019-09-16-13-20-20/000219.txt,
2019-09-16-13-20-20_000220,2019-09-16-13-20-20,000220,000673,3,2,car,range_angle.box,2019-09-16-13-20-20/range_angle_processed/000220.npy,images/2019-09-16-13-20-20/000220.png,labels/2019-09-16-13-20-20/000220.txt,
2019-09-16-13-20-20_000221,2019-09-16-13-20-20,000221,000673,3,2,car,range_angle.box,2019-09-16-13-20-20/range_angle_processed/000221.npy,images/2019-09-16-13-20-20/000221.png,labels/2019-09-16-13-20-20/000221.txt,
2019-09-16-13-20-20_000222,2019-09-16-13-20-20,000222,000673,3,2,car,range_angle.box,2019-09-16-13-20-20/range_angle_processed/000222.npy,images/2019-09-16-13-20-20/000222.png,labels/2019-09-16-13-20-20/000222.txt,
2019-09-16-13-20-20_000223,2019-09-16-13-20-20,000223,000673,3,2,car,range_angle.box,2019-09-16-13-20-20/range_angle_processed/000223.npy,images/2019-09-16-13-20-20/000223.png,labels/2019-09-16-13-20-20/000223.txt,
2019-09-16-13-20-20_000224,2019-09-16-13-20-20,000224,000673,3,2,car,range_angle.box,2019-09-16-13-20-20/range_angle_processed/000224.npy,images/2019-09-16-13-20-20/000224.png,labels/2019-09-16-13-20-20/000224.txt,
2019-09-16-13-20-20_000225,2019-09-16-13-20-20,000225,000673,3,2,car,range_angle.box,2019-09-16-13-20-20/range_angle_processed/000225.npy,images/2019-09-16-13-20-20/000225.png,labels/2019-09-16-13-20-20/000225.txt,
2019-09-16-13-20-20_000226,2019-09-16-13-20-20,000226,000673,3,2,car,range_angle.box,2019-09-16-13-20-20/range_angle_processed/000226.npy,images/2019-09-16-13-20-20/000226.png,labels/2019-09-16-13-20-20/000226.txt,
2019-09-16-13-20-20_000227,2019-09-16-13-20-20,000227,000673,3,2,car,range_angle.box,2019-09-16-13-20-20/range_angle_processed/000227.npy,images/2019-09-16-13-20-20/000227.png,labels/2019-09-16-13-20-20/000227.txt,
2019-09-16-13-20-20_000228,2019-09-16-13-20-20,000228,000673,3,2,car,range_angle.box,2019-09-16-13-20-20/range_angle_processed/000228.npy,images/2019-09-16-13-20-20/000228.png,labels/2019-09-16-13-20-20/000228.txt,
