sequence_id,frame_id,object_id,class_id,x1,y1,x2,y2
2019-09-16-12-52-12,000163,000004,2,16.000,124.000,19.000,126.000
2019-09-16-12-52-12,000164,000004,2,20.000,125.000,23.000,127.000
2019-09-16-12-52-12,000165,000004,2,26.000,123.000,29.000,129.000
2019-09-16-12-52-12,000166,000004,2,31.000,123.000,33.000,126.000
2019-09-16-12-52-12,000167,000004,2,36.000,124.000,38.000,125.000
2019-09-16-12-52-12,000168,000004,2,42.000,125.000,43.000,127.000
2019-09-16-12-52-12,000169,000004,2,46.000,123.000,50.000,127.000
2019-09-16-12-52-12,000170,000004,2,44.000,125.000,56.000,128.000
2019-09-16-12-52-12,000171,000004,2,57.000,123.000,61.000,127.000
2019-09-16-12-52-12,000172,000004,2,61.000,125.000,66.000,127.000
2019-09-16-12-52-12,000173,000004,2,59.000,123.000,69.000,127.000
2019-09-16-12-52-12,000174,000004,2,65.000,124.000,75.000,127.000
2019-09-16-12-52-12,000175,000004,2,69.000,125.000,79.000,127.000
2019-09-16-12-52-12,000176,000004,2,82.000,125.000,85.000,127.000
2019-09-16-12-52-12,000177,000004,2,86.000,124.000,91.000,127.000
2019-09-16-12-52-12,000178,000004,2,92.000,125.000,96.000,127.000
2019-09-16-12-52-12,000179,000004,2,91.000,125.000,101.000,128.000
2019-09-16-12-52-12,000180,000004,2,99.000,124.000,106.000,128.000
2019-09-16-12-52-12,000181,000004,2,105.000,125.000,110.000,128.000
2019-09-16-12-52-12,000182,000004,2,112.000,126.000,115.000,128.000
2019-09-16-12-52-12,000183,000004,2,112.000,124.000,121.000,127.000
2019-09-16-12-52-12,000184,000004,2,114.000,118.000,126.000,127.000
2019-09-16-12-52-12,000185,000004,2,118.000,125.000,130.000,128.000
2019-09-16-12-52-12,000186,000004,2,124.000,125.000,135.000,128.000
2019-09-16-12-52-12,000187,000004,2,130.000,125.000,140.000,129.000
2019-09-16-12-52-12,000188,000004,2,134.000,126.000,146.000,128.000
2019-09-16-12-52-12,000189,000004,2,139.000,126.000,150.000,129.000
2019-09-16-12-52-12,000190,000004,2,145.000,127.000,153.000,128.000
2019-09-16-12-52-12,000191,000004,2,154.000,125.000,160.000,129.000
2019-09-16-12-52-12,000192,000004,2,153.000,126.000,165.000,129.000
2019-09-16-12-52-12,000193,000004,2,154.000,125.000,167.000,129.000
2019-09-16-12-52-12,000194,000004,2,162.000,127.000,174.000,130.000
2019-09-16-12-52-12,000195,000004,2,158.000,127.000,179.000,130.000
2019-09-16-12-52-12,000196,000004,2,165.000,125.000,183.000,129.000
2019-09-16-12-52-12,000197,000004,2,175.000,126.000,189.000,133.000
2019-09-16-12-52-12,000198,000004,2,169.000,99.000,193.000,131.000
2019-09-16-12-52-12,000199,000004,2,175.000,98.000,199.000,131.000
2019-09-16-12-52-12,000200,000004,2,185.000,98.000,203.000,132.000
2019-09-16-12-52-12,000201,000004,2,189.000,98.000,207.000,131.000
2019-09-16-12-52-12,000202,000004,2,191.000,99.000,213.000,131.000
2019-09-16-12-52-12,000203,000004,2,193.000,98.000,217.000,131.000
2019-09-16-12-52-12,000204,000004,2,198.000,75.000,221.000,193.000
2019-09-16-12-52-12,000205,000004,2,202.000,77.000,224.000,132.000
2019-09-16-12-52-12,000206,000004,2,206.000,74.000,229.000,131.000
2019-09-16-12-52-12,000207,000004,2,212.000,74.000,234.000,131.000
2019-09-16-12-52-12,000208,000004,2,214.000,63.000,237.000,133.000
2019-09-16-12-52-12,000209,000004,2,220.000,48.000,240.000,204.000
2019-09-16-12-52-12,000210,000004,2,223.000,26.000,244.000,161.000
2019-09-16-12-52-12,000211,000004,2,225.000,12.000,247.000,250.000
2019-09-16-12-52-12,000212,000004,2,227.000,12.000,248.000,250.000
2019-09-16-12-52-12,000213,000004,2,234.000,79.000,243.000,90.000
2019-09-16-12-52-12,000214,000004,2,235.000,46.000,246.000,128.000
2019-09-16-12-52-12,000215,000004,2,236.000,46.000,248.000,250.000
2019-09-16-12-52-12,000216,000004,2,244.000,105.000,247.000,250.000
2019-09-16-12-52-12,000491,000025,2,25.000,81.000,27.000,83.000
2019-09-16-12-52-12,000492,000025,2,10.000,125.000,11.000,127.000
2019-09-16-12-52-12,000493,000025,2,12.000,125.000,15.000,127.000
2019-09-16-12-52-12,000494,000025,2,15.000,125.000,18.000,127.000
2019-09-16-12-52-12,000495,000025,2,18.000,126.000,21.000,127.000
2019-09-16-12-52-12,000496,000025,2,21.000,125.000,24.000,128.000
2019-09-16-12-52-12,000497,000025,2,22.000,124.000,28.000,128.000
2019-09-16-12-52-12,000498,000025,2,21.000,123.000,30.000,128.000
2019-09-16-12-52-12,000499,000025,2,22.000,122.000,34.000,128.000
2019-09-16-12-52-12,000500,000025,2,23.000,123.000,37.000,128.000
2019-09-16-12-52-12,000501,000025,2,31.000,123.000,40.000,127.000
2019-09-16-12-52-12,000502,000025,2,31.000,125.000,42.000,128.000
2019-09-16-12-52-12,000503,000025,2,34.000,125.000,46.000,128.000
2019-09-16-12-52-12,000504,000025,2,44.000,126.000,48.000,128.000
2019-09-16-12-52-12,000505,000025,2,32.000,125.000,51.000,128.000
2019-09-16-12-52-12,000506,000025,2,49.000,125.000,54.000,127.000
2019-09-16-12-52-12,000507,000025,2,52.000,125.000,57.000,128.000
2019-09-16-12-52-12,000508,000025,2,54.000,125.000,61.000,127.000
2019-09-16-12-52-12,000509,000025,2,55.000,125.000,63.000,127.000
2019-09-16-12-52-12,000510,000025,2,64.000,125.000,67.000,128.000
2019-09-16-12-52-12,000511,000025,2,67.000,125.000,71.000,127.000
2019-09-16-12-52-12,000512,000025,2,70.000,125.000,74.000,128.000
2019-09-16-12-52-12,000513,000025,2,68.000,126.000,77.000,128.000
2019-09-16-12-52-12,000514,000025,2,70.000,125.000,80.000,128.000
2019-09-16-12-52-12,000515,000025,2,74.000,126.000,83.000,127.000
2019-09-16-12-52-12,000516,000025,2,76.000,125.000,86.000,129.000
2019-09-16-12-52-12,000517,000025,2,79.000,124.000,89.000,128.000
2019-09-16-12-52-12,000518,000025,2,81.000,125.000,92.000,128.000
2019-09-16-12-52-12,000519,000025,2,86.000,124.000,95.000,128.000
2019-09-16-12-52-12,000520,000025,2,89.000,123.000,97.000,128.000
2019-09-16-12-52-12,000521,000025,2,90.000,123.000,101.000,128.000
2019-09-16-12-52-12,000522,000025,2,95.000,125.000,103.000,128.000
2019-09-16-12-52-12,000523,000025,2,97.000,125.000,105.000,128.000
2019-09-16-12-52-12,000524,000025,2,90.000,125.000,110.000,128.000
2019-09-16-12-52-12,000525,000025,2,107.000,125.000,113.000,128.000
2019-09-16-12-52-12,000526,000025,2,109.000,125.000,116.000,128.000
2019-09-16-12-52-12,000527,000025,2,112.000,125.000,120.000,128.000
2019-09-16-12-52-12,000528,000025,2,117.000,125.000,122.000,128.000
2019-09-16-12-52-12,000529,000025,2,117.000,124.000,126.000,128.000
2019-09-16-12-52-12,000530,000025,2,124.000,125.000,130.000,128.000
2019-09-16-12-52-12,000531,000025,2,112.000,124.000,131.000,129.000
2019-09-16-12-52-12,000532,000025,2,126.000,125.000,135.000,128.000
2019-09-16-12-52-12,000533,000025,2,114.000,126.000,139.000,128.000
2019-09-16-12-52-12,000534,000025,2,121.000,123.000,141.000,129.000
2019-09-16-12-52-12,000535,000025,2,133.000,126.000,145.000,128.000
2019-09-16-12-52-12,000536,000025,2,137.000,126.000,148.000,128.000
2019-09-16-12-52-12,000537,000025,2,140.000,124.000,150.000,128.000
2019-09-16-12-52-12,000538,000025,2,132.000,127.000,153.000,128.000
2019-09-16-12-52-12,000539,000025,2,134.000,127.000,157.000,128.000
2019-09-16-12-52-12,000540,000025,2,149.000,127.000,160.000,128.000
2019-09-16-12-52-12,000541,000025,2,141.000,127.000,162.000,129.000
2019-09-16-12-52-12,000542,000025,2,160.000,126.000,164.000,129.000
2019-09-16-12-52-12,000543,000025,2,142.000,127.000,169.000,130.000
2019-09-16-12-52-12,000544,000025,2,145.000,125.000,170.000,133.000
2019-09-16-12-52-12,000545,000025,2,148.000,121.000,173.000,133.000
2019-09-16-12-52-12,000546,000025,2,151.000,127.000,176.000,131.000
2019-09-16-12-52-12,000547,000025,2,154.000,122.000,179.000,131.000
2019-09-16-12-52-12,000548,000025,2,157.000,119.000,183.000,131.000
2019-09-16-12-52-12,000549,000025,2,160.000,127.000,185.000,130.000
2019-09-16-12-52-12,000550,000025,2,164.000,127.000,188.000,132.000
2019-09-16-12-52-12,000551,000025,2,167.000,100.000,190.000,133.000
2019-09-16-12-52-12,000552,000025,2,169.000,101.000,193.000,131.000
2019-09-16-12-52-12,000553,000025,2,174.000,99.000,198.000,133.000
2019-09-16-12-52-12,000554,000025,2,177.000,125.000,199.000,131.000
2019-09-16-12-52-12,000555,000025,2,177.000,100.000,203.000,131.000
2019-09-16-12-52-12,000556,000025,2,179.000,100.000,207.000,131.000
2019-09-16-12-52-12,000557,000025,2,180.000,99.000,208.000,133.000
2019-09-16-12-52-12,000558,000025,2,182.000,101.000,211.000,131.000
2019-09-16-12-52-12,000559,000025,2,185.000,50.000,215.000,170.000
2019-09-16-12-52-12,000560,000025,2,192.000,99.000,218.000,133.000
2019-09-16-12-52-12,000561,000025,2,190.000,53.000,220.000,159.000
2019-09-16-12-52-12,000562,000025,2,193.000,76.000,225.000,167.000
2019-09-16-12-52-12,000563,000025,2,200.000,84.000,228.000,133.000
2019-09-16-12-52-12,000564,000025,2,204.000,78.000,229.000,204.000
2019-09-16-12-52-12,000565,000025,2,201.000,78.000,232.000,133.000
2019-09-16-12-52-12,000566,000025,2,210.000,47.000,235.000,210.000
2019-09-16-12-52-12,000567,000025,2,209.000,49.000,237.000,142.000
2019-09-16-12-52-12,000568,000025,2,214.000,74.000,238.000,169.000
2019-09-16-12-52-12,000569,000025,2,214.000,47.000,240.000,187.000
2019-09-16-12-52-12,000570,000025,2,220.000,54.000,242.000,206.000
2019-09-16-12-52-12,000571,000025,2,219.000,48.000,243.000,151.000
2019-09-16-12-52-12,000572,000025,2,211.000,19.000,246.000,204.000
2019-09-16-12-52-12,000573,000025,2,224.000,12.000,247.000,240.000
2019-09-16-12-52-12,000574,000025,2,212.000,50.000,248.000,230.000
2019-09-16-12-52-12,000575,000025,2,232.000,48.000,247.000,234.000
2019-09-16-12-52-12,000576,000025,2,233.000,53.000,243.000,224.000
2019-09-16-12-52-12,000577,000025,2,233.000,16.000,246.000,244.000
2019-09-16-12-52-12,000578,000025,2,237.000,30.000,247.000,168.000
2019-09-16-12-52-12,000579,000025,2,235.000,12.000,248.000,232.000
2019-09-16-12-52-12,000580,000025,2,237.000,12.000,248.000,237.000
2019-09-16-12-52-12,000581,000025,2,240.000,59.000,248.000,250.000
2019-09-16-12-52-12,000582,000025,2,244.000,12.000,248.000,240.000
2019-09-16-12-52-12,000863,000043,2,11.000,126.000,13.000,128.000
2019-09-16-12-52-12,000864,000043,2,12.000,126.000,15.000,127.000
2019-09-16-12-52-12,000865,000043,2,14.000,126.000,17.000,128.000
2019-09-16-12-52-12,000866,000043,2,18.000,126.000,20.000,127.000
2019-09-16-12-52-12,000867,000043,2,20.000,123.000,22.000,127.000
2019-09-16-12-52-12,000868,000043,2,21.000,125.000,24.000,128.000
2019-09-16-12-52-12,000869,000043,2,21.000,125.000,26.000,128.000
2019-09-16-12-52-12,000870,000043,2,22.000,125.000,28.000,128.000
2019-09-16-12-52-12,000871,000043,2,23.000,122.000,29.000,128.000
2019-09-16-12-52-12,000872,000043,2,21.000,125.000,31.000,128.000
2019-09-16-12-52-12,000873,000043,2,28.000,126.000,34.000,128.000
2019-09-16-12-52-12,000874,000043,2,26.000,125.000,36.000,128.000
2019-09-16-12-52-12,000875,000043,2,26.000,125.000,38.000,128.000
2019-09-16-12-52-12,000876,000043,2,28.000,125.000,40.000,127.000
2019-09-16-12-52-12,000877,000043,2,33.000,126.000,42.000,128.000
2019-09-16-12-52-12,000878,000043,2,38.000,126.000,44.000,128.000
2019-09-16-12-52-12,000879,000043,2,40.000,124.000,46.000,128.000
2019-09-16-12-52-12,000880,000043,2,45.000,126.000,48.000,127.000
2019-09-16-12-52-12,000881,000043,2,23.000,125.000,49.000,128.000
2019-09-16-12-52-12,000882,000043,2,42.000,125.000,51.000,129.000
2019-09-16-12-52-12,000883,000043,2,44.000,127.000,54.000,128.000
2019-09-16-12-52-12,000884,000043,2,50.000,125.000,56.000,128.000
2019-09-16-12-52-12,000885,000043,2,53.000,126.000,57.000,128.000
2019-09-16-12-52-12,000886,000043,2,37.000,125.000,59.000,128.000
2019-09-16-12-52-12,000887,000043,2,38.000,124.000,61.000,128.000
2019-09-16-12-52-12,000888,000043,2,57.000,125.000,63.000,127.000
2019-09-16-12-52-12,000889,000043,2,62.000,126.000,66.000,128.000
2019-09-16-12-52-12,000890,000043,2,62.000,125.000,68.000,128.000
2019-09-16-12-52-12,000891,000043,2,46.000,125.000,69.000,128.000
2019-09-16-12-52-12,000892,000043,2,62.000,125.000,70.000,128.000
2019-09-16-12-52-12,000893,000043,2,67.000,125.000,72.000,128.000
2019-09-16-12-52-12,000894,000043,2,64.000,125.000,76.000,128.000
2019-09-16-12-52-12,000895,000043,2,71.000,125.000,77.000,127.000
2019-09-16-12-52-12,000896,000043,2,68.000,124.000,78.000,127.000
2019-09-16-12-52-12,000897,000043,2,72.000,125.000,80.000,127.000
2019-09-16-12-52-12,000898,000043,2,78.000,126.000,83.000,127.000
2019-09-16-12-52-12,000899,000043,2,80.000,125.000,85.000,127.000
2019-09-16-12-52-12,000900,000043,2,82.000,123.000,87.000,127.000
2019-09-16-12-52-12,000901,000043,2,86.000,125.000,90.000,128.000
2019-09-16-12-52-12,000902,000043,2,81.000,126.000,92.000,127.000
2019-09-16-12-52-12,000903,000043,2,86.000,125.000,93.000,128.000
2019-09-16-12-52-12,000904,000043,2,81.000,125.000,94.000,128.000
2019-09-16-12-52-12,000905,000043,2,87.000,126.000,98.000,127.000
2019-09-16-12-52-12,000906,000043,2,94.000,126.000,100.000,128.000
2019-09-16-12-52-12,000907,000043,2,96.000,125.000,103.000,128.000
2019-09-16-12-52-12,000908,000043,2,98.000,125.000,104.000,127.000
2019-09-16-12-52-12,000909,000043,2,99.000,125.000,106.000,128.000
2019-09-16-12-52-12,000910,000043,2,100.000,127.000,109.000,128.000
2019-09-16-12-52-12,000911,000043,2,100.000,125.000,110.000,128.000
2019-09-16-12-52-12,000912,000043,2,107.000,125.000,111.000,127.000
2019-09-16-12-52-12,000913,000043,2,106.000,127.000,113.000,128.000
2019-09-16-12-52-12,000914,000043,2,109.000,127.000,115.000,128.000
2019-09-16-12-52-12,000915,000043,2,111.000,127.000,116.000,128.000
2019-09-16-12-52-12,000916,000043,2,103.000,126.000,120.000,128.000
2019-09-16-12-52-12,000917,000043,2,117.000,126.000,122.000,128.000
2019-09-16-12-52-12,000918,000043,2,114.000,127.000,126.000,128.000
2019-09-16-12-52-12,000919,000043,2,118.000,126.000,126.000,128.000
2019-09-16-12-52-12,000920,000043,2,120.000,126.000,130.000,128.000
2019-09-16-12-52-12,000921,000043,2,123.000,127.000,131.000,128.000
2019-09-16-12-52-12,000922,000043,2,127.000,125.000,133.000,128.000
2019-09-16-12-52-12,000923,000043,2,118.000,127.000,133.000,128.000
2019-09-16-12-52-12,000924,000043,2,130.000,125.000,139.000,129.000
2019-09-16-12-52-12,000925,000043,2,125.000,127.000,139.000,128.000
2019-09-16-12-52-12,000926,000043,2,128.000,127.000,139.000,128.000
2019-09-16-12-52-12,000927,000043,2,124.000,127.000,141.000,128.000
2019-09-16-12-52-12,000928,000043,2,131.000,125.000,142.000,128.000
2019-09-16-12-52-12,000929,000043,2,139.000,126.000,144.000,130.000
2019-09-16-12-52-12,000930,000043,2,139.000,127.000,146.000,130.000
2019-09-16-12-52-12,000931,000043,2,129.000,125.000,150.000,128.000
2019-09-16-12-52-12,000932,000043,2,130.000,125.000,150.000,131.000
2019-09-16-12-52-12,000933,000043,2,145.000,126.000,155.000,128.000
2019-09-16-12-52-12,000934,000043,2,142.000,127.000,155.000,129.000
2019-09-16-12-52-12,000935,000043,2,148.000,127.000,158.000,128.000
2019-09-16-12-52-12,000936,000043,2,145.000,127.000,159.000,131.000
2019-09-16-12-52-12,000937,000043,2,150.000,127.000,161.000,129.000
2019-09-16-12-52-12,000938,000043,2,147.000,125.000,162.000,130.000
2019-09-16-12-52-12,000939,000043,2,151.000,126.000,164.000,132.000
2019-09-16-12-52-12,000940,000043,2,152.000,124.000,165.000,128.000
2019-09-16-12-52-12,000941,000043,2,150.000,125.000,169.000,129.000
2019-09-16-12-52-12,000942,000043,2,156.000,126.000,171.000,133.000
2019-09-16-12-52-12,000943,000043,2,155.000,124.000,173.000,130.000
2019-09-16-12-52-12,000944,000043,2,154.000,126.000,174.000,131.000
2019-09-16-12-52-12,000945,000043,2,155.000,126.000,179.000,130.000
2019-09-16-12-52-12,000946,000043,2,170.000,127.000,178.000,130.000
2019-09-16-12-52-12,000947,000043,2,159.000,126.000,180.000,131.000
2019-09-16-12-52-12,000948,000043,2,157.000,125.000,183.000,130.000
2019-09-16-12-52-12,000949,000043,2,159.000,126.000,185.000,131.000
2019-09-16-12-52-12,000950,000043,2,178.000,126.000,185.000,131.000
2019-09-16-12-52-12,000951,000043,2,164.000,124.000,186.000,131.000
2019-09-16-12-52-12,000952,000043,2,161.000,97.000,189.000,133.000
2019-09-16-12-52-12,000953,000043,2,164.000,125.000,189.000,131.000
2019-09-16-12-52-12,000954,000043,2,169.000,98.000,191.000,131.000
2019-09-16-12-52-12,000955,000043,2,172.000,126.000,197.000,131.000
2019-09-16-12-52-12,000956,000043,2,174.000,123.000,197.000,133.000
2019-09-16-12-52-12,000957,000043,2,189.000,125.000,199.000,131.000
2019-09-16-12-52-12,000958,000043,2,178.000,99.000,199.000,133.000
2019-09-16-12-52-12,000959,000043,2,179.000,95.000,203.000,130.000
2019-09-16-12-52-12,000960,000043,2,179.000,97.000,205.000,131.000
2019-09-16-12-52-12,000961,000043,2,180.000,99.000,207.000,131.000
2019-09-16-12-52-12,000962,000043,2,183.000,98.000,209.000,130.000
2019-09-16-12-52-12,000963,000043,2,185.000,95.000,210.000,132.000
2019-09-16-12-52-12,000964,000043,2,184.000,95.000,211.000,133.000
2019-09-16-12-52-12,000965,000043,2,185.000,90.000,213.000,132.000
2019-09-16-12-52-12,000966,000043,2,188.000,92.000,216.000,133.000
2019-09-16-12-52-12,000967,000043,2,190.000,99.000,216.000,133.000
2019-09-16-12-52-12,000968,000043,2,192.000,74.000,219.000,131.000
2019-09-16-12-52-12,000969,000043,2,193.000,97.000,220.000,133.000
2019-09-16-12-52-12,000970,000043,2,197.000,48.000,221.000,176.000
2019-09-16-12-52-12,000971,000043,2,196.000,84.000,225.000,177.000
2019-09-16-12-52-12,000972,000043,2,198.000,46.000,227.000,175.000
2019-09-16-12-52-12,000973,000043,2,200.000,54.000,228.000,169.000
2019-09-16-12-52-12,000974,000043,2,202.000,28.000,229.000,196.000
2019-09-16-12-52-12,000975,000043,2,204.000,48.000,232.000,131.000
2019-09-16-12-52-12,000976,000043,2,207.000,43.000,237.000,192.000
2019-09-16-12-52-12,000977,000043,2,207.000,39.000,235.000,131.000
2019-09-16-12-52-12,000978,000043,2,210.000,16.000,237.000,184.000
2019-09-16-12-52-12,000979,000043,2,208.000,67.000,237.000,234.000
2019-09-16-12-52-12,000980,000043,2,215.000,70.000,237.000,182.000
2019-09-16-12-52-12,000981,000043,2,217.000,45.000,239.000,237.000
2019-09-16-12-52-12,000982,000043,2,218.000,24.000,240.000,250.000
2019-09-16-12-52-12,000983,000043,2,220.000,12.000,241.000,183.000
2019-09-16-12-52-12,000984,000043,2,221.000,24.000,244.000,196.000
2019-09-16-12-52-12,000985,000043,2,223.000,22.000,245.000,217.000
2019-09-16-12-52-12,000986,000043,2,225.000,47.000,246.000,142.000
2019-09-16-12-52-12,000987,000043,2,223.000,22.000,247.000,237.000
2019-09-16-12-52-12,000988,000043,2,227.000,37.000,248.000,230.000
2019-09-16-12-52-12,000989,000043,2,229.000,12.000,249.000,237.000
2019-09-16-12-52-12,000990,000043,2,230.000,45.000,241.000,199.000
2019-09-16-12-52-12,000991,000043,2,232.000,45.000,242.000,224.000
2019-09-16-12-52-12,000992,000043,2,220.000,22.000,248.000,244.000
2019-09-16-12-52-12,000993,000043,2,233.000,12.000,245.000,237.000
2019-09-16-12-52-12,000994,000043,2,226.000,35.000,246.000,228.000
2019-09-16-12-52-12,000995,000043,2,228.000,32.000,248.000,250.000
2019-09-16-12-52-12,000996,000043,2,228.000,22.000,248.000,244.000
2019-09-16-12-52-12,000997,000043,2,234.000,12.000,249.000,237.000
2019-09-16-12-52-12,000998,000043,2,237.000,16.000,249.000,250.000
2019-09-16-12-52-12,000999,000043,2,238.000,12.000,248.000,250.000
2019-09-16-12-52-12,001000,000043,2,243.000,19.000,248.000,240.000
2019-09-16-12-52-12,001001,000043,2,247.000,19.000,248.000,22.000
2019-09-16-12-52-12,001002,000043,2,242.000,60.000,244.000,62.000
2019-09-16-13-13-01,000037,000448,2,168.000,194.000,171.000,196.000
2019-09-16-13-13-01,000038,000448,2,170.000,193.000,172.000,195.000
2019-09-16-13-13-01,000039,000448,2,171.000,194.000,176.000,197.000
2019-09-16-13-13-01,000040,000448,2,175.000,196.000,177.000,198.000
2019-09-16-13-13-01,000041,000448,2,177.000,191.000,179.000,194.000
2019-09-16-13-13-01,000042,000448,2,176.000,194.000,181.000,199.000
2019-09-16-13-13-01,000043,000448,2,171.000,172.000,185.000,199.000
2019-09-16-13-13-01,000044,000448,2,174.000,167.000,187.000,195.000
2019-09-16-13-13-01,000045,000448,2,174.000,167.000,189.000,195.000
2019-09-16-13-13-01,000046,000448,2,175.000,169.000,191.000,198.000
2019-09-16-13-13-01,000047,000448,2,177.000,163.000,194.000,199.000
2019-09-16-13-13-01,000048,000448,2,180.000,164.000,195.000,200.000
2019-09-16-13-13-01,000049,000448,2,181.000,145.000,196.000,193.000
2019-09-16-13-13-01,000050,000448,2,184.000,137.000,198.000,192.000
2019-09-16-13-13-01,000051,000448,2,185.000,144.000,199.000,154.000
2019-09-16-13-13-01,000052,000448,2,183.000,141.000,201.000,175.000
2019-09-16-13-13-01,000053,000448,2,187.000,98.000,201.000,203.000
2019-09-16-13-13-01,000054,000448,2,186.000,123.000,200.000,173.000
2019-09-16-13-13-01,000055,000448,2,187.000,102.000,202.000,151.000
2019-09-16-13-13-01,000056,000448,2,186.000,101.000,202.000,155.000
2019-09-16-13-13-01,000057,000448,2,186.000,108.000,201.000,166.000
2019-09-16-13-13-01,000058,000448,2,185.000,104.000,200.000,132.000
2019-09-16-13-13-01,000059,000448,2,184.000,106.000,199.000,134.000
2019-09-16-13-13-01,000060,000448,2,182.000,78.000,199.000,134.000
2019-09-16-13-13-01,000061,000448,2,181.000,81.000,197.000,125.000
2019-09-16-13-13-01,000062,000448,2,182.000,78.000,196.000,114.000
2019-09-16-13-13-01,000063,000448,2,180.000,83.000,195.000,113.000
2019-09-16-13-13-01,000064,000448,2,176.000,87.000,192.000,111.000
2019-09-16-13-13-01,000065,000448,2,174.000,77.000,188.000,99.000
2019-09-16-13-13-01,000066,000448,2,172.000,79.000,186.000,92.000
2019-09-16-13-13-01,000067,000448,2,171.000,76.000,184.000,91.000
2019-09-16-13-13-01,000068,000448,2,170.000,85.000,180.000,92.000
2019-09-16-13-13-01,000069,000448,2,169.000,78.000,177.000,90.000
2019-09-16-13-13-01,000070,000448,2,169.000,80.000,175.000,90.000
2019-09-16-13-13-01,000071,000448,2,155.000,62.000,171.000,82.000
2019-09-16-13-13-01,000072,000448,2,155.000,61.000,167.000,71.000
2019-09-16-13-13-01,000073,000448,2,155.000,65.000,164.000,72.000
2019-09-16-13-13-01,000074,000448,2,156.000,63.000,161.000,67.000
2019-09-16-13-13-01,000075,000448,2,153.000,62.000,157.000,64.000
2019-09-16-13-13-01,000076,000448,2,152.000,62.000,156.000,66.000
2019-09-16-13-13-01,000077,000448,2,145.000,63.000,156.000,66.000
2019-09-16-13-13-01,000078,000448,2,155.000,61.000,157.000,64.000
2019-09-16-13-13-01,000079,000448,2,142.000,62.000,156.000,66.000
2019-09-16-13-13-01,000106,000456,2,170.000,199.000,172.000,201.000
2019-09-16-13-13-01,000107,000456,2,167.000,197.000,171.000,199.000
2019-09-16-13-13-01,000108,000456,2,168.000,195.000,175.000,196.000
2019-09-16-13-13-01,000109,000456,2,172.000,195.000,175.000,197.000
2019-09-16-13-13-01,000110,000456,2,175.000,195.000,177.000,197.000
2019-09-16-13-13-01,000111,000456,2,162.000,192.000,181.000,208.000
2019-09-16-13-13-01,000112,000456,2,174.000,192.000,181.000,199.000
2019-09-16-13-13-01,000113,000456,2,169.000,194.000,185.000,199.000
2019-09-16-13-13-01,000114,000456,2,176.000,188.000,186.000,196.000
2019-09-16-13-13-01,000115,000456,2,180.000,169.000,188.000,196.000
2019-09-16-13-13-01,000116,000456,2,178.000,159.000,192.000,202.000
2019-09-16-13-13-01,000117,000456,2,179.000,169.000,195.000,203.000
2019-09-16-13-13-01,000118,000456,2,185.000,167.000,195.000,177.000
2019-09-16-13-13-01,000119,000456,2,181.000,165.000,199.000,195.000
2019-09-16-13-13-01,000120,000456,2,183.000,165.000,197.000,203.000
2019-09-16-13-13-01,000121,000456,2,180.000,162.000,199.000,195.000
2019-09-16-13-13-01,000122,000456,2,183.000,138.000,200.000,187.000
2019-09-16-13-13-01,000123,000456,2,183.000,141.000,202.000,197.000
2019-09-16-13-13-01,000124,000456,2,186.000,119.000,204.000,177.000
2019-09-16-13-13-01,000125,000456,2,193.000,143.000,204.000,155.000
2019-09-16-13-13-01,000126,000456,2,183.000,104.000,204.000,170.000
2019-09-16-13-13-01,000127,000456,2,183.000,69.000,205.000,213.000
2019-09-16-13-13-01,000128,000456,2,188.000,125.000,206.000,152.000
2019-09-16-13-13-01,000129,000456,2,180.000,119.000,204.000,174.000
2019-09-16-13-13-01,000130,000456,2,178.000,77.000,204.000,154.000
2019-09-16-13-13-01,000131,000456,2,186.000,84.000,204.000,152.000
2019-09-16-13-13-01,000132,000456,2,185.000,81.000,205.000,134.000
2019-09-16-13-13-01,000133,000456,2,186.000,99.000,204.000,133.000
2019-09-16-13-13-01,000134,000456,2,183.000,81.000,203.000,134.000
2019-09-16-13-13-01,000135,000456,2,180.000,82.000,202.000,128.000
2019-09-16-13-13-01,000136,000456,2,179.000,52.000,199.000,143.000
2019-09-16-13-13-01,000137,000456,2,180.000,81.000,198.000,114.000
2019-09-16-13-13-01,000138,000456,2,179.000,86.000,197.000,114.000
2019-09-16-13-13-01,000139,000456,2,177.000,84.000,192.000,123.000
2019-09-16-13-13-01,000140,000456,2,175.000,87.000,191.000,95.000
2019-09-16-13-13-01,000141,000456,2,178.000,84.000,189.000,92.000
2019-09-16-13-13-01,000142,000456,2,177.000,78.000,185.000,90.000
2019-09-16-13-13-01,000143,000456,2,172.000,80.000,183.000,90.000
2019-09-16-13-13-01,000144,000456,2,169.000,73.000,179.000,88.000
2019-09-16-13-13-01,000145,000456,2,155.000,64.000,175.000,90.000
2019-09-16-13-13-01,000146,000456,2,155.000,63.000,172.000,78.000
2019-09-16-13-13-01,000147,000456,2,154.000,53.000,170.000,71.000
2019-09-16-13-13-01,000148,000456,2,156.000,64.000,166.000,74.000
2019-09-16-13-13-01,000149,000456,2,155.000,62.000,163.000,67.000
2019-09-16-13-13-01,000150,000456,2,152.000,63.000,156.000,66.000
2019-09-16-13-13-01,000151,000456,2,152.000,57.000,157.000,67.000
2019-09-16-13-13-01,000152,000456,2,156.000,64.000,157.000,65.000
2019-09-16-13-13-01,000153,000456,2,144.000,56.000,157.000,65.000
2019-09-16-13-13-01,000185,000493,2,163.000,202.000,165.000,204.000
2019-09-16-13-13-01,000186,000493,2,164.000,194.000,166.000,198.000
2019-09-16-13-13-01,000187,000493,2,169.000,194.000,171.000,196.000
2019-09-16-13-13-01,000188,000493,2,167.000,200.000,169.000,202.000
2019-09-16-13-13-01,000189,000493,2,170.000,197.000,172.000,203.000
2019-09-16-13-13-01,000190,000493,2,170.000,195.000,173.000,198.000
2019-09-16-13-13-01,000191,000493,2,173.000,194.000,176.000,196.000
2019-09-16-13-13-01,000192,000493,2,176.000,197.000,177.000,198.000
2019-09-16-13-13-01,000193,000493,2,173.000,192.000,180.000,201.000
2019-09-16-13-13-01,000194,000493,2,176.000,184.000,183.000,204.000
2019-09-16-13-13-01,000195,000493,2,176.000,169.000,185.000,196.000
2019-09-16-13-13-01,000196,000493,2,175.000,141.000,187.000,199.000
2019-09-16-13-13-01,000197,000493,2,178.000,171.000,189.000,199.000
2019-09-16-13-13-01,000198,000493,2,175.000,142.000,191.000,200.000
2019-09-16-13-13-01,000199,000493,2,173.000,168.000,192.000,198.000
2019-09-16-13-13-01,000200,000493,2,176.000,168.000,194.000,198.000
2019-09-16-13-13-01,000201,000493,2,176.000,165.000,194.000,198.000
2019-09-16-13-13-01,000202,000493,2,178.000,167.000,196.000,199.000
2019-09-16-13-13-01,000203,000493,2,180.000,145.000,197.000,200.000
2019-09-16-13-13-01,000204,000493,2,180.000,140.000,198.000,201.000
2019-09-16-13-13-01,000205,000493,2,179.000,138.000,200.000,188.000
2019-09-16-13-13-01,000206,000493,2,182.000,123.000,200.000,173.000
2019-09-16-13-13-01,000207,000493,2,183.000,142.000,202.000,204.000
2019-09-16-13-13-01,000208,000493,2,185.000,120.000,202.000,173.000
2019-09-16-13-13-01,000209,000493,2,185.000,120.000,203.000,175.000
2019-09-16-13-13-01,000210,000493,2,185.000,97.000,202.000,173.000
2019-09-16-13-13-01,000211,000493,2,187.000,99.000,203.000,174.000
2019-09-16-13-13-01,000212,000493,2,187.000,99.000,203.000,155.000
2019-09-16-13-13-01,000213,000493,2,189.000,106.000,204.000,155.000
2019-09-16-13-13-01,000214,000493,2,189.000,109.000,203.000,153.000
2019-09-16-13-13-01,000215,000493,2,186.000,57.000,203.000,152.000
2019-09-16-13-13-01,000216,000493,2,188.000,81.000,203.000,154.000
2019-09-16-13-13-01,000217,000493,2,187.000,81.000,202.000,151.000
2019-09-16-13-13-01,000218,000493,2,186.000,100.000,202.000,153.000
2019-09-16-13-13-01,000219,000493,2,183.000,87.000,202.000,133.000
2019-09-16-13-13-01,000220,000493,2,183.000,81.000,201.000,129.000
2019-09-16-13-13-01,000221,000493,2,183.000,62.000,201.000,129.000
2019-09-16-13-13-01,000222,000493,2,179.000,62.000,198.000,125.000
2019-09-16-13-13-01,000223,000493,2,178.000,49.000,196.000,114.000
2019-09-16-13-13-01,000224,000493,2,177.000,85.000,195.000,112.000
2019-09-16-13-13-01,000225,000493,2,177.000,87.000,196.000,110.000
2019-09-16-13-13-01,000226,000493,2,175.000,80.000,191.000,107.000
2019-09-16-13-13-01,000227,000493,2,154.000,55.000,189.000,107.000
2019-09-16-13-13-01,000228,000493,2,173.000,84.000,186.000,92.000
2019-09-16-13-13-01,000229,000493,2,172.000,83.000,184.000,91.000
2019-09-16-13-13-01,000230,000493,2,172.000,85.000,183.000,92.000
2019-09-16-13-13-01,000231,000493,2,173.000,82.000,181.000,90.000
2019-09-16-13-13-01,000232,000493,2,155.000,49.000,178.000,88.000
2019-09-16-13-13-01,000233,000493,2,156.000,66.000,174.000,81.000
2019-09-16-13-13-01,000234,000493,2,155.000,62.000,171.000,77.000
2019-09-16-13-13-01,000235,000493,2,156.000,62.000,167.000,73.000
2019-09-16-13-13-01,000236,000493,2,156.000,62.000,160.000,65.000
2019-09-16-13-13-01,000237,000493,2,155.000,60.000,161.000,65.000
2019-09-16-13-13-01,000238,000493,2,153.000,56.000,159.000,65.000
2019-09-16-13-13-01,000239,000493,2,151.000,60.000,157.000,66.000
2019-09-16-13-13-01,000240,000493,2,146.000,62.000,156.000,66.000
2019-09-16-13-13-01,000241,000493,2,146.000,62.000,156.000,66.000
2019-09-16-13-13-01,000242,000493,2,142.000,62.000,156.000,66.000
2019-09-16-13-13-01,000243,000493,2,140.000,62.000,157.000,65.000
2019-09-16-12-55-51,000046,000054,2,237.000,37.000,245.000,97.000
2019-09-16-12-55-51,000047,000054,2,233.000,16.000,242.000,181.000
2019-09-16-12-55-51,000048,000054,2,229.000,16.000,247.000,250.000
2019-09-16-12-55-51,000049,000054,2,226.000,19.000,244.000,244.000
2019-09-16-12-55-51,000050,000054,2,221.000,22.000,242.000,120.000
2019-09-16-12-55-51,000051,000054,2,217.000,28.000,238.000,139.000
2019-09-16-12-55-51,000052,000054,2,212.000,56.000,236.000,197.000
2019-09-16-12-55-51,000053,000054,2,207.000,61.000,233.000,194.000
2019-09-16-12-55-51,000054,000054,2,202.000,59.000,229.000,136.000
2019-09-16-12-55-51,000055,000054,2,199.000,64.000,220.000,142.000
2019-09-16-12-55-51,000056,000054,2,192.000,86.000,217.000,137.000
2019-09-16-12-55-51,000057,000054,2,187.000,85.000,212.000,170.000
2019-09-16-12-55-51,000058,000054,2,183.000,84.000,206.000,136.000
2019-09-16-12-55-51,000059,000054,2,178.000,87.000,203.000,136.000
2019-09-16-12-55-51,000060,000054,2,175.000,129.000,197.000,136.000
2019-09-16-12-55-51,000061,000054,2,174.000,128.000,193.000,135.000
2019-09-16-12-55-51,000062,000054,2,164.000,129.000,187.000,133.000
2019-09-16-12-55-51,000063,000054,2,160.000,128.000,180.000,133.000
2019-09-16-12-55-51,000064,000054,2,158.000,128.000,177.000,134.000
2019-09-16-12-55-51,000065,000054,2,163.000,124.000,170.000,133.000
2019-09-16-12-55-51,000066,000054,2,149.000,128.000,165.000,134.000
2019-09-16-12-55-51,000067,000054,2,144.000,129.000,161.000,135.000
2019-09-16-12-55-51,000068,000054,2,147.000,128.000,155.000,133.000
2019-09-16-12-55-51,000069,000054,2,142.000,128.000,152.000,132.000
2019-09-16-12-55-51,000070,000054,2,138.000,127.000,146.000,131.000
2019-09-16-12-55-51,000071,000054,2,136.000,128.000,140.000,130.000
2019-09-16-12-55-51,000072,000054,2,127.000,127.000,139.000,130.000
2019-09-16-12-55-51,000073,000054,2,123.000,127.000,132.000,129.000
2019-09-16-12-55-51,000074,000054,2,116.000,128.000,127.000,129.000
2019-09-16-12-55-51,000075,000054,2,113.000,129.000,121.000,131.000
2019-09-16-12-55-51,000076,000054,2,110.000,126.000,115.000,131.000
2019-09-16-12-55-51,000077,000054,2,105.000,126.000,111.000,131.000
2019-09-16-12-55-51,000078,000054,2,102.000,127.000,105.000,132.000
2019-09-16-12-55-51,000079,000054,2,94.000,129.000,101.000,131.000
2019-09-16-12-55-51,000080,000054,2,90.000,130.000,96.000,132.000
2019-09-16-12-55-51,000081,000054,2,83.000,128.000,91.000,132.000
2019-09-16-12-55-51,000082,000054,2,78.000,129.000,89.000,131.000
2019-09-16-12-55-51,000083,000054,2,76.000,129.000,81.000,131.000
2019-09-16-12-55-51,000084,000054,2,70.000,128.000,76.000,133.000
2019-09-16-12-55-51,000085,000054,2,64.000,129.000,74.000,131.000
2019-09-16-12-55-51,000086,000054,2,61.000,130.000,69.000,133.000
2019-09-16-12-55-51,000087,000054,2,56.000,130.000,61.000,133.000
2019-09-16-12-55-51,000088,000054,2,51.000,130.000,56.000,132.000
2019-09-16-12-55-51,000089,000054,2,46.000,130.000,51.000,133.000
2019-09-16-12-55-51,000090,000054,2,39.000,131.000,47.000,133.000
2019-09-16-12-55-51,000091,000054,2,35.000,131.000,42.000,132.000
2019-09-16-12-55-51,000092,000054,2,28.000,131.000,37.000,134.000
2019-09-16-12-55-51,000093,000054,2,24.000,129.000,31.000,134.000
2019-09-16-12-55-51,000094,000054,2,21.000,128.000,26.000,133.000
2019-09-16-12-55-51,000095,000054,2,19.000,130.000,21.000,132.000
2019-09-16-12-55-51,000096,000054,2,14.000,130.000,16.000,132.000
2019-09-16-12-55-51,000097,000054,2,10.000,131.000,11.000,133.000
2019-09-16-12-55-51,000216,000067,2,244.000,12.000,249.000,240.000
2019-09-16-12-55-51,000217,000067,2,241.000,12.000,249.000,250.000
2019-09-16-12-55-51,000218,000067,2,240.000,19.000,249.000,250.000
2019-09-16-12-55-51,000219,000067,2,238.000,35.000,248.000,210.000
2019-09-16-12-55-51,000220,000067,2,234.000,12.000,247.000,244.000
2019-09-16-12-55-51,000221,000067,2,233.000,38.000,246.000,94.000
2019-09-16-12-55-51,000222,000067,2,232.000,41.000,247.000,232.000
2019-09-16-12-55-51,000223,000067,2,230.000,24.000,249.000,228.000
2019-09-16-12-55-51,000224,000067,2,228.000,12.000,249.000,232.000
2019-09-16-12-55-51,000225,000067,2,224.000,19.000,248.000,240.000
2019-09-16-12-55-51,000226,000067,2,223.000,45.000,248.000,240.000
2019-09-16-12-55-51,000227,000067,2,207.000,48.000,246.000,234.000
2019-09-16-12-55-51,000228,000067,2,218.000,28.000,244.000,134.000
2019-09-16-12-55-51,000229,000067,2,215.000,48.000,243.000,136.000
2019-09-16-12-55-51,000230,000067,2,214.000,49.000,241.000,136.000
2019-09-16-12-55-51,000231,000067,2,213.000,55.000,237.000,134.000
2019-09-16-12-55-51,000232,000067,2,203.000,54.000,237.000,198.000
2019-09-16-12-55-51,000233,000067,2,200.000,72.000,246.000,130.000
2019-09-16-12-55-51,000234,000067,2,203.000,77.000,232.000,133.000
2019-09-16-12-55-51,000235,000067,2,200.000,74.000,229.000,131.000
2019-09-16-12-55-51,000236,000067,2,198.000,73.000,226.000,131.000
2019-09-16-12-55-51,000237,000067,2,197.000,75.000,224.000,131.000
2019-09-16-12-55-51,000238,000067,2,193.000,47.000,221.000,134.000
2019-09-16-12-55-51,000239,000067,2,192.000,84.000,218.000,133.000
2019-09-16-12-55-51,000240,000067,2,189.000,78.000,217.000,132.000
2019-09-16-12-55-51,000241,000067,2,187.000,79.000,215.000,165.000
2019-09-16-12-55-51,000242,000067,2,184.000,82.000,210.000,134.000
2019-09-16-12-55-51,000243,000067,2,183.000,79.000,208.000,164.000
2019-09-16-12-55-51,000244,000067,2,180.000,81.000,205.000,136.000
2019-09-16-12-55-51,000245,000067,2,174.000,111.000,201.000,133.000
2019-09-16-12-55-51,000246,000067,2,156.000,79.000,198.000,164.000
2019-09-16-12-55-51,000247,000067,2,186.000,118.000,195.000,125.000
2019-09-16-12-55-51,000248,000067,2,170.000,80.000,195.000,168.000
2019-09-16-12-55-51,000249,000067,2,167.000,125.000,191.000,133.000
2019-09-16-12-55-51,000250,000067,2,178.000,128.000,189.000,133.000
2019-09-16-12-55-51,000251,000067,2,157.000,128.000,185.000,136.000
2019-09-16-12-55-51,000252,000067,2,155.000,111.000,183.000,133.000
2019-09-16-12-55-51,000253,000067,2,153.000,128.000,179.000,136.000
2019-09-16-12-55-51,000254,000067,2,153.000,128.000,176.000,134.000
2019-09-16-12-55-51,000255,000067,2,151.000,125.000,173.000,137.000
2019-09-16-12-55-51,000256,000067,2,148.000,128.000,170.000,133.000
2019-09-16-12-55-51,000257,000067,2,143.000,128.000,167.000,132.000
2019-09-16-12-55-51,000258,000067,2,153.000,126.000,164.000,131.000
2019-09-16-12-55-51,000259,000067,2,139.000,128.000,160.000,134.000
2019-09-16-12-55-51,000260,000067,2,136.000,127.000,158.000,134.000
2019-09-16-12-55-51,000261,000067,2,133.000,128.000,155.000,131.000
2019-09-16-12-55-51,000262,000067,2,129.000,128.000,151.000,131.000
2019-09-16-12-55-51,000263,000067,2,126.000,128.000,147.000,131.000
2019-09-16-12-55-51,000264,000067,2,125.000,128.000,145.000,131.000
2019-09-16-12-55-51,000265,000067,2,121.000,128.000,141.000,132.000
2019-09-16-12-55-51,000266,000067,2,118.000,128.000,139.000,132.000
2019-09-16-12-55-51,000267,000067,2,117.000,128.000,137.000,131.000
2019-09-16-12-55-51,000268,000067,2,110.000,127.000,134.000,132.000
2019-09-16-12-55-51,000269,000067,2,108.000,128.000,131.000,131.000
2019-09-16-12-55-51,000270,000067,2,122.000,128.000,128.000,131.000
2019-09-16-12-55-51,000271,000067,2,100.000,128.000,124.000,131.000
2019-09-16-12-55-51,000272,000067,2,98.000,127.000,121.000,132.000
2019-09-16-12-55-51,000273,000067,2,95.000,128.000,117.000,133.000
2019-09-16-12-55-51,000274,000067,2,91.000,128.000,113.000,131.000
2019-09-16-12-55-51,000275,000067,2,88.000,127.000,111.000,131.000
2019-09-16-12-55-51,000276,000067,2,85.000,128.000,107.000,131.000
2019-09-16-12-55-51,000277,000067,2,83.000,128.000,105.000,131.000
2019-09-16-12-55-51,000278,000067,2,79.000,123.000,102.000,131.000
2019-09-16-12-55-51,000279,000067,2,90.000,129.000,96.000,131.000
2019-09-16-12-55-51,000280,000067,2,73.000,125.000,95.000,132.000
2019-09-16-12-55-51,000281,000067,2,84.000,128.000,92.000,132.000
2019-09-16-12-55-51,000282,000067,2,81.000,127.000,88.000,130.000
2019-09-16-12-55-51,000283,000067,2,77.000,127.000,84.000,130.000
2019-09-16-12-55-51,000284,000067,2,77.000,127.000,80.000,130.000
2019-09-16-12-55-51,000285,000067,2,70.000,127.000,77.000,128.000
2019-09-16-12-55-51,000286,000067,2,68.000,126.000,75.000,130.000
2019-09-16-12-55-51,000287,000067,2,64.000,126.000,71.000,129.000
2019-09-16-12-55-51,000288,000067,2,61.000,127.000,68.000,130.000
2019-09-16-12-55-51,000289,000067,2,60.000,127.000,65.000,131.000
2019-09-16-12-55-51,000290,000067,2,55.000,129.000,61.000,131.000
2019-09-16-12-55-51,000291,000067,2,56.000,129.000,60.000,130.000
2019-09-16-12-55-51,000292,000067,2,48.000,128.000,56.000,131.000
2019-09-16-12-55-51,000293,000067,2,46.000,126.000,55.000,133.000
2019-09-16-12-55-51,000294,000067,2,44.000,128.000,49.000,129.000
2019-09-16-12-55-51,000295,000067,2,28.000,126.000,49.000,132.000
2019-09-16-12-55-51,000296,000067,2,36.000,128.000,44.000,132.000
2019-09-16-12-55-51,000297,000067,2,32.000,128.000,40.000,130.000
2019-09-16-12-55-51,000298,000067,2,29.000,128.000,39.000,132.000
2019-09-16-12-55-51,000299,000067,2,28.000,127.000,36.000,131.000
2019-09-16-12-55-51,000300,000067,2,24.000,128.000,30.000,131.000
2019-09-16-12-55-51,000301,000067,2,23.000,128.000,28.000,134.000
2019-09-16-12-55-51,000302,000067,2,21.000,128.000,25.000,132.000
2019-09-16-12-55-51,000303,000067,2,19.000,129.000,24.000,134.000
2019-09-16-12-55-51,000304,000067,2,15.000,130.000,18.000,131.000
2019-09-16-12-55-51,000305,000067,2,14.000,130.000,15.000,132.000
2019-09-16-12-55-51,000306,000067,2,25.000,112.000,27.000,114.000
2019-09-16-12-55-51,000411,000076,2,244.000,12.000,246.000,57.000
2019-09-16-12-55-51,000412,000076,2,243.000,19.000,247.000,234.000
2019-09-16-12-55-51,000413,000076,2,241.000,12.000,248.000,223.000
2019-09-16-12-55-51,000414,000076,2,239.000,12.000,248.000,244.000
2019-09-16-12-55-51,000415,000076,2,238.000,22.000,248.000,244.000
2019-09-16-12-55-51,000416,000076,2,235.000,33.000,247.000,244.000
2019-09-16-12-55-51,000417,000076,2,236.000,28.000,247.000,171.000
2019-09-16-12-55-51,000418,000076,2,234.000,16.000,246.000,91.000
2019-09-16-12-55-51,000419,000076,2,233.000,32.000,245.000,191.000
2019-09-16-12-55-51,000420,000076,2,232.000,52.000,243.000,144.000
2019-09-16-12-55-51,000421,000076,2,209.000,24.000,247.000,244.000
2019-09-16-12-55-51,000422,000076,2,230.000,32.000,246.000,228.000
2019-09-16-12-55-51,000423,000076,2,227.000,26.000,248.000,152.000
2019-09-16-12-55-51,000424,000076,2,225.000,16.000,248.000,223.000
2019-09-16-12-55-51,000425,000076,2,224.000,22.000,247.000,117.000
2019-09-16-12-55-51,000426,000076,2,223.000,48.000,246.000,136.000
2019-09-16-12-55-51,000427,000076,2,221.000,56.000,245.000,144.000
2019-09-16-12-55-51,000428,000076,2,221.000,54.000,244.000,145.000
2019-09-16-12-55-51,000429,000076,2,218.000,56.000,243.000,119.000
2019-09-16-12-55-51,000430,000076,2,216.000,65.000,242.000,177.000
2019-09-16-12-55-51,000431,000076,2,216.000,62.000,240.000,122.000
2019-09-16-12-55-51,000432,000076,2,211.000,66.000,239.000,127.000
2019-09-16-12-55-51,000433,000076,2,209.000,59.000,238.000,136.000
2019-09-16-12-55-51,000434,000076,2,205.000,82.000,236.000,129.000
2019-09-16-12-55-51,000435,000076,2,210.000,72.000,234.000,124.000
2019-09-16-12-55-51,000436,000076,2,197.000,70.000,233.000,127.000
2019-09-16-12-55-51,000437,000076,2,204.000,70.000,231.000,124.000
2019-09-16-12-55-51,000438,000076,2,202.000,92.000,229.000,126.000
2019-09-16-12-55-51,000439,000076,2,200.000,95.000,228.000,125.000
2019-09-16-12-55-51,000440,000076,2,197.000,71.000,225.000,128.000
2019-09-16-12-55-51,000441,000076,2,196.000,96.000,224.000,125.000
2019-09-16-12-55-51,000442,000076,2,194.000,95.000,222.000,127.000
2019-09-16-12-55-51,000443,000076,2,193.000,81.000,220.000,125.000
2019-09-16-12-55-51,000444,000076,2,190.000,104.000,218.000,133.000
2019-09-16-12-55-51,000445,000076,2,187.000,107.000,216.000,128.000
2019-09-16-12-55-51,000446,000076,2,185.000,107.000,214.000,125.000
2019-09-16-12-55-51,000447,000076,2,185.000,113.000,212.000,127.000
2019-09-16-12-55-51,000448,000076,2,186.000,111.000,210.000,125.000
2019-09-16-12-55-51,000449,000076,2,180.000,105.000,208.000,128.000
2019-09-16-12-55-51,000450,000076,2,178.000,108.000,206.000,128.000
2019-09-16-12-55-51,000451,000076,2,181.000,115.000,204.000,129.000
2019-09-16-12-55-51,000452,000076,2,177.000,117.000,202.000,127.000
2019-09-16-12-55-51,000453,000076,2,176.000,117.000,200.000,127.000
2019-09-16-12-55-51,000454,000076,2,175.000,115.000,198.000,128.000
2019-09-16-12-55-51,000455,000076,2,172.000,112.000,196.000,128.000
2019-09-16-12-55-51,000456,000076,2,171.000,115.000,194.000,128.000
2019-09-16-12-55-51,000457,000076,2,156.000,104.000,192.000,129.000
2019-09-16-12-55-51,000458,000076,2,157.000,87.000,191.000,136.000
2019-09-16-12-55-51,000459,000076,2,164.000,122.000,190.000,131.000
2019-09-16-12-55-51,000460,000076,2,159.000,122.000,188.000,131.000
2019-09-16-12-55-51,000461,000076,2,160.000,123.000,185.000,133.000
2019-09-16-12-55-51,000462,000076,2,164.000,114.000,183.000,131.000
2019-09-16-12-55-51,000463,000076,2,159.000,123.000,181.000,132.000
2019-09-16-12-55-51,000464,000076,2,156.000,126.000,179.000,132.000
2019-09-16-12-55-51,000465,000076,2,152.000,111.000,177.000,133.000
2019-09-16-12-55-51,000466,000076,2,152.000,113.000,174.000,130.000
2019-09-16-12-55-51,000467,000076,2,151.000,124.000,172.000,132.000
2019-09-16-12-55-51,000468,000076,2,151.000,127.000,169.000,132.000
2019-09-16-12-55-51,000469,000076,2,147.000,113.000,169.000,133.000
2019-09-16-12-55-51,000470,000076,2,143.000,123.000,165.000,131.000
2019-09-16-12-55-51,000471,000076,2,142.000,125.000,165.000,131.000
2019-09-16-12-55-51,000472,000076,2,141.000,125.000,163.000,131.000
2019-09-16-12-55-51,000473,000076,2,136.000,128.000,159.000,133.000
2019-09-16-12-55-51,000474,000076,2,139.000,126.000,157.000,131.000
2019-09-16-12-55-51,000475,000076,2,148.000,124.000,155.000,130.000
2019-09-16-12-55-51,000476,000076,2,145.000,123.000,151.000,130.000
2019-09-16-12-55-51,000477,000076,2,131.000,124.000,149.000,129.000
2019-09-16-12-55-51,000478,000076,2,127.000,125.000,149.000,129.000
2019-09-16-12-55-51,000479,000076,2,135.000,125.000,147.000,129.000
2019-09-16-12-55-51,000480,000076,2,136.000,122.000,144.000,129.000
2019-09-16-12-55-51,000481,000076,2,134.000,125.000,142.000,128.000
2019-09-16-12-55-51,000482,000076,2,133.000,123.000,140.000,129.000
2019-09-16-12-55-51,000483,000076,2,118.000,125.000,137.000,129.000
2019-09-16-12-55-51,000484,000076,2,130.000,122.000,135.000,129.000
2019-09-16-12-55-51,000485,000076,2,110.000,124.000,132.000,129.000
2019-09-16-12-55-51,000486,000076,2,124.000,123.000,130.000,129.000
2019-09-16-12-55-51,000487,000076,2,121.000,122.000,129.000,130.000
2019-09-16-12-55-51,000488,000076,2,118.000,128.000,127.000,131.000
2019-09-16-12-55-51,000489,000076,2,100.000,128.000,125.000,133.000
2019-09-16-12-55-51,000490,000076,2,99.000,128.000,122.000,130.000
2019-09-16-12-55-51,000491,000076,2,114.000,128.000,121.000,131.000
2019-09-16-12-55-51,000492,000076,2,95.000,128.000,118.000,130.000
2019-09-16-12-55-51,000493,000076,2,92.000,128.000,116.000,130.000
2019-09-16-12-55-51,000494,000076,2,91.000,128.000,113.000,130.000
2019-09-16-12-55-51,000495,000076,2,89.000,128.000,111.000,131.000
2019-09-16-12-55-51,000496,000076,2,101.000,128.000,110.000,131.000
2019-09-16-12-55-51,000497,000076,2,85.000,127.000,108.000,131.000
2019-09-16-12-55-51,000498,000076,2,98.000,128.000,106.000,131.000
2019-09-16-12-55-51,000499,000076,2,94.000,128.000,104.000,131.000
2019-09-16-12-55-51,000500,000076,2,78.000,125.000,102.000,133.000
2019-09-16-12-55-51,000501,000076,2,92.000,127.000,101.000,133.000
2019-09-16-12-55-51,000502,000076,2,86.000,128.000,99.000,131.000
2019-09-16-12-55-51,000503,000076,2,72.000,128.000,95.000,131.000
2019-09-16-12-55-51,000504,000076,2,84.000,128.000,92.000,132.000
2019-09-16-12-55-51,000505,000076,2,67.000,127.000,91.000,133.000
2019-09-16-12-55-51,000506,000076,2,80.000,127.000,89.000,133.000
2019-09-16-12-55-51,000507,000076,2,63.000,127.000,89.000,133.000
2019-09-16-12-55-51,000508,000076,2,62.000,127.000,85.000,131.000
2019-09-16-12-55-51,000509,000076,2,58.000,127.000,83.000,131.000
2019-09-16-12-55-51,000510,000076,2,57.000,128.000,81.000,130.000
2019-09-16-12-55-51,000511,000076,2,54.000,128.000,77.000,131.000
2019-09-16-12-55-51,000512,000076,2,53.000,128.000,75.000,131.000
2019-09-16-12-55-51,000513,000076,2,50.000,128.000,74.000,131.000
2019-09-16-12-55-51,000514,000076,2,62.000,128.000,72.000,131.000
2019-09-16-12-55-51,000515,000076,2,60.000,126.000,68.000,130.000
2019-09-16-12-55-51,000516,000076,2,59.000,126.000,67.000,128.000
2019-09-16-12-55-51,000517,000076,2,57.000,127.000,64.000,129.000
2019-09-16-12-55-51,000518,000076,2,53.000,127.000,61.000,128.000
2019-09-16-12-55-51,000519,000076,2,52.000,125.000,61.000,131.000
2019-09-16-12-55-51,000520,000076,2,49.000,125.000,59.000,129.000
2019-09-16-12-55-51,000521,000076,2,54.000,127.000,57.000,128.000
2019-09-16-12-55-51,000522,000076,2,47.000,127.000,54.000,128.000
2019-09-16-12-55-51,000523,000076,2,42.000,125.000,52.000,129.000
2019-09-16-12-55-51,000524,000076,2,40.000,127.000,48.000,129.000
2019-09-16-12-55-51,000525,000076,2,28.000,125.000,46.000,128.000
2019-09-16-12-55-51,000526,000076,2,38.000,127.000,45.000,128.000
2019-09-16-12-55-51,000527,000076,2,34.000,127.000,42.000,128.000
2019-09-16-12-55-51,000528,000076,2,22.000,124.000,40.000,131.000
2019-09-16-12-55-51,000529,000076,2,29.000,125.000,38.000,129.000
2019-09-16-12-55-51,000530,000076,2,24.000,122.000,36.000,129.000
2019-09-16-12-55-51,000531,000076,2,24.000,123.000,35.000,134.000
2019-09-16-12-55-51,000532,000076,2,22.000,123.000,33.000,131.000
2019-09-16-12-55-51,000533,000076,2,22.000,127.000,30.000,129.000
2019-09-16-12-55-51,000534,000076,2,20.000,125.000,29.000,131.000
2019-09-16-12-55-51,000535,000076,2,21.000,125.000,26.000,129.000
2019-09-16-12-55-51,000536,000076,2,20.000,124.000,24.000,129.000
2019-09-16-12-55-51,000537,000076,2,17.000,127.000,21.000,128.000
2019-09-16-12-55-51,000538,000076,2,15.000,127.000,19.000,129.000
2019-09-16-12-55-51,000539,000076,2,13.000,127.000,16.000,129.000
2019-09-16-12-55-51,000540,000076,2,11.000,127.000,13.000,129.000
2019-09-16-12-58-42,000135,000109,2,11.000,135.000,12.000,136.000
2019-09-16-12-58-42,000136,000109,2,15.000,135.000,17.000,136.000
2019-09-16-12-58-42,000137,000109,2,17.000,135.000,20.000,136.000
2019-09-16-12-58-42,000138,000109,2,22.000,131.000,25.000,140.000
2019-09-16-12-58-42,000139,000109,2,22.000,129.000,30.000,140.000
2019-09-16-12-58-42,000140,000109,2,28.000,136.000,34.000,139.000
2019-09-16-12-58-42,000141,000109,2,34.000,138.000,35.000,140.000
2019-09-16-12-58-42,000142,000109,2,39.000,137.000,41.000,138.000
2019-09-16-12-58-42,000143,000109,2,42.000,136.000,46.000,140.000
2019-09-16-12-58-42,000144,000109,2,48.000,136.000,52.000,142.000
2019-09-16-12-58-42,000145,000109,2,44.000,136.000,56.000,142.000
2019-09-16-12-58-42,000146,000109,2,57.000,136.000,60.000,140.000
2019-09-16-12-58-42,000147,000109,2,62.000,135.000,66.000,140.000
2019-09-16-12-58-42,000148,000109,2,66.000,134.000,71.000,139.000
2019-09-16-12-58-42,000149,000109,2,71.000,134.000,74.000,138.000
2019-09-16-12-58-42,000150,000109,2,71.000,134.000,80.000,138.000
2019-09-16-12-58-42,000151,000109,2,77.000,135.000,83.000,142.000
2019-09-16-12-58-42,000152,000109,2,81.000,134.000,88.000,138.000
2019-09-16-12-58-42,000153,000109,2,84.000,129.000,94.000,139.000
2019-09-16-12-58-42,000154,000109,2,92.000,132.000,98.000,137.000
2019-09-16-12-58-42,000155,000109,2,97.000,131.000,103.000,136.000
2019-09-16-12-58-42,000156,000109,2,101.000,132.000,107.000,136.000
2019-09-16-12-58-42,000157,000109,2,107.000,130.000,111.000,135.000
2019-09-16-12-58-42,000158,000109,2,110.000,131.000,117.000,136.000
2019-09-16-12-58-42,000159,000109,2,114.000,130.000,120.000,136.000
2019-09-16-12-58-42,000160,000109,2,117.000,127.000,126.000,136.000
2019-09-16-12-58-42,000161,000109,2,123.000,129.000,129.000,132.000
2019-09-16-12-58-42,000162,000109,2,126.000,129.000,134.000,133.000
2019-09-16-12-58-42,000163,000109,2,131.000,129.000,139.000,133.000
2019-09-16-12-58-42,000164,000109,2,136.000,124.000,143.000,132.000
2019-09-16-12-58-42,000165,000109,2,142.000,118.000,148.000,136.000
2019-09-16-12-58-42,000166,000109,2,141.000,128.000,151.000,131.000
2019-09-16-12-58-42,000167,000109,2,150.000,127.000,157.000,133.000
2019-09-16-12-58-42,000168,000109,2,141.000,125.000,161.000,131.000
2019-09-16-12-58-42,000169,000109,2,157.000,122.000,167.000,130.000
2019-09-16-12-58-42,000170,000109,2,164.000,117.000,171.000,129.000
2019-09-16-12-58-42,000171,000109,2,167.000,121.000,175.000,131.000
2019-09-16-12-58-42,000172,000109,2,164.000,111.000,180.000,136.000
2019-09-16-12-58-42,000173,000109,2,166.000,122.000,185.000,128.000
2019-09-16-12-58-42,000174,000109,2,171.000,119.000,189.000,128.000
2019-09-16-12-58-42,000175,000109,2,176.000,118.000,194.000,128.000
2019-09-16-12-58-42,000176,000109,2,176.000,116.000,197.000,127.000
2019-09-16-12-58-42,000177,000109,2,184.000,110.000,202.000,126.000
2019-09-16-12-58-42,000178,000109,2,192.000,101.000,207.000,128.000
2019-09-16-12-58-42,000179,000109,2,191.000,99.000,212.000,128.000
2019-09-16-12-58-42,000180,000109,2,194.000,97.000,216.000,128.000
2019-09-16-12-58-42,000181,000109,2,199.000,95.000,220.000,125.000
2019-09-16-12-58-42,000182,000109,2,202.000,43.000,224.000,174.000
2019-09-16-12-58-42,000183,000109,2,205.000,87.000,228.000,194.000
2019-09-16-12-58-42,000184,000109,2,209.000,80.000,233.000,122.000
2019-09-16-12-58-42,000185,000109,2,213.000,78.000,236.000,173.000
2019-09-16-12-58-42,000186,000109,2,217.000,58.000,238.000,214.000
2019-09-16-12-58-42,000187,000109,2,221.000,53.000,241.000,116.000
2019-09-16-12-58-42,000188,000109,2,222.000,35.000,245.000,114.000
2019-09-16-12-58-42,000189,000109,2,227.000,16.000,247.000,250.000
2019-09-16-12-58-42,000190,000109,2,231.000,35.000,247.000,250.000
2019-09-16-12-58-42,000191,000109,2,227.000,30.000,248.000,244.000
2019-09-16-12-58-42,000192,000109,2,224.000,22.000,246.000,209.000
2019-09-16-12-58-42,000193,000109,2,238.000,22.000,248.000,240.000
2019-09-16-12-58-42,000194,000109,2,242.000,12.000,248.000,250.000
2019-09-16-12-58-42,000195,000109,2,243.000,94.000,245.000,96.000
2019-09-16-12-58-42,000405,000153,2,9.000,130.000,10.000,132.000
2019-09-16-12-58-42,000406,000153,2,12.000,130.000,15.000,131.000
2019-09-16-12-58-42,000407,000153,2,15.000,130.000,16.000,132.000
2019-09-16-12-58-42,000408,000153,2,18.000,130.000,19.000,132.000
2019-09-16-12-58-42,000409,000153,2,21.000,131.000,22.000,133.000
2019-09-16-12-58-42,000410,000153,2,22.000,129.000,26.000,133.000
2019-09-16-12-58-42,000411,000153,2,22.000,131.000,29.000,134.000
2019-09-16-12-58-42,000412,000153,2,26.000,128.000,32.000,136.000
2019-09-16-12-58-42,000413,000153,2,29.000,131.000,34.000,134.000
2019-09-16-12-58-42,000414,000153,2,26.000,130.000,38.000,135.000
2019-09-16-12-58-42,000415,000153,2,39.000,133.000,40.000,135.000
2019-09-16-12-58-42,000416,000153,2,24.000,132.000,41.000,134.000
2019-09-16-12-58-42,000417,000153,2,26.000,130.000,46.000,136.000
2019-09-16-12-58-42,000418,000153,2,29.000,130.000,50.000,137.000
2019-09-16-12-58-42,000419,000153,2,47.000,134.000,53.000,138.000
2019-09-16-12-58-42,000420,000153,2,36.000,132.000,55.000,136.000
2019-09-16-12-58-42,000421,000153,2,51.000,134.000,57.000,138.000
2019-09-16-12-58-42,000422,000153,2,41.000,132.000,60.000,138.000
2019-09-16-12-58-42,000423,000153,2,43.000,133.000,63.000,138.000
2019-09-16-12-58-42,000424,000153,2,47.000,134.000,67.000,139.000
2019-09-16-12-58-42,000425,000153,2,49.000,134.000,69.000,140.000
2019-09-16-12-58-42,000426,000153,2,65.000,134.000,72.000,137.000
2019-09-16-12-58-42,000427,000153,2,69.000,131.000,76.000,138.000
2019-09-16-12-58-42,000428,000153,2,74.000,133.000,78.000,139.000
2019-09-16-12-58-42,000429,000153,2,73.000,134.000,81.000,138.000
2019-09-16-12-58-42,000430,000153,2,77.000,135.000,84.000,142.000
2019-09-16-12-58-42,000431,000153,2,79.000,135.000,87.000,139.000
2019-09-16-12-58-42,000432,000153,2,81.000,134.000,90.000,140.000
2019-09-16-12-58-42,000433,000153,2,89.000,133.000,93.000,138.000
2019-09-16-12-58-42,000434,000153,2,90.000,131.000,97.000,140.000
2019-09-16-12-58-42,000435,000153,2,80.000,133.000,100.000,140.000
2019-09-16-12-58-42,000436,000153,2,83.000,129.000,103.000,139.000
2019-09-16-12-58-42,000437,000153,2,99.000,133.000,105.000,139.000
2019-09-16-12-58-42,000438,000153,2,104.000,132.000,109.000,136.000
2019-09-16-12-58-42,000439,000153,2,102.000,131.000,112.000,138.000
2019-09-16-12-58-42,000440,000153,2,109.000,131.000,114.000,136.000
2019-09-16-12-58-42,000441,000153,2,96.000,128.000,116.000,138.000
2019-09-16-12-58-42,000442,000153,2,99.000,130.000,119.000,137.000
2019-09-16-12-58-42,000443,000153,2,102.000,128.000,122.000,138.000
2019-09-16-12-58-42,000444,000153,2,104.000,128.000,126.000,136.000
2019-09-16-12-58-42,000445,000153,2,109.000,128.000,128.000,135.000
2019-09-16-12-58-42,000446,000153,2,111.000,128.000,130.000,135.000
2019-09-16-12-58-42,000447,000153,2,113.000,123.000,133.000,135.000
2019-09-16-12-58-42,000448,000153,2,116.000,123.000,137.000,134.000
2019-09-16-12-58-42,000449,000153,2,118.000,125.000,140.000,135.000
2019-09-16-12-58-42,000450,000153,2,135.000,125.000,141.000,130.000
2019-09-16-12-58-42,000451,000153,2,125.000,123.000,145.000,133.000
2019-09-16-12-58-42,000452,000153,2,126.000,123.000,148.000,133.000
2019-09-16-12-58-42,000453,000153,2,143.000,123.000,151.000,130.000
2019-09-16-12-58-42,000454,000153,2,133.000,123.000,154.000,131.000
2019-09-16-12-58-42,000455,000153,2,137.000,122.000,156.000,130.000
2019-09-16-12-58-42,000456,000153,2,139.000,122.000,159.000,130.000
2019-09-16-12-58-42,000457,000153,2,142.000,122.000,163.000,130.000
2019-09-16-12-58-42,000458,000153,2,151.000,120.000,166.000,139.000
2019-09-16-12-58-42,000459,000153,2,143.000,111.000,169.000,137.000
2019-09-16-12-58-42,000460,000153,2,149.000,119.000,172.000,132.000
2019-09-16-12-58-42,000461,000153,2,149.000,125.000,174.000,132.000
2019-09-16-12-58-42,000462,000153,2,152.000,124.000,178.000,131.000
2019-09-16-12-58-42,000463,000153,2,157.000,125.000,181.000,132.000
2019-09-16-12-58-42,000464,000153,2,159.000,125.000,183.000,132.000
2019-09-16-12-58-42,000465,000153,2,162.000,122.000,187.000,139.000
2019-09-16-12-58-42,000466,000153,2,166.000,116.000,190.000,136.000
2019-09-16-12-58-42,000467,000153,2,167.000,122.000,192.000,137.000
2019-09-16-12-58-42,000468,000153,2,169.000,125.000,195.000,143.000
2019-09-16-12-58-42,000469,000153,2,173.000,125.000,197.000,138.000
2019-09-16-12-58-42,000470,000153,2,177.000,126.000,201.000,138.000
2019-09-16-12-58-42,000471,000153,2,179.000,123.000,203.000,161.000
2019-09-16-12-58-42,000472,000153,2,180.000,103.000,208.000,156.000
2019-09-16-12-58-42,000473,000153,2,182.000,125.000,209.000,144.000
2019-09-16-12-58-42,000474,000153,2,187.000,126.000,213.000,140.000
2019-09-16-12-58-42,000475,000153,2,190.000,86.000,215.000,148.000
2019-09-16-12-58-42,000476,000153,2,191.000,122.000,218.000,143.000
2019-09-16-12-58-42,000477,000153,2,195.000,66.000,221.000,142.000
2019-09-16-12-58-42,000478,000153,2,197.000,104.000,224.000,175.000
2019-09-16-12-58-42,000479,000153,2,200.000,117.000,227.000,177.000
2019-09-16-12-58-42,000480,000153,2,199.000,74.000,230.000,192.000
2019-09-16-12-58-42,000481,000153,2,200.000,110.000,232.000,192.000
2019-09-16-12-58-42,000482,000153,2,205.000,109.000,236.000,144.000
2019-09-16-12-58-42,000483,000153,2,208.000,83.000,238.000,176.000
2019-09-16-12-58-42,000484,000153,2,215.000,84.000,240.000,215.000
2019-09-16-12-58-42,000485,000153,2,218.000,70.000,241.000,141.000
2019-09-16-12-58-42,000486,000153,2,214.000,82.000,244.000,175.000
2019-09-16-12-58-42,000487,000153,2,215.000,12.000,246.000,206.000
2019-09-16-12-58-42,000488,000153,2,225.000,22.000,248.000,136.000
2019-09-16-12-58-42,000489,000153,2,214.000,50.000,249.000,167.000
2019-09-16-12-58-42,000490,000153,2,217.000,28.000,249.000,250.000
2019-09-16-12-58-42,000491,000153,2,232.000,32.000,249.000,180.000
2019-09-16-12-58-42,000492,000153,2,232.000,54.000,249.000,129.000
2019-09-16-12-58-42,000493,000153,2,230.000,19.000,249.000,129.000
2019-09-16-12-58-42,000494,000153,2,223.000,19.000,249.000,219.000
2019-09-16-12-58-42,000495,000153,2,227.000,22.000,249.000,213.000
2019-09-16-12-58-42,000496,000153,2,215.000,26.000,249.000,237.000
2019-09-16-12-58-42,000497,000153,2,236.000,24.000,249.000,244.000
2019-09-16-12-58-42,000498,000153,2,241.000,26.000,249.000,237.000
2019-09-16-12-58-42,000499,000153,2,246.000,24.000,249.000,240.000
2019-09-16-12-58-42,000755,000187,2,14.000,135.000,16.000,137.000
2019-09-16-12-58-42,000756,000187,2,14.000,136.000,17.000,137.000
2019-09-16-12-58-42,000757,000187,2,17.000,136.000,19.000,140.000
2019-09-16-12-58-42,000758,000187,2,18.000,136.000,22.000,139.000
2019-09-16-12-58-42,000759,000187,2,21.000,134.000,24.000,138.000
2019-09-16-12-58-42,000760,000187,2,21.000,135.000,26.000,140.000
2019-09-16-12-58-42,000761,000187,2,21.000,135.000,27.000,142.000
2019-09-16-12-58-42,000762,000187,2,23.000,135.000,29.000,143.000
2019-09-16-12-58-42,000763,000187,2,21.000,135.000,30.000,140.000
2019-09-16-12-58-42,000764,000187,2,24.000,135.000,33.000,140.000
2019-09-16-12-58-42,000765,000187,2,32.000,136.000,35.000,139.000
2019-09-16-12-58-42,000766,000187,2,22.000,136.000,37.000,139.000
2019-09-16-12-58-42,000767,000187,2,24.000,135.000,39.000,139.000
2019-09-16-12-58-42,000768,000187,2,24.000,134.000,41.000,141.000
2019-09-16-12-58-42,000769,000187,2,38.000,134.000,42.000,142.000
2019-09-16-12-58-42,000770,000187,2,28.000,135.000,44.000,140.000
2019-09-16-12-58-42,000771,000187,2,36.000,132.000,44.000,139.000
2019-09-16-12-58-42,000772,000187,2,42.000,135.000,46.000,138.000
2019-09-16-12-58-42,000773,000187,2,46.000,134.000,49.000,136.000
2019-09-16-12-58-42,000774,000187,2,39.000,134.000,51.000,139.000
2019-09-16-12-58-42,000775,000187,2,48.000,133.000,52.000,137.000
2019-09-16-12-58-42,000776,000187,2,49.000,133.000,54.000,137.000
2019-09-16-12-58-42,000777,000187,2,51.000,134.000,55.000,137.000
2019-09-16-12-58-42,000778,000187,2,36.000,132.000,57.000,138.000
2019-09-16-12-58-42,000779,000187,2,55.000,132.000,57.000,136.000
2019-09-16-12-58-42,000780,000187,2,52.000,132.000,61.000,138.000
2019-09-16-12-58-42,000781,000187,2,56.000,132.000,62.000,134.000
2019-09-16-12-58-42,000782,000187,2,43.000,132.000,63.000,138.000
2019-09-16-12-58-42,000783,000187,2,60.000,132.000,64.000,134.000
2019-09-16-12-58-42,000784,000187,2,47.000,131.000,66.000,138.000
2019-09-16-12-58-42,000785,000187,2,49.000,131.000,67.000,136.000
2019-09-16-12-58-42,000786,000187,2,50.000,131.000,69.000,136.000
2019-09-16-12-58-42,000787,000187,2,52.000,131.000,72.000,136.000
2019-09-16-12-58-42,000788,000187,2,55.000,130.000,73.000,138.000
2019-09-16-12-58-42,000789,000187,2,56.000,128.000,74.000,134.000
2019-09-16-12-58-42,000790,000187,2,71.000,129.000,76.000,131.000
2019-09-16-12-58-42,000791,000187,2,60.000,129.000,77.000,135.000
2019-09-16-12-58-42,000792,000187,2,64.000,128.000,79.000,130.000
2019-09-16-12-58-42,000793,000187,2,62.000,129.000,81.000,134.000
2019-09-16-12-58-42,000794,000187,2,74.000,129.000,83.000,131.000
2019-09-16-12-58-42,000795,000187,2,80.000,128.000,85.000,131.000
2019-09-16-12-58-42,000796,000187,2,67.000,128.000,86.000,134.000
2019-09-16-12-58-42,000797,000187,2,70.000,126.000,88.000,133.000
2019-09-16-12-58-42,000798,000187,2,69.000,128.000,90.000,133.000
2019-09-16-12-58-42,000799,000187,2,73.000,127.000,92.000,131.000
2019-09-16-12-58-42,000800,000187,2,89.000,127.000,93.000,131.000
2019-09-16-12-58-42,000801,000187,2,90.000,127.000,95.000,132.000
2019-09-16-12-58-42,000802,000187,2,76.000,128.000,97.000,132.000
2019-09-16-12-58-42,000803,000187,2,94.000,128.000,99.000,130.000
2019-09-16-12-58-42,000804,000187,2,80.000,126.000,101.000,131.000
2019-09-16-12-58-42,000805,000187,2,82.000,128.000,103.000,131.000
2019-09-16-12-58-42,000806,000187,2,84.000,125.000,104.000,132.000
2019-09-16-12-58-42,000807,000187,2,100.000,127.000,106.000,130.000
2019-09-16-12-58-42,000808,000187,2,103.000,127.000,108.000,131.000
2019-09-16-12-58-42,000809,000187,2,104.000,128.000,109.000,131.000
2019-09-16-12-58-42,000810,000187,2,107.000,127.000,112.000,131.000
2019-09-16-12-58-42,000811,000187,2,104.000,126.000,113.000,131.000
2019-09-16-12-58-42,000812,000187,2,99.000,128.000,115.000,131.000
2019-09-16-12-58-42,000813,000187,2,100.000,127.000,117.000,133.000
2019-09-16-12-58-42,000814,000187,2,97.000,125.000,118.000,133.000
2019-09-16-12-58-42,000815,000187,2,112.000,127.000,120.000,133.000
2019-09-16-12-58-42,000816,000187,2,113.000,129.000,122.000,134.000
2019-09-16-12-58-42,000817,000187,2,115.000,128.000,125.000,133.000
2019-09-16-12-58-42,000818,000187,2,120.000,128.000,126.000,134.000
2019-09-16-12-58-42,000819,000187,2,108.000,128.000,128.000,132.000
2019-09-16-12-58-42,000820,000187,2,109.000,128.000,130.000,134.000
2019-09-16-12-58-42,000821,000187,2,111.000,128.000,132.000,138.000
2019-09-16-12-58-42,000822,000187,2,112.000,128.000,134.000,133.000
2019-09-16-12-58-42,000823,000187,2,116.000,128.000,135.000,133.000
2019-09-16-12-58-42,000824,000187,2,116.000,123.000,137.000,135.000
2019-09-16-12-58-42,000825,000187,2,121.000,127.000,139.000,135.000
2019-09-16-12-58-42,000826,000187,2,120.000,129.000,140.000,138.000
2019-09-16-12-58-42,000827,000187,2,121.000,128.000,143.000,136.000
2019-09-16-12-58-42,000828,000187,2,124.000,128.000,145.000,138.000
2019-09-16-12-58-42,000829,000187,2,125.000,128.000,146.000,139.000
2019-09-16-12-58-42,000830,000187,2,127.000,129.000,148.000,143.000
2019-09-16-12-58-42,000831,000187,2,130.000,129.000,150.000,137.000
2019-09-16-12-58-42,000832,000187,2,127.000,128.000,152.000,142.000
2019-09-16-12-58-42,000833,000187,2,133.000,123.000,153.000,140.000
2019-09-16-12-58-42,000834,000187,2,150.000,136.000,156.000,143.000
2019-09-16-12-58-42,000835,000187,2,137.000,125.000,157.000,151.000
2019-09-16-12-58-42,000836,000187,2,135.000,129.000,159.000,142.000
2019-09-16-12-58-42,000837,000187,2,136.000,131.000,160.000,143.000
2019-09-16-12-58-42,000838,000187,2,138.000,131.000,163.000,144.000
2019-09-16-12-58-42,000839,000187,2,158.000,136.000,164.000,145.000
2019-09-16-12-58-42,000840,000187,2,145.000,125.000,167.000,151.000
2019-09-16-12-58-42,000841,000187,2,145.000,133.000,168.000,145.000
2019-09-16-12-58-42,000842,000187,2,147.000,133.000,170.000,148.000
2019-09-16-12-58-42,000843,000187,2,148.000,136.000,172.000,143.000
2019-09-16-12-58-42,000844,000187,2,150.000,131.000,174.000,145.000
2019-09-16-12-58-42,000845,000187,2,151.000,134.000,177.000,147.000
2019-09-16-12-58-42,000846,000187,2,155.000,133.000,178.000,155.000
2019-09-16-12-58-42,000847,000187,2,156.000,115.000,180.000,145.000
2019-09-16-12-58-42,000848,000187,2,156.000,128.000,182.000,143.000
2019-09-16-12-58-42,000849,000187,2,158.000,131.000,184.000,142.000
2019-09-16-12-58-42,000850,000187,2,160.000,133.000,186.000,142.000
2019-09-16-12-58-42,000851,000187,2,161.000,128.000,187.000,146.000
2019-09-16-12-58-42,000852,000187,2,165.000,129.000,189.000,148.000
2019-09-16-12-58-42,000853,000187,2,166.000,130.000,191.000,145.000
2019-09-16-12-58-42,000854,000187,2,171.000,127.000,193.000,140.000
2019-09-16-12-58-42,000855,000187,2,169.000,127.000,195.000,143.000
2019-09-16-12-58-42,000856,000187,2,171.000,124.000,196.000,142.000
2019-09-16-12-58-42,000857,000187,2,174.000,128.000,199.000,143.000
2019-09-16-12-58-42,000858,000187,2,175.000,121.000,200.000,142.000
2019-09-16-12-58-42,000859,000187,2,176.000,117.000,202.000,147.000
2019-09-16-12-58-42,000860,000187,2,177.000,123.000,203.000,142.000
2019-09-16-12-58-42,000861,000187,2,179.000,116.000,205.000,142.000
2019-09-16-12-58-42,000862,000187,2,180.000,108.000,207.000,142.000
2019-09-16-12-58-42,000863,000187,2,185.000,113.000,209.000,155.000
2019-09-16-12-58-42,000864,000187,2,186.000,111.000,211.000,143.000
2019-09-16-12-58-42,000865,000187,2,186.000,114.000,214.000,140.000
2019-09-16-12-58-42,000866,000187,2,189.000,77.000,215.000,184.000
2019-09-16-12-58-42,000867,000187,2,190.000,74.000,215.000,169.000
2019-09-16-12-58-42,000868,000187,2,193.000,81.000,217.000,164.000
2019-09-16-12-58-42,000869,000187,2,193.000,72.000,219.000,138.000
2019-09-16-12-58-42,000870,000187,2,196.000,99.000,220.000,177.000
2019-09-16-12-58-42,000871,000187,2,198.000,91.000,223.000,178.000
2019-09-16-12-58-42,000872,000187,2,201.000,78.000,224.000,187.000
2019-09-16-12-58-42,000873,000187,2,201.000,73.000,227.000,134.000
2019-09-16-12-58-42,000874,000187,2,204.000,81.000,228.000,133.000
2019-09-16-12-58-42,000875,000187,2,204.000,72.000,229.000,137.000
2019-09-16-12-58-42,000876,000187,2,207.000,76.000,232.000,136.000
2019-09-16-12-58-42,000877,000187,2,207.000,75.000,232.000,143.000
2019-09-16-12-58-42,000878,000187,2,207.000,82.000,235.000,132.000
2019-09-16-12-58-42,000879,000187,2,213.000,81.000,236.000,141.000
2019-09-16-12-58-42,000880,000187,2,213.000,78.000,237.000,134.000
2019-09-16-12-58-42,000881,000187,2,215.000,42.000,238.000,156.000
2019-09-16-12-58-42,000882,000187,2,216.000,74.000,240.000,152.000
2019-09-16-12-58-42,000883,000187,2,217.000,65.000,240.000,188.000
2019-09-16-12-58-42,000884,000187,2,218.000,56.000,242.000,206.000
2019-09-16-12-58-42,000885,000187,2,220.000,28.000,243.000,232.000
2019-09-16-12-58-42,000886,000187,2,220.000,46.000,245.000,150.000
2019-09-16-12-58-42,000887,000187,2,225.000,28.000,246.000,213.000
2019-09-16-12-58-42,000888,000187,2,226.000,30.000,246.000,228.000
2019-09-16-12-58-42,000889,000187,2,228.000,22.000,248.000,244.000
2019-09-16-12-58-42,000890,000187,2,228.000,32.000,247.000,186.000
2019-09-16-12-58-42,000891,000187,2,230.000,55.000,241.000,232.000
2019-09-16-12-58-42,000892,000187,2,231.000,52.000,246.000,187.000
2019-09-16-12-58-42,000893,000187,2,233.000,38.000,247.000,190.000
2019-09-16-12-58-42,000894,000187,2,232.000,37.000,246.000,194.000
2019-09-16-12-58-42,000895,000187,2,235.000,30.000,247.000,109.000
2019-09-16-12-58-42,000896,000187,2,234.000,24.000,247.000,178.000
2019-09-16-12-58-42,000897,000187,2,234.000,22.000,249.000,250.000
2019-09-16-12-58-42,000898,000187,2,237.000,19.000,248.000,250.000
2019-09-16-12-58-42,000899,000187,2,236.000,12.000,249.000,250.000
2019-09-16-12-58-42,000900,000187,2,240.000,12.000,249.000,250.000
2019-09-16-12-58-42,000901,000187,2,241.000,22.000,247.000,240.000
2019-09-16-12-58-42,000902,000187,2,242.000,24.000,246.000,162.000
2019-09-16-13-03-38,000080,000210,2,243.000,16.000,247.000,122.000
2019-09-16-13-03-38,000081,000210,2,242.000,22.000,248.000,240.000
2019-09-16-13-03-38,000082,000210,2,238.000,16.000,247.000,250.000
2019-09-16-13-03-38,000083,000210,2,235.000,33.000,245.000,151.000
2019-09-16-13-03-38,000084,000210,2,233.000,32.000,244.000,125.000
2019-09-16-13-03-38,000085,000210,2,227.000,24.000,246.000,190.000
2019-09-16-13-03-38,000086,000210,2,212.000,16.000,248.000,120.000
2019-09-16-13-03-38,000087,000210,2,223.000,33.000,247.000,240.000
2019-09-16-13-03-38,000088,000210,2,227.000,60.000,246.000,202.000
2019-09-16-13-03-38,000089,000210,2,213.000,60.000,243.000,125.000
2019-09-16-13-03-38,000090,000210,2,213.000,68.000,241.000,153.000
2019-09-16-13-03-38,000091,000210,2,218.000,54.000,238.000,125.000
2019-09-16-13-03-38,000092,000210,2,216.000,82.000,238.000,172.000
2019-09-16-13-03-38,000093,000210,2,214.000,86.000,235.000,131.000
2019-09-16-13-03-38,000094,000210,2,212.000,91.000,232.000,131.000
2019-09-16-13-03-38,000095,000210,2,208.000,92.000,230.000,138.000
2019-09-16-13-03-38,000096,000210,2,207.000,101.000,227.000,136.000
2019-09-16-13-03-38,000097,000210,2,204.000,109.000,224.000,138.000
2019-09-16-13-03-38,000098,000210,2,200.000,108.000,222.000,140.000
2019-09-16-13-03-38,000099,000210,2,197.000,114.000,218.000,141.000
2019-09-16-13-03-38,000100,000210,2,196.000,120.000,216.000,142.000
2019-09-16-13-03-38,000101,000210,2,192.000,116.000,213.000,142.000
2019-09-16-13-03-38,000102,000210,2,190.000,123.000,210.000,142.000
2019-09-16-13-03-38,000103,000210,2,186.000,120.000,207.000,142.000
2019-09-16-13-03-38,000104,000210,2,182.000,124.000,204.000,144.000
2019-09-16-13-03-38,000105,000210,2,180.000,100.000,201.000,144.000
2019-09-16-13-03-38,000106,000210,2,176.000,129.000,198.000,145.000
2019-09-16-13-03-38,000107,000210,2,173.000,131.000,195.000,145.000
2019-09-16-13-03-38,000108,000210,2,172.000,128.000,193.000,142.000
2019-09-16-13-03-38,000109,000210,2,170.000,131.000,189.000,143.000
2019-09-16-13-03-38,000110,000210,2,168.000,130.000,186.000,147.000
2019-09-16-13-03-38,000111,000210,2,162.000,133.000,184.000,144.000
2019-09-16-13-03-38,000112,000210,2,161.000,128.000,181.000,146.000
2019-09-16-13-03-38,000113,000210,2,158.000,134.000,177.000,145.000
2019-09-16-13-03-38,000114,000210,2,154.000,130.000,174.000,149.000
2019-09-16-13-03-38,000115,000210,2,155.000,133.000,171.000,145.000
2019-09-16-13-03-38,000116,000210,2,150.000,134.000,169.000,144.000
2019-09-16-13-03-38,000117,000210,2,152.000,133.000,166.000,144.000
2019-09-16-13-03-38,000118,000210,2,148.000,133.000,162.000,145.000
2019-09-16-13-03-38,000119,000210,2,144.000,134.000,159.000,142.000
2019-09-16-13-03-38,000120,000210,2,141.000,137.000,156.000,142.000
2019-09-16-13-03-38,000121,000210,2,137.000,136.000,153.000,140.000
2019-09-16-13-03-38,000122,000210,2,134.000,135.000,150.000,142.000
2019-09-16-13-03-38,000123,000210,2,138.000,134.000,145.000,141.000
2019-09-16-13-03-38,000124,000210,2,138.000,132.000,142.000,138.000
2019-09-16-13-03-38,000125,000210,2,135.000,129.000,139.000,139.000
2019-09-16-13-03-38,000126,000210,2,132.000,133.000,136.000,138.000
2019-09-16-13-03-38,000127,000210,2,128.000,134.000,132.000,136.000
2019-09-16-13-03-38,000128,000210,2,110.000,126.000,130.000,148.000
2019-09-16-13-03-38,000129,000210,2,110.000,124.000,126.000,143.000
2019-09-16-13-03-38,000130,000210,2,102.000,129.000,122.000,134.000
2019-09-16-13-03-38,000131,000210,2,100.000,129.000,120.000,136.000
2019-09-16-13-03-38,000132,000210,2,111.000,130.000,115.000,134.000
2019-09-16-13-03-38,000133,000210,2,97.000,130.000,113.000,133.000
2019-09-16-13-03-38,000134,000210,2,93.000,128.000,109.000,134.000
2019-09-16-13-03-38,000135,000210,2,90.000,128.000,106.000,134.000
2019-09-16-13-03-38,000136,000210,2,92.000,128.000,103.000,134.000
2019-09-16-13-03-38,000137,000210,2,93.000,128.000,99.000,133.000
2019-09-16-13-03-38,000138,000210,2,88.000,125.000,95.000,133.000
2019-09-16-13-03-38,000139,000210,2,82.000,129.000,92.000,133.000
2019-09-16-13-03-38,000140,000210,2,82.000,129.000,89.000,132.000
2019-09-16-13-03-38,000141,000210,2,78.000,128.000,86.000,132.000
2019-09-16-13-03-38,000142,000210,2,76.000,129.000,83.000,133.000
2019-09-16-13-03-38,000143,000210,2,71.000,128.000,79.000,133.000
2019-09-16-13-03-38,000144,000210,2,68.000,129.000,76.000,131.000
2019-09-16-13-03-38,000145,000210,2,66.000,129.000,73.000,133.000
2019-09-16-13-03-38,000146,000210,2,62.000,129.000,69.000,132.000
2019-09-16-13-03-38,000147,000210,2,58.000,129.000,66.000,131.000
2019-09-16-13-03-38,000148,000210,2,57.000,130.000,62.000,133.000
2019-09-16-13-03-38,000149,000210,2,53.000,130.000,59.000,132.000
2019-09-16-13-03-38,000150,000210,2,50.000,131.000,56.000,133.000
2019-09-16-13-03-38,000151,000210,2,46.000,131.000,53.000,133.000
2019-09-16-13-03-38,000152,000210,2,42.000,131.000,50.000,134.000
2019-09-16-13-03-38,000153,000210,2,40.000,131.000,45.000,134.000
2019-09-16-13-03-38,000154,000210,2,35.000,131.000,42.000,134.000
2019-09-16-13-03-38,000155,000210,2,37.000,132.000,39.000,134.000
2019-09-16-13-03-38,000156,000210,2,29.000,133.000,36.000,134.000
2019-09-16-13-03-38,000157,000210,2,26.000,130.000,31.000,134.000
2019-09-16-13-03-38,000158,000210,2,22.000,132.000,29.000,135.000
2019-09-16-13-03-38,000159,000210,2,22.000,132.000,26.000,136.000
2019-09-16-13-03-38,000160,000210,2,19.000,133.000,22.000,136.000
2019-09-16-13-03-38,000161,000210,2,16.000,133.000,19.000,135.000
2019-09-16-13-03-38,000162,000210,2,12.000,134.000,14.000,136.000
2019-09-16-13-03-38,000323,000238,2,243.000,15.000,245.000,17.000
2019-09-16-13-03-38,000324,000238,2,243.000,24.000,247.000,237.000
2019-09-16-13-03-38,000325,000238,2,242.000,12.000,247.000,223.000
2019-09-16-13-03-38,000326,000238,2,240.000,24.000,248.000,244.000
2019-09-16-13-03-38,000327,000238,2,222.000,16.000,247.000,244.000
2019-09-16-13-03-38,000328,000238,2,234.000,16.000,246.000,244.000
2019-09-16-13-03-38,000329,000238,2,235.000,12.000,246.000,172.000
2019-09-16-13-03-38,000330,000238,2,230.000,28.000,248.000,250.000
2019-09-16-13-03-38,000331,000238,2,229.000,16.000,246.000,172.000
2019-09-16-13-03-38,000332,000238,2,226.000,19.000,248.000,114.000
2019-09-16-13-03-38,000333,000238,2,225.000,32.000,247.000,122.000
2019-09-16-13-03-38,000334,000238,2,203.000,46.000,246.000,195.000
2019-09-16-13-03-38,000335,000238,2,220.000,57.000,244.000,124.000
2019-09-16-13-03-38,000336,000238,2,212.000,65.000,241.000,127.000
2019-09-16-13-03-38,000337,000238,2,218.000,74.000,240.000,128.000
2019-09-16-13-03-38,000338,000238,2,212.000,81.000,238.000,129.000
2019-09-16-13-03-38,000339,000238,2,212.000,86.000,235.000,133.000
2019-09-16-13-03-38,000340,000238,2,200.000,95.000,233.000,135.000
2019-09-16-13-03-38,000341,000238,2,198.000,98.000,231.000,139.000
2019-09-16-13-03-38,000342,000238,2,202.000,101.000,229.000,138.000
2019-09-16-13-03-38,000343,000238,2,200.000,103.000,225.000,143.000
2019-09-16-13-03-38,000344,000238,2,198.000,107.000,222.000,143.000
2019-09-16-13-03-38,000345,000238,2,196.000,116.000,220.000,141.000
2019-09-16-13-03-38,000346,000238,2,192.000,110.000,218.000,140.000
2019-09-16-13-03-38,000347,000238,2,190.000,113.000,215.000,140.000
2019-09-16-13-03-38,000348,000238,2,189.000,118.000,212.000,143.000
2019-09-16-13-03-38,000349,000238,2,183.000,87.000,209.000,142.000
2019-09-16-13-03-38,000350,000238,2,181.000,127.000,207.000,142.000
2019-09-16-13-03-38,000351,000238,2,177.000,127.000,202.000,143.000
2019-09-16-13-03-38,000352,000238,2,173.000,127.000,199.000,142.000
2019-09-16-13-03-38,000353,000238,2,175.000,121.000,195.000,143.000
2019-09-16-13-03-38,000354,000238,2,171.000,128.000,193.000,142.000
2019-09-16-13-03-38,000355,000238,2,167.000,123.000,190.000,141.000
2019-09-16-13-03-38,000356,000238,2,166.000,132.000,187.000,142.000
2019-09-16-13-03-38,000357,000238,2,176.000,121.000,184.000,147.000
2019-09-16-13-03-38,000358,000238,2,156.000,133.000,181.000,139.000
2019-09-16-13-03-38,000359,000238,2,171.000,132.000,177.000,140.000
2019-09-16-13-03-38,000360,000238,2,150.000,133.000,175.000,141.000
2019-09-16-13-03-38,000361,000238,2,147.000,131.000,171.000,143.000
2019-09-16-13-03-38,000362,000238,2,145.000,131.000,168.000,140.000
2019-09-16-13-03-38,000363,000238,2,144.000,133.000,165.000,142.000
2019-09-16-13-03-38,000364,000238,2,138.000,129.000,161.000,141.000
2019-09-16-13-03-38,000365,000238,2,141.000,131.000,159.000,140.000
2019-09-16-13-03-38,000366,000238,2,150.000,133.000,156.000,140.000
2019-09-16-13-03-38,000367,000238,2,130.000,130.000,153.000,140.000
2019-09-16-13-03-38,000368,000238,2,127.000,129.000,150.000,138.000
2019-09-16-13-03-38,000369,000238,2,124.000,129.000,147.000,138.000
2019-09-16-13-03-38,000370,000238,2,124.000,127.000,144.000,136.000
2019-09-16-13-03-38,000371,000238,2,122.000,131.000,140.000,136.000
2019-09-16-13-03-38,000372,000238,2,117.000,131.000,138.000,138.000
2019-09-16-13-03-38,000373,000238,2,115.000,131.000,134.000,136.000
2019-09-16-13-03-38,000374,000238,2,126.000,130.000,131.000,135.000
2019-09-16-13-03-38,000375,000238,2,109.000,130.000,129.000,132.000
2019-09-16-13-03-38,000376,000238,2,107.000,129.000,126.000,135.000
2019-09-16-13-03-38,000377,000238,2,103.000,122.000,122.000,134.000
2019-09-16-13-03-38,000378,000238,2,101.000,129.000,119.000,134.000
2019-09-16-13-03-38,000379,000238,2,111.000,128.000,116.000,133.000
2019-09-16-13-03-38,000380,000238,2,109.000,128.000,114.000,131.000
2019-09-16-13-03-38,000381,000238,2,89.000,127.000,110.000,132.000
2019-09-16-13-03-38,000382,000238,2,89.000,126.000,108.000,133.000
2019-09-16-13-03-38,000383,000238,2,96.000,128.000,105.000,131.000
2019-09-16-13-03-38,000384,000238,2,84.000,128.000,101.000,132.000
2019-09-16-13-03-38,000385,000238,2,85.000,128.000,99.000,133.000
2019-09-16-13-03-38,000386,000238,2,87.000,128.000,94.000,134.000
2019-09-16-13-03-38,000387,000238,2,74.000,128.000,91.000,133.000
2019-09-16-13-03-38,000388,000238,2,69.000,129.000,89.000,134.000
2019-09-16-13-03-38,000389,000238,2,67.000,128.000,86.000,133.000
2019-09-16-13-03-38,000390,000238,2,76.000,129.000,83.000,133.000
2019-09-16-13-03-38,000391,000238,2,57.000,129.000,80.000,134.000
2019-09-16-13-03-38,000392,000238,2,60.000,129.000,77.000,132.000
2019-09-16-13-03-38,000393,000238,2,53.000,129.000,74.000,138.000
2019-09-16-13-03-38,000394,000238,2,63.000,129.000,72.000,133.000
2019-09-16-13-03-38,000395,000238,2,61.000,129.000,69.000,134.000
2019-09-16-13-03-38,000396,000238,2,44.000,129.000,66.000,136.000
2019-09-16-13-03-38,000397,000238,2,50.000,131.000,63.000,134.000
2019-09-16-13-03-38,000398,000238,2,39.000,131.000,59.000,136.000
2019-09-16-13-03-38,000399,000238,2,36.000,131.000,57.000,136.000
2019-09-16-13-03-38,000400,000238,2,34.000,131.000,55.000,136.000
2019-09-16-13-03-38,000401,000238,2,41.000,131.000,51.000,134.000
2019-09-16-13-03-38,000402,000238,2,31.000,133.000,49.000,135.000
2019-09-16-13-03-38,000403,000238,2,29.000,133.000,45.000,138.000
2019-09-16-13-03-38,000404,000238,2,27.000,133.000,43.000,135.000
2019-09-16-13-03-38,000405,000238,2,27.000,133.000,40.000,136.000
2019-09-16-13-03-38,000406,000238,2,32.000,134.000,38.000,136.000
2019-09-16-13-03-38,000407,000238,2,24.000,133.000,35.000,138.000
2019-09-16-13-03-38,000408,000238,2,24.000,128.000,32.000,138.000
2019-09-16-13-03-38,000409,000238,2,22.000,130.000,29.000,138.000
2019-09-16-13-03-38,000410,000238,2,22.000,131.000,25.000,136.000
2019-09-16-13-03-38,000411,000238,2,20.000,133.000,24.000,136.000
2019-09-16-13-03-38,000412,000238,2,17.000,134.000,20.000,135.000
2019-09-16-13-03-38,000413,000238,2,15.000,135.000,17.000,137.000
2019-09-16-13-03-38,000414,000238,2,12.000,134.000,15.000,136.000
2019-09-16-13-03-38,000415,000238,2,10.000,135.000,12.000,137.000
2019-09-16-13-03-38,000550,000260,2,245.000,30.000,247.000,113.000
2019-09-16-13-03-38,000551,000260,2,244.000,22.000,247.000,161.000
2019-09-16-13-03-38,000552,000260,2,244.000,19.000,248.000,136.000
2019-09-16-13-03-38,000553,000260,2,239.000,12.000,248.000,244.000
2019-09-16-13-03-38,000554,000260,2,239.000,12.000,248.000,250.000
2019-09-16-13-03-38,000555,000260,2,237.000,12.000,248.000,244.000
2019-09-16-13-03-38,000556,000260,2,236.000,12.000,247.000,76.000
2019-09-16-13-03-38,000557,000260,2,235.000,12.000,247.000,104.000
2019-09-16-13-03-38,000558,000260,2,234.000,16.000,246.000,228.000
2019-09-16-13-03-38,000559,000260,2,233.000,33.000,245.000,234.000
2019-09-16-13-03-38,000560,000260,2,233.000,26.000,243.000,172.000
2019-09-16-13-03-38,000561,000260,2,230.000,19.000,248.000,244.000
2019-09-16-13-03-38,000562,000260,2,230.000,32.000,246.000,157.000
2019-09-16-13-03-38,000563,000260,2,228.000,19.000,248.000,240.000
2019-09-16-13-03-38,000564,000260,2,226.000,12.000,248.000,178.000
2019-09-16-13-03-38,000565,000260,2,225.000,19.000,248.000,234.000
2019-09-16-13-03-38,000566,000260,2,223.000,35.000,247.000,145.000
2019-09-16-13-03-38,000567,000260,2,221.000,48.000,245.000,116.000
2019-09-16-13-03-38,000568,000260,2,220.000,32.000,244.000,124.000
2019-09-16-13-03-38,000569,000260,2,218.000,52.000,243.000,120.000
2019-09-16-13-03-38,000570,000260,2,217.000,57.000,241.000,122.000
2019-09-16-13-03-38,000571,000260,2,214.000,64.000,239.000,122.000
2019-09-16-13-03-38,000572,000260,2,213.000,76.000,238.000,126.000
2019-09-16-13-03-38,000573,000260,2,212.000,79.000,237.000,123.000
2019-09-16-13-03-38,000574,000260,2,210.000,86.000,237.000,125.000
2019-09-16-13-03-38,000575,000260,2,209.000,84.000,235.000,127.000
2019-09-16-13-03-38,000576,000260,2,207.000,86.000,233.000,128.000
2019-09-16-13-03-38,000577,000260,2,204.000,87.000,231.000,129.000
2019-09-16-13-03-38,000578,000260,2,202.000,80.000,229.000,129.000
2019-09-16-13-03-38,000579,000260,2,201.000,75.000,227.000,131.000
2019-09-16-13-03-38,000580,000260,2,200.000,99.000,225.000,131.000
2019-09-16-13-03-38,000581,000260,2,199.000,99.000,224.000,138.000
2019-09-16-13-03-38,000582,000260,2,199.000,113.000,221.000,134.000
2019-09-16-13-03-38,000583,000260,2,198.000,106.000,220.000,134.000
2019-09-16-13-03-38,000584,000260,2,193.000,107.000,218.000,138.000
2019-09-16-13-03-38,000585,000260,2,193.000,109.000,216.000,140.000
2019-09-16-13-03-38,000586,000260,2,189.000,109.000,214.000,142.000
2019-09-16-13-03-38,000587,000260,2,190.000,116.000,212.000,141.000
2019-09-16-13-03-38,000588,000260,2,185.000,111.000,211.000,140.000
2019-09-16-13-03-38,000589,000260,2,187.000,118.000,208.000,142.000
2019-09-16-13-03-38,000590,000260,2,183.000,116.000,206.000,144.000
2019-09-16-13-03-38,000591,000260,2,179.000,114.000,205.000,143.000
2019-09-16-13-03-38,000592,000260,2,177.000,119.000,202.000,142.000
2019-09-16-13-03-38,000593,000260,2,177.000,126.000,200.000,143.000
2019-09-16-13-03-38,000594,000260,2,173.000,125.000,200.000,142.000
2019-09-16-13-03-38,000595,000260,2,171.000,125.000,197.000,143.000
2019-09-16-13-03-38,000596,000260,2,169.000,123.000,195.000,144.000
2019-09-16-13-03-38,000597,000260,2,167.000,115.000,193.000,146.000
2019-09-16-13-03-38,000598,000260,2,167.000,127.000,191.000,145.000
2019-09-16-13-03-38,000599,000260,2,163.000,132.000,189.000,146.000
2019-09-16-13-03-38,000600,000260,2,163.000,128.000,187.000,145.000
2019-09-16-13-03-38,000601,000260,2,162.000,127.000,185.000,145.000
2019-09-16-13-03-38,000602,000260,2,157.000,131.000,182.000,143.000
2019-09-16-13-03-38,000603,000260,2,156.000,129.000,181.000,143.000
2019-09-16-13-03-38,000604,000260,2,153.000,128.000,178.000,146.000
2019-09-16-13-03-38,000605,000260,2,153.000,134.000,177.000,144.000
2019-09-16-13-03-38,000606,000260,2,149.000,131.000,174.000,148.000
2019-09-16-13-03-38,000607,000260,2,147.000,128.000,172.000,143.000
2019-09-16-13-03-38,000608,000260,2,145.000,129.000,170.000,147.000
2019-09-16-13-03-38,000609,000260,2,142.000,132.000,170.000,145.000
2019-09-16-13-03-38,000610,000260,2,145.000,129.000,167.000,147.000
2019-09-16-13-03-38,000611,000260,2,140.000,129.000,166.000,141.000
2019-09-16-13-03-38,000612,000260,2,154.000,131.000,163.000,140.000
2019-09-16-13-03-38,000613,000260,2,147.000,133.000,161.000,140.000
2019-09-16-13-03-38,000614,000260,2,140.000,133.000,159.000,140.000
2019-09-16-13-03-38,000615,000260,2,135.000,131.000,158.000,141.000
2019-09-16-13-03-38,000616,000260,2,134.000,133.000,156.000,142.000
2019-09-16-13-03-38,000617,000260,2,132.000,132.000,153.000,141.000
2019-09-16-13-03-38,000618,000260,2,131.000,129.000,152.000,139.000
2019-09-16-13-03-38,000619,000260,2,128.000,131.000,150.000,141.000
2019-09-16-13-03-38,000620,000260,2,125.000,130.000,149.000,145.000
2019-09-16-13-03-38,000621,000260,2,125.000,131.000,146.000,142.000
2019-09-16-13-03-38,000622,000260,2,123.000,130.000,145.000,139.000
2019-09-16-13-03-38,000623,000260,2,122.000,128.000,143.000,136.000
2019-09-16-13-03-38,000624,000260,2,120.000,129.000,141.000,140.000
2019-09-16-13-03-38,000625,000260,2,133.000,133.000,139.000,138.000
2019-09-16-13-03-38,000626,000260,2,116.000,128.000,137.000,137.000
2019-09-16-13-03-38,000627,000260,2,115.000,128.000,135.000,134.000
2019-09-16-13-03-38,000628,000260,2,112.000,128.000,133.000,137.000
2019-09-16-13-03-38,000629,000260,2,111.000,129.000,132.000,135.000
2019-09-16-13-03-38,000630,000260,2,107.000,128.000,129.000,136.000
2019-09-16-13-03-38,000631,000260,2,108.000,128.000,128.000,134.000
2019-09-16-13-03-38,000632,000260,2,107.000,127.000,127.000,133.000
2019-09-16-13-03-38,000633,000260,2,104.000,128.000,125.000,138.000
2019-09-16-13-03-38,000634,000260,2,102.000,127.000,123.000,134.000
2019-09-16-13-03-38,000635,000260,2,100.000,127.000,122.000,132.000
2019-09-16-13-03-38,000636,000260,2,114.000,128.000,119.000,132.000
2019-09-16-13-03-38,000637,000260,2,96.000,128.000,118.000,131.000
2019-09-16-13-03-38,000638,000260,2,93.000,127.000,117.000,131.000
2019-09-16-13-03-38,000639,000260,2,92.000,127.000,114.000,131.000
2019-09-16-13-03-38,000640,000260,2,109.000,128.000,113.000,130.000
2019-09-16-13-03-38,000641,000260,2,108.000,128.000,111.000,130.000
2019-09-16-13-03-38,000642,000260,2,106.000,128.000,109.000,131.000
2019-09-16-13-03-38,000643,000260,2,100.000,128.000,107.000,131.000
2019-09-16-13-03-38,000644,000260,2,85.000,125.000,105.000,132.000
2019-09-16-13-03-38,000645,000260,2,84.000,125.000,104.000,132.000
2019-09-16-13-03-38,000646,000260,2,95.000,128.000,103.000,130.000
2019-09-16-13-03-38,000647,000260,2,76.000,126.000,100.000,131.000
2019-09-16-13-03-38,000648,000260,2,92.000,126.000,99.000,131.000
2019-09-16-13-03-38,000649,000260,2,90.000,127.000,97.000,131.000
2019-09-16-13-03-38,000650,000260,2,92.000,128.000,96.000,131.000
2019-09-16-13-03-38,000651,000260,2,77.000,127.000,94.000,133.000
2019-09-16-13-03-38,000652,000260,2,70.000,127.000,93.000,131.000
2019-09-16-13-03-38,000653,000260,2,73.000,127.000,90.000,130.000
2019-09-16-13-03-38,000654,000260,2,81.000,127.000,90.000,132.000
2019-09-16-13-03-38,000655,000260,2,66.000,128.000,88.000,133.000
2019-09-16-13-03-38,000656,000260,2,68.000,127.000,86.000,131.000
2019-09-16-13-03-38,000657,000260,2,62.000,128.000,85.000,132.000
2019-09-16-13-03-38,000658,000260,2,60.000,128.000,83.000,133.000
2019-09-16-13-03-38,000659,000260,2,71.000,128.000,81.000,131.000
2019-09-16-13-03-38,000660,000260,2,62.000,128.000,80.000,133.000
2019-09-16-13-03-38,000661,000260,2,55.000,128.000,78.000,137.000
2019-09-16-13-03-38,000662,000260,2,59.000,128.000,76.000,133.000
2019-09-16-13-03-38,000663,000260,2,66.000,128.000,75.000,134.000
2019-09-16-13-03-38,000664,000260,2,55.000,128.000,73.000,136.000
2019-09-16-13-03-38,000665,000260,2,50.000,128.000,71.000,133.000
2019-09-16-13-03-38,000666,000260,2,65.000,129.000,69.000,131.000
2019-09-16-13-03-38,000667,000260,2,49.000,128.000,67.000,135.000
2019-09-16-13-03-38,000668,000260,2,47.000,128.000,66.000,135.000
2019-09-16-13-03-38,000669,000260,2,45.000,129.000,65.000,136.000
2019-09-16-13-03-38,000670,000260,2,47.000,130.000,63.000,136.000
2019-09-16-13-03-38,000671,000260,2,41.000,129.000,62.000,136.000
2019-09-16-13-03-38,000672,000260,2,56.000,131.000,60.000,134.000
2019-09-16-13-03-38,000673,000260,2,38.000,130.000,59.000,136.000
2019-09-16-13-03-38,000674,000260,2,52.000,131.000,57.000,134.000
2019-09-16-13-03-38,000675,000260,2,47.000,129.000,55.000,134.000
2019-09-16-13-03-38,000676,000260,2,33.000,131.000,53.000,137.000
2019-09-16-13-03-38,000677,000260,2,32.000,132.000,51.000,138.000
2019-09-16-13-03-38,000678,000260,2,29.000,131.000,49.000,138.000
2019-09-16-13-03-38,000679,000260,2,41.000,132.000,49.000,135.000
2019-09-16-13-03-38,000680,000260,2,24.000,133.000,47.000,138.000
2019-09-16-13-03-38,000681,000260,2,26.000,133.000,46.000,138.000
2019-09-16-13-03-38,000682,000260,2,37.000,133.000,44.000,136.000
2019-09-16-13-03-38,000683,000260,2,21.000,133.000,41.000,141.000
2019-09-16-13-03-38,000684,000260,2,35.000,134.000,40.000,138.000
2019-09-16-13-03-38,000685,000260,2,31.000,131.000,38.000,136.000
2019-09-16-13-03-38,000686,000260,2,23.000,132.000,37.000,137.000
2019-09-16-13-03-38,000687,000260,2,22.000,133.000,36.000,136.000
2019-09-16-13-03-38,000688,000260,2,26.000,133.000,34.000,143.000
2019-09-16-13-03-38,000689,000260,2,24.000,132.000,33.000,138.000
2019-09-16-13-03-38,000690,000260,2,24.000,134.000,31.000,140.000
2019-09-16-13-03-38,000691,000260,2,21.000,134.000,28.000,144.000
2019-09-16-13-03-38,000692,000260,2,22.000,133.000,27.000,143.000
2019-09-16-13-03-38,000693,000260,2,20.000,133.000,25.000,141.000
2019-09-16-13-03-38,000694,000260,2,21.000,134.000,24.000,137.000
2019-09-16-13-03-38,000695,000260,2,19.000,136.000,21.000,137.000
2019-09-16-13-03-38,000696,000260,2,19.000,136.000,20.000,138.000
2019-09-16-13-03-38,000697,000260,2,17.000,135.000,18.000,137.000
2019-09-16-13-03-38,000698,000260,2,15.000,135.000,16.000,137.000
2019-09-16-13-03-38,000699,000260,2,13.000,135.000,15.000,136.000
2019-09-16-13-03-38,000700,000260,2,11.000,135.000,13.000,136.000
2019-09-16-13-06-41,000024,000282,2,10.000,130.000,12.000,132.000
2019-09-16-13-06-41,000025,000282,2,12.000,129.000,14.000,131.000
2019-09-16-13-06-41,000026,000282,2,14.000,129.000,18.000,131.000
2019-09-16-13-06-41,000027,000282,2,18.000,130.000,19.000,132.000
2019-09-16-13-06-41,000028,000282,2,19.000,129.000,22.000,132.000
2019-09-16-13-06-41,000029,000282,2,22.000,130.000,25.000,131.000
2019-09-16-13-06-41,000030,000282,2,25.000,130.000,28.000,131.000
2019-09-16-13-06-41,000031,000282,2,24.000,128.000,30.000,133.000
2019-09-16-13-06-41,000032,000282,2,24.000,128.000,33.000,133.000
2019-09-16-13-06-41,000033,000282,2,34.000,130.000,38.000,132.000
2019-09-16-13-06-41,000034,000282,2,38.000,129.000,41.000,131.000
2019-09-16-13-06-41,000035,000282,2,42.000,130.000,45.000,131.000
2019-09-16-13-06-41,000036,000282,2,45.000,129.000,48.000,131.000
2019-09-16-13-06-41,000037,000282,2,49.000,128.000,52.000,131.000
2019-09-16-13-06-41,000038,000282,2,53.000,129.000,56.000,131.000
2019-09-16-13-06-41,000039,000282,2,51.000,129.000,61.000,133.000
2019-09-16-13-06-41,000040,000282,2,62.000,129.000,66.000,131.000
2019-09-16-13-06-41,000041,000282,2,60.000,129.000,69.000,130.000
2019-09-16-13-06-41,000042,000282,2,65.000,128.000,75.000,131.000
2019-09-16-13-06-41,000043,000282,2,75.000,128.000,80.000,131.000
2019-09-16-13-06-41,000044,000282,2,75.000,129.000,85.000,130.000
2019-09-16-13-06-41,000045,000282,2,79.000,127.000,90.000,132.000
2019-09-16-13-06-41,000046,000282,2,91.000,128.000,95.000,129.000
2019-09-16-13-06-41,000047,000282,2,97.000,127.000,100.000,129.000
2019-09-16-13-06-41,000048,000282,2,96.000,128.000,97.000,130.000
2019-09-16-13-06-41,000049,000282,2,102.000,127.000,112.000,130.000
2019-09-16-13-06-41,000050,000282,2,110.000,125.000,118.000,132.000
2019-09-16-13-06-41,000051,000282,2,117.000,125.000,124.000,130.000
2019-09-16-13-06-41,000052,000282,2,124.000,125.000,130.000,129.000
2019-09-16-13-06-41,000053,000282,2,129.000,124.000,136.000,127.000
2019-09-16-13-06-41,000054,000282,2,131.000,124.000,142.000,128.000
2019-09-16-13-06-41,000055,000282,2,141.000,124.000,147.000,128.000
2019-09-16-13-06-41,000056,000282,2,144.000,122.000,154.000,133.000
2019-09-16-13-06-41,000057,000282,2,150.000,122.000,160.000,128.000
2019-09-16-13-06-41,000058,000282,2,158.000,122.000,166.000,128.000
2019-09-16-13-06-41,000059,000282,2,161.000,120.000,172.000,129.000
2019-09-16-13-06-41,000060,000282,2,171.000,119.000,178.000,124.000
2019-09-16-13-06-41,000061,000282,2,169.000,118.000,185.000,126.000
2019-09-16-13-06-41,000062,000282,2,167.000,116.000,191.000,125.000
2019-09-16-13-06-41,000063,000282,2,178.000,117.000,196.000,126.000
2019-09-16-13-06-41,000064,000282,2,181.000,116.000,202.000,127.000
2019-09-16-13-06-41,000065,000282,2,187.000,105.000,208.000,125.000
2019-09-16-13-06-41,000066,000282,2,193.000,107.000,215.000,123.000
2019-09-16-13-06-41,000067,000282,2,200.000,99.000,221.000,123.000
2019-09-16-13-06-41,000068,000282,2,204.000,90.000,225.000,120.000
2019-09-16-13-06-41,000069,000282,2,209.000,86.000,231.000,121.000
2019-09-16-13-06-41,000070,000282,2,214.000,78.000,237.000,118.000
2019-09-16-13-06-41,000071,000282,2,219.000,39.000,241.000,118.000
2019-09-16-13-06-41,000072,000282,2,227.000,22.000,246.000,111.000
2019-09-16-13-06-41,000073,000282,2,231.000,69.000,243.000,103.000
2019-09-16-13-06-41,000074,000282,2,235.000,48.000,245.000,90.000
2019-09-16-13-06-41,000075,000282,2,238.000,33.000,248.000,63.000
2019-09-16-13-06-41,000380,000321,2,18.000,125.000,20.000,127.000
2019-09-16-13-06-41,000381,000321,2,20.000,125.000,23.000,126.000
2019-09-16-13-06-41,000382,000321,2,21.000,122.000,25.000,127.000
2019-09-16-13-06-41,000383,000321,2,22.000,124.000,30.000,128.000
2019-09-16-13-06-41,000384,000321,2,21.000,125.000,30.000,129.000
2019-09-16-13-06-41,000385,000321,2,21.000,123.000,33.000,128.000
2019-09-16-13-06-41,000386,000321,2,25.000,123.000,37.000,128.000
2019-09-16-13-06-41,000387,000321,2,25.000,117.000,40.000,128.000
2019-09-16-13-06-41,000388,000321,2,28.000,126.000,44.000,128.000
2019-09-16-13-06-41,000389,000321,2,41.000,125.000,46.000,127.000
2019-09-16-13-06-41,000390,000321,2,43.000,125.000,49.000,128.000
2019-09-16-13-06-41,000391,000321,2,42.000,125.000,52.000,127.000
2019-09-16-13-06-41,000392,000321,2,52.000,126.000,57.000,127.000
2019-09-16-13-06-41,000393,000321,2,50.000,125.000,57.000,127.000
2019-09-16-13-06-41,000394,000321,2,57.000,124.000,61.000,128.000
2019-09-16-13-06-41,000395,000321,2,56.000,125.000,67.000,128.000
2019-09-16-13-06-41,000396,000321,2,59.000,126.000,71.000,128.000
2019-09-16-13-06-41,000397,000321,2,63.000,125.000,71.000,127.000
2019-09-16-13-06-41,000398,000321,2,69.000,125.000,76.000,127.000
2019-09-16-13-06-41,000399,000321,2,74.000,125.000,80.000,127.000
2019-09-16-13-06-41,000400,000321,2,71.000,125.000,84.000,128.000
2019-09-16-13-06-41,000401,000321,2,80.000,125.000,86.000,128.000
2019-09-16-13-06-41,000402,000321,2,81.000,125.000,91.000,127.000
2019-09-16-13-06-41,000403,000321,2,86.000,125.000,94.000,128.000
2019-09-16-13-06-41,000404,000321,2,90.000,125.000,99.000,128.000
2019-09-16-13-06-41,000405,000321,2,94.000,125.000,100.000,127.000
2019-09-16-13-06-41,000406,000321,2,97.000,126.000,103.000,128.000
2019-09-16-13-06-41,000407,000321,2,100.000,124.000,107.000,128.000
2019-09-16-13-06-41,000408,000321,2,104.000,125.000,113.000,128.000
2019-09-16-13-06-41,000409,000321,2,107.000,125.000,116.000,129.000
2019-09-16-13-06-41,000410,000321,2,110.000,124.000,120.000,131.000
2019-09-16-13-06-41,000411,000321,2,104.000,125.000,125.000,129.000
2019-09-16-13-06-41,000412,000321,2,117.000,125.000,130.000,128.000
2019-09-16-13-06-41,000413,000321,2,121.000,123.000,130.000,128.000
2019-09-16-13-06-41,000414,000321,2,123.000,125.000,135.000,128.000
2019-09-16-13-06-41,000415,000321,2,126.000,125.000,138.000,127.000
2019-09-16-13-06-41,000416,000321,2,120.000,125.000,140.000,129.000
2019-09-16-13-06-41,000417,000321,2,136.000,125.000,145.000,128.000
2019-09-16-13-06-41,000418,000321,2,127.000,126.000,150.000,128.000
2019-09-16-13-06-41,000419,000321,2,139.000,125.000,152.000,128.000
2019-09-16-13-06-41,000420,000321,2,133.000,125.000,155.000,128.000
2019-09-16-13-06-41,000421,000321,2,146.000,125.000,161.000,128.000
2019-09-16-13-06-41,000422,000321,2,154.000,125.000,164.000,129.000
2019-09-16-13-06-41,000423,000321,2,142.000,125.000,169.000,129.000
2019-09-16-13-06-41,000424,000321,2,145.000,125.000,173.000,128.000
2019-09-16-13-06-41,000425,000321,2,165.000,127.000,178.000,130.000
2019-09-16-13-06-41,000426,000321,2,155.000,126.000,183.000,129.000
2019-09-16-13-06-41,000427,000321,2,170.000,125.000,183.000,128.000
2019-09-16-13-06-41,000428,000321,2,166.000,126.000,189.000,134.000
2019-09-16-13-06-41,000429,000321,2,167.000,101.000,192.000,129.000
2019-09-16-13-06-41,000430,000321,2,175.000,123.000,197.000,131.000
2019-09-16-13-06-41,000431,000321,2,186.000,125.000,201.000,131.000
2019-09-16-13-06-41,000432,000321,2,183.000,97.000,205.000,131.000
2019-09-16-13-06-41,000433,000321,2,183.000,95.000,211.000,153.000
2019-09-16-13-06-41,000434,000321,2,186.000,97.000,216.000,132.000
2019-09-16-13-06-41,000435,000321,2,193.000,97.000,219.000,131.000
2019-09-16-13-06-41,000436,000321,2,195.000,89.000,222.000,131.000
2019-09-16-13-06-41,000437,000321,2,203.000,45.000,226.000,199.000
2019-09-16-13-06-41,000438,000321,2,203.000,70.000,231.000,133.000
2019-09-16-13-06-41,000439,000321,2,210.000,74.000,235.000,132.000
2019-09-16-13-06-41,000440,000321,2,214.000,60.000,237.000,207.000
2019-09-16-13-06-41,000441,000321,2,215.000,43.000,240.000,143.000
2019-09-16-13-06-41,000442,000321,2,222.000,28.000,244.000,174.000
2019-09-16-13-06-41,000443,000321,2,224.000,26.000,246.000,213.000
2019-09-16-13-06-41,000444,000321,2,227.000,16.000,249.000,237.000
2019-09-16-13-06-41,000445,000321,2,233.000,32.000,249.000,244.000
2019-09-16-13-06-41,000446,000321,2,230.000,19.000,248.000,194.000
2019-09-16-13-06-41,000447,000321,2,213.000,19.000,249.000,136.000
2019-09-16-13-06-41,000448,000321,2,235.000,19.000,249.000,250.000
2019-09-16-13-06-41,000449,000321,2,240.000,12.000,249.000,240.000
2019-09-16-13-06-41,000450,000321,2,242.000,105.000,248.000,194.000
2019-09-16-13-06-41,000596,000347,2,11.000,128.000,13.000,130.000
2019-09-16-13-06-41,000597,000347,2,13.000,129.000,15.000,131.000
2019-09-16-13-06-41,000598,000347,2,15.000,129.000,17.000,131.000
2019-09-16-13-06-41,000599,000347,2,18.000,130.000,20.000,132.000
2019-09-16-13-06-41,000600,000347,2,18.000,129.000,22.000,131.000
2019-09-16-13-06-41,000601,000347,2,22.000,129.000,24.000,132.000
2019-09-16-13-06-41,000602,000347,2,21.000,128.000,26.000,133.000
2019-09-16-13-06-41,000603,000347,2,23.000,128.000,29.000,133.000
2019-09-16-13-06-41,000604,000347,2,21.000,128.000,31.000,133.000
2019-09-16-13-06-41,000605,000347,2,24.000,128.000,34.000,132.000
2019-09-16-13-06-41,000606,000347,2,21.000,128.000,35.000,132.000
2019-09-16-13-06-41,000607,000347,2,22.000,128.000,38.000,130.000
2019-09-16-13-06-41,000608,000347,2,25.000,129.000,41.000,133.000
2019-09-16-13-06-41,000609,000347,2,41.000,130.000,43.000,131.000
2019-09-16-13-06-41,000610,000347,2,41.000,128.000,45.000,133.000
2019-09-16-13-06-41,000611,000347,2,37.000,128.000,47.000,132.000
2019-09-16-13-06-41,000612,000347,2,40.000,129.000,51.000,131.000
2019-09-16-13-06-41,000613,000347,2,38.000,129.000,54.000,133.000
2019-09-16-13-06-41,000614,000347,2,42.000,129.000,55.000,131.000
2019-09-16-13-06-41,000615,000347,2,53.000,129.000,59.000,130.000
2019-09-16-13-06-41,000616,000347,2,57.000,129.000,62.000,131.000
2019-09-16-13-06-41,000617,000347,2,58.000,128.000,63.000,130.000
2019-09-16-13-06-41,000618,000347,2,43.000,129.000,67.000,131.000
2019-09-16-13-06-41,000619,000347,2,59.000,129.000,70.000,132.000
2019-09-16-13-06-41,000620,000347,2,65.000,128.000,72.000,133.000
2019-09-16-13-06-41,000621,000347,2,68.000,128.000,74.000,133.000
2019-09-16-13-06-41,000622,000347,2,70.000,128.000,77.000,132.000
2019-09-16-13-06-41,000623,000347,2,69.000,126.000,80.000,130.000
2019-09-16-13-06-41,000624,000347,2,77.000,128.000,83.000,131.000
2019-09-16-13-06-41,000625,000347,2,80.000,129.000,84.000,130.000
2019-09-16-13-06-41,000626,000347,2,81.000,128.000,86.000,130.000
2019-09-16-13-06-41,000627,000347,2,82.000,128.000,91.000,132.000
2019-09-16-13-06-41,000628,000347,2,90.000,128.000,93.000,131.000
2019-09-16-13-06-41,000629,000347,2,86.000,127.000,96.000,129.000
2019-09-16-13-06-41,000630,000347,2,90.000,128.000,100.000,132.000
2019-09-16-13-06-41,000631,000347,2,96.000,127.000,103.000,129.000
2019-09-16-13-06-41,000632,000347,2,101.000,126.000,106.000,131.000
2019-09-16-13-06-41,000633,000347,2,102.000,128.000,108.000,132.000
2019-09-16-13-06-41,000634,000347,2,106.000,128.000,111.000,131.000
2019-09-16-13-06-41,000635,000347,2,109.000,126.000,114.000,133.000
2019-09-16-13-06-41,000636,000347,2,113.000,128.000,117.000,131.000
2019-09-16-13-06-41,000637,000347,2,115.000,127.000,121.000,129.000
2019-09-16-13-06-41,000638,000347,2,117.000,126.000,124.000,129.000
2019-09-16-13-06-41,000639,000347,2,121.000,127.000,127.000,130.000
2019-09-16-13-06-41,000640,000347,2,125.000,127.000,130.000,132.000
2019-09-16-13-06-41,000641,000347,2,122.000,127.000,132.000,130.000
2019-09-16-13-06-41,000642,000347,2,120.000,127.000,136.000,129.000
2019-09-16-13-06-41,000643,000347,2,133.000,127.000,139.000,128.000
2019-09-16-13-06-41,000644,000347,2,125.000,119.000,141.000,128.000
2019-09-16-13-06-41,000645,000347,2,130.000,127.000,146.000,128.000
2019-09-16-13-06-41,000646,000347,2,141.000,123.000,148.000,129.000
2019-09-16-13-06-41,000647,000347,2,140.000,126.000,153.000,128.000
2019-09-16-13-06-41,000648,000347,2,134.000,125.000,155.000,130.000
2019-09-16-13-06-41,000649,000347,2,144.000,125.000,157.000,128.000
2019-09-16-13-06-41,000650,000347,2,148.000,122.000,162.000,128.000
2019-09-16-13-06-41,000651,000347,2,146.000,125.000,163.000,129.000
2019-09-16-13-06-41,000652,000347,2,153.000,124.000,169.000,128.000
2019-09-16-13-06-41,000653,000347,2,145.000,122.000,170.000,128.000
2019-09-16-13-06-41,000654,000347,2,151.000,122.000,172.000,129.000
2019-09-16-13-06-41,000655,000347,2,150.000,116.000,177.000,129.000
2019-09-16-13-06-41,000656,000347,2,157.000,120.000,179.000,128.000
2019-09-16-13-06-41,000657,000347,2,156.000,122.000,180.000,129.000
2019-09-16-13-06-41,000658,000347,2,159.000,117.000,183.000,129.000
2019-09-16-13-06-41,000659,000347,2,161.000,118.000,187.000,128.000
2019-09-16-13-06-41,000660,000347,2,166.000,115.000,189.000,128.000
2019-09-16-13-06-41,000661,000347,2,171.000,115.000,194.000,128.000
2019-09-16-13-06-41,000662,000347,2,174.000,117.000,196.000,130.000
2019-09-16-13-06-41,000663,000347,2,178.000,122.000,201.000,129.000
2019-09-16-13-06-41,000664,000347,2,181.000,100.000,204.000,132.000
2019-09-16-13-06-41,000665,000347,2,183.000,99.000,207.000,129.000
2019-09-16-13-06-41,000666,000347,2,186.000,101.000,210.000,132.000
2019-09-16-13-06-41,000667,000347,2,183.000,81.000,211.000,162.000
2019-09-16-13-06-41,000668,000347,2,186.000,72.000,215.000,130.000
2019-09-16-13-06-41,000669,000347,2,189.000,99.000,217.000,133.000
2019-09-16-13-06-41,000670,000347,2,194.000,39.000,221.000,170.000
2019-09-16-13-06-41,000671,000347,2,195.000,103.000,225.000,131.000
2019-09-16-13-06-41,000672,000347,2,199.000,78.000,225.000,130.000
2019-09-16-13-06-41,000673,000347,2,201.000,32.000,229.000,131.000
2019-09-16-13-06-41,000674,000347,2,202.000,35.000,231.000,196.000
2019-09-16-13-06-41,000675,000347,2,208.000,26.000,234.000,133.000
2019-09-16-13-06-41,000676,000347,2,208.000,22.000,236.000,150.000
2019-09-16-13-06-41,000677,000347,2,210.000,58.000,237.000,202.000
2019-09-16-13-06-41,000678,000347,2,215.000,45.000,240.000,221.000
2019-09-16-13-06-41,000679,000347,2,218.000,33.000,243.000,237.000
2019-09-16-13-06-41,000680,000347,2,221.000,24.000,245.000,215.000
2019-09-16-13-06-41,000681,000347,2,225.000,49.000,246.000,180.000
2019-09-16-13-06-41,000682,000347,2,213.000,30.000,247.000,237.000
2019-09-16-13-06-41,000683,000347,2,228.000,12.000,249.000,111.000
2019-09-16-13-06-41,000684,000347,2,230.000,45.000,246.000,214.000
2019-09-16-13-06-41,000685,000347,2,234.000,30.000,245.000,221.000
2019-09-16-13-06-41,000686,000347,2,236.000,24.000,246.000,223.000
2019-09-16-13-06-41,000687,000347,2,237.000,52.000,248.000,92.000
2019-09-16-13-06-41,000688,000347,2,233.000,22.000,249.000,250.000
2019-09-16-13-06-41,000689,000347,2,239.000,12.000,249.000,250.000
2019-09-16-13-06-41,000690,000347,2,241.000,12.000,247.000,250.000
2019-09-16-13-11-12,000017,000381,2,245.000,12.000,248.000,240.000
2019-09-16-13-11-12,000018,000381,2,244.000,12.000,248.000,250.000
2019-09-16-13-11-12,000019,000381,2,241.000,12.000,248.000,208.000
2019-09-16-13-11-12,000020,000381,2,242.000,12.000,248.000,250.000
2019-09-16-13-11-12,000021,000381,2,240.000,19.000,248.000,244.000
2019-09-16-13-11-12,000022,000381,2,238.000,12.000,247.000,250.000
2019-09-16-13-11-12,000023,000381,2,237.000,12.000,246.000,244.000
2019-09-16-13-11-12,000024,000381,2,231.000,12.000,244.000,250.000
2019-09-16-13-11-12,000025,000381,2,231.000,45.000,243.000,93.000
2019-09-16-13-11-12,000026,000381,2,231.000,39.000,244.000,113.000
2019-09-16-13-11-12,000027,000381,2,227.000,12.000,249.000,244.000
2019-09-16-13-11-12,000028,000381,2,225.000,12.000,246.000,250.000
2019-09-16-13-11-12,000029,000381,2,224.000,22.000,246.000,250.000
2019-09-16-13-11-12,000030,000381,2,223.000,37.000,244.000,232.000
2019-09-16-13-11-12,000031,000381,2,220.000,39.000,240.000,237.000
2019-09-16-13-11-12,000032,000381,2,210.000,19.000,237.000,240.000
2019-09-16-13-11-12,000033,000381,2,212.000,43.000,237.000,142.000
2019-09-16-13-11-12,000034,000381,2,208.000,54.000,235.000,202.000
2019-09-16-13-11-12,000035,000381,2,207.000,48.000,230.000,130.000
2019-09-16-13-11-12,000036,000381,2,204.000,30.000,228.000,127.000
2019-09-16-13-11-12,000037,000381,2,198.000,12.000,223.000,139.000
2019-09-16-13-11-12,000038,000381,2,196.000,84.000,219.000,138.000
2019-09-16-13-11-12,000039,000381,2,192.000,80.000,216.000,130.000
2019-09-16-13-11-12,000040,000381,2,186.000,83.000,212.000,169.000
2019-09-16-13-11-12,000041,000381,2,185.000,81.000,207.000,133.000
2019-09-16-13-11-12,000042,000381,2,190.000,81.000,203.000,135.000
2019-09-16-13-11-12,000043,000381,2,189.000,80.000,200.000,161.000
2019-09-16-13-11-12,000044,000381,2,182.000,116.000,195.000,133.000
2019-09-16-13-11-12,000045,000381,2,167.000,118.000,189.000,134.000
2019-09-16-13-11-12,000046,000381,2,162.000,114.000,185.000,132.000
2019-09-16-13-11-12,000047,000381,2,172.000,128.000,181.000,134.000
2019-09-16-13-11-12,000048,000381,2,165.000,128.000,177.000,132.000
2019-09-16-13-11-12,000049,000381,2,154.000,110.000,172.000,134.000
2019-09-16-13-11-12,000050,000381,2,154.000,128.000,167.000,133.000
2019-09-16-13-11-12,000051,000381,2,152.000,123.000,165.000,136.000
2019-09-16-13-11-12,000052,000381,2,148.000,126.000,158.000,133.000
2019-09-16-13-11-12,000053,000381,2,144.000,129.000,154.000,134.000
2019-09-16-13-11-12,000054,000381,2,138.000,128.000,150.000,133.000
2019-09-16-13-11-12,000055,000381,2,134.000,130.000,143.000,133.000
2019-09-16-13-11-12,000056,000381,2,128.000,128.000,137.000,132.000
2019-09-16-13-11-12,000057,000381,2,125.000,129.000,135.000,133.000
2019-09-16-13-11-12,000058,000381,2,120.000,129.000,130.000,133.000
2019-09-16-13-11-12,000059,000381,2,114.000,127.000,125.000,133.000
2019-09-16-13-11-12,000060,000381,2,109.000,131.000,118.000,133.000
2019-09-16-13-11-12,000061,000381,2,106.000,129.000,112.000,133.000
2019-09-16-13-11-12,000062,000381,2,101.000,130.000,107.000,132.000
2019-09-16-13-11-12,000063,000381,2,94.000,130.000,103.000,132.000
2019-09-16-13-11-12,000064,000381,2,90.000,129.000,97.000,133.000
2019-09-16-13-11-12,000065,000381,2,83.000,129.000,92.000,132.000
2019-09-16-13-11-12,000066,000381,2,82.000,130.000,88.000,132.000
2019-09-16-13-11-12,000067,000381,2,73.000,128.000,85.000,133.000
2019-09-16-13-11-12,000068,000381,2,72.000,129.000,78.000,133.000
2019-09-16-13-11-12,000069,000381,2,64.000,131.000,69.000,134.000
2019-09-16-13-11-12,000070,000381,2,55.000,129.000,66.000,133.000
2019-09-16-13-11-12,000071,000381,2,50.000,130.000,59.000,132.000
2019-09-16-13-11-12,000072,000381,2,45.000,129.000,52.000,133.000
2019-09-16-13-11-12,000073,000381,2,39.000,130.000,49.000,133.000
2019-09-16-13-11-12,000074,000381,2,37.000,131.000,43.000,134.000
2019-09-16-13-11-12,000075,000381,2,29.000,129.000,37.000,134.000
2019-09-16-13-11-12,000076,000381,2,22.000,128.000,30.000,133.000
2019-09-16-13-11-12,000077,000381,2,20.000,128.000,25.000,136.000
2019-09-16-13-11-12,000078,000381,2,15.000,131.000,16.000,132.000
2019-09-16-13-11-12,000079,000381,2,10.000,130.000,12.000,131.000
2019-09-16-13-11-12,000135,000401,2,246.000,12.000,248.000,130.000
2019-09-16-13-11-12,000136,000401,2,242.000,16.000,249.000,250.000
2019-09-16-13-11-12,000137,000401,2,242.000,12.000,248.000,244.000
2019-09-16-13-11-12,000138,000401,2,238.000,12.000,249.000,250.000
2019-09-16-13-11-12,000139,000401,2,240.000,12.000,249.000,244.000
2019-09-16-13-11-12,000140,000401,2,237.000,12.000,249.000,244.000
2019-09-16-13-11-12,000141,000401,2,233.000,28.000,248.000,244.000
2019-09-16-13-11-12,000142,000401,2,236.000,28.000,247.000,244.000
2019-09-16-13-11-12,000143,000401,2,233.000,52.000,249.000,237.000
2019-09-16-13-11-12,000144,000401,2,233.000,12.000,248.000,206.000
2019-09-16-13-11-12,000145,000401,2,229.000,16.000,249.000,244.000
2019-09-16-13-11-12,000146,000401,2,229.000,16.000,249.000,250.000
2019-09-16-13-11-12,000147,000401,2,226.000,16.000,249.000,240.000
2019-09-16-13-11-12,000148,000401,2,207.000,30.000,247.000,244.000
2019-09-16-13-11-12,000149,000401,2,219.000,52.000,245.000,230.000
2019-09-16-13-11-12,000150,000401,2,196.000,30.000,242.000,195.000
2019-09-16-13-11-12,000151,000401,2,193.000,19.000,240.000,147.000
2019-09-16-13-11-12,000152,000401,2,217.000,16.000,238.000,237.000
2019-09-16-13-11-12,000153,000401,2,210.000,48.000,237.000,131.000
2019-09-16-13-11-12,000154,000401,2,209.000,54.000,237.000,128.000
2019-09-16-13-11-12,000155,000401,2,207.000,70.000,233.000,127.000
2019-09-16-13-11-12,000156,000401,2,203.000,57.000,228.000,135.000
2019-09-16-13-11-12,000157,000401,2,199.000,81.000,227.000,159.000
2019-09-16-13-11-12,000158,000401,2,197.000,54.000,223.000,136.000
2019-09-16-13-11-12,000159,000401,2,195.000,55.000,220.000,132.000
2019-09-16-13-11-12,000160,000401,2,189.000,74.000,215.000,164.000
2019-09-16-13-11-12,000161,000401,2,185.000,81.000,212.000,133.000
2019-09-16-13-11-12,000162,000401,2,183.000,79.000,209.000,135.000
2019-09-16-13-11-12,000163,000401,2,184.000,81.000,206.000,166.000
2019-09-16-13-11-12,000164,000401,2,179.000,115.000,201.000,132.000
2019-09-16-13-11-12,000165,000401,2,174.000,113.000,197.000,134.000
2019-09-16-13-11-12,000166,000401,2,171.000,114.000,194.000,133.000
2019-09-16-13-11-12,000167,000401,2,166.000,123.000,187.000,136.000
2019-09-16-13-11-12,000168,000401,2,162.000,119.000,186.000,131.000
2019-09-16-13-11-12,000169,000401,2,157.000,126.000,185.000,132.000
2019-09-16-13-11-12,000170,000401,2,155.000,128.000,175.000,132.000
2019-09-16-13-11-12,000171,000401,2,165.000,128.000,173.000,132.000
2019-09-16-13-11-12,000172,000401,2,157.000,129.000,170.000,131.000
2019-09-16-13-11-12,000173,000401,2,143.000,128.000,163.000,131.000
2019-09-16-13-11-12,000174,000401,2,139.000,128.000,161.000,133.000
2019-09-16-13-11-12,000175,000401,2,134.000,128.000,156.000,132.000
2019-09-16-13-11-12,000176,000401,2,142.000,128.000,149.000,131.000
2019-09-16-13-11-12,000177,000401,2,138.000,128.000,146.000,132.000
2019-09-16-13-11-12,000178,000401,2,120.000,124.000,141.000,131.000
2019-09-16-13-11-12,000179,000401,2,128.000,129.000,138.000,133.000
2019-09-16-13-11-12,000180,000401,2,110.000,129.000,131.000,135.000
2019-09-16-13-11-12,000181,000401,2,121.000,129.000,127.000,131.000
2019-09-16-13-11-12,000182,000401,2,100.000,129.000,123.000,131.000
2019-09-16-13-11-12,000183,000401,2,94.000,129.000,117.000,131.000
2019-09-16-13-11-12,000184,000401,2,89.000,130.000,114.000,133.000
2019-09-16-13-11-12,000185,000401,2,84.000,131.000,108.000,134.000
2019-09-16-13-11-12,000186,000401,2,82.000,129.000,102.000,131.000
2019-09-16-13-11-12,000187,000401,2,90.000,129.000,100.000,132.000
2019-09-16-13-11-12,000188,000401,2,85.000,130.000,93.000,131.000
2019-09-16-13-11-12,000189,000401,2,79.000,129.000,88.000,133.000
2019-09-16-13-11-12,000190,000401,2,75.000,130.000,84.000,133.000
2019-09-16-13-11-12,000191,000401,2,70.000,129.000,78.000,133.000
2019-09-16-13-11-12,000192,000401,2,66.000,128.000,73.000,132.000
2019-09-16-13-11-12,000193,000401,2,65.000,130.000,68.000,132.000
2019-09-16-13-11-12,000194,000401,2,59.000,131.000,64.000,132.000
2019-09-16-13-11-12,000195,000401,2,54.000,131.000,58.000,132.000
2019-09-16-13-11-12,000196,000401,2,46.000,130.000,55.000,133.000
2019-09-16-13-11-12,000197,000401,2,44.000,129.000,51.000,133.000
2019-09-16-13-11-12,000198,000401,2,39.000,131.000,46.000,134.000
2019-09-16-13-11-12,000199,000401,2,24.000,128.000,38.000,133.000
2019-09-16-13-11-12,000200,000401,2,24.000,128.000,35.000,134.000
2019-09-16-13-11-12,000201,000401,2,21.000,128.000,30.000,133.000
2019-09-16-13-11-12,000202,000401,2,20.000,128.000,23.000,133.000
2019-09-16-13-11-12,000203,000401,2,15.000,130.000,17.000,133.000
2019-09-16-13-11-12,000245,000416,2,246.000,47.000,247.000,130.000
2019-09-16-13-11-12,000246,000416,2,244.000,62.000,248.000,244.000
2019-09-16-13-11-12,000247,000416,2,243.000,12.000,249.000,244.000
2019-09-16-13-11-12,000248,000416,2,240.000,16.000,248.000,250.000
2019-09-16-13-11-12,000249,000416,2,240.000,12.000,249.000,250.000
2019-09-16-13-11-12,000250,000416,2,240.000,16.000,248.000,250.000
2019-09-16-13-11-12,000251,000416,2,236.000,12.000,248.000,250.000
2019-09-16-13-11-12,000252,000416,2,231.000,12.000,248.000,250.000
2019-09-16-13-11-12,000253,000416,2,235.000,16.000,248.000,250.000
2019-09-16-13-11-12,000254,000416,2,235.000,37.000,246.000,172.000
2019-09-16-13-11-12,000255,000416,2,234.000,43.000,246.000,234.000
2019-09-16-13-11-12,000256,000416,2,234.000,50.000,244.000,214.000
2019-09-16-13-11-12,000257,000416,2,230.000,26.000,249.000,250.000
2019-09-16-13-11-12,000258,000416,2,230.000,30.000,248.000,244.000
2019-09-16-13-11-12,000259,000416,2,230.000,16.000,249.000,234.000
2019-09-16-13-11-12,000260,000416,2,227.000,12.000,249.000,244.000
2019-09-16-13-11-12,000261,000416,2,226.000,19.000,247.000,250.000
2019-09-16-13-11-12,000262,000416,2,223.000,59.000,246.000,250.000
2019-09-16-13-11-12,000263,000416,2,220.000,43.000,244.000,240.000
2019-09-16-13-11-12,000264,000416,2,219.000,56.000,242.000,240.000
2019-09-16-13-11-12,000265,000416,2,216.000,12.000,240.000,133.000
2019-09-16-13-11-12,000266,000416,2,213.000,12.000,237.000,133.000
2019-09-16-13-11-12,000267,000416,2,213.000,39.000,237.000,159.000
2019-09-16-13-11-12,000268,000416,2,209.000,28.000,234.000,132.000
2019-09-16-13-11-12,000269,000416,2,205.000,56.000,233.000,131.000
2019-09-16-13-11-12,000270,000416,2,202.000,26.000,229.000,143.000
2019-09-16-13-11-12,000271,000416,2,200.000,35.000,227.000,211.000
2019-09-16-13-11-12,000272,000416,2,199.000,19.000,224.000,168.000
2019-09-16-13-11-12,000273,000416,2,197.000,82.000,222.000,134.000
2019-09-16-13-11-12,000274,000416,2,194.000,82.000,218.000,133.000
2019-09-16-13-11-12,000275,000416,2,191.000,81.000,214.000,175.000
2019-09-16-13-11-12,000276,000416,2,186.000,80.000,212.000,136.000
2019-09-16-13-11-12,000277,000416,2,185.000,81.000,207.000,170.000
2019-09-16-13-11-12,000278,000416,2,181.000,113.000,205.000,134.000
2019-09-16-13-11-12,000279,000416,2,190.000,81.000,202.000,134.000
2019-09-16-13-11-12,000280,000416,2,186.000,110.000,198.000,133.000
2019-09-16-13-11-12,000281,000416,2,183.000,107.000,195.000,133.000
2019-09-16-13-11-12,000282,000416,2,165.000,110.000,188.000,134.000
2019-09-16-13-11-12,000283,000416,2,166.000,121.000,189.000,131.000
2019-09-16-13-11-12,000284,000416,2,156.000,124.000,186.000,132.000
2019-09-16-13-11-12,000285,000416,2,156.000,126.000,183.000,133.000
2019-09-16-13-11-12,000286,000416,2,166.000,128.000,177.000,131.000
2019-09-16-13-11-12,000287,000416,2,154.000,107.000,173.000,133.000
2019-09-16-13-11-12,000288,000416,2,159.000,126.000,172.000,131.000
2019-09-16-13-11-12,000289,000416,2,147.000,125.000,165.000,132.000
2019-09-16-13-11-12,000290,000416,2,145.000,127.000,161.000,140.000
2019-09-16-13-11-12,000291,000416,2,150.000,122.000,161.000,130.000
2019-09-16-13-11-12,000292,000416,2,146.000,127.000,158.000,131.000
2019-09-16-13-11-12,000293,000416,2,144.000,128.000,152.000,131.000
2019-09-16-13-11-12,000294,000416,2,142.000,128.000,149.000,131.000
2019-09-16-13-11-12,000295,000416,2,125.000,128.000,146.000,134.000
2019-09-16-13-11-12,000296,000416,2,123.000,128.000,143.000,131.000
2019-09-16-13-11-12,000297,000416,2,132.000,128.000,139.000,131.000
2019-09-16-13-11-12,000298,000416,2,125.000,129.000,137.000,133.000
2019-09-16-13-11-12,000299,000416,2,110.000,128.000,130.000,133.000
2019-09-16-13-11-12,000300,000416,2,108.000,128.000,129.000,131.000
2019-09-16-13-11-12,000301,000416,2,117.000,129.000,127.000,131.000
2019-09-16-13-11-12,000302,000416,2,115.000,129.000,120.000,131.000
2019-09-16-13-11-12,000303,000416,2,94.000,128.000,121.000,134.000
2019-09-16-13-11-12,000304,000416,2,90.000,129.000,114.000,131.000
2019-09-16-13-11-12,000305,000416,2,86.000,124.000,110.000,132.000
2019-09-16-13-11-12,000306,000416,2,85.000,128.000,111.000,131.000
2019-09-16-13-11-12,000307,000416,2,93.000,128.000,103.000,131.000
2019-09-16-13-11-12,000308,000416,2,90.000,128.000,101.000,132.000
2019-09-16-13-11-12,000309,000416,2,88.000,129.000,97.000,132.000
2019-09-16-13-11-12,000310,000416,2,83.000,128.000,96.000,131.000
2019-09-16-13-11-12,000311,000416,2,81.000,129.000,88.000,132.000
2019-09-16-13-11-12,000312,000416,2,77.000,129.000,86.000,134.000
2019-09-16-13-11-12,000313,000416,2,58.000,128.000,81.000,133.000
2019-09-16-13-11-12,000314,000416,2,56.000,129.000,79.000,132.000
2019-09-16-13-11-12,000315,000416,2,67.000,128.000,77.000,132.000
2019-09-16-13-11-12,000316,000416,2,61.000,129.000,71.000,131.000
2019-09-16-13-11-12,000317,000416,2,58.000,128.000,66.000,131.000
2019-09-16-13-11-12,000318,000416,2,54.000,123.000,65.000,134.000
2019-09-16-13-11-12,000319,000416,2,53.000,129.000,63.000,133.000
2019-09-16-13-11-12,000320,000416,2,49.000,129.000,57.000,133.000
2019-09-16-13-11-12,000321,000416,2,44.000,129.000,55.000,132.000
2019-09-16-13-11-12,000322,000416,2,40.000,128.000,50.000,131.000
2019-09-16-13-11-12,000323,000416,2,26.000,129.000,45.000,131.000
2019-09-16-13-11-12,000324,000416,2,35.000,129.000,42.000,132.000
2019-09-16-13-11-12,000325,000416,2,21.000,130.000,38.000,132.000
2019-09-16-13-11-12,000326,000416,2,26.000,129.000,34.000,132.000
2019-09-16-13-11-12,000327,000416,2,22.000,129.000,33.000,134.000
2019-09-16-13-11-12,000328,000416,2,21.000,129.000,30.000,134.000
2019-09-16-13-11-12,000329,000416,2,19.000,129.000,23.000,131.000
2019-09-16-13-11-12,000330,000416,2,16.000,130.000,18.000,132.000
2019-09-16-13-11-12,000331,000416,2,13.000,130.000,15.000,131.000
2019-09-16-13-14-29,000070,000526,2,141.000,57.000,145.000,60.000
2019-09-16-13-14-29,000071,000526,2,147.000,57.000,149.000,59.000
2019-09-16-13-14-29,000072,000526,2,150.000,57.000,153.000,63.000
2019-09-16-13-14-29,000073,000526,2,153.000,55.000,157.000,60.000
2019-09-16-13-14-29,000074,000526,2,158.000,59.000,160.000,67.000
2019-09-16-13-14-29,000075,000526,2,159.000,61.000,163.000,64.000
2019-09-16-13-14-29,000076,000526,2,165.000,66.000,169.000,74.000
2019-09-16-13-14-29,000077,000526,2,168.000,76.000,170.000,85.000
2019-09-16-13-14-29,000078,000526,2,169.000,78.000,175.000,84.000
2019-09-16-13-14-29,000079,000526,2,174.000,81.000,180.000,86.000
2019-09-16-13-14-29,000080,000526,2,171.000,82.000,182.000,87.000
2019-09-16-13-14-29,000081,000526,2,168.000,71.000,186.000,96.000
2019-09-16-13-14-29,000082,000526,2,170.000,81.000,187.000,108.000
2019-09-16-13-14-29,000083,000526,2,176.000,83.000,190.000,108.000
2019-09-16-13-14-29,000084,000526,2,175.000,83.000,192.000,110.000
2019-09-16-13-14-29,000085,000526,2,179.000,83.000,196.000,109.000
2019-09-16-13-14-29,000086,000526,2,180.000,80.000,196.000,111.000
2019-09-16-13-14-29,000087,000526,2,182.000,74.000,199.000,140.000
2019-09-16-13-14-29,000088,000526,2,184.000,103.000,199.000,131.000
2019-09-16-13-14-29,000089,000526,2,186.000,103.000,200.000,133.000
2019-09-16-13-14-29,000090,000526,2,185.000,105.000,200.000,153.000
2019-09-16-13-14-29,000091,000526,2,186.000,99.000,201.000,153.000
2019-09-16-13-14-29,000092,000526,2,188.000,104.000,202.000,154.000
2019-09-16-13-14-29,000093,000526,2,188.000,102.000,202.000,153.000
2019-09-16-13-14-29,000094,000526,2,187.000,101.000,202.000,201.000
2019-09-16-13-14-29,000095,000526,2,184.000,128.000,201.000,177.000
2019-09-16-13-14-29,000096,000526,2,185.000,142.000,201.000,174.000
2019-09-16-13-14-29,000097,000526,2,185.000,123.000,197.000,178.000
2019-09-16-13-14-29,000098,000526,2,183.000,122.000,197.000,177.000
2019-09-16-13-14-29,000099,000526,2,157.000,142.000,198.000,208.000
2019-09-16-13-14-29,000100,000526,2,181.000,169.000,194.000,175.000
2019-09-16-13-14-29,000101,000526,2,179.000,169.000,191.000,191.000
2019-09-16-13-14-29,000102,000526,2,177.000,170.000,189.000,198.000
2019-09-16-13-14-29,000103,000526,2,175.000,149.000,187.000,203.000
2019-09-16-13-14-29,000104,000526,2,156.000,184.000,182.000,206.000
2019-09-16-13-14-29,000105,000526,2,173.000,197.000,180.000,201.000
2019-09-16-13-14-29,000106,000526,2,169.000,197.000,175.000,199.000
2019-09-16-13-14-29,000107,000526,2,172.000,200.000,173.000,201.000
2019-09-16-13-14-29,000108,000526,2,167.000,199.000,170.000,203.000
2019-09-16-13-14-29,000109,000526,2,165.000,206.000,167.000,208.000
2019-09-16-13-14-29,000110,000526,2,162.000,207.000,164.000,209.000
2019-09-16-13-14-29,000183,000545,2,151.000,59.000,153.000,62.000
2019-09-16-13-14-29,000184,000545,2,154.000,60.000,157.000,62.000
2019-09-16-13-14-29,000185,000545,2,154.000,59.000,160.000,62.000
2019-09-16-13-14-29,000186,000545,2,156.000,60.000,163.000,63.000
2019-09-16-13-14-29,000187,000545,2,158.000,58.000,163.000,78.000
2019-09-16-13-14-29,000188,000545,2,160.000,59.000,165.000,62.000
2019-09-16-13-14-29,000189,000545,2,165.000,61.000,168.000,73.000
2019-09-16-13-14-29,000190,000545,2,152.000,58.000,170.000,74.000
2019-09-16-13-14-29,000191,000545,2,171.000,80.000,172.000,82.000
2019-09-16-13-14-29,000192,000545,2,169.000,80.000,172.000,88.000
2019-09-16-13-14-29,000193,000545,2,170.000,78.000,176.000,85.000
2019-09-16-13-14-29,000194,000545,2,169.000,56.000,179.000,87.000
2019-09-16-13-14-29,000195,000545,2,172.000,83.000,181.000,88.000
2019-09-16-13-14-29,000196,000545,2,176.000,84.000,182.000,88.000
2019-09-16-13-14-29,000197,000545,2,170.000,67.000,183.000,90.000
2019-09-16-13-14-29,000198,000545,2,173.000,74.000,186.000,90.000
2019-09-16-13-14-29,000199,000545,2,171.000,58.000,189.000,90.000
2019-09-16-13-14-29,000200,000545,2,170.000,84.000,190.000,109.000
2019-09-16-13-14-29,000201,000545,2,175.000,82.000,193.000,111.000
2019-09-16-13-14-29,000202,000545,2,174.000,82.000,193.000,113.000
2019-09-16-13-14-29,000203,000545,2,179.000,53.000,193.000,108.000
2019-09-16-13-14-29,000204,000545,2,178.000,80.000,195.000,114.000
2019-09-16-13-14-29,000205,000545,2,177.000,50.000,195.000,113.000
2019-09-16-13-14-29,000206,000545,2,180.000,81.000,197.000,131.000
2019-09-16-13-14-29,000207,000545,2,179.000,60.000,198.000,131.000
2019-09-16-13-14-29,000208,000545,2,181.000,90.000,199.000,140.000
2019-09-16-13-14-29,000209,000545,2,182.000,55.000,198.000,131.000
2019-09-16-13-14-29,000210,000545,2,183.000,85.000,199.000,133.000
2019-09-16-13-14-29,000211,000545,2,182.000,103.000,200.000,132.000
2019-09-16-13-14-29,000212,000545,2,182.000,78.000,202.000,133.000
2019-09-16-13-14-29,000213,000545,2,182.000,103.000,200.000,140.000
2019-09-16-13-14-29,000214,000545,2,178.000,105.000,200.000,149.000
2019-09-16-13-14-29,000215,000545,2,187.000,103.000,200.000,155.000
2019-09-16-13-14-29,000216,000545,2,185.000,79.000,201.000,156.000
2019-09-16-13-14-29,000217,000545,2,185.000,105.000,202.000,182.000
2019-09-16-13-14-29,000218,000545,2,185.000,124.000,201.000,154.000
2019-09-16-13-14-29,000219,000545,2,177.000,101.000,201.000,157.000
2019-09-16-13-14-29,000220,000545,2,183.000,107.000,199.000,199.000
2019-09-16-13-14-29,000221,000545,2,177.000,122.000,200.000,172.000
2019-09-16-13-14-29,000222,000545,2,182.000,121.000,201.000,175.000
2019-09-16-13-14-29,000223,000545,2,181.000,125.000,200.000,208.000
2019-09-16-13-14-29,000224,000545,2,181.000,131.000,200.000,176.000
2019-09-16-13-14-29,000225,000545,2,181.000,144.000,199.000,182.000
2019-09-16-13-14-29,000226,000545,2,181.000,144.000,199.000,178.000
2019-09-16-13-14-29,000227,000545,2,179.000,145.000,196.000,177.000
2019-09-16-13-14-29,000228,000545,2,176.000,143.000,196.000,202.000
2019-09-16-13-14-29,000229,000545,2,176.000,155.000,195.000,176.000
2019-09-16-13-14-29,000230,000545,2,157.000,166.000,196.000,204.000
2019-09-16-13-14-29,000231,000545,2,180.000,168.000,192.000,175.000
2019-09-16-13-14-29,000232,000545,2,178.000,169.000,193.000,202.000
2019-09-16-13-14-29,000233,000545,2,156.000,142.000,189.000,199.000
2019-09-16-13-14-29,000234,000545,2,157.000,169.000,186.000,204.000
2019-09-16-13-14-29,000235,000545,2,178.000,168.000,187.000,200.000
2019-09-16-13-14-29,000236,000545,2,173.000,173.000,185.000,201.000
2019-09-16-13-14-29,000237,000545,2,178.000,193.000,184.000,199.000
2019-09-16-13-14-29,000238,000545,2,171.000,175.000,180.000,199.000
2019-09-16-13-14-29,000239,000545,2,171.000,176.000,180.000,202.000
2019-09-16-13-14-29,000240,000545,2,168.000,194.000,177.000,201.000
2019-09-16-13-14-29,000241,000545,2,156.000,189.000,176.000,207.000
2019-09-16-13-14-29,000242,000545,2,157.000,191.000,173.000,200.000
2019-09-16-13-14-29,000243,000545,2,163.000,196.000,172.000,199.000
2019-09-16-13-14-29,000244,000545,2,160.000,196.000,169.000,199.000
2019-09-16-13-14-29,000245,000545,2,159.000,197.000,167.000,200.000
2019-09-16-13-14-29,000246,000545,2,157.000,200.000,161.000,201.000
2019-09-16-13-14-29,000247,000545,2,156.000,190.000,162.000,202.000
2019-09-16-13-14-29,000248,000545,2,156.000,189.000,160.000,207.000
2019-09-16-13-14-29,000249,000545,2,154.000,193.000,159.000,204.000
2019-09-16-13-14-29,000310,000594,2,145.000,57.000,148.000,60.000
2019-09-16-13-14-29,000311,000594,2,147.000,60.000,148.000,61.000
2019-09-16-13-14-29,000312,000594,2,148.000,59.000,151.000,61.000
2019-09-16-13-14-29,000313,000594,2,149.000,59.000,152.000,61.000
2019-09-16-13-14-29,000314,000594,2,151.000,59.000,156.000,62.000
2019-09-16-13-14-29,000315,000594,2,152.000,59.000,157.000,62.000
2019-09-16-13-14-29,000316,000594,2,153.000,58.000,159.000,62.000
2019-09-16-13-14-29,000317,000594,2,159.000,59.000,161.000,61.000
2019-09-16-13-14-29,000318,000594,2,156.000,56.000,162.000,63.000
2019-09-16-13-14-29,000319,000594,2,159.000,59.000,163.000,62.000
2019-09-16-13-14-29,000320,000594,2,161.000,60.000,162.000,62.000
2019-09-16-13-14-29,000321,000594,2,160.000,57.000,166.000,62.000
2019-09-16-13-14-29,000322,000594,2,164.000,60.000,167.000,67.000
2019-09-16-13-14-29,000323,000594,2,153.000,57.000,167.000,70.000
2019-09-16-13-14-29,000324,000594,2,156.000,59.000,169.000,75.000
2019-09-16-13-14-29,000325,000594,2,156.000,61.000,172.000,74.000
2019-09-16-13-14-29,000326,000594,2,155.000,59.000,173.000,83.000
2019-09-16-13-14-29,000327,000594,2,169.000,81.000,175.000,87.000
2019-09-16-13-14-29,000328,000594,2,170.000,78.000,175.000,87.000
2019-09-16-13-14-29,000329,000594,2,171.000,79.000,178.000,87.000
2019-09-16-13-14-29,000330,000594,2,163.000,59.000,180.000,87.000
2019-09-16-13-14-29,000331,000594,2,174.000,82.000,181.000,88.000
2019-09-16-13-14-29,000332,000594,2,175.000,79.000,182.000,90.000
2019-09-16-13-14-29,000333,000594,2,176.000,83.000,184.000,88.000
2019-09-16-13-14-29,000334,000594,2,175.000,85.000,185.000,90.000
2019-09-16-13-14-29,000335,000594,2,176.000,83.000,184.000,88.000
2019-09-16-13-14-29,000336,000594,2,169.000,65.000,187.000,92.000
2019-09-16-13-14-29,000337,000594,2,175.000,84.000,189.000,91.000
2019-09-16-13-14-29,000338,000594,2,175.000,84.000,189.000,90.000
2019-09-16-13-14-29,000339,000594,2,174.000,58.000,189.000,113.000
2019-09-16-13-14-29,000340,000594,2,175.000,83.000,192.000,106.000
2019-09-16-13-14-29,000341,000594,2,173.000,82.000,192.000,133.000
2019-09-16-13-14-29,000342,000594,2,176.000,56.000,192.000,109.000
2019-09-16-13-14-29,000343,000594,2,178.000,47.000,195.000,111.000
2019-09-16-13-14-29,000344,000594,2,181.000,49.000,194.000,111.000
2019-09-16-13-14-29,000345,000594,2,181.000,83.000,195.000,112.000
2019-09-16-13-14-29,000346,000594,2,183.000,105.000,197.000,113.000
2019-09-16-13-14-29,000347,000594,2,181.000,49.000,198.000,115.000
2019-09-16-13-14-29,000348,000594,2,179.000,55.000,198.000,122.000
2019-09-16-13-14-29,000349,000594,2,179.000,32.000,199.000,131.000
2019-09-16-13-14-29,000350,000594,2,181.000,35.000,198.000,131.000
2019-09-16-13-14-29,000351,000594,2,181.000,41.000,199.000,133.000
2019-09-16-13-14-29,000352,000594,2,182.000,96.000,200.000,133.000
2019-09-16-13-14-29,000353,000594,2,182.000,80.000,201.000,161.000
2019-09-16-13-14-29,000354,000594,2,183.000,81.000,202.000,137.000
2019-09-16-13-14-29,000355,000594,2,183.000,59.000,202.000,132.000
2019-09-16-13-14-29,000356,000594,2,184.000,105.000,201.000,136.000
2019-09-16-13-14-29,000357,000594,2,183.000,103.000,202.000,133.000
2019-09-16-13-14-29,000358,000594,2,186.000,84.000,203.000,132.000
2019-09-16-13-14-29,000359,000594,2,184.000,101.000,201.000,153.000
2019-09-16-13-14-29,000360,000594,2,187.000,82.000,203.000,153.000
2019-09-16-13-14-29,000361,000594,2,189.000,79.000,201.000,182.000
2019-09-16-13-14-29,000362,000594,2,189.000,103.000,203.000,153.000
2019-09-16-13-14-29,000363,000594,2,188.000,81.000,203.000,151.000
2019-09-16-13-14-29,000364,000594,2,189.000,126.000,204.000,151.000
2019-09-16-13-14-29,000365,000594,2,188.000,113.000,203.000,153.000
2019-09-16-13-14-29,000366,000594,2,188.000,65.000,203.000,175.000
2019-09-16-13-14-29,000367,000594,2,187.000,126.000,202.000,172.000
2019-09-16-13-14-29,000368,000594,2,188.000,106.000,203.000,173.000
2019-09-16-13-14-29,000369,000594,2,185.000,125.000,202.000,176.000
2019-09-16-13-14-29,000370,000594,2,187.000,106.000,201.000,203.000
2019-09-16-13-14-29,000371,000594,2,185.000,123.000,202.000,207.000
2019-09-16-13-14-29,000372,000594,2,184.000,127.000,203.000,199.000
2019-09-16-13-14-29,000373,000594,2,185.000,145.000,202.000,175.000
2019-09-16-13-14-29,000374,000594,2,185.000,147.000,201.000,175.000
2019-09-16-13-14-29,000375,000594,2,188.000,146.000,202.000,178.000
2019-09-16-13-14-29,000376,000594,2,185.000,119.000,200.000,176.000
2019-09-16-13-14-29,000377,000594,2,180.000,115.000,200.000,184.000
2019-09-16-13-14-29,000378,000594,2,184.000,147.000,199.000,177.000
2019-09-16-13-14-29,000379,000594,2,183.000,124.000,197.000,177.000
2019-09-16-13-14-29,000380,000594,2,181.000,144.000,197.000,198.000
2019-09-16-13-14-29,000381,000594,2,177.000,166.000,197.000,178.000
2019-09-16-13-14-29,000382,000594,2,183.000,166.000,197.000,180.000
2019-09-16-13-14-29,000383,000594,2,181.000,169.000,195.000,175.000
2019-09-16-13-14-29,000384,000594,2,179.000,168.000,195.000,178.000
2019-09-16-13-14-29,000385,000594,2,180.000,147.000,195.000,203.000
2019-09-16-13-14-29,000386,000594,2,177.000,170.000,194.000,208.000
2019-09-16-13-14-29,000387,000594,2,178.000,154.000,192.000,200.000
2019-09-16-13-14-29,000388,000594,2,180.000,170.000,190.000,179.000
2019-09-16-13-14-29,000389,000594,2,177.000,145.000,189.000,203.000
2019-09-16-13-14-29,000390,000594,2,177.000,141.000,189.000,206.000
2019-09-16-13-14-29,000391,000594,2,174.000,172.000,186.000,200.000
2019-09-16-13-14-29,000392,000594,2,174.000,166.000,185.000,203.000
2019-09-16-13-14-29,000393,000594,2,173.000,177.000,187.000,198.000
2019-09-16-13-14-29,000394,000594,2,175.000,191.000,183.000,198.000
2019-09-16-13-14-29,000395,000594,2,174.000,192.000,183.000,201.000
2019-09-16-13-14-29,000396,000594,2,172.000,195.000,180.000,201.000
2019-09-16-13-14-29,000397,000594,2,174.000,193.000,179.000,200.000
2019-09-16-13-14-29,000398,000594,2,172.000,196.000,178.000,203.000
2019-09-16-13-14-29,000399,000594,2,168.000,195.000,176.000,202.000
2019-09-16-13-14-29,000400,000594,2,167.000,195.000,172.000,200.000
2019-09-16-13-14-29,000401,000594,2,167.000,198.000,174.000,201.000
2019-09-16-13-14-29,000402,000594,2,164.000,199.000,172.000,202.000
2019-09-16-13-14-29,000403,000594,2,168.000,198.000,171.000,204.000
2019-09-16-13-14-29,000404,000594,2,156.000,189.000,169.000,202.000
2019-09-16-13-14-29,000405,000594,2,165.000,197.000,169.000,200.000
2019-09-16-13-14-29,000406,000594,2,163.000,198.000,166.000,201.000
2019-09-16-13-14-29,000407,000594,2,163.000,197.000,165.000,201.000
2019-09-16-13-14-29,000408,000594,2,161.000,200.000,164.000,204.000
2019-09-16-13-14-29,000409,000594,2,160.000,202.000,161.000,204.000
2019-09-16-13-18-33,000038,000652,2,243.000,24.000,247.000,250.000
2019-09-16-13-18-33,000039,000652,2,242.000,26.000,248.000,244.000
2019-09-16-13-18-33,000040,000652,2,241.000,12.000,248.000,250.000
2019-09-16-13-18-33,000041,000652,2,239.000,19.000,249.000,226.000
2019-09-16-13-18-33,000042,000652,2,239.000,24.000,249.000,250.000
2019-09-16-13-18-33,000043,000652,2,234.000,16.000,249.000,244.000
2019-09-16-13-18-33,000044,000652,2,236.000,12.000,249.000,240.000
2019-09-16-13-18-33,000045,000652,2,217.000,28.000,247.000,200.000
2019-09-16-13-18-33,000046,000652,2,234.000,53.000,247.000,107.000
2019-09-16-13-18-33,000047,000652,2,233.000,45.000,247.000,237.000
2019-09-16-13-18-33,000048,000652,2,230.000,39.000,249.000,150.000
2019-09-16-13-18-33,000049,000652,2,231.000,71.000,243.000,143.000
2019-09-16-13-18-33,000050,000652,2,227.000,12.000,248.000,133.000
2019-09-16-13-18-33,000051,000652,2,231.000,32.000,249.000,250.000
2019-09-16-13-18-33,000052,000652,2,229.000,33.000,249.000,232.000
2019-09-16-13-18-33,000053,000652,2,211.000,35.000,249.000,228.000
2019-09-16-13-18-33,000054,000652,2,227.000,39.000,249.000,130.000
2019-09-16-13-18-33,000055,000652,2,225.000,49.000,249.000,230.000
2019-09-16-13-18-33,000056,000652,2,222.000,38.000,248.000,237.000
2019-09-16-13-18-33,000057,000652,2,221.000,52.000,247.000,144.000
2019-09-16-13-18-33,000058,000652,2,220.000,64.000,247.000,194.000
2019-09-16-13-18-33,000059,000652,2,203.000,74.000,245.000,136.000
2019-09-16-13-18-33,000060,000652,2,209.000,30.000,243.000,140.000
2019-09-16-13-18-33,000061,000652,2,206.000,79.000,242.000,142.000
2019-09-16-13-18-33,000062,000652,2,200.000,87.000,241.000,142.000
2019-09-16-13-18-33,000063,000652,2,197.000,69.000,239.000,215.000
2019-09-16-13-18-33,000064,000652,2,212.000,83.000,238.000,171.000
2019-09-16-13-18-33,000065,000652,2,198.000,94.000,238.000,145.000
2019-09-16-13-18-33,000066,000652,2,210.000,82.000,237.000,150.000
2019-09-16-13-18-33,000067,000652,2,205.000,107.000,235.000,147.000
2019-09-16-13-18-33,000068,000652,2,202.000,107.000,234.000,151.000
2019-09-16-13-18-33,000069,000652,2,206.000,110.000,233.000,150.000
2019-09-16-13-18-33,000070,000652,2,194.000,116.000,231.000,151.000
2019-09-16-13-18-33,000071,000652,2,196.000,118.000,229.000,151.000
2019-09-16-13-18-33,000072,000652,2,189.000,118.000,227.000,147.000
2019-09-16-13-18-33,000073,000652,2,189.000,120.000,225.000,149.000
2019-09-16-13-18-33,000074,000652,2,198.000,116.000,223.000,148.000
2019-09-16-13-18-33,000075,000652,2,180.000,126.000,222.000,148.000
2019-09-16-13-18-33,000076,000652,2,194.000,122.000,220.000,148.000
2019-09-16-13-18-33,000077,000652,2,192.000,122.000,218.000,153.000
2019-09-16-13-18-33,000078,000652,2,195.000,124.000,217.000,149.000
2019-09-16-13-18-33,000079,000652,2,192.000,128.000,214.000,149.000
2019-09-16-13-18-33,000080,000652,2,190.000,127.000,213.000,149.000
2019-09-16-13-18-33,000081,000652,2,187.000,129.000,211.000,147.000
2019-09-16-13-18-33,000082,000652,2,184.000,99.000,209.000,151.000
2019-09-16-13-18-33,000083,000652,2,185.000,127.000,207.000,149.000
2019-09-16-13-18-33,000084,000652,2,183.000,125.000,205.000,151.000
2019-09-16-13-18-33,000085,000652,2,177.000,127.000,203.000,153.000
2019-09-16-13-18-33,000086,000652,2,172.000,135.000,201.000,146.000
2019-09-16-13-18-33,000087,000652,2,173.000,137.000,199.000,145.000
2019-09-16-13-18-33,000088,000652,2,171.000,128.000,198.000,145.000
2019-09-16-13-18-33,000089,000652,2,169.000,134.000,196.000,149.000
2019-09-16-13-18-33,000090,000652,2,169.000,134.000,193.000,147.000
2019-09-16-13-18-33,000090,000660,2,246.000,35.000,248.000,55.000
2019-09-16-13-18-33,000091,000652,2,166.000,136.000,193.000,146.000
2019-09-16-13-18-33,000091,000660,2,243.000,12.000,248.000,240.000
2019-09-16-13-18-33,000092,000652,2,184.000,136.000,191.000,145.000
2019-09-16-13-18-33,000092,000660,2,238.000,12.000,247.000,244.000
2019-09-16-13-18-33,000093,000652,2,162.000,123.000,189.000,153.000
2019-09-16-13-18-33,000093,000660,2,232.000,24.000,246.000,250.000
2019-09-16-13-18-33,000094,000652,2,160.000,136.000,187.000,147.000
2019-09-16-13-18-33,000094,000660,2,227.000,47.000,242.000,140.000
2019-09-16-13-18-33,000095,000652,2,157.000,132.000,185.000,150.000
2019-09-16-13-18-33,000095,000660,2,230.000,65.000,243.000,101.000
2019-09-16-13-18-33,000096,000652,2,158.000,132.000,183.000,147.000
2019-09-16-13-18-33,000096,000660,2,227.000,16.000,246.000,173.000
2019-09-16-13-18-33,000097,000652,2,157.000,125.000,182.000,153.000
2019-09-16-13-18-33,000097,000660,2,222.000,45.000,245.000,113.000
2019-09-16-13-18-33,000098,000652,2,154.000,136.000,180.000,145.000
2019-09-16-13-18-33,000098,000660,2,220.000,58.000,241.000,116.000
2019-09-16-13-18-33,000099,000652,2,153.000,138.000,177.000,156.000
2019-09-16-13-18-33,000099,000660,2,216.000,72.000,239.000,119.000
2019-09-16-13-18-33,000100,000652,2,151.000,105.000,176.000,151.000
2019-09-16-13-18-33,000100,000660,2,213.000,46.000,236.000,122.000
2019-09-16-13-18-33,000101,000652,2,150.000,121.000,175.000,147.000
2019-09-16-13-18-33,000101,000660,2,208.000,53.000,232.000,121.000
2019-09-16-13-18-33,000102,000652,2,148.000,133.000,172.000,149.000
2019-09-16-13-18-33,000102,000660,2,204.000,95.000,228.000,124.000
2019-09-16-13-18-33,000103,000652,2,147.000,107.000,171.000,143.000
2019-09-16-13-18-33,000103,000660,2,202.000,91.000,224.000,122.000
2019-09-16-13-18-33,000104,000652,2,148.000,127.000,169.000,151.000
2019-09-16-13-18-33,000104,000660,2,199.000,91.000,220.000,123.000
2019-09-16-13-18-33,000105,000652,2,146.000,136.000,167.000,146.000
2019-09-16-13-18-33,000105,000660,2,194.000,99.000,216.000,127.000
2019-09-16-13-18-33,000106,000652,2,146.000,134.000,165.000,150.000
2019-09-16-13-18-33,000106,000660,2,191.000,104.000,211.000,131.000
2019-09-16-13-18-33,000107,000652,2,145.000,138.000,163.000,143.000
2019-09-16-13-18-33,000107,000660,2,187.000,97.000,207.000,128.000
2019-09-16-13-18-33,000108,000652,2,152.000,135.000,161.000,148.000
2019-09-16-13-18-33,000108,000660,2,184.000,109.000,203.000,125.000
2019-09-16-13-18-33,000109,000652,2,142.000,134.000,159.000,144.000
2019-09-16-13-18-33,000109,000660,2,181.000,113.000,199.000,123.000
2019-09-16-13-18-33,000110,000652,2,141.000,131.000,158.000,150.000
2019-09-16-13-18-33,000110,000660,2,174.000,113.000,196.000,128.000
2019-09-16-13-18-33,000111,000652,2,138.000,133.000,155.000,147.000
2019-09-16-13-18-33,000111,000660,2,173.000,115.000,191.000,126.000
2019-09-16-13-18-33,000112,000652,2,147.000,136.000,154.000,147.000
2019-09-16-13-18-33,000112,000660,2,166.000,114.000,187.000,127.000
2019-09-16-13-18-33,000113,000652,2,144.000,134.000,152.000,142.000
2019-09-16-13-18-33,000113,000660,2,164.000,119.000,183.000,127.000
2019-09-16-13-18-33,000114,000652,2,132.000,135.000,151.000,150.000
2019-09-16-13-18-33,000114,000660,2,167.000,120.000,178.000,126.000
2019-09-16-13-18-33,000115,000652,2,130.000,138.000,150.000,144.000
2019-09-16-13-18-33,000115,000660,2,168.000,120.000,175.000,127.000
2019-09-16-13-18-33,000116,000652,2,128.000,123.000,147.000,142.000
2019-09-16-13-18-33,000116,000660,2,154.000,121.000,170.000,128.000
2019-09-16-13-18-33,000117,000652,2,123.000,136.000,146.000,147.000
2019-09-16-13-18-33,000117,000660,2,158.000,123.000,166.000,127.000
2019-09-16-13-18-33,000118,000652,2,123.000,134.000,143.000,142.000
2019-09-16-13-18-33,000118,000660,2,153.000,121.000,162.000,128.000
2019-09-16-13-18-33,000119,000652,2,134.000,137.000,142.000,143.000
2019-09-16-13-18-33,000119,000660,2,149.000,122.000,157.000,131.000
2019-09-16-13-18-33,000120,000652,2,122.000,137.000,140.000,142.000
2019-09-16-13-18-33,000120,000660,2,146.000,124.000,153.000,128.000
2019-09-16-13-18-33,000121,000652,2,133.000,138.000,138.000,140.000
2019-09-16-13-18-33,000121,000660,2,142.000,124.000,149.000,128.000
2019-09-16-13-18-33,000122,000652,2,133.000,136.000,136.000,140.000
2019-09-16-13-18-33,000122,000660,2,138.000,123.000,144.000,128.000
2019-09-16-13-18-33,000123,000652,2,116.000,123.000,134.000,149.000
2019-09-16-13-18-33,000123,000660,2,136.000,126.000,139.000,128.000
2019-09-16-13-18-33,000124,000652,2,111.000,137.000,133.000,140.000
2019-09-16-13-18-33,000124,000660,2,128.000,125.000,134.000,128.000
2019-09-16-13-18-33,000125,000652,2,126.000,136.000,131.000,141.000
2019-09-16-13-18-33,000125,000660,2,123.000,123.000,130.000,129.000
2019-09-16-13-18-33,000126,000652,2,122.000,132.000,130.000,142.000
2019-09-16-13-18-33,000126,000660,2,111.000,127.000,126.000,129.000
2019-09-16-13-18-33,000127,000652,2,111.000,137.000,128.000,142.000
2019-09-16-13-18-33,000127,000660,2,114.000,127.000,121.000,129.000
2019-09-16-13-18-33,000128,000652,2,103.000,133.000,126.000,142.000
2019-09-16-13-18-33,000128,000660,2,110.000,126.000,116.000,136.000
2019-09-16-13-18-33,000129,000652,2,119.000,137.000,125.000,147.000
2019-09-16-13-18-33,000129,000660,2,106.000,127.000,112.000,131.000
2019-09-16-13-18-33,000130,000652,2,118.000,136.000,123.000,145.000
2019-09-16-13-18-33,000130,000660,2,101.000,126.000,107.000,129.000
2019-09-16-13-18-33,000131,000652,2,116.000,138.000,120.000,142.000
2019-09-16-13-18-33,000131,000660,2,96.000,127.000,103.000,129.000
2019-09-16-13-18-33,000132,000652,2,97.000,139.000,119.000,144.000
2019-09-16-13-18-33,000132,000660,2,91.000,128.000,98.000,130.000
2019-09-16-13-18-33,000133,000652,2,110.000,137.000,117.000,142.000
2019-09-16-13-18-33,000133,000660,2,86.000,128.000,93.000,129.000
2019-09-16-13-18-33,000134,000652,2,106.000,131.000,116.000,143.000
2019-09-16-13-18-33,000134,000660,2,80.000,128.000,88.000,130.000
2019-09-16-13-18-33,000135,000652,2,109.000,136.000,114.000,140.000
2019-09-16-13-18-33,000135,000660,2,76.000,128.000,84.000,131.000
2019-09-16-13-18-33,000136,000652,2,104.000,137.000,111.000,145.000
2019-09-16-13-18-33,000136,000660,2,71.000,128.000,79.000,131.000
2019-09-16-13-18-33,000137,000652,2,103.000,139.000,110.000,145.000
2019-09-16-13-18-33,000137,000660,2,67.000,127.000,74.000,131.000
2019-09-16-13-18-33,000138,000652,2,101.000,138.000,109.000,147.000
2019-09-16-13-18-33,000138,000660,2,54.000,128.000,70.000,131.000
2019-09-16-13-18-33,000139,000652,2,104.000,138.000,107.000,140.000
2019-09-16-13-18-33,000139,000660,2,57.000,128.000,65.000,132.000
2019-09-16-13-18-33,000140,000652,2,98.000,128.000,104.000,147.000
2019-09-16-13-18-33,000140,000660,2,52.000,128.000,60.000,132.000
2019-09-16-13-18-33,000141,000652,2,96.000,136.000,103.000,140.000
2019-09-16-13-18-33,000141,000660,2,49.000,129.000,54.000,131.000
2019-09-16-13-18-33,000142,000652,2,93.000,134.000,101.000,142.000
2019-09-16-13-18-33,000142,000660,2,42.000,127.000,50.000,131.000
2019-09-16-13-18-33,000143,000652,2,91.000,136.000,99.000,139.000
2019-09-16-13-18-33,000143,000660,2,39.000,127.000,45.000,131.000
2019-09-16-13-18-33,000144,000652,2,90.000,136.000,97.000,141.000
2019-09-16-13-18-33,000144,000660,2,33.000,128.000,40.000,132.000
2019-09-16-13-18-33,000145,000652,2,87.000,138.000,96.000,145.000
2019-09-16-13-18-33,000145,000660,2,28.000,128.000,34.000,133.000
2019-09-16-13-18-33,000146,000652,2,87.000,138.000,93.000,142.000
2019-09-16-13-18-33,000146,000660,2,22.000,128.000,30.000,133.000
2019-09-16-13-18-33,000147,000652,2,71.000,136.000,90.000,140.000
2019-09-16-13-18-33,000147,000660,2,22.000,128.000,25.000,133.000
2019-09-16-13-18-33,000148,000652,2,83.000,137.000,90.000,141.000
2019-09-16-13-18-33,000148,000660,2,18.000,130.000,21.000,131.000
2019-09-16-13-18-33,000149,000652,2,80.000,137.000,87.000,138.000
2019-09-16-13-18-33,000149,000660,2,13.000,130.000,15.000,132.000
2019-09-16-13-18-33,000150,000652,2,78.000,136.000,85.000,140.000
2019-09-16-13-18-33,000150,000660,2,20.000,123.000,22.000,125.000
2019-09-16-13-18-33,000151,000652,2,66.000,135.000,83.000,137.000
2019-09-16-13-18-33,000152,000652,2,74.000,136.000,81.000,139.000
2019-09-16-13-18-33,000153,000652,2,60.000,134.000,80.000,138.000
2019-09-16-13-18-33,000154,000652,2,58.000,136.000,77.000,142.000
2019-09-16-13-18-33,000155,000652,2,59.000,136.000,76.000,141.000
2019-09-16-13-18-33,000156,000652,2,55.000,136.000,74.000,142.000
2019-09-16-13-18-33,000157,000652,2,67.000,136.000,72.000,143.000
2019-09-16-13-18-33,000158,000652,2,63.000,134.000,70.000,139.000
2019-09-16-13-18-33,000159,000652,2,62.000,136.000,69.000,140.000
2019-09-16-13-18-33,000160,000652,2,61.000,136.000,67.000,139.000
2019-09-16-13-18-33,000161,000652,2,46.000,134.000,65.000,140.000
2019-09-16-13-18-33,000162,000652,2,57.000,136.000,62.000,138.000
2019-09-16-13-18-33,000163,000652,2,56.000,134.000,61.000,138.000
2019-09-16-13-18-33,000164,000652,2,53.000,134.000,60.000,139.000
2019-09-16-13-18-33,000165,000652,2,53.000,136.000,57.000,138.000
2019-09-16-13-18-33,000166,000652,2,48.000,137.000,55.000,140.000
2019-09-16-13-18-33,000167,000652,2,47.000,134.000,53.000,138.000
2019-09-16-13-18-33,000168,000652,2,46.000,136.000,52.000,138.000
2019-09-16-13-18-33,000169,000652,2,48.000,137.000,50.000,139.000
2019-09-16-13-18-33,000170,000652,2,41.000,136.000,48.000,138.000
2019-09-16-13-18-33,000171,000652,2,40.000,136.000,46.000,139.000
2019-09-16-13-18-33,000172,000652,2,26.000,134.000,44.000,138.000
2019-09-16-13-18-33,000173,000652,2,24.000,130.000,42.000,141.000
2019-09-16-13-18-33,000174,000652,2,37.000,134.000,40.000,138.000
2019-09-16-13-18-33,000175,000652,2,34.000,136.000,39.000,138.000
2019-09-16-13-18-33,000176,000652,2,30.000,134.000,36.000,138.000
2019-09-16-13-18-33,000177,000652,2,29.000,133.000,34.000,138.000
2019-09-16-13-18-33,000178,000652,2,29.000,135.000,33.000,138.000
2019-09-16-13-18-33,000179,000652,2,25.000,135.000,31.000,137.000
2019-09-16-13-18-33,000180,000652,2,22.000,129.000,29.000,140.000
2019-09-16-13-18-33,000181,000652,2,22.000,134.000,28.000,137.000
2019-09-16-13-18-33,000182,000652,2,23.000,133.000,25.000,141.000
2019-09-16-13-18-33,000183,000652,2,21.000,134.000,24.000,137.000
2019-09-16-13-18-33,000184,000652,2,19.000,134.000,23.000,137.000
2019-09-16-13-18-33,000185,000652,2,18.000,136.000,20.000,137.000
2019-09-16-13-18-33,000186,000652,2,15.000,136.000,18.000,137.000
2019-09-16-13-18-33,000187,000652,2,14.000,135.000,17.000,137.000
2019-09-16-13-18-33,000188,000652,2,13.000,135.000,15.000,137.000
2019-09-16-13-18-33,000189,000652,2,11.000,135.000,13.000,137.000
2019-09-16-13-20-20,000055,000670,2,20.000,128.000,22.000,131.000
2019-09-16-13-20-20,000056,000670,2,24.000,127.000,28.000,129.000
2019-09-16-13-20-20,000057,000670,2,27.000,128.000,30.000,133.000
2019-09-16-13-20-20,000057,000673,2,9.000,134.000,11.000,136.000
2019-09-16-13-20-20,000058,000670,2,32.000,128.000,37.000,130.000
2019-09-16-13-20-20,000058,000673,2,9.000,135.000,12.000,136.000
2019-09-16-13-20-20,000059,000670,2,38.000,128.000,42.000,130.000
2019-09-16-13-20-20,000059,000673,2,11.000,135.000,14.000,136.000
2019-09-16-13-20-20,000060,000670,2,43.000,127.000,48.000,129.000
2019-09-16-13-20-20,000060,000673,2,12.000,134.000,15.000,136.000
2019-09-16-13-20-20,000061,000670,2,48.000,127.000,51.000,129.000
2019-09-16-13-20-20,000061,000673,2,16.000,135.000,18.000,137.000
2019-09-16-13-20-20,000062,000670,2,53.000,128.000,57.000,130.000
2019-09-16-13-20-20,000062,000673,2,17.000,134.000,19.000,136.000
2019-09-16-13-20-20,000063,000670,2,58.000,128.000,62.000,130.000
2019-09-16-13-20-20,000063,000673,2,18.000,135.000,21.000,136.000
2019-09-16-13-20-20,000064,000670,2,62.000,128.000,67.000,130.000
2019-09-16-13-20-20,000064,000673,2,19.000,134.000,23.000,136.000
2019-09-16-13-20-20,000065,000670,2,60.000,128.000,71.000,131.000
2019-09-16-13-20-20,000065,000673,2,20.000,134.000,25.000,139.000
2019-09-16-13-20-20,000066,000670,2,66.000,128.000,76.000,131.000
2019-09-16-13-20-20,000066,000673,2,21.000,134.000,27.000,136.000
2019-09-16-13-20-20,000067,000670,2,77.000,128.000,80.000,129.000
2019-09-16-13-20-20,000067,000673,2,21.000,132.000,29.000,138.000
2019-09-16-13-20-20,000068,000670,2,80.000,128.000,86.000,129.000
2019-09-16-13-20-20,000068,000673,2,22.000,130.000,30.000,140.000
2019-09-16-13-20-20,000069,000670,2,81.000,128.000,90.000,129.000
2019-09-16-13-20-20,000069,000673,2,22.000,133.000,32.000,138.000
2019-09-16-13-20-20,000070,000670,2,81.000,127.000,94.000,129.000
2019-09-16-13-20-20,000070,000673,2,24.000,134.000,33.000,140.000
2019-09-16-13-20-20,000071,000670,2,96.000,127.000,100.000,129.000
2019-09-16-13-20-20,000071,000673,2,25.000,133.000,36.000,139.000
2019-09-16-13-20-20,000072,000670,2,102.000,127.000,104.000,128.000
2019-09-16-13-20-20,000072,000673,2,23.000,133.000,36.000,137.000
2019-09-16-13-20-20,000073,000670,2,99.000,127.000,109.000,130.000
2019-09-16-13-20-20,000073,000673,2,28.000,134.000,39.000,138.000
2019-09-16-13-20-20,000074,000670,2,110.000,125.000,114.000,129.000
2019-09-16-13-20-20,000074,000673,2,30.000,133.000,40.000,136.000
2019-09-16-13-20-20,000075,000670,2,109.000,122.000,119.000,129.000
2019-09-16-13-20-20,000075,000673,2,35.000,133.000,40.000,136.000
2019-09-16-13-20-20,000076,000670,2,113.000,126.000,123.000,131.000
2019-09-16-13-20-20,000076,000673,2,36.000,133.000,43.000,138.000
2019-09-16-13-20-20,000077,000670,2,116.000,124.000,128.000,133.000
2019-09-16-13-20-20,000077,000673,2,41.000,134.000,44.000,138.000
2019-09-16-13-20-20,000078,000670,2,123.000,125.000,133.000,131.000
2019-09-16-13-20-20,000078,000673,2,44.000,135.000,48.000,138.000
2019-09-16-13-20-20,000079,000670,2,128.000,127.000,138.000,128.000
2019-09-16-13-20-20,000079,000673,2,46.000,133.000,49.000,136.000
2019-09-16-13-20-20,000080,000670,2,131.000,124.000,142.000,129.000
2019-09-16-13-20-20,000080,000673,2,43.000,133.000,51.000,136.000
2019-09-16-13-20-20,000081,000670,2,142.000,125.000,147.000,128.000
2019-09-16-13-20-20,000081,000673,2,46.000,132.000,53.000,138.000
2019-09-16-13-20-20,000082,000670,2,144.000,122.000,152.000,125.000
2019-09-16-13-20-20,000082,000673,2,45.000,134.000,53.000,138.000
2019-09-16-13-20-20,000083,000670,2,147.000,122.000,158.000,128.000
2019-09-16-13-20-20,000083,000673,2,52.000,130.000,56.000,140.000
2019-09-16-13-20-20,000084,000670,2,151.000,120.000,162.000,128.000
2019-09-16-13-20-20,000084,000673,2,50.000,133.000,57.000,138.000
2019-09-16-13-20-20,000085,000670,2,155.000,109.000,167.000,134.000
2019-09-16-13-20-20,000085,000673,2,52.000,133.000,60.000,140.000
2019-09-16-13-20-20,000086,000670,2,160.000,121.000,171.000,127.000
2019-09-16-13-20-20,000086,000673,2,54.000,131.000,62.000,140.000
2019-09-16-13-20-20,000087,000670,2,167.000,122.000,176.000,128.000
2019-09-16-13-20-20,000087,000673,2,58.000,133.000,64.000,138.000
2019-09-16-13-20-20,000088,000670,2,174.000,120.000,181.000,125.000
2019-09-16-13-20-20,000088,000673,2,60.000,124.000,65.000,136.000
2019-09-16-13-20-20,000089,000670,2,171.000,117.000,185.000,127.000
2019-09-16-13-20-20,000089,000673,2,61.000,130.000,66.000,146.000
2019-09-16-13-20-20,000090,000670,2,171.000,107.000,190.000,126.000
2019-09-16-13-20-20,000090,000673,2,65.000,134.000,68.000,140.000
2019-09-16-13-20-20,000091,000670,2,180.000,115.000,195.000,125.000
2019-09-16-13-20-20,000091,000673,2,68.000,133.000,71.000,137.000
2019-09-16-13-20-20,000092,000670,2,180.000,114.000,199.000,124.000
2019-09-16-13-20-20,000092,000673,2,68.000,137.000,72.000,143.000
2019-09-16-13-20-20,000093,000670,2,186.000,113.000,203.000,124.000
2019-09-16-13-20-20,000093,000673,2,71.000,133.000,74.000,140.000
2019-09-16-13-20-20,000094,000670,2,192.000,110.000,208.000,122.000
2019-09-16-13-20-20,000094,000673,2,72.000,138.000,76.000,143.000
2019-09-16-13-20-20,000095,000670,2,192.000,97.000,213.000,127.000
2019-09-16-13-20-20,000095,000673,2,75.000,123.000,77.000,138.000
2019-09-16-13-20-20,000096,000670,2,202.000,103.000,218.000,124.000
2019-09-16-13-20-20,000096,000673,2,71.000,127.000,79.000,139.000
2019-09-16-13-20-20,000097,000670,2,200.000,93.000,222.000,123.000
2019-09-16-13-20-20,000097,000673,2,75.000,133.000,81.000,142.000
2019-09-16-13-20-20,000098,000670,2,205.000,74.000,227.000,122.000
2019-09-16-13-20-20,000098,000673,2,78.000,134.000,84.000,141.000
2019-09-16-13-20-20,000099,000670,2,207.000,86.000,231.000,122.000
2019-09-16-13-20-20,000099,000673,2,79.000,136.000,85.000,139.000
2019-09-16-13-20-20,000100,000670,2,212.000,76.000,234.000,117.000
2019-09-16-13-20-20,000100,000673,2,80.000,134.000,87.000,140.000
2019-09-16-13-20-20,000101,000670,2,217.000,71.000,238.000,138.000
2019-09-16-13-20-20,000101,000673,2,85.000,135.000,90.000,138.000
2019-09-16-13-20-20,000102,000670,2,220.000,55.000,241.000,114.000
2019-09-16-13-20-20,000102,000673,2,87.000,134.000,91.000,138.000
2019-09-16-13-20-20,000103,000670,2,223.000,12.000,246.000,114.000
2019-09-16-13-20-20,000103,000673,2,90.000,134.000,93.000,137.000
2019-09-16-13-20-20,000104,000670,2,229.000,26.000,246.000,106.000
2019-09-16-13-20-20,000104,000673,2,86.000,134.000,94.000,139.000
2019-09-16-13-20-20,000105,000670,2,233.000,62.000,244.000,99.000
2019-09-16-13-20-20,000105,000673,2,88.000,136.000,97.000,140.000
2019-09-16-13-20-20,000106,000670,2,234.000,47.000,245.000,124.000
2019-09-16-13-20-20,000106,000673,2,90.000,128.000,98.000,147.000
2019-09-16-13-20-20,000107,000670,2,235.000,12.000,247.000,250.000
2019-09-16-13-20-20,000107,000673,2,92.000,133.000,100.000,140.000
2019-09-16-13-20-20,000108,000670,2,242.000,16.000,248.000,250.000
2019-09-16-13-20-20,000108,000673,2,93.000,134.000,101.000,140.000
2019-09-16-13-20-20,000109,000670,2,243.000,38.000,244.000,43.000
2019-09-16-13-20-20,000109,000673,2,83.000,136.000,102.000,141.000
2019-09-16-13-20-20,000110,000673,2,98.000,135.000,104.000,140.000
2019-09-16-13-20-20,000111,000673,2,87.000,134.000,106.000,140.000
2019-09-16-13-20-20,000112,000673,2,101.000,134.000,109.000,138.000
2019-09-16-13-20-20,000113,000673,2,102.000,134.000,110.000,139.000
2019-09-16-13-20-20,000114,000673,2,104.000,134.000,113.000,139.000
2019-09-16-13-20-20,000115,000673,2,104.000,134.000,114.000,145.000
2019-09-16-13-20-20,000116,000673,2,94.000,134.000,117.000,140.000
2019-09-16-13-20-20,000117,000673,2,109.000,136.000,118.000,138.000
2019-09-16-13-20-20,000118,000673,2,99.000,135.000,120.000,138.000
2019-09-16-13-20-20,000119,000673,2,113.000,134.000,121.000,138.000
2019-09-16-13-20-20,000120,000673,2,115.000,136.000,124.000,140.000
2019-09-16-13-20-20,000121,000673,2,113.000,134.000,125.000,142.000
2019-09-16-13-20-20,000122,000673,2,123.000,137.000,126.000,142.000
2019-09-16-13-20-20,000123,000673,2,124.000,141.000,126.000,143.000
2019-09-16-13-20-20,000124,000673,2,124.000,138.000,130.000,141.000
2019-09-16-13-20-20,000125,000673,2,125.000,140.000,127.000,142.000
2019-09-16-13-20-20,000126,000673,2,122.000,136.000,133.000,140.000
2019-09-16-13-20-20,000127,000673,2,123.000,139.000,125.000,141.000
2019-09-16-13-20-20,000128,000673,2,125.000,131.000,137.000,142.000
2019-09-16-13-20-20,000129,000673,2,128.000,136.000,138.000,141.000
2019-09-16-13-20-20,000130,000673,2,128.000,136.000,141.000,142.000
2019-09-16-13-20-20,000131,000673,2,129.000,125.000,143.000,151.000
2019-09-16-13-20-20,000132,000673,2,124.000,136.000,144.000,140.000
2019-09-16-13-20-20,000133,000673,2,135.000,135.000,146.000,140.000
2019-09-16-13-20-20,000134,000673,2,139.000,136.000,147.000,143.000
2019-09-16-13-20-20,000135,000673,2,145.000,138.000,148.000,141.000
2019-09-16-13-20-20,000136,000673,2,135.000,137.000,150.000,142.000
2019-09-16-13-20-20,000137,000673,2,128.000,138.000,152.000,147.000
2019-09-16-13-20-20,000138,000673,2,129.000,137.000,155.000,144.000
2019-09-16-13-20-20,000139,000673,2,151.000,138.000,156.000,141.000
2019-09-16-13-20-20,000140,000673,2,152.000,131.000,158.000,145.000
2019-09-16-13-20-20,000141,000673,2,147.000,134.000,159.000,143.000
2019-09-16-13-20-20,000142,000673,2,150.000,135.000,161.000,151.000
2019-09-16-13-20-20,000143,000673,2,152.000,136.000,162.000,145.000
2019-09-16-13-20-20,000144,000673,2,152.000,136.000,164.000,144.000
2019-09-16-13-20-20,000145,000673,2,153.000,136.000,166.000,143.000
2019-09-16-13-20-20,000146,000673,2,145.000,134.000,168.000,144.000
2019-09-16-13-20-20,000147,000673,2,144.000,135.000,169.000,145.000
2019-09-16-13-20-20,000148,000673,2,148.000,138.000,171.000,145.000
2019-09-16-13-20-20,000149,000673,2,148.000,134.000,172.000,149.000
2019-09-16-13-20-20,000150,000673,2,154.000,138.000,173.000,146.000
2019-09-16-13-20-20,000151,000673,2,151.000,135.000,176.000,145.000
2019-09-16-13-20-20,000152,000673,2,153.000,131.000,177.000,151.000
2019-09-16-13-20-20,000153,000673,2,154.000,136.000,179.000,149.000
2019-09-16-13-20-20,000154,000673,2,156.000,135.000,180.000,153.000
2019-09-16-13-20-20,000155,000673,2,159.000,136.000,182.000,149.000
2019-09-16-13-20-20,000156,000673,2,158.000,138.000,183.000,151.000
2019-09-16-13-20-20,000157,000673,2,161.000,127.000,185.000,154.000
2019-09-16-13-20-20,000158,000673,2,164.000,133.000,187.000,145.000
2019-09-16-13-20-20,000159,000673,2,162.000,137.000,188.000,147.000
2019-09-16-13-20-20,000160,000673,2,166.000,138.000,190.000,147.000
2019-09-16-13-20-20,000161,000673,2,165.000,136.000,191.000,147.000
2019-09-16-13-20-20,000162,000673,2,169.000,132.000,192.000,160.000
2019-09-16-13-20-20,000163,000673,2,169.000,127.000,195.000,154.000
2019-09-16-13-20-20,000164,000673,2,170.000,137.000,195.000,149.000
2019-09-16-13-20-20,000165,000673,2,172.000,132.000,197.000,146.000
2019-09-16-13-20-20,000166,000673,2,176.000,126.000,200.000,155.000
2019-09-16-13-20-20,000167,000673,2,175.000,131.000,200.000,151.000
2019-09-16-13-20-20,000168,000673,2,177.000,128.000,202.000,156.000
2019-09-16-13-20-20,000169,000673,2,179.000,101.000,203.000,161.000
2019-09-16-13-20-20,000170,000673,2,180.000,128.000,206.000,160.000
2019-09-16-13-20-20,000171,000673,2,181.000,128.000,206.000,155.000
2019-09-16-13-20-20,000172,000673,2,182.000,105.000,207.000,150.000
2019-09-16-13-20-20,000173,000673,2,183.000,129.000,209.000,149.000
2019-09-16-13-20-20,000174,000673,2,186.000,123.000,211.000,155.000
2019-09-16-13-20-20,000175,000673,2,186.000,96.000,212.000,148.000
2019-09-16-13-20-20,000176,000673,2,188.000,125.000,214.000,149.000
2019-09-16-13-20-20,000177,000673,2,189.000,125.000,215.000,152.000
2019-09-16-13-20-20,000178,000673,2,191.000,123.000,217.000,144.000
2019-09-16-13-20-20,000179,000673,2,192.000,128.000,219.000,147.000
2019-09-16-13-20-20,000180,000673,2,194.000,123.000,219.000,155.000
2019-09-16-13-20-20,000181,000673,2,194.000,84.000,220.000,184.000
2019-09-16-13-20-20,000182,000673,2,197.000,84.000,223.000,182.000
2019-09-16-13-20-20,000183,000673,2,198.000,80.000,223.000,183.000
2019-09-16-13-20-20,000184,000673,2,198.000,71.000,224.000,199.000
2019-09-16-13-20-20,000185,000673,2,197.000,72.000,227.000,187.000
2019-09-16-13-20-20,000186,000673,2,197.000,74.000,228.000,191.000
2019-09-16-13-20-20,000187,000673,2,198.000,69.000,231.000,149.000
2019-09-16-13-20-20,000188,000673,2,200.000,71.000,244.000,192.000
2019-09-16-13-20-20,000189,000673,2,194.000,70.000,232.000,187.000
2019-09-16-13-20-20,000190,000673,2,197.000,62.000,233.000,186.000
2019-09-16-13-20-20,000191,000673,2,210.000,99.000,234.000,201.000
2019-09-16-13-20-20,000192,000673,2,204.000,50.000,235.000,217.000
2019-09-16-13-20-20,000193,000673,2,207.000,66.000,237.000,180.000
2019-09-16-13-20-20,000194,000673,2,209.000,47.000,237.000,209.000
2019-09-16-13-20-20,000195,000673,2,209.000,50.000,238.000,214.000
2019-09-16-13-20-20,000196,000673,2,216.000,74.000,239.000,213.000
2019-09-16-13-20-20,000197,000673,2,212.000,76.000,240.000,182.000
2019-09-16-13-20-20,000198,000673,2,217.000,73.000,242.000,195.000
2019-09-16-13-20-20,000199,000673,2,219.000,74.000,242.000,184.000
2019-09-16-13-20-20,000200,000673,2,220.000,72.000,243.000,202.000
2019-09-16-13-20-20,000201,000673,2,221.000,71.000,244.000,178.000
2019-09-16-13-20-20,000202,000673,2,221.000,68.000,245.000,198.000
2019-09-16-13-20-20,000203,000673,2,224.000,32.000,246.000,165.000
2019-09-16-13-20-20,000204,000673,2,211.000,55.000,247.000,168.000
2019-09-16-13-20-20,000205,000673,2,198.000,52.000,249.000,191.000
2019-09-16-13-20-20,000206,000673,2,210.000,47.000,248.000,226.000
2019-09-16-13-20-20,000207,000673,2,210.000,62.000,249.000,190.000
2019-09-16-13-20-20,000208,000673,2,229.000,22.000,249.000,234.000
2019-09-16-13-20-20,000209,000673,2,210.000,16.000,249.000,135.000
2019-09-16-13-20-20,000210,000673,2,194.000,65.000,248.000,199.000
2019-09-16-13-20-20,000211,000673,2,231.000,56.000,249.000,197.000
2019-09-16-13-20-20,000212,000673,2,211.000,28.000,249.000,146.000
2019-09-16-13-20-20,000213,000673,2,230.000,26.000,249.000,226.000
2019-09-16-13-20-20,000214,000673,2,231.000,12.000,249.000,228.000
2019-09-16-13-20-20,000215,000673,2,219.000,28.000,249.000,191.000
2019-09-16-13-20-20,000216,000673,2,221.000,47.000,249.000,194.000
2019-09-16-13-20-20,000217,000673,2,223.000,22.000,249.000,202.000
2019-09-16-13-20-20,000218,000673,2,235.000,24.000,249.000,230.000
2019-09-16-13-20-20,000219,000673,2,234.000,16.000,249.000,177.000
2019-09-16-13-20-20,000220,000673,2,234.000,28.000,249.000,215.000
2019-09-16-13-20-20,000221,000673,2,237.000,35.000,249.000,244.000
2019-09-16-13-20-20,000222,000673,2,238.000,16.000,249.000,232.000
2019-09-16-13-20-20,000223,000673,2,240.000,16.000,249.000,250.000
2019-09-16-13-20-20,000224,000673,2,239.000,16.000,249.000,250.000
2019-09-16-13-20-20,000225,000673,2,242.000,26.000,249.000,221.000
2019-09-16-13-20-20,000226,000673,2,246.000,16.000,249.000,244.000
2019-09-16-13-20-20,000227,000673,2,247.000,22.000,248.000,46.000
2019-09-16-13-20-20,000228,000673,2,244.000,19.000,246.000,32.000
